#VRML V2.0 utf8

# Generated by VCGLIB, (C)Copyright 1999-2001 VCG, IEI-CNR

NavigationInfo {
	type [ "EXAMINE", "ANY" ]
}
Transform {
  scale 1 1 1
  translation 0 0 0
  children
  [
    Shape
    {
      geometry IndexedFaceSet
      {
        creaseAngle .5
        solid FALSE
        coord Coordinate
        {
          point
          [
            -51.7 -14.698 3.35693e-07, -38.2 -9.1 3.35693e-07, -38.2 -14.698 3.35693e-07, -38.2 -15.497 3.35693e-07, 
            -51.7 -15.497 3.35693e-07, -38.2 -15.003 3.35693e-07, -51.7 -15.003 3.35693e-07, -38.2 -16.298 3.35693e-07, 
            -51.7 -16.298 3.35693e-07, -38.2 -15.802 3.35693e-07, -51.7 -15.802 3.35693e-07, -38.2 -17.098 3.35693e-07, 
            -51.7 -17.098 3.35693e-07, -38.2 -16.603 3.35693e-07, -51.7 -16.603 3.35693e-07, -38.2 -17.898 3.35693e-07, 
            -51.7 -17.898 3.35693e-07, -38.2 -17.403 3.35693e-07, -51.7 -17.403 3.35693e-07, -38.2 -18.698 3.35693e-07, 
            -51.7 -18.698 3.35693e-07, -38.2 -18.2 3.35693e-07, -51.7 -18.2 3.35693e-07, -42.4791 -18.698 12.1954, 
            -38.2 -18.698 12.497, -42.4787 -18.698 12.339, -38.2 -19.497 3.35693e-07, -51.7 -19.497 3.35693e-07, 
            -38.2 -19.003 3.35693e-07, -51.7 -19.003 3.35693e-07, -38.2 -20.298 3.35693e-07, -51.7 -20.298 3.35693e-07, 
            -38.2 -19.802 3.35693e-07, -51.7 -19.802 3.35693e-07, -51.7 -21.098 3.35693e-07, -38.2 -20.603 3.35693e-07, 
            -38.2 -21.098 3.35693e-07, -51.7 -20.603 3.35693e-07, -51.7 -21.898 3.35693e-07, -38.2 -21.403 3.35693e-07, 
            -38.2 -21.898 3.35693e-07, -51.7 -21.403 3.35693e-07, -51.7 -22.698 3.35693e-07, -38.2 -22.2 3.35693e-07, 
            -38.2 -22.698 3.35693e-07, -44.7319 -35.003 7.97727, -44.497 -35.425 8.521, -44.4106 -35.003 8.09992, 
            -51.7 -22.2 3.35693e-07, -51.7 -23.497 3.35693e-07, -38.2 -23.003 3.35693e-07, -38.2 -23.497 3.35693e-07, 
            -51.7 -23.003 3.35693e-07, -51.7 -24.298 3.35693e-07, -38.2 -23.802 3.35693e-07, -38.2 -24.298 3.35693e-07, 
            -51.7 -23.802 3.35693e-07, -51.7 -25.098 3.35693e-07, -38.2 -24.603 3.35693e-07, -38.2 -25.098 3.35693e-07, 
            -45.023 -35.452 8.349, -45.0062 -35.003 7.8724, -44.002 -35.4 8.814, -44.1385 -35.003 8.27652, 
            -44.4852 -35.498 8.65963, -44.0593 -35.498 8.95023, -45.449 -46.2679 12.497, -45.449 -46.235 12.122, 
            -45.45 -46.2684 12.497, -44.5223 -35.498 8.63431, -45.844 -46.416 12.09, -45.844 -46.4519 12.497, 
            -45.844 -46.31 11.694, -45.449 -46.137 11.757, -51.0789 -23.003 11.7219, -51.7 -23.003 12.497, 
            -51.0758 -23.003 11.7449, -45.092 -45.988 12.165, -43.6076 -35.498 9.42228, -43.556 -35.377 9.216, 
            -43.652 -35.498 9.35863, -43.3706 -35.003 8.92988, -43.1453 -35.003 9.24191, -43.8592 -35.003 8.45773, 
            -43.6028 -35.003 8.70532, -42.6323 -18.698 10.3846, -42.5471 -18.698 10.948, -42.4777 -18.698 11.4067, 
            -42.4792 -18.698 11.9795, -38.2 -47.6 12.497, -56.2 -47.6 12.497, -38.2 -47.6 3.35693e-07, 
            -45.092 -45.902 11.842, -42.7744 -18.698 9.93569, -45.0929 -46.0186 12.497, -42.663 -40.7509 12.497, 
            -42.6641 -40.7498 12.497, -44.534 -42.8521 12.497, -42.4491 -40.9002 12.497, -42.4795 -18.698 12.0648, 
            -42.4777 -18.698 12.3457, -44.784 -45.7089 12.497, -44.784 -45.685 12.219, -44.7849 -45.7098 12.497, 
            -45.092 -46.0179 12.497, -42.9992 -40.3493 12.497, -45.4479 -41.9378 12.497, -42.998 -40.3519 12.497, 
            -46.264 -41.6404 12.497, -45.844 -41.7531 12.497, -43.1989 -39.6028 12.497, -45.092 -42.1871 12.497, 
            -45.0909 -42.1882 12.497, -44.784 -45.612 11.948, -47.0056 -18.698 6.33049, -47.5211 -18.698 6.43867, 
            -42.847 -40.5659 12.497, -42.8482 -40.5643 12.497, -44.784 -42.4951 12.497, -45.3165 -18.698 6.76919, 
            -45.4206 -18.698 6.73773, -44.7829 -42.4967 12.497, -44.534 -45.277 12.07, -44.784 -45.494 11.694, 
            -44.534 -45.185 11.872, -45.5774 -18.698 6.63438, -46.0686 -18.698 6.46023, -44.5349 -45.3532 12.497, 
            -46.2871 -18.698 6.38266, -44.5987 -18.698 7.1868, -45.0235 -18.698 6.93936, -46.7998 -18.698 6.34536, 
            -44.35 -44.843 12.07, -44.534 -45.06 11.694, -44.35 -44.757 11.948, -43.9458 -18.698 7.78176, 
            -43.6727 -18.698 8.14772, -43.3841 -18.698 8.53402, -43.155 -18.698 8.98809, -52.0539 -40.5668 12.497, 
            -52.237 -40.7509 12.497, -49.1622 -43.6653 12.497, -44.35 -44.906 12.205, -42.9398 -18.698 9.41361, 
            -52.053 -40.5659 12.497, -48.8651 -42.8508 12.497, -51.9029 -40.3532 12.497, -44.534 -45.333 12.281, 
            -44.3048 -18.698 7.45451, -44.35 -44.944 12.349, -44.534 -45.3519 12.497, -43.1989 -39.6012 12.497, 
            -51.7011 -39.6012 12.497, -43.1989 -39.6014 12.497, -43.1989 -39.6016 12.497, -51.7011 -39.6016 12.497, 
            -43.1989 -39.6018 12.497, -43.1989 -39.602 12.497, -46.7 -41.6021 12.497, -43.1989 -39.6022 12.497, 
            -46.699 -41.6022 12.497, -46.265 -41.6401 12.497, -47.133 -41.64 12.497, -51.7011 -39.602 12.497, 
            -47.134 -41.6401 12.497, -45.844 -45.902 10.986, -46.265 -45.988 10.914, -45.844 -46.137 11.322, 
            -45.449 -45.977 11.414, -50.8279 -23.003 8.96197, -50.8937 -23.003 9.18016, -43.176 -39.3411 12.497, 
            -51.7015 -39.5963 12.497, -43.1985 -39.5963 12.497, -45.449 -45.494 10.838, -45.092 -45.569 11.266, 
            -45.092 -45.333 11.029, -45.844 -45.612 10.697, -45.449 -45.761 11.105, -51.7013 -39.5993 12.497, 
            -43.1987 -39.5993 12.497, -43.1989 -39.6008 12.497, -45.092 -45.761 11.539, -51.0783 -23.003 12.497, 
            -51.0789 -23.003 12.3061, -51.0775 -23.003 12.2959, -51.078 -23.003 11.4873, -51.0747 -23.003 10.4302, 
            -51.0419 -23.003 10.202, -51.7 -24.603 3.35693e-07, -43.1752 -39.3382 12.497, -51.7905 -39.0937 12.497, 
            -51.7 -25.898 3.35693e-07, -38.2 -25.403 3.35693e-07, -38.2 -25.898 3.35693e-07, -51.7 -25.403 3.35693e-07, 
            -51.7 -26.698 3.35693e-07, -38.2 -26.2 3.35693e-07, -38.2 -26.698 3.35693e-07, -51.7 -26.2 3.35693e-07, 
            -51.7 -27.497 3.35693e-07, -38.2 -27.003 3.35693e-07, -38.2 -27.497 3.35693e-07, -51.7 -27.003 3.35693e-07, 
            -51.7 -28.298 3.35693e-07, -38.2 -27.802 3.35693e-07, -38.2 -28.298 3.35693e-07, -51.7 -27.802 3.35693e-07, 
            -51.7 -29.098 3.35693e-07, -38.2 -28.603 3.35693e-07, -38.2 -29.098 3.35693e-07, -51.7 -28.603 3.35693e-07, 
            -38.2 -30.698 3.35693e-07, -51.7 -30.698 3.35693e-07, -38.2 -30.2 3.35693e-07, -51.7 -30.2 3.35693e-07, 
            -38.2 -31.497 3.35693e-07, -51.7 -31.497 3.35693e-07, -38.2 -31.003 3.35693e-07, -46.4162 -14.698 12.0146, 
            -46.4797 -14.6901 12.0146, -46.3701 -14.698 11.952, -51.7 -31.003 3.35693e-07, -38.2 -32.298 3.35693e-07, 
            -51.7 -32.298 3.35693e-07, -38.2 -31.802 3.35693e-07, -51.7 -31.802 3.35693e-07, -38.2 -33.098 3.35693e-07, 
            -51.7 -33.098 3.35693e-07, -38.2 -32.603 3.35693e-07, -51.7 -32.603 3.35693e-07, -38.2 -34.698 3.35693e-07, 
            -51.7 -34.698 3.35693e-07, -38.2 -34.2 3.35693e-07, -51.7 -34.2 3.35693e-07, -38.2 -35.498 3.35693e-07, 
            -51.7 -35.498 3.35693e-07, -38.2 -35.003 3.35693e-07, -51.7 -35.003 3.35693e-07, -43.1072 -39.0863 12.497, 
            -51.9008 -38.8537 12.497, -43.108 -39.0881 12.497, -51.7 -36.603 3.35693e-07, -56.2 -47.6 3.35693e-07, 
            -38.2 -36.603 3.35693e-07, -51.7 -36.298 3.35693e-07, -51.7 -35.803 3.35693e-07, -38.2 -36.298 3.35693e-07, 
            -38.2 -35.803 3.35693e-07, -51.7 -33.898 3.35693e-07, -51.7 -33.403 3.35693e-07, -38.2 -33.403 3.35693e-07, 
            -38.2 -33.898 3.35693e-07, -51.7 -29.898 3.35693e-07, -51.7 -29.403 3.35693e-07, -38.2 -29.898 3.35693e-07, 
            -38.2 -29.403 3.35693e-07, -42.847 -38.6371 12.497, -51.7 -36.603 12.497, -42.9971 -38.8498 12.497, 
            -42.998 -38.8511 12.497, -56.2 -9.1 3.35693e-07, -51.902 -40.3519 12.497, -48.616 -42.4951 12.497, 
            -51.7929 -40.1167 12.497, -42.663 -38.4521 12.497, -42.8461 -38.6362 12.497, -42.448 -38.3021 12.497, 
            -42.6621 -38.4514 12.497, -38.2 -9.1 12.497, -38.2 -14.698 12.497, -42.447 -38.3016 12.497, 
            -42.211 -38.1921 12.497, -42.21 -38.1918 12.497, -51.792 -40.1149 12.497, -48.307 -42.1871 12.497, 
            -51.7248 -39.8647 12.497, -38.2 -15.003 12.497, -38.2 -15.497 12.497, -41.959 -38.1241 12.497, 
            -51.724 -39.8619 12.497, -38.2 -15.802 12.497, -38.2 -16.298 12.497, -38.2 -16.603 12.497, 
            -38.2 -17.098 12.497, -41.958 -38.124 12.497, -38.2 -36.603 12.497, -38.2 -17.403 12.497, 
            -38.2 -17.898 12.497, -38.2 -18.2 12.497, -38.2 -19.003 12.497, -38.2 -19.497 12.497, 
            -38.2 -19.802 12.497, -38.2 -20.298 12.497, -44.5328 -42.8547 12.497, -44.35 -43.2471 12.497, 
            -42.448 -40.9009 12.497, -38.2 -20.603 12.497, -38.2 -21.098 12.497, -38.2 -21.403 12.497, 
            -38.2 -21.898 12.497, -38.2 -22.2 12.497, -38.2 -22.698 12.497, -42.211 -41.0109 12.497, 
            -42.2121 -41.0104 12.497, -38.2 -23.003 12.497, -38.2 -23.497 12.497, -38.2 -24.298 12.497, 
            -38.2 -23.802 12.497, -41.96 -41.0786 12.497, -38.2 -24.603 12.497, -38.2 -25.098 12.497, 
            -41.186 -41.0112 12.497, -41.437 -41.0789 12.497, -51.7011 -39.6008 12.497, -43.1988 -39.6003 12.497, 
            -51.7012 -39.6003 12.497, -41.185 -41.0109 12.497, -38.2 -25.898 12.497, -38.2 -25.403 12.497, 
            -40.949 -40.9014 12.497, -38.2 -26.698 12.497, -38.2 -26.2 12.497, -50.1093 -18.698 9.70859, 
            -50.026 -18.375 9.761, -50.2222 -18.698 10.5011, -38.2 -27.497 12.497, -38.2 -27.003 12.497, 
            -40.948 -40.9009 12.497, -51.7011 -39.6024 12.497, -47.949 -41.9366 12.497, -51.7011 -39.6022 12.497, 
            -51.7011 -39.6026 12.497, -47.95 -41.9371 12.497, -45.449 -45.185 10.621, -51.7011 -39.6028 12.497, 
            -45.092 -45.06 10.838, -40.735 -40.7516 12.497, -47.555 -41.7531 12.497, -40.734 -40.7509 12.497, 
            -40.5499 -40.5668 12.497, -40.549 -40.5659 12.497, -40.3999 -40.3532 12.497, -51.7011 -39.6032 12.497, 
            -51.7015 -39.6077 12.497, -51.7013 -39.6047 12.497, -50.1673 -18.394 12.3469, -50.165 -18.382 12.354, 
            -50.2505 -18.698 12.3497, -50.2495 -18.698 12.3421, -44.784 -44.906 11.105, -44.784 -45.135 11.266, 
            -50.2501 -18.698 12.497, -50.1646 -18.382 12.497, -51.7 -18.2 12.497, -40.399 -40.3519 12.497, 
            -51.724 -39.3411 12.497, -40.2888 -40.1167 12.497, -50.0861 -18.2 12.497, -50.1485 -18.3448 12.497, 
            -50.086 -18.2 12.4873, -50.1641 -18.382 12.3471, -50.1625 -18.382 11.8405, -50.1641 -18.382 12.347, 
            -50.0856 -18.2 12.3509, -51.7011 -39.6014 12.497, -50.9932 -28.603 12.298, -51.7 -28.603 12.497, 
            -50.9925 -28.603 12.49, -51.792 -39.0881 12.497, -50.9883 -28.603 10.3848, -50.9928 -28.603 11.6112, 
            -50.9932 -28.603 11.73, -50.9897 -28.603 11.755, -50.9917 -28.603 12.2874, -50.0862 -18.2 12.4414, 
            -50.9925 -28.603 12.497, -38.2 -28.298 12.497, -38.2 -27.802 12.497, -51.902 -38.8511 12.497, 
            -50.0865 -18.2 12.3577, -38.2 -28.603 12.497, -38.2 -29.098 12.497, -38.2 -30.2 12.497, 
            -38.2 -30.698 12.497, -52.0518 -38.6387 12.497, -38.2 -31.003 12.497, -38.2 -31.497 12.497, 
            -38.2 -31.802 12.497, -38.2 -32.298 12.497, -52.053 -38.6371 12.497, -38.2 -32.603 12.497, 
            -38.2 -33.098 12.497, -38.2 -34.2 12.497, -38.2 -34.698 12.497, -52.2359 -38.4532 12.497, 
            -52.237 -38.4521 12.497, -38.2 -35.498 12.497, -38.2 -35.003 12.497, -50.7978 -28.603 9.08343, 
            -50.9713 -28.603 10.2691, -51.7011 -39.6018 12.497, -51.7012 -39.6037 12.497, -38.2 -35.803 12.497, 
            -38.2 -36.298 12.497, -38.2 -33.898 12.497, -38.2 -33.403 12.497, -38.2 -29.403 12.497, 
            -38.2 -29.898 12.497, -50.2475 -18.698 11.7017, -50.1621 -18.382 11.6971, -45.844 -44.906 10.288, 
            -45.844 -45.277 10.461, -50.2505 -18.698 11.6791, -50.165 -18.382 11.675, -52.452 -38.3021 12.497, 
            -52.4509 -38.3028 12.497, -51.7 -36.298 12.497, -51.7 -35.803 12.497, -53.714 -38.1918 12.497, 
            -53.715 -38.1921 12.497, -56.2 -13.598 12.497, -51.7 -35.498 12.497, -51.7 -35.003 12.497, 
            -51.7 -34.698 12.497, -51.7 -34.2 12.497, -51.7 -33.898 12.497, -51.7 -33.403 12.497, 
            -51.7 -33.098 12.497, -51.7 -32.603 12.497, -51.7 -32.298 12.497, -51.7 -31.802 12.497, 
            -51.7 -31.497 12.497, -51.7 -31.003 12.497, -51.7 -30.698 12.497, -51.7 -30.2 12.497, 
            -51.7 -29.898 12.497, -51.7 -29.403 12.497, -51.7 -29.098 12.497, -51.7 -28.298 12.497, 
            -51.7 -27.802 12.497, -51.7 -27.497 12.497, -51.7 -27.003 12.497, -51.7 -26.698 12.497, 
            -51.7 -26.2 12.497, -51.7 -25.898 12.497, -51.7 -25.403 12.497, -51.7 -25.098 12.497, 
            -51.7 -24.603 12.497, -51.7 -24.298 12.497, -51.7 -23.802 12.497, -51.7 -23.497 12.497, 
            -51.7 -22.698 12.497, -51.7 -22.2 12.497, -51.7 -21.898 12.497, -51.7 -21.403 12.497, 
            -53.3871 -13.4764 12.497, -53.386 -13.4769 12.497, -51.7 -21.098 12.497, -51.7 -20.298 12.497, 
            -51.7 -19.802 12.497, -51.7 -19.497 12.497, -51.7 -19.003 12.497, -53.05 -13.5676 12.497, 
            -51.7 -17.898 12.497, -53.049 -13.5679 12.497, -51.7 -17.403 12.497, -51.7 -17.098 12.497, 
            -51.7 -16.603 12.497, -51.7 -16.298 12.497, -51.7 -15.802 12.497, -51.7 -15.497 12.497, 
            -51.7 -15.003 12.497, -51.7 -14.698 12.497, -52.703 -13.5978 12.497, -51.7 -18.698 12.497, 
            -51.7 -20.603 12.497, -53.702 -13.3299 12.497, -56.2 -41.102 12.497, -54.7025 -39.6077 12.497, 
            -54.7027 -39.6047 12.497, -54.7028 -39.6037 12.497, -54.7029 -39.6032 12.497, -54.7029 -39.6028 12.497, 
            -54.7029 -39.6026 12.497, -54.7029 -39.6024 12.497, -54.7029 -39.6022 12.497, -54.7029 -39.602 12.497, 
            -54.7029 -39.6018 12.497, -54.7029 -39.6016 12.497, -54.7029 -39.6012 12.497, -54.7029 -39.6008 12.497, 
            -54.7028 -39.6003 12.497, -54.7027 -39.5993 12.497, -54.7025 -39.5963 12.497, -44.784 -45.333 11.464, 
            -49.163 -43.6681 12.497, -52.69 -41.0112 12.497, -52.941 -41.0789 12.497, -53.463 -41.0789 12.497, 
            -53.203 -41.1018 12.497, -50.0838 -18.2 11.7765, -50.162 -18.3818 11.6973, -50.144 -18.34 11.6961, 
            -50.1413 -18.3339 11.696, -50.0835 -18.2 11.6938, -50.0865 -18.2 11.6713, -40.288 -40.1149 12.497, 
            -54.234 -12.864 12.275, -54.2351 -12.8823 12.497, -54.234 -12.8839 12.497, -53.9891 -13.1288 12.497, 
            -47.555 -41.788 12.09, -47.95 -41.97 12.122, -40.2208 -39.8647 12.497, -50.2499 -18.698 11.4972, 
            -47.555 -41.894 11.694, -47.95 -42.067 11.757, -47.555 -42.067 11.322, -47.554 -41.7528 12.497, 
            -54.434 -12.364 11.855, -54.234 -12.711 11.855, -54.234 -12.583 11.671, -50.2474 -18.698 10.678, 
            -50.162 -18.382 10.702, -47.134 -41.788 11.655, -47.134 -41.677 12.07, -54.434 -12.464 11.998, 
            -54.434 -12.538 12.156, -54.234 -12.806 12.058, -50.0838 -18.2 10.8065, -50.0835 -18.2 10.7229, 
            -54.434 -12.583 12.324, -54.434 -12.5979 12.497, -43.1989 -11.5992 12.497, -43.1989 -11.5988 12.497, 
            -50.8205 -10.9197 12.497, -53.988 -12.925 11.731, -40.1971 -39.6016 12.497, -40.1971 -39.6014 12.497, 
            -42.9992 -12.3453 12.497, -43.108 -12.1109 12.497, -46.8632 -14.5987 12.497, -46.8654 -14.5984 12.497, 
            -46.8646 -14.5985 12.497, -49.9648 -18.2 9.88221, -42.6641 -12.7458 12.497, -42.847 -12.5619 12.497, 
            -46.8181 -14.6064 12.497, -53.386 -13.449 12.171, -42.663 -12.7469 12.497, -42.4491 -12.8962 12.497, 
            -42.448 -12.8969 12.497, -49.9537 -18.2 9.80381, -42.2121 -13.0074 12.497, -53.386 -13.364 11.855, 
            -53.049 -13.538 12.156, -46.287 -14.698 12.497, -42.211 -13.0079 12.497, -48.2034 -18.698 6.73333, 
            -48.321 -18.282 6.991, -48.3634 -18.698 6.81599, -53.988 -13.038 11.973, -50.0588 -18.698 9.53931, 
            -53.988 -13.107 12.232, -53.988 -13.1299 12.497, -43.1989 -11.5986 12.497, -50.822 -10.9141 12.497, 
            -46.8585 -14.5995 12.497, -46.2882 -14.698 12.3631, -46.8222 -14.6057 12.497, -53.702 -13.226 11.905, 
            -53.702 -13.098 11.631, -53.702 -13.304 12.197, -46.2873 -14.698 12.4731, -53.7031 -13.3292 12.497, 
            -49.378 -18.339 8.116, -49.761 -18.36 8.888, -49.7632 -18.698 8.64797, -46.2869 -14.698 12.4753, 
            -48.9515 -18.698 7.33158, -48.892 -18.313 7.476, -49.3452 -18.698 7.86232, -46.3176 -14.698 12.211, 
            -53.386 -13.226 11.557, -53.049 -13.449 11.824, -41.698 -13.0979 12.497, -49.84 -18.698 8.80566, 
            -49.7204 -18.2 9.01373, -52.702 -13.568 12.15, -52.702 -13.5979 12.497, -52.702 -13.477 11.813, 
            -49.358 -18.2 8.23421, -43.1989 -11.5968 12.497, -51.7 -9.1 12.497, -43.1989 -11.5972 12.497, 
            -49.7007 -18.2 8.94663, -51.416 -10.0651 12.497, -43.1989 -11.5974 12.497, -52.354 -13.538 12.156, 
            -52.355 -13.568 12.497, -49.4494 -18.698 8.00294, -51.169 -10.3121 12.497, -51.1679 -10.3137 12.497, 
            -43.1989 -11.598 12.497, -52.354 -13.449 11.824, -52.702 -13.33 11.497, -48.8191 -18.698 7.21564, 
            -50.969 -10.5981 12.497, -43.1989 -11.5982 12.497, -47.687 -18.247 6.681, -47.6972 -18.2 6.72077, 
            -50.9678 -10.6007 12.497, -43.1989 -11.5984 12.497, -52.018 -13.4769 12.497, -52.018 -13.449 12.171, 
            -52.019 -13.4772 12.497, -49.3328 -18.2 8.18204, -52.354 -13.5679 12.497, -48.889 -18.2 7.57573, 
            -48.8628 -18.2 7.53986, -48.3288 -18.2 7.06325, -48.3063 -18.2 7.04312, -53.988 -12.583 11.323, 
            -54.234 -12.424 11.512, -42.7289 -18.2 11.684, -46.7 -41.753 11.642, -42.606 -18.4466 12.0631, 
            -42.7291 -18.2 12.3464, -42.4781 -18.698 12.497, -42.7282 -18.2 12.3527, -53.988 -12.772 11.512, 
            -46.7 -41.64 12.063, -43.0955 -18.2 9.7442, -42.8758 -18.2 10.4385, -49.7714 -23.497 6.55831, 
            -50.0548 -23.497 6.93431, -46.265 -41.677 12.07, -53.988 -12.364 11.17, -53.702 -12.711 11.17, 
            -53.702 -12.925 11.384, -46.265 -41.97 11.266, -46.7 -41.937 11.247, -53.702 -12.464 10.997, 
            -45.844 -41.788 12.09, -53.386 -13.038 11.289, -53.386 -12.806 11.057, -46.265 -41.788 11.655, 
            -45.844 -41.894 11.694, -53.386 -12.538 10.869, -45.844 -42.067 11.322, -40.7806 -23.497 12.2972, 
            -40.7815 -23.497 12.0294, -40.7793 -23.497 12.3059, -40.7793 -23.497 11.3669, -40.8105 -23.497 11.1561, 
            -40.7799 -23.497 12.497, -43.1988 -11.5963 12.497, -43.1987 -11.5953 12.497, -53.049 -12.864 10.988, 
            -40.1971 -39.6018 12.497, -41.4551 -23.497 8.63126, -41.3484 -23.497 8.8486, -53.049 -13.107 11.231, 
            -40.1973 -39.6047 12.497, -40.1972 -39.6037 12.497, -40.1971 -39.602 12.497, -43.4184 -23.497 5.97999, 
            -42.8098 -23.497 6.55852, -40.22 -39.8619 12.497, -40.1975 -39.6077 12.497, -40.1971 -39.6032 12.497, 
            -40.1971 -39.6028 12.497, -40.1971 -39.6026 12.497, -43.1752 -11.3343 12.497, -43.176 -11.3371 12.497, 
            -40.97 -23.497 10.0785, -41.8986 -23.497 7.72832, -42.0541 -23.497 7.51296, -41.036 -23.497 9.86422, 
            -50.068 -29.098 7.45708, -49.7929 -29.098 6.91209, -52.354 -13.304 11.512, -53.049 -12.583 10.791, 
            -53.049 -13.304 11.512, -50.5145 -29.098 8.5918, -50.6807 -29.098 9.13231, -40.22 -39.3411 12.497, 
            -40.1975 -39.5963 12.497, -50.3177 -29.098 7.95188, -52.702 -12.884 10.964, -48.7174 -29.098 5.71275, 
            -49.1292 -29.098 6.05373, -52.702 -13.13 11.211, -40.373 -29.098 12.0498, -40.3722 -29.098 12.3123, 
            -40.3711 -29.098 12.3203, -42.998 -10.8481 12.497, -43.1072 -11.0833 12.497, -40.5389 -29.098 10.1844, 
            -40.4948 -29.098 10.4986, -40.3716 -29.098 12.497, -40.3711 -29.098 11.3813, -40.372 -29.098 11.7092, 
            -42.847 -10.6331 12.497, -42.9971 -10.8468 12.497, -41.2666 -29.098 8.18399, -40.8744 -29.098 9.03414, 
            -41.3657 -29.098 7.96891, -42.8461 -10.6322 12.497, -52.702 -12.598 10.764, -40.7941 -29.098 9.3092, 
            -52.354 -12.864 10.988, -42.8363 -18.2 10.6995, -52.354 -13.107 11.231, -42.663 -10.4491 12.497, 
            -41.697 -38.1012 12.497, -41.698 -38.1011 12.497, -42.7286 -18.2 12.497, -52.354 -12.583 10.791, 
            -40.948 -38.3021 12.497, -41.184 -38.1926 12.497, -42.211 -10.1881 12.497, -42.447 -10.2986 12.497, 
            -40.9469 -38.3028 12.497, -40.734 -38.4521 12.497, -42.7301 -18.2 12.0514, -42.448 -10.2991 12.497, 
            -42.6621 -10.4484 12.497, -42.21 -10.1878 12.497, -52.018 -12.806 11.057, -52.018 -13.038 11.289, 
            -43.1693 -18.2 9.51132, -40.399 -38.8511 12.497, -40.5479 -38.6387 12.497, -40.549 -38.6371 12.497, 
            -40.3978 -38.8537 12.497, -40.288 -39.0881 12.497, -40.7329 -38.4532 12.497, -42.7282 -18.2 11.4137, 
            -41.96 -13.0746 12.497, -40.2865 -39.0937 12.497, -40.1973 -39.5993 12.497, -40.1972 -39.6003 12.497, 
            -40.1971 -39.6008 12.497, -40.1971 -39.6012 12.497, -40.1971 -39.6024 12.497, -40.1971 -39.6022 12.497, 
            -41.959 -13.0749 12.497, -41.437 -38.1241 12.497, -41.185 -38.1921 12.497, -41.436 -38.1244 12.497, 
            -41.438 -13.075 12.497, -54.7027 -11.6007 12.497, -54.7025 -11.6037 12.497, -54.672 -11.924 12.379, 
            -43.108 -40.1149 12.497, -43.1989 -39.6026 12.497, -43.1989 -39.6024 12.497, -46.3287 -18.2 6.61159, 
            -46.3175 -18.2 6.61558, -41.186 -13.0082 12.497, -41.185 -13.0079 12.497, -47.7066 -18.698 6.47743, 
            -40.948 -12.8969 12.497, -40.949 -12.8974 12.497, -40.735 -12.7476 12.497, -54.5835 -12.2763 12.497, 
            -54.672 -11.94 12.438, -54.672 -11.9449 12.497, -40.734 -12.7469 12.497, -40.5499 -12.5628 12.497, 
            -40.549 -12.5619 12.497, -54.582 -12.122 12.058, -54.582 -12.038 11.973, -54.672 -11.821 12.232, 
            -40.3999 -12.3492 12.497, -40.399 -12.3479 12.497, -54.672 -11.864 12.275, -54.582 -12.19 12.156, 
            -54.672 -11.899 12.324, -54.582 -12.241 12.264, -46.8301 -18.2 6.57511, -40.2888 -12.1127 12.497, 
            -40.288 -12.1109 12.497, -54.582 -12.2819 12.497, -54.582 -12.272 12.379, -47.015 -18.21 6.557, 
            -47.6827 -18.2 6.7131, -47.0184 -18.2 6.56478, -54.4352 -12.5953 12.497, -47.95 -44.102 10.331, 
            -47.555 -44.51 10.182, -47.555 -44.102 10.146, -47.015 -18.2 6.56404, -47.95 -44.478 10.364, 
            -47.2168 -14.698 12.4844, -47.2167 -14.698 12.4833, -46.9148 -14.6117 12.497, -46.8707 -14.5991 12.497, 
            -50.7011 -11.5984 12.497, -46.8753 -14.6004 12.497, -54.672 -11.717 12.171, -54.582 -11.94 11.905, 
            -54.582 -11.832 11.855, -46.8693 -14.5987 12.497, -50.7011 -11.5982 12.497, -54.434 -12.098 11.631, 
            -45.4291 -18.5631 6.80409, -45.4524 -18.2 6.98267, -45.4378 -18.2 6.98706, -46.8686 -14.5985 12.497, 
            -50.7011 -11.598 12.497, -47.134 -44.53 10.071, -45.6254 -18.2 6.86863, -47.134 -44.102 10.034, 
            -54.434 -12.241 11.731, -47.134 -44.944 10.182, -47.555 -44.906 10.288, -47.95 -44.843 10.461, 
            -44.6572 -18.2 7.47306, -44.1297 -18.2 7.95391, -44.0262 -18.2 8.09263, -45.6506 -18.2 6.85203, 
            -46.7 -44.536 10.034, -54.7029 -11.5988 12.497, -54.7029 -11.5992 12.497, -46.7 -44.957 10.146, 
            -54.7028 -11.5997 12.497, -40.2208 -11.8608 12.497, -40.22 -11.8579 12.497, -45.3636 -18.2 7.03018, 
            -46.6884 -14.6736 12.0144, -46.8659 -14.5983 12.497, -46.8663 -14.5983 12.497, -44.7528 -18.2 7.386, 
            -50.7015 -11.5923 12.497, -46.8666 -14.5983 12.497, -42.998 -12.3479 12.497, -42.5983 -23.497 6.75936, 
            -43.6907 -23.497 5.81213, -43.1095 -12.1053 12.497, -45.449 -23.497 5.07115, -45.3936 -23.497 5.09177, 
            -47.555 -43.299 10.288, -47.95 -43.019 10.621, -47.95 -43.362 10.461, -44.6588 -23.497 5.30937, 
            -44.327 -23.497 5.4202, -54.7029 -11.5968 12.497, -54.672 -11.332 12.275, -54.7028 -11.5963 12.497, 
            -46.3701 -14.698 12.0773, -47.95 -43.726 10.364, -47.555 -43.694 10.182, -49.4007 -23.497 6.06731, 
            -49.0539 -23.497 5.77041, -54.7029 -11.5972 12.497, -54.672 -11.375 12.232, -42.8482 -12.5603 12.497, 
            -48.2295 -23.497 5.20784, -48.632 -23.497 5.40854, -47.7768 -23.497 4.98228, -47.3289 -23.497 4.89606, 
            -54.7029 -11.598 12.497, -54.672 -11.598 12.15, -54.7029 -11.5978 12.497, -54.672 -11.658 12.156, 
            -54.7029 -11.5984 12.497, -45.2875 -23.497 5.09946, -45.9389 -23.497 4.88919, -46.3891 -23.497 4.84925, 
            -54.7029 -11.5986 12.497, -46.8681 -14.5984 12.497, -50.7011 -11.5974 12.497, -46.8664 -23.497 4.80695, 
            -51.1103 -23.497 12.497, -51.1109 -23.497 12.3037, -51.1089 -23.497 12.1691, -51.1076 -23.497 11.7485, 
            -54.672 -11.537 12.156, -54.7029 -11.5976 12.497, -51.1094 -23.497 12.2927, -51.1109 -23.497 11.7243, 
            -54.7029 -11.5982 12.497, -40.1972 -11.5963 12.497, -40.1973 -11.5953 12.497, -54.672 -11.771 12.197, 
            -40.1971 -11.5968 12.497, -48.6171 -45.7073 12.497, -48.616 -45.7089 12.497, -40.1971 -11.5974 12.497, 
            -40.1971 -11.5972 12.497, -40.1971 -11.5978 12.497, -40.1971 -11.5976 12.497, -40.1971 -11.598 12.497, 
            -51.1089 -23.497 11.1991, -51.1065 -23.497 10.4169, -40.1971 -11.5986 12.497, -40.1971 -11.5984 12.497, 
            -48.866 -45.3519 12.497, -40.1971 -11.5988 12.497, -40.1971 -11.5992 12.497, -40.1972 -11.5997 12.497, 
            -48.3081 -46.0168 12.497, -48.307 -46.0179 12.497, -40.1971 -11.5982 12.497, -54.7027 -11.5953 12.497, 
            -54.672 -11.271 12.379, -54.7025 -11.5923 12.497, -47.134 -43.675 10.071, -49.05 -44.9569 12.497, 
            -49.0515 -44.9513 12.497, -54.672 -11.297 12.324, -54.7029 -11.5974 12.497, -54.672 -11.424 12.197, 
            -47.134 -43.26 10.182, -54.672 -11.479 12.171, -50.7782 -23.497 8.66965, -50.9236 -23.497 9.15137, 
            -46.7 -44.102 9.996, -50.5688 -23.497 7.97572, -50.3527 -23.497 7.53849, -51.033 -23.497 9.90614, 
            -41.9994 -29.098 7.0279, -41.9034 -29.098 7.1704, -46.265 -44.53 10.071, -46.265 -44.102 10.034, 
            -43.6071 -29.098 5.6572, -43.8719 -29.098 5.54975, -46.265 -44.944 10.182, -42.7553 -29.098 6.24694, 
            -43.5886 -29.098 5.66999, -49.4611 -29.098 6.48306, -49.2009 -44.1024 12.497, -49.2009 -44.1026 12.497, 
            -48.3519 -29.098 5.41037, -46.7 -45.352 10.331, -46.265 -45.333 10.364, -54.582 -11.256 11.905, 
            -49.2009 -44.1028 12.497, -49.2009 -44.1032 12.497, -54.582 -11.364 11.855, -45.844 -44.51 10.182, 
            -45.844 -44.102 10.146, -49.2007 -44.1047 12.497, -49.2005 -44.1077 12.497, -54.582 -11.598 11.813, 
            -45.0555 -29.098 5.19569, -44.9069 -29.098 5.25444, -54.582 -11.717 11.824, -44.5263 -29.098 5.29992, 
            -44.5839 -29.098 5.29298, -49.2008 -44.1003 12.497, -49.2007 -44.0993 12.497, -49.2005 -44.0963 12.497, 
            -48.8672 -45.3493 12.497, -46.7 -43.668 10.034, -46.7 -43.247 10.146, -54.582 -11.479 11.824, 
            -47.8676 -29.098 5.1815, -42.6869 -29.098 6.31771, -40.1973 -11.6007 12.497, -46.265 -43.675 10.071, 
            -46.9475 -29.098 4.91212, -47.4928 -29.098 5.00419, -46.265 -43.26 10.182, -45.9965 -29.098 4.91708, 
            -46.5846 -29.098 4.85103, -45.6641 -29.098 4.95443, -50.5432 -23.003 8.01873, -45.844 -43.299 10.288, 
            -46.265 -42.871 10.364, -40.1975 -11.5923 12.497, -54.434 -11.424 11.512, -40.22 -11.3371 12.497, 
            -50.4429 -23.003 7.81577, -50.0356 -23.003 6.98985, -54.434 -11.598 11.497, -54.434 -11.771 11.512, 
            -54.434 -11.94 11.557, -49.8998 -23.003 6.80957, -49.3893 -23.003 6.13343, -54.672 -11.256 12.438, 
            -54.672 -11.2501 12.497, -49.2166 -23.003 5.98558, -46.8677 -14.5984 12.497, -50.7012 -11.5963 12.497, 
            -46.8674 -14.5983 12.497, -46.8671 -14.5983 12.497, -46.8669 -14.5983 12.497, -46.867 -14.5983 12.497, 
            -54.6712 -11.2473 12.497, -47.95 -42.227 11.414, -54.582 -10.955 12.264, -40.3978 -10.8507 12.497, 
            -40.399 -10.8481 12.497, -47.555 -42.302 10.986, -54.582 -11.005 12.156, -47.95 -42.443 11.105, 
            -40.288 -11.0851 12.497, -47.555 -42.592 10.697, -43.5935 -18.2 8.67189, -54.582 -11.158 11.973, 
            -43.4977 -18.2 8.86179, -47.95 -42.71 10.838, -54.582 -10.924 12.379, -54.582 -10.9141 12.497, 
            -54.5812 -10.9123 12.497, -40.2865 -11.0907 12.497, -47.134 -42.216 10.914, -47.134 -42.519 10.61, 
            -54.582 -11.074 12.058, -54.434 -10.832 11.855, -40.734 -10.4491 12.497, -40.9469 -10.2998 12.497, 
            -40.549 -10.6331 12.497, -40.7329 -10.4502 12.497, -40.5479 -10.6347 12.497, -54.434 -10.732 11.998, 
            -41.698 -10.0981 12.497, -41.697 -10.0982 12.497, -54.434 -10.955 11.731, -54.434 -11.098 11.631, 
            -41.436 -10.1204 12.497, -41.437 -10.1201 12.497, -41.184 -10.1886 12.497, -41.185 -10.1881 12.497, 
            -40.948 -10.2991 12.497, -54.234 -10.771 11.512, -40.1975 -11.6037 12.497, -50.3318 -19.003 12.2955, 
            -50.332 -19.003 12.3374, -41.958 -10.12 12.497, -54.234 -10.955 11.384, -41.437 -13.0749 12.497, 
            -41.699 -13.0978 12.497, -54.434 -10.613 12.324, -54.434 -10.658 12.156, -50.33 -19.003 11.7062, 
            -50.3331 -19.003 11.6831, -54.4331 -10.5968 12.497, -54.234 -10.332 12.275, -54.234 -10.3121 12.497, 
            -54.434 -10.5981 12.497, -47.2168 -14.698 12.497, -51.701 -13.3299 12.497, -51.416 -13.1299 12.497, 
            -51.417 -13.1306 12.497, -50.3331 -19.003 12.3456, -54.234 -10.484 11.855, -47.134 -41.97 11.266, 
            -50.3326 -19.003 12.497, -54.2331 -10.3112 12.497, -50.3318 -19.003 11.3255, -54.234 -10.39 12.058, 
            -47.555 -42.927 10.461, -49.0492 -43.2453 12.497, -49.05 -43.2471 12.497, -50.2803 -19.003 10.3072, 
            -50.3298 -19.003 10.6548, -47.134 -42.871 10.364, -54.234 -10.613 11.671, -48.866 -42.8521 12.497, 
            -48.1172 -19.003 6.54442, -48.3946 -19.003 6.68767, -46.7 -42.187 10.889, -53.988 -10.271 11.731, 
            -53.988 -10.424 11.512, -48.6301 -23.003 5.4825, -46.7 -42.495 10.581, -53.988 -10.613 11.323, 
            -48.6151 -42.4942 12.497, -40.912 -23.003 12.0283, -40.9099 -23.003 11.3694, -53.988 -10.089 12.232, 
            -53.988 -10.0651 12.497, -40.9114 -23.003 12.2013, -40.8659 -23.1742 12.2989, -53.988 -10.158 11.973, 
            -48.306 -42.1864 12.497, -40.9111 -23.003 12.2998, -40.9099 -23.003 12.3084, -40.9105 -23.003 12.497, 
            -47.9511 -46.2672 12.497, -53.702 -9.892 12.197, -53.987 -10.0644 12.497, -53.702 -9.86509 12.497, 
            -53.702 -9.97 11.905, -47.95 -46.2679 12.497, -47.556 -46.4514 12.497, -41.472 -23.003 8.88238, 
            -41.2473 -23.003 9.61309, -53.702 -10.098 11.631, -41.0981 -23.003 10.0968, -40.9824 -23.003 10.8786, 
            -47.135 -46.5646 12.497, -47.555 -46.4519 12.497, -47.134 -46.5649 12.497, -46.701 -46.6028 12.497, 
            -53.701 -9.86464 12.497, -46.7 -42.852 10.331, -44.4138 -23.003 5.49614, -43.9934 -23.003 5.75509, 
            -53.386 -9.97 11.557, -42.7065 -23.003 6.81881, -42.3268 -23.003 7.34457, -42.0155 -23.003 7.77575, 
            -41.7005 -23.003 8.41707, -53.386 -9.747 12.171, -43.1018 -23.003 6.4433, -43.5164 -23.003 6.04915, 
            -53.386 -9.71809 12.497, -46.8314 -14.6738 12.0144, -46.8624 -14.6761 12.0144, -46.867 -14.598 11.529, 
            -45.844 -42.302 10.986, -46.265 -42.216 10.914, -45.3623 -23.003 5.17938, -45.4149 -23.003 5.17557, 
            -45.6867 -23.003 5.07447, -53.385 -9.71782 12.497, -53.386 -9.831 11.855, -53.049 -9.747 11.824, 
            -50.9699 -12.5992 12.497, -50.969 -12.5979 12.497, -53.049 -9.892 11.512, -46.5987 -14.6789 12.0145, 
            -51.169 -12.8839 12.497, -51.1699 -12.8848 12.497, -53.049 -9.658 12.156, -53.049 -9.62809 12.497, 
            -49.7652 -19.003 8.43137, -49.9112 -19.003 8.73136, -50.8228 -12.2837 12.497, -47.2164 -14.698 11.4452, 
            -47.2168 -14.698 11.544, -53.048 -9.628 12.497, -47.2039 -14.698 11.3485, -47.1819 -14.698 11.2552, 
            -52.702 -9.718 11.813, -47.1492 -14.698 11.1662, -47.103 -14.698 11.0875, -52.702 -9.865 11.497, 
            -49.5101 -19.003 7.90689, -46.9024 -14.698 10.917, -46.9798 -14.698 10.9596, -52.702 -9.628 12.15, 
            -46.8165 -14.698 10.8985, -52.702 -9.59809 12.497, -46.7228 -14.698 10.9001, -49.3174 -19.003 7.6468, 
            -48.9987 -19.003 7.21716, -52.701 -9.59818 12.497, -46.6256 -14.698 10.9301, -50.822 -12.2819 12.497, 
            -50.7328 -11.9478 12.497, -46.53 -14.698 10.9914, -48.7614 -19.003 7.00939, -50.188 -19.003 9.65911, 
            -50.0898 -19.003 9.32996, -46.4436 -14.698 11.0847, -52.354 -9.747 11.824, -46.3676 -14.698 11.2035, 
            -44.9625 -23.003 5.31287, -46.3157 -14.698 11.3486, -46.2869 -14.698 11.5053, -50.732 -11.9449 12.497, 
            -52.354 -9.658 12.156, -52.354 -9.62809 12.497, -47.0468 -14.698 11.0172, -50.8715 -29.098 12.497, 
            -50.8714 -29.098 12.4827, -50.8721 -29.098 12.302, -52.353 -9.62836 12.497, -48.4216 -23.003 5.37853, 
            -47.7852 -23.003 5.06149, -50.8708 -29.098 12.2929, -47.5439 -23.003 5.01504, -50.8702 -29.098 12.1107, 
            -42.326 -19.003 12.0582, -42.3243 -19.003 11.4023, -42.37 -19.003 11.1002, -46.8857 -23.003 4.8882, 
            -45.9694 -23.003 4.96947, -46.619 -23.003 4.91183, -54.234 -12.241 11.384, -42.3243 -19.003 12.3413, 
            -42.3253 -19.003 12.3346, -42.3247 -19.003 12.497, -51.0956 -23.2832 12.2938, -54.234 -12.038 11.289, 
            -42.4832 -19.003 10.3516, -50.8721 -29.098 11.726, -50.8689 -29.098 11.7491, -46.265 -46.5649 12.497, 
            -45.845 -46.4522 12.497, -46.6653 -19.003 6.21308, -46.9997 -19.003 6.18892, -46.2616 -19.003 6.24245, 
            -46.265 -42.519 10.61, -50.8675 -29.098 10.4074, -50.8702 -29.098 11.1407, -47.4089 -19.003 6.2748, 
            -47.7199 -19.003 6.33977, -45.2422 -19.003 6.63575, -45.4012 -19.003 6.5877, -50.7839 -29.098 9.8373, 
            -44.3508 -44.9587 12.497, -44.35 -44.652 11.842, -44.534 -44.906 11.539, -45.5327 -19.003 6.50108, 
            -45.9162 -19.003 6.36509, -43.1989 -39.6032 12.497, -44.8152 -19.003 6.88374, -44.5044 -19.003 7.0648, 
            -43.2559 -19.003 8.44958, -43.4562 -19.003 8.18145, -43.8332 -19.003 7.67633, -54.234 -11.598 11.211, 
            -43.1988 -39.6037 12.497, -54.234 -11.375 11.231, -54.234 -11.821 11.231, -42.5777 -19.003 10.053, 
            -42.9451 -19.003 9.06544, -42.7993 -19.003 9.35377, -45.8429 -41.7536 12.497, -43.176 -39.8619 12.497, 
            -43.1985 -39.6077 12.497, -44.089 -19.003 7.44316, -50.7013 -11.5953 12.497, -50.7011 -11.5968 12.497, 
            -44.35 -44.9569 12.497, -50.4274 -28.603 7.87897, -50.7011 -11.5972 12.497, -50.7012 -11.5997 12.497, 
            -50.7011 -11.5992 12.497, -50.7015 -11.6037 12.497, -50.7013 -11.6007 12.497, -50.7011 -11.5978 12.497, 
            -44.2378 -44.5387 12.497, -44.237 -44.5359 12.497, -50.3676 -28.603 7.76041, -44.237 -44.478 12.281, 
            -44.237 -44.51 12.349, -49.892 -28.603 6.81812, -44.237 -44.53 12.423, -49.2147 -28.603 5.94208, 
            -49.8017 -28.603 6.7014, -49.0872 -28.603 5.8365, -48.4216 -28.603 5.28589, -50.762 -28.603 8.96693, 
            -44.237 -44.435 12.219, -44.237 -44.381 12.165, -44.1992 -44.1037 12.497, -44.1991 -44.1032 12.497, 
            -54.434 -11.256 11.557, -54.234 -11.158 11.289, -47.9787 -15.003 11.5995, -47.9505 -15.003 11.8232, 
            -47.9784 -15.003 12.4579, -47.9788 -15.003 12.4605, -53.988 -11.074 11.057, -44.1995 -44.1077 12.497, 
            -53.988 -11.332 10.988, -47.9461 -15.003 11.8587, -47.9227 -15.003 11.9494, -47.9346 -15.003 11.9924, 
            -53.988 -11.598 10.964, -50.4645 -19.497 12.0175, -50.4636 -19.497 11.7134, -47.9777 -15.003 12.2798, 
            -47.9733 -15.003 12.2473, -47.9439 -15.003 12.026, -47.9786 -15.003 12.497, -40.285 -28.706 11.376, 
            -40.2871 -28.7065 12.0303, -53.988 -11.864 10.988, -47.9786 -15.003 11.5664, -47.9777 -15.003 11.3408, 
            -47.9733 -15.003 11.3083, -47.9439 -15.003 11.087, -40.2856 -28.7062 12.497, -40.279 -28.603 12.497, 
            -40.285 -28.706 12.315, -40.2797 -28.603 12.3053, -40.2857 -28.6973 12.3065, -40.2784 -28.603 12.3142, 
            -47.9346 -15.003 11.0534, -40.2862 -28.7061 12.3066, -40.2862 -28.7063 12.3068, -47.8774 -15.003 10.8458, 
            -47.8218 -15.003 10.6943, -47.842 -15.003 10.7667, -44.1993 -44.1047 12.497, -53.702 -11.598 10.764, 
            -50.4668 -19.497 12.3389, -50.4656 -19.497 12.3303, -53.702 -11.899 10.791, -53.702 -12.19 10.869, 
            -40.3326 -28.9203 12.497, -53.988 -12.122 11.057, -50.4663 -19.497 12.497, -50.4668 -19.497 11.6895, 
            -44.237 -43.726 12.281, -44.237 -43.77 12.219, -44.1992 -44.1003 12.497, -44.1991 -44.1012 12.497, 
            -44.1991 -44.1008 12.497, -44.237 -43.823 12.165, -44.237 -43.885 12.122, -47.8614 -15.003 10.8099, 
            -50.3744 -19.497 9.99322, -50.3153 -19.497 9.57896, -44.1993 -44.0993 12.497, -53.702 -11.297 10.791, 
            -47.9776 -19.497 6.23844, -48.445 -19.497 6.47984, -40.2784 -28.603 11.3752, -40.2928 -28.603 11.2753, 
            -40.462 -28.726 10.145, -47.7081 -15.003 10.4407, -47.7793 -15.003 10.6004, -44.1991 -44.1024 12.497, 
            -44.237 -44.251 12.09, -44.1991 -44.1026 12.497, -47.6509 -15.003 10.3568, -44.1991 -44.1028 12.497, 
            -44.237 -44.319 12.122, -40.814 -28.764 8.969, -41.326 -28.82 7.892, -53.386 -11.598 10.617, 
            -53.386 -11.271 10.645, -47.3803 -15.003 10.051, -47.4869 -15.003 10.155, -53.386 -11.924 10.645, 
            -47.5586 -15.003 10.2249, -53.386 -12.241 10.73, -41.98 -28.892 6.956, -42.169 -28.603 6.71162, 
            -42.751 -28.976 6.197, -47.1778 -15.003 9.92802, -47.2949 -15.003 9.99918, -44.1991 -44.1018 12.497, 
            -44.1991 -44.1016 12.497, -44.237 -44.027 12.07, -47.0801 -15.003 9.89944, -46.957 -15.003 9.86244, 
            -44.1991 -44.102 12.497, -44.237 -44.102 12.063, -41.4387 -28.603 7.68839, -44.1991 -44.1022 12.497, 
            -44.237 -44.178 12.07, -43.608 -29.069 5.644, -46.264 -15.003 10.0526, -46.1523 -15.003 10.1549, 
            -43.0382 -28.603 5.9301, -42.7662 -28.603 6.11143, -46.0542 -15.003 10.2453, -53.049 -12.272 10.645, 
            -46.3752 -15.003 9.99014, -46.8488 -15.003 9.86105, -46.726 -15.003 9.86115, -49.7685 -19.497 8.08056, 
            -50.0266 -19.497 8.61101, -53.049 -11.598 10.526, -40.2805 -28.603 12.0403, -53.988 -10.832 11.17, 
            -49.6083 -19.497 7.75133, -49.075 -19.497 7.03185, -49.2722 -19.497 7.29772, -40.4896 -28.603 10.0215, 
            -40.4551 -28.603 10.1377, -44.35 -44.102 11.642, -48.6678 -19.497 6.67533, -41.9823 -28.603 6.89935, 
            -44.35 -44.251 11.655, -41.3218 -28.603 7.85823, -40.8742 -28.603 8.80949, -40.8074 -28.603 8.95123, 
            -53.702 -10.271 11.384, -53.702 -10.484 11.17, -44.35 -44.395 11.694, -53.702 -10.732 10.997, 
            -43.6441 -28.603 5.52585, -48.2523 -28.603 5.20589, -44.903 -28.7539 5.16688, -44.35 -44.53 11.757, 
            -42.0758 -19.497 11.3953, -42.0775 -19.497 12.0348, -44.1995 -44.0963 12.497, -42.2592 -19.497 10.2429, 
            -42.2418 -19.497 10.2981, -42.0832 -19.497 11.3466, -53.702 -11.005 10.869, -44.9007 -28.603 5.12876, 
            -44.5845 -28.603 5.16691, -45.401 -28.603 4.93099, -44.0103 -28.603 5.38612, -53.386 -10.39 11.057, 
            -53.386 -10.658 10.869, -46.6182 -28.603 4.71518, -42.0767 -19.497 12.3282, -47.3333 -28.603 4.83556, 
            -46.3686 -28.603 4.74321, -42.0762 -19.497 12.497, -42.0758 -19.497 12.3344, -45.6792 -28.603 4.82068, 
            -53.386 -10.955 10.73, -47.5449 -28.603 4.8713, -46.4475 -19.497 5.99883, -46.2202 -19.497 6.01537, 
            -44.237 -43.6681 12.497, -44.237 -43.675 12.423, -44.237 -43.694 12.349, -44.1991 -44.1014 12.497, 
            -44.237 -43.954 12.09, -46.9901 -19.497 5.95963, -47.7415 -19.497 6.11679, -47.2272 -19.497 6.00937, 
            -43.1095 -40.1093 12.497, -45.449 -41.9371 12.497, -50.9709 -28.6916 12.497, -50.9671 -28.7069 12.4824, 
            -45.4601 -19.497 6.28517, -45.6693 -19.497 6.21098, -50.9173 -28.908 12.2912, -41.959 -41.0789 12.497, 
            -44.3485 -43.2527 12.497, -45.3696 -19.497 6.34478, -44.4778 -19.497 6.79364, -44.3516 -19.497 6.8672, 
            -45.1218 -19.497 6.41962, -45.2873 -19.497 6.36961, -41.699 -41.1018 12.497, -41.698 -41.1019 12.497, 
            -43.6508 -19.497 7.50557, -43.7394 -19.497 7.42476, -43.1055 -19.497 8.2361, -43.0482 -19.497 8.31282, 
            -42.6052 -19.497 9.19072, -41.438 -41.079 12.497, -42.5717 -19.497 9.25684, -43.1987 -39.6047 12.497, 
            -44.35 -43.552 11.842, -44.35 -43.447 11.948, -49.163 -44.5359 12.497, -49.2008 -44.1037 12.497, 
            -49.2009 -44.102 12.497, -49.2009 -44.1022 12.497, -49.2009 -44.1014 12.497, -49.2009 -44.1016 12.497, 
            -49.2009 -44.1018 12.497, -49.2009 -44.1008 12.497, -49.2009 -44.1012 12.497, -46.266 -46.565 12.497, 
            -46.7 -46.6029 12.497, -44.35 -43.675 11.757, -50.1399 -19.497 8.9909, -50.4632 -19.497 10.6172, 
            -50.4645 -19.497 11.0475, -44.35 -43.81 11.694, -44.534 -43.675 11.322, -44.35 -43.954 11.655, 
            -42.211 -40.99 12.253, -41.959 -41.057 12.241, -48.9535 -23.802 5.63757, -49.4078 -23.802 6.0265, 
            -49.6922 -23.802 6.40318, -44.35 -43.26 12.349, -44.35 -43.299 12.205, -43.176 -11.8579 12.497, 
            -43.1985 -11.6037 12.497, -44.35 -43.362 12.07, -42.998 -40.34 12.368, -43.1987 -11.6007 12.497, 
            -50.732 -11.2501 12.497, -43.1988 -11.5997 12.497, -44.534 -42.927 12.07, -42.998 -40.251 12.123, 
            -42.998 -40.306 12.241, -42.847 -40.508 12.168, -50.7011 -11.5976 12.497, -50.7011 -11.5986 12.497, 
            -50.7011 -11.5988 12.497, -43.1989 -11.5978 12.497, -43.1989 -11.5976 12.497, -51.4149 -10.0662 12.497, 
            -43.1985 -11.5923 12.497, -43.108 -11.0851 12.497, -41.959 -10.1201 12.497, -44.534 -43.019 11.872, 
            -44.534 -43.144 11.694, -43.108 -40.107 12.409, -44.534 -43.299 11.539, -43.108 -12.103 12.409, 
            -42.998 -12.336 12.368, -42.998 -12.303 12.241, -42.847 -12.547 12.33, -43.108 -39.995 12.168, 
            -43.108 -40.046 12.241, -45.449 -41.97 12.122, -42.847 -12.504 12.168, -43.108 -40.084 12.322, 
            -43.176 -39.846 12.409, -50.5584 -30.2 11.8543, -50.5603 -30.2 12.312, -52.702 -12.282 10.617, 
            -45.449 -42.227 11.414, -50.5618 -30.2 11.8325, -50.5611 -30.2 12.497, -50.5618 -30.2 12.3218, 
            -40.6987 -23.802 12.3043, -40.7 -23.802 12.2956, -45.092 -42.216 12.165, -50.5606 -30.2 11.5347, 
            -50.5568 -30.2 10.6396, -50.5406 -30.2 10.5437, -50.5404 -30.2 10.4718, -50.4935 -30.2 10.155, 
            -40.7009 -23.802 12.0301, -40.6993 -23.802 12.497, -45.449 -42.067 11.757, -42.998 -40.176 12.015, 
            -40.6987 -23.802 11.3653, -45.5733 -15.003 12.497, -45.5731 -15.003 12.4464, -45.574 -15.003 12.4404, 
            -45.092 -42.302 11.842, -44.784 -42.592 11.948, -50.3627 -30.2 9.27165, -45.5751 -15.003 12.1976, 
            -45.5977 -15.003 12.0542, -42.998 -39.977 11.848, -42.998 -40.084 11.923, -42.847 -40.221 11.759, 
            -45.604 -15.003 12.0145, -42.847 -40.34 11.878, -44.784 -42.519 12.219, -42.847 -40.551 12.33, 
            -44.784 -42.71 11.694, -45.5739 -15.003 11.684, -45.5751 -15.003 11.832, -44.534 -42.871 12.281, 
            -49.5207 -30.2 7.18677, -49.8744 -30.2 7.87993, -42.663 -40.733 12.298, -49.3257 -30.2 6.93767, 
            -50.0179 -30.2 8.16137, -45.5743 -15.003 12.4051, -48.6453 -30.2 6.18418, -48.8933 -30.2 6.38585, 
            -48.1602 -30.2 5.78937, -52.354 -12.272 10.645, -41.8858 -23.802 7.61692, -41.8265 -23.802 7.69905, 
            -42.5316 -23.802 6.72265, -42.6295 -23.802 6.62966, -42.448 -40.881 12.272, -40.8908 -23.802 10.0673, 
            -41.3036 -23.802 8.7635, -41.272 -23.802 8.82775, -40.9056 -23.802 10.0193, -43.3579 -23.802 5.93728, 
            -45.8726 -15.003 10.4946, -45.954 -15.003 10.3826, -45.7267 -15.003 10.7921, -48.1109 -23.802 5.10246, 
            -48.6332 -23.802 5.36288, -52.018 -12.538 10.869, -52.018 -12.241 10.73, -53.049 -11.94 10.556, 
            -42.448 -40.597 11.662, -42.663 -40.34 11.617, -42.663 -40.482 11.759, -53.049 -11.256 10.556, 
            -45.5731 -15.003 11.4764, -52.702 -11.945 10.526, -45.449 -44.478 10.364, -52.702 -11.598 10.496, 
            -42.663 -40.597 11.923, -42.663 -40.681 12.105, -42.448 -40.822 12.053, -45.449 -44.843 10.461, 
            -47.7716 -23.802 4.93338, -45.2413 -23.802 5.05011, -45.3805 -23.802 5.04002, -52.354 -11.94 10.556, 
            -52.354 -11.598 10.526, -44.4713 -23.802 5.3072, -44.2733 -23.802 5.37332, -45.5951 -15.003 11.3297, 
            -42.448 -40.727 11.848, -43.5037 -23.802 5.84735, -45.844 -43.694 10.182, -45.449 -44.102 10.331, 
            -40.7043 -23.802 11.3274, -46.8546 -23.802 4.75678, -47.1962 -23.802 4.8226, -42.211 -40.926 12.015, 
            -46.2471 -23.802 4.81061, -45.92 -23.802 4.83963, -45.092 -44.435 10.61, -45.092 -44.102 10.581, 
            -45.092 -44.757 10.697, -53.049 -10.332 10.988, -53.049 -10.089 11.231, -42.847 -40.084 11.662, 
            -53.049 -10.613 10.791, -42.847 -40.437 12.015, -45.6251 -15.003 11.125, -53.049 -10.924 10.645, 
            -45.7906 -15.003 10.6627, -52.702 -10.312 10.964, -52.702 -10.598 10.764, -42.663 -12.73 12.298, 
            -50.2683 -30.2 8.96804, -44.784 -44.652 10.986, -52.702 -10.914 10.617, -44.784 -44.381 10.914, 
            -42.211 -40.822 11.793, -42.211 -40.681 11.591, -42.448 -12.877 12.272, -44.534 -44.727 11.414, 
            -52.354 -10.613 10.791, -45.6678 -15.003 10.9832, -52.702 -11.25 10.526, -52.354 -11.256 10.556, 
            -52.354 -10.332 10.988, -41.959 -40.99 11.992, -44.784 -44.102 10.889, -52.018 -10.955 10.73, 
            -52.018 -10.658 10.869, -52.354 -10.924 10.645, -40.7776 -30.2 10.4211, -40.793 -30.2 10.3094, 
            -40.6432 -30.2 12.2567, -40.6429 -30.2 12.3156, -40.6418 -30.2 11.478, -40.644 -30.2 11.4639, 
            -40.6437 -30.2 11.3974, -42.663 -12.478 11.759, -42.847 -12.218 11.759, -42.847 -12.336 11.878, 
            -44.534 -44.319 11.266, -42.663 -12.336 11.617, -41.959 -40.881 11.759, -40.6418 -30.2 12.323, 
            -44.534 -44.102 11.247, -41.698 -41.011 11.984, -44.534 -44.53 11.322, -40.6438 -30.2 12.0738, 
            -40.6423 -30.2 12.4714, -46.6113 -15.003 9.89206, -40.6422 -30.2 12.497, -43.176 -39.827 12.368, 
            -46.4912 -15.003 9.92376, -43.176 -39.858 12.453, -45.449 -43.726 10.364, -45.449 -43.362 10.461, 
            -44.4139 -30.2 5.81769, -44.6173 -30.2 5.78871, -44.7597 -30.2 5.7651, -44.8044 -30.2 5.73318, 
            -44.7426 -30.2 5.77078, -51.1306 -23.802 11.7257, -51.1273 -23.802 11.7507, -43.176 -39.732 12.272, 
            -43.176 -39.769 12.298, -43.108 -39.931 12.105, -42.847 -12.433 12.015, -42.663 -12.678 12.105, 
            -43.176 -39.801 12.33, -43.7013 -30.2 6.10731, -45.2427 -30.2 5.55398, -42.448 -12.593 11.662, 
            -51.128 -23.802 11.9912, -51.1292 -23.802 12.2912, -51.1306 -23.802 12.3023, -42.663 -12.593 11.923, 
            -45.449 -43.019 10.621, -45.092 -43.447 10.697, -45.092 -43.144 10.838, -42.448 -12.723 11.848, 
            -45.092 -43.77 10.61, -42.448 -12.819 12.053, -43.176 -39.357 12.409, -48.5588 -15.497 12.4273, 
            -48.5587 -15.497 12.4489, -48.5585 -15.497 12.497, -48.5582 -15.497 12.4227, -48.557 -15.497 12.1094, 
            -43.176 -39.556 12.241, -48.5259 -15.497 11.8567, -48.5569 -15.497 12.0878, -44.784 -43.823 10.914, 
            -48.5588 -15.497 11.6017, -48.5561 -15.497 11.6232, -42.211 -12.922 12.015, -42.211 -12.986 12.253, 
            -48.557 -15.497 11.1394, -50.942 -23.802 9.13359, -50.7476 -23.802 8.48917, -48.5569 -15.497 11.1178, 
            -44.784 -43.552 10.986, -41.959 -13.053 12.241, -43.176 -39.471 12.272, -43.176 -39.434 12.298, 
            -51.0275 -23.802 9.72346, -43.176 -39.512 12.253, -44.784 -43.069 11.266, -44.784 -42.871 11.464, 
            -50.297 -23.802 7.3673, -50.5846 -23.802 7.94917, -43.176 -39.602 12.237, -41.0686 -30.2 9.34305, 
            -41.0921 -30.2 9.26034, -50.0666 -23.802 6.90003, -44.784 -43.299 11.105, -42.211 -12.819 11.793, 
            -42.211 -12.678 11.591, -43.176 -39.691 12.253, -43.574 -30.2 6.15896, -51.13 -23.802 12.497, 
            -51.128 -23.802 11.0212, -51.1261 -23.802 10.4087, -44.534 -43.885 11.266, -42.8525 -30.2 6.65762, 
            -44.534 -43.477 11.414, -43.176 -39.345 12.453, -42.1077 -30.2 7.40807, -42.7941 -30.2 6.69802, 
            -41.959 -12.986 11.992, -42.1033 -30.2 7.41256, -42.0396 -30.2 7.5072, -41.5133 -30.2 8.32357, 
            -41.5318 -30.2 8.28235, -41.959 -12.877 11.759, -48.3687 -15.497 10.2046, -50.6103 -24.298 7.90598, 
            -50.2065 -24.298 7.0889, -48.4962 -15.497 10.6664, -50.0859 -24.298 6.84427, -49.5633 -24.298 6.15089, 
            -41.698 -13.075 12.237, -45.844 -42.592 10.697, -43.176 -39.647 12.241, -48.4935 -15.497 10.6467, 
            -43.108 -39.426 12.015, -48.3732 -15.497 10.2209, -48.1924 -15.497 9.81501, -48.1872 -15.497 9.80332, 
            -45.449 -42.443 11.105, -42.448 -12.433 11.502, -42.663 -12.172 11.502, -42.448 -12.247 11.372, 
            -43.108 -39.602 11.984, -45.449 -42.71 10.838, -47.9521 -15.497 9.45877, -47.9565 -15.497 9.46513, 
            -42.211 -12.504 11.417, -45.844 -42.927 10.461, -44.8199 -15.497 12.0405, -44.8216 -15.497 12.0305, 
            -52.018 -11.271 10.645, -44.8199 -15.497 12.0205, -44.8193 -15.497 12.1929, -45.092 -42.635 11.266, 
            -44.8185 -15.497 12.4187, -44.8187 -15.497 12.4723, -43.108 -39.858 12.053, -44.8188 -15.497 12.4166, 
            -45.092 -42.443 11.539, -44.8187 -15.497 12.497, -45.3789 -19.3529 6.41559, -45.092 -42.871 11.029, 
            -52.018 -11.598 10.617, -43.108 -39.691 11.992, -42.998 -39.858 11.793, -42.998 -39.732 11.759, 
            -43.108 -39.777 12.015, -53.386 -10.158 11.289, -45.5727 -15.497 9.61379, -45.3374 -15.497 9.95282, 
            -45.3212 -15.497 9.98726, -45.6084 -15.497 9.5625, -45.0299 -15.497 10.5714, -45.0727 -15.497 10.4427, 
            -45.26 -15.497 10.0967, -45.3149 -15.497 9.99506, -44.8185 -15.497 11.4805, -44.8191 -15.497 11.6331, 
            -44.9048 -15.497 10.9462, -44.881 -15.497 11.0926, -52.702 -10.065 11.211, -52.354 -9.892 11.512, 
            -43.108 -39.512 11.992, -46.6101 -15.497 8.93065, -46.2701 -15.497 9.03884, -46.6327 -15.497 8.92343, 
            -46.9956 -15.497 8.91016, -46.9823 -15.497 8.91066, -46.2399 -15.497 9.05768, -47.7258 -35.803 11.7422, 
            -47.7017 -35.803 11.8838, -52.354 -10.089 11.231, -52.018 -10.158 11.289, -42.998 -39.471 11.759, 
            -52.018 -13.364 11.855, -42.998 -39.602 11.747, -47.7258 -35.803 12.4125, -47.7255 -35.803 12.4703, 
            -47.7253 -35.803 12.4097, -47.6688 -15.497 9.18282, -47.6707 -15.497 9.18468, -49.4192 -24.298 5.96012, 
            -51.702 -13.3304 12.497, -47.7256 -35.803 12.497, -42.847 -39.769 11.548, -51.701 -13.304 12.197, 
            -47.3414 -15.497 8.99441, -47.3455 -15.497 8.99542, -47.509 -15.497 9.086, -47.7234 -35.803 12.0022, 
            -47.7255 -35.803 11.5974, -47.7234 -35.803 11.1572, -40.6044 -24.298 12.3034, -40.6049 -24.298 12.4699, 
            -47.8613 -30.2 5.6518, -43.176 -39.376 12.368, -47.621 -35.803 10.5943, -47.6976 -35.803 11.0162, 
            -51.701 -13.226 11.905, -47.5698 -35.803 10.461, -40.6064 -24.298 12.0014, -40.6055 -24.298 12.2961, 
            -40.6052 -24.298 11.6286, -47.4235 -35.803 10.0802, -47.3462 -35.803 9.95816, -46.1223 -30.2 5.33168, 
            -45.6408 -30.2 5.39149, -43.108 -39.096 12.409, -47.3523 -30.2 5.41771, -46.501 -30.2 5.28475, 
            -47.008 -30.2 5.36422, -40.7588 -24.298 10.3114, -40.7957 -24.298 10.0591, -40.6044 -24.298 11.3644, 
            -40.6048 -24.298 12.497, -43.1673 -35.803 12.0756, -43.1667 -35.803 11.8819, -43.1653 -35.803 12.424, 
            -43.1656 -35.803 12.4848, -43.1656 -35.803 12.497, -43.1658 -35.803 12.4208, -43.166 -35.803 12.3699, 
            -41.1759 -24.298 8.81118, -41.1091 -24.298 9.0304, -41.6475 -24.298 7.84085, -41.7298 -24.298 7.67161, 
            -43.108 -39.157 12.241, -42.4357 -24.298 6.68207, -42.3559 -24.298 6.79406, -43.2069 -24.298 5.93792, 
            -43.2653 -24.298 5.88162, -43.176 -39.402 12.33, -45.8896 -15.497 9.28883, -45.9247 -15.497 9.25466, 
            -43.6087 -35.803 10.1264, -43.7376 -35.803 9.94225, -42.211 -12.303 11.276, -41.959 -12.547 11.365, 
            -43.3899 -35.803 10.5835, -43.4839 -35.803 10.3875, -43.3024 -35.803 10.8703, -41.959 -12.336 11.217, 
            -48.7901 -24.298 5.42154, -43.108 -39.119 12.322, -43.1959 -35.803 11.3733, -43.2407 -35.803 11.0727, 
            -48.6352 -24.298 5.28862, -47.9181 -24.298 4.93108, -43.1653 -35.803 11.579, -46.7906 -35.803 9.28202, 
            -47.038 -35.803 9.53162, -46.3867 -35.803 9.03094, -46.6595 -35.803 9.20073, -43.108 -39.208 12.168, 
            -44.1872 -24.298 5.30178, -44.1668 -24.298 5.31462, -44.6028 -24.298 5.15796, -45.1662 -24.298 4.96987, 
            -45.1935 -24.298 4.9679, -47.1417 -35.803 9.63639, -46.2321 -35.803 8.98011, -43.108 -39.272 12.105, 
            -50.5024 -30.698 12.3229, -50.5009 -30.698 12.3132, -50.4992 -30.698 11.9156, -52.018 -13.226 11.557, 
            -50.5017 -30.698 12.497, -43.8939 -35.803 9.71814, -44.0581 -35.803 9.55345, -50.4992 -30.698 11.0706, 
            -50.5024 -30.698 11.8317, -50.499 -30.698 11.8537, -51.701 -12.711 11.17, -45.9507 -35.803 8.88778, 
            -50.4974 -30.698 10.6466, -51.701 -12.464 10.997, -50.4324 -19.802 9.79934, -50.394 -19.802 9.52948, 
            -45.3112 -35.803 8.88776, -45.5 -35.803 8.85577, -45.7755 -35.803 8.87541, -51.701 -12.925 11.384, 
            -44.8586 -35.803 9.01224, -45.0537 -35.803 8.93149, -41.959 -12.73 11.548, -44.628 -35.803 9.10773, 
            -44.436 -35.803 9.23885, -44.2375 -35.803 9.37423, -41.698 -12.562 11.348, -41.698 -12.747 11.533, 
            -50.5465 -19.802 10.8759, -50.5493 -19.802 11.6935, -42.998 -38.863 12.368, -42.998 -38.952 12.123, 
            -42.998 -38.897 12.241, -46.8377 -36.298 12.178, -46.8382 -36.298 12.441, -46.8386 -36.298 12.4432, 
            -42.998 -39.027 12.015, -50.5461 -19.802 11.7179, -46.8259 -36.298 12.1188, -46.7946 -36.298 11.9597, 
            -48.4517 -15.4226 11.7085, -48.457 -15.4204 11.646, -48.4597 -15.42 11.6203, -42.998 -12.247 12.123, 
            -43.108 -11.991 12.168, -43.108 -12.042 12.241, -46.8386 -36.298 11.7108, -46.8385 -36.298 12.497, 
            -43.108 -12.08 12.322, -48.1197 -15.1614 11.9293, -48.1554 -15.1911 11.9309, -46.7435 -36.298 10.9144, 
            -46.6319 -36.298 10.6432, -43.108 -39.345 12.053, -50.5481 -19.802 12.326, -50.5493 -19.802 12.3348, 
            -46.8259 -36.298 11.2738, -46.8377 -36.298 11.333, -46.8384 -36.298 11.6502, -42.998 -39.119 11.923, 
            -46.7661 -36.298 10.9703, -46.4431 -36.298 10.3672, -46.3948 -36.298 10.3242, -46.5971 -36.298 10.5921, 
            -46.2104 -36.298 10.1559, -42.998 -39.227 11.848, -50.5465 -19.802 11.8458, -46.1504 -36.298 10.1224, 
            -50.5488 -19.802 12.497, -50.5456 -19.802 10.594, -44.0349 -36.298 11.9052, -44.0572 -36.298 12.0438, 
            -44.0614 -36.298 12.0724, -42.998 -39.345 11.793, -48.3214 -15.3324 11.914, -50.1709 -19.802 8.78156, 
            -44.0567 -36.298 12.1034, -44.034 -36.298 12.4529, -44.0343 -36.298 12.3938, -44.0349 -36.298 12.2505, 
            -44.0338 -36.298 12.497, -44.0336 -36.298 12.4558, -48.4413 -15.4305 11.8652, -44.0336 -36.298 11.6108, 
            -44.0342 -36.298 11.7554, -43.176 -11.843 12.409, -43.176 -11.854 12.453, -42.847 -39.119 11.662, 
            -42.847 -38.982 11.759, -45.39 -36.298 9.94374, -45.3017 -36.298 9.96516, -48.3243 -15.332 11.9398, 
            -45.119 -36.298 10.0084, -45.0274 -36.298 10.0524, -45.8747 -36.298 9.99616, -45.67 -36.298 9.94405, 
            -45.9477 -36.298 10.014, -44.369 -36.298 10.6249, -44.2797 -36.298 10.7617, -49.2444 -19.802 7.08219, 
            -49.669 -19.802 7.65528, -44.2229 -36.298 10.8874, -44.158 -36.298 11.0322, -44.1188 -36.298 11.1704, 
            -44.076 -36.298 11.3184, -44.055 -36.298 11.4609, -44.8651 -36.298 10.131, -44.7763 -36.298 10.1975, 
            -43.176 -11.797 12.33, -43.108 -11.928 12.105, -42.847 -39.272 11.591, -44.6376 -36.298 10.3026, 
            -44.5553 -36.298 10.3932, -44.4411 -36.298 10.5165, -43.176 -11.823 12.368, -49.9257 -30.698 8.43713, 
            -50.0537 -30.698 8.79806, -49.7705 -19.802 7.86396, -50.0978 -19.802 8.53672, -50.3716 -30.698 9.90427, 
            -51.701 -13.098 11.631, -48.4761 -19.802 6.35152, -48.6101 -19.802 6.46907, -49.1222 -19.802 6.91744, 
            -49.8008 -30.698 8.22248, -49.513 -30.698 7.65794, -49.3601 -30.698 7.35839, -41.9511 -19.802 12.4559, 
            -41.9512 -19.802 12.487, -41.9511 -19.802 12.497, -41.9507 -19.802 12.3312, -41.9516 -19.802 12.325, 
            -41.9524 -19.802 12.0178, -41.9511 -19.802 11.5169, -42.1005 -19.802 10.3877, -42.1177 -19.802 10.273, 
            -48.9356 -30.698 6.81601, -41.9507 -19.802 11.3922, -48.7577 -30.698 6.58902, -48.2401 -30.698 6.16806, 
            -45.588 -36.298 9.94395, -50.3029 -30.698 9.5002, -47.11 -36.2024 12.497, -52.018 -9.831 11.855, 
            -47.0698 -36.2052 11.9342, -47.103 -36.207 11.72, -47.3347 -36.0365 11.9124, -47.0691 -36.2055 11.9355, 
            -52.018 -9.747 12.171, -42.663 -40.176 11.502, -46.1947 -19.802 5.87516, -52.018 -9.97 11.557, 
            -52.018 -9.71809 12.497, -52.017 -9.71858 12.497, -42.663 -39.995 11.417, -42.448 -40.251 11.372, 
            -42.448 -40.046 11.276, -48.3498 -15.331 12.139, -47.7547 -19.802 5.97912, -47.115 -19.802 5.84549, 
            -46.9842 -19.802 5.81806, -47.8914 -19.802 6.04953, -42.448 -40.437 11.502, -51.701 -9.97 11.905, 
            -46.313 -19.802 5.86655, -51.701 -10.098 11.631, -45.0934 -19.802 6.27232, -45.3499 -19.802 6.19494, 
            -51.701 -9.892 12.197, -51.701 -9.86509 12.497, -42.211 -40.306 11.276, -51.6999 -9.86584 12.497, 
            -47.102 -36.207 12.125, -42.211 -40.084 11.172, -45.0475 -19.802 6.28619, -45.4153 -19.802 6.15187, 
            -45.5169 -19.802 6.11584, -47.1664 -36.1657 12.4768, -42.211 -40.508 11.417, -52.018 -11.924 10.645, 
            -44.2695 -19.802 6.73802, -43.9461 -19.802 7.02856, -44.2572 -19.802 6.7452, -47.6673 -35.8407 12.4122, 
            -47.7631 -24.298 4.85386, -46.9803 -24.298 4.70315, -46.8353 -24.298 4.6752, -46.0162 -24.298 4.74778, 
            -45.8894 -24.298 4.75903, -45.3602 -24.298 4.9556, -48.4341 -15.3972 12.4408, -51.1622 -24.298 12.497, 
            -51.1628 -24.298 12.2999, -48.4338 -15.3971 12.497, -48.4339 -15.3971 12.4898, -51.701 -11.598 10.764, 
            -51.1613 -24.298 12.2887, -51.701 -11.297 10.791, -41.959 -40.551 11.365, -51.1593 -24.298 11.754, 
            -51.1628 -24.298 11.7281, -41.959 -40.733 11.548, -51.701 -11.899 10.791, -51.701 -12.19 10.869, 
            -48.0767 -15.0881 12.4534, -48.422 -15.3874 12.4344, -41.959 -40.107 11.108, -41.698 -40.115 11.087, 
            -41.959 -39.858 11.042, -47.1029 -36.207 12.497, -47.103 -36.207 12.434, -48.4325 -15.3968 12.2647, 
            -41.959 -40.34 11.217, -48.4219 -15.3873 12.4332, -48.4283 -15.393 12.4287, -43.5418 -19.802 7.40562, 
            -43.5275 -19.802 7.42509, -42.9312 -19.802 8.23933, -42.9034 -19.802 8.29527, -42.4219 -19.802 9.29857, 
            -52.018 -10.39 11.057, -42.45 -19.802 9.20844, -41.698 -40.901 11.747, -48.4319 -15.3966 12.1758, 
            -47.1027 -36.207 12.4322, -42.847 -39.602 11.533, -48.4319 -15.3966 12.1677, -51.701 -10.732 10.997, 
            -42.847 -39.931 11.591, -51.701 -11.005 10.869, -42.847 -39.434 11.548, -51.701 -10.484 11.17, 
            -51.701 -10.271 11.384, -42.663 -39.602 11.348, -42.663 -39.801 11.365, -47.1027 -36.207 12.4323, 
            -47.0955 -36.2095 12.4326, -51.416 -11.074 11.057, -48.4242 -15.3892 11.5959, -42.448 -39.827 11.217, 
            -42.448 -39.602 11.198, -53.715 -40.99 12.253, -53.464 -41.0786 12.497, -53.463 -41.057 12.241, 
            -53.715 -41.0109 12.497, -53.716 -41.0104 12.497, -53.463 -40.99 11.992, -53.202 -41.079 12.237, 
            -53.202 -41.011 11.984, -50.6803 -20.298 11.7247, -50.6835 -20.298 11.6999, -42.663 -39.027 11.502, 
            -42.663 -39.208 11.417, -42.998 -12.08 11.923, -43.108 -11.854 12.053, -42.663 -39.402 11.365, 
            -42.998 -12.172 12.015, -42.448 -39.157 11.276, -42.448 -38.952 11.372, -42.998 -11.973 11.848, 
            -42.448 -39.376 11.217, -47.102 -36.207 11.28, -46.89 -36.196 10.457, -46.688 -36.186 10.107, 
            -47.03 -36.203 10.853, -40.6568 -30.698 12.0762, -40.656 -30.698 12.3166, -50.6835 -20.298 12.3281, 
            -50.6823 -20.298 12.319, -42.211 -39.602 11.087, -50.683 -20.298 12.497, -50.6834 -20.298 12.3685, 
            -48.431 -15.3955 11.3265, -42.211 -39.846 11.108, -48.2633 -15.2908 10.9113, -48.2783 -15.2888 11.0412, 
            -43.176 -11.353 12.409, -46.432 -36.173 9.817, -46.13 -36.157 9.597, -43.176 -11.372 12.368, 
            -48.2963 -15.2881 11.1822, -48.4049 -15.375 11.2202, -48.4304 -15.3953 11.2291, -41.959 -39.602 11.019, 
            -48.053 -15.1295 10.8975, -48.0395 -15.1192 10.8962, -42.211 -39.119 11.172, -44.0144 -36.2769 12.0722, 
            -42.211 -39.357 11.108, -48.2181 -15.2559 10.9092, -41.959 -39.345 11.042, -41.959 -39.096 11.108, 
            -48.0068 -15.1296 10.7291, -43.6622 -36.1257 12.497, -43.434 -36.02 11.589, -45.796 -36.14 9.456, 
            -45.441 -36.122 9.4, -47.9708 -15.0417 11.9447, -43.176 -11.553 12.241, -43.176 -11.643 12.241, 
            -43.176 -11.598 12.237, -49.7738 -20.298 7.51173, -49.7676 -20.298 7.49908, -44.093 -36.054 10.014, 
            -43.839 -36.041 10.348, -43.64 -36.03 10.732, -43.503 -36.023 11.151, -43.176 -11.765 12.298, 
            -49.1807 -20.298 6.71551, -48.5247 -20.298 6.14829, -49.1989 -20.298 6.73138, -42.847 -38.863 11.878, 
            -44.393 -36.069 9.744, -50.2137 -20.298 8.41589, -50.2212 -20.298 8.44112, -50.5269 -20.298 9.48404, 
            -50.5219 -20.298 9.449, -42.847 -38.652 12.33, -49.1991 -20.298 6.73171, -42.847 -38.695 12.168, 
            -40.655 -30.698 11.5236, -44.726 -36.086 9.547, -43.176 -11.687 12.253, -40.6548 -30.698 12.3244, 
            -40.6548 -30.698 11.4794, -40.655 -30.698 12.3686, -43.176 -11.728 12.272, -48.5109 -20.298 6.1413, 
            -41.7681 -20.298 12.3269, -41.7686 -20.298 12.4838, -42.663 -38.47 12.298, -41.7699 -20.298 11.9882, 
            -41.769 -20.298 12.3206, -41.7694 -20.298 11.8072, -41.7681 -20.298 11.3879, -43.436 -36.02 12.03, 
            -41.9395 -20.298 10.2395, -42.1641 -20.298 9.52012, -50.972 -24.298 9.10468, -51.0187 -24.298 9.42638, 
            -43.444 -36.0205 12.0775, -42.448 -38.322 12.272, -43.2133 -35.8401 12.0775, -42.847 -38.766 12.015, 
            -41.7685 -20.298 12.497, -42.663 -38.522 12.105, -43.436 -36.02 12.125, -42.663 -38.606 11.923, 
            -43.4347 -36.02 12.4297, -47.7738 -20.298 5.76779, -47.7422 -20.298 5.76148, -46.9733 -20.298 5.6081, 
            -42.663 -38.721 11.759, -53.202 -41.1019 12.497, -42.663 -38.863 11.617, -45.2688 -20.298 6.02222, 
            -45.2619 -20.298 6.02684, -46.1553 -20.298 5.67461, -46.0873 -20.298 5.69942, -52.941 -41.057 12.241, 
            -52.942 -41.079 12.497, -44.7774 -20.298 6.2279, -44.9411 -20.298 6.12944, -45.3498 -20.298 5.96809, 
            -44.1328 -20.298 6.61472, -47.8893 -15.0396 10.7549, -47.977 -15.1069 10.7352, -43.9523 -20.298 6.78314, 
            -52.941 -40.99 11.992, -43.4008 -20.298 7.29741, -52.689 -40.99 12.253, -43.2221 -20.298 7.54147, 
            -42.448 -38.476 11.848, -42.6176 -20.298 8.46806, -42.7743 -20.298 8.15276, -52.689 -41.0109 12.497, 
            -42.2805 -20.298 9.14703, -42.448 -38.606 11.662, -41.8783 -20.298 10.649, -52.453 -40.9014 12.497, 
            -46.9227 -20.298 5.61223, -43.3926 -35.9802 12.0777, -43.4346 -36.02 12.4299, -54.351 -40.5659 12.497, 
            -54.351 -40.551 12.33, -54.3521 -40.5643 12.497, -50.6796 -20.298 10.5563, -50.6797 -20.298 10.5967, 
            -54.166 -40.733 12.298, -54.351 -40.508 12.168, -42.448 -38.381 12.053, -54.1671 -40.7498 12.497, 
            -42.211 -38.277 12.015, -54.166 -40.7509 12.497, -42.211 -38.381 11.793, -42.211 -38.213 12.253, 
            -43.3253 -35.932 12.4859, -43.4138 -36.0034 12.497, -43.3406 -35.9444 12.497, -53.9531 -40.9002 12.497, 
            -43.4292 -36.0157 12.4297, -43.2398 -35.8628 12.4237, -43.434 -36.02 12.434, -50.6977 -24.298 8.19566, 
            -51.1581 -24.298 10.3953, -51.1591 -24.298 10.7319, -41.959 -38.147 12.241, -43.4343 -36.02 12.497, 
            -54.166 -40.597 11.923, -54.166 -40.681 12.105, -53.952 -40.822 12.053, -41.959 -38.322 11.759, 
            -41.959 -38.47 11.548, -42.211 -38.522 11.591, -41.959 -38.213 11.992, -40.681 -23.869 11.365, 
            -40.683 -23.8695 12.0303, -40.6303 -24.1559 12.4803, -40.6748 -23.9074 12.497, -47.4565 -30.698 5.74141, 
            -48.0536 -30.698 6.01629, -54.501 -40.251 12.123, -54.501 -40.306 12.241, -43.176 -11.341 12.453, 
            -47.2775 -30.698 5.65911, -42.448 -38.766 11.502, -43.176 -11.398 12.33, -43.176 -11.43 12.298, 
            -50.606 -20.0236 11.7212, -43.176 -11.468 12.272, -42.211 -38.695 11.417, -42.211 -38.897 11.276, 
            -43.108 -11.092 12.409, -41.959 -38.652 11.365, -40.6864 -23.8535 12.2953, -45.5885 -30.698 5.6527, 
            -45.6336 -30.698 5.63427, -45.08 -36.104 9.431, -40.6823 -23.8691 12.2952, -40.6822 -23.8693 12.2953, 
            -45.7625 -30.698 5.61826, -46.4597 -30.698 5.53186, -54.501 -40.34 12.368, -40.681 -23.869 12.304, 
            -40.6816 -23.8692 12.497, -45.052 -30.698 5.70032, -45.1906 -30.698 5.68806, -41.959 -38.863 11.217, 
            -54.501 -40.3519 12.497, -54.5023 -40.3493 12.497, -54.612 -40.1149 12.497, -54.612 -40.107 12.409, 
            -54.6135 -40.1093 12.497, -41.24 -23.93 8.819, -40.868 -23.89 10.064, -41.698 -39.088 11.087, 
            -45.961 -15.412 9.336, -46.289 -15.43 9.109, -41.698 -41.079 12.237, -49.6894 -33.403 11.8573, 
            -49.6893 -33.403 11.828, -49.6926 -33.403 11.8075, -43.176 -11.509 12.253, -45.041 -15.286 11.488, 
            -45.042 -15.286 11.978, -41.7307 -30.698 8.16066, -41.729 -30.698 8.16286, -41.6698 -30.698 8.27689, 
            -41.1991 -30.698 9.19045, -41.1927 -30.698 9.21014, -40.8371 -30.698 10.3104, -44.9868 -15.3451 12.0307, 
            -49.6913 -33.403 12.3387, -40.8314 -30.698 10.3469, -49.6921 -33.403 12.497, -49.6926 -33.403 12.3465, 
            -49.5181 -33.403 9.79143, -43.288 -24.154 5.888, -44.194 -24.253 5.304, -41.782 -23.99 7.681, 
            -42.474 -24.065 6.691, -41.437 -40.99 11.992, -44.1022 -30.698 6.01463, -43.2681 -30.698 6.50992, 
            -41.437 -41.057 12.241, -49.6886 -33.403 10.7815, -49.6894 -33.403 11.0123, -49.5553 -33.403 10.0082, 
            -54.612 -40.046 12.241, -54.612 -39.995 12.168, -54.612 -40.084 12.322, -54.68 -39.846 12.409, 
            -42.4336 -30.698 7.24703, -42.4085 -30.698 7.26979, -43.2097 -30.698 6.5446, -49.1868 -33.403 8.87468, 
            -49.2549 -33.403 9.0631, -41.185 -40.99 12.253, -48.7988 -33.403 8.22028, -48.7099 -33.403 8.07062, 
            -48.2026 -33.403 7.51453, -48.1063 -33.403 7.40902, -47.4928 -33.403 6.98023, -47.4024 -33.403 6.91689, 
            -44.2 -30.698 5.9823, -45.3722 -23.9989 5.0066, -41.328 -33.403 12.3534, -41.3288 -33.403 12.3486, 
            -41.3296 -33.403 12.0656, -46.618 -30.698 5.55667, -40.6554 -30.698 12.497, -41.3283 -33.403 12.4802, 
            -43.108 -11.268 12.105, -43.108 -11.205 12.168, -50.5241 -30.2404 10.4752, -50.4931 -30.253 10.3018, 
            -41.3283 -33.403 12.4878, -50.4573 -30.268 10.1019, -50.3475 -30.314 9.48898, -43.108 -11.598 11.984, 
            -41.3283 -33.403 12.497, -50.5516 -30.2725 12.3122, -43.108 -11.773 12.015, -50.6135 -20.0412 12.497, 
            -41.328 -33.403 11.5084, -41.3283 -33.403 11.6354, -41.4581 -33.403 10.6546, -51.1535 -24.2093 11.7536, 
            -42.998 -11.728 11.759, -42.998 -11.598 11.747, -43.108 -11.687 11.992, -41.4766 -33.403 10.5334, 
            -45.5176 -15.0395 11.7692, -45.5157 -15.0404 11.7128, -46.6988 -33.403 6.63907, -46.6264 -33.403 6.6105, 
            -42.998 -11.854 11.793, -45.8541 -33.403 6.50731, -50.2698 -30.4386 9.31458, -50.1421 -30.4861 8.97155, 
            -45.8084 -33.403 6.50117, -50.0675 -30.5139 8.77108, -49.9409 -30.5611 8.43129, -45.042 -15.286 12.083, 
            -45.0413 -15.286 12.4241, -44.9823 -33.403 6.58948, -44.9967 -33.403 6.58794, -44.6094 -33.403 6.72034, 
            -45.041 -15.286 12.426, -41.437 -40.881 11.759, -45.0411 -15.286 12.497, -45.034 -15.2928 12.497, 
            -44.1806 -33.403 6.87652, -42.2096 -33.403 8.73257, -42.1678 -33.403 8.81558, -42.847 -11.765 11.548, 
            -41.7744 -33.403 9.59714, -41.741 -33.403 9.70287, -41.185 -40.926 12.015, -42.7687 -33.403 7.97238, 
            -43.4023 -33.403 7.37401, -43.4332 -33.403 7.34476, -44.1678 -33.403 6.88456, -42.7276 -33.403 8.02823, 
            -45.5514 -15.0355 12.0145, -45.5479 -15.024 11.8747, -45.5267 -15.0493 12.0298, -40.948 -40.727 11.848, 
            -41.185 -40.681 11.591, -41.185 -40.822 11.793, -43.108 -11.341 12.053, -40.948 -40.597 11.662, 
            -40.948 -40.822 12.053, -43.108 -11.422 12.015, -49.4257 -33.898 12.3551, -49.4244 -33.898 12.3475, 
            -49.4223 -33.898 11.8195, -49.4251 -33.898 12.497, -49.4257 -33.898 11.7989, -43.108 -11.509 11.992, 
            -40.948 -40.881 12.272, -49.4217 -33.898 10.8306, -49.4249 -33.898 11.6102, -49.1942 -33.898 9.72042, 
            -49.2589 -33.898 9.89704, -49.3898 -33.898 10.647, -48.8437 -33.898 8.86893, -48.9433 -33.898 9.03451, 
            -45.0502 -15.2869 12.0305, -48.353 -33.898 8.13274, -48.4903 -33.898 8.28077, -49.8423 -30.6845 8.29062, 
            -41.5825 -33.898 12.0106, -41.5826 -33.898 12.0475, -45.5257 -15.0457 12.0721, -45.526 -15.0471 12.056, 
            -42.998 -11.341 11.793, -42.998 -11.468 11.759, -40.734 -40.597 11.923, -40.734 -40.482 11.759, 
            -40.734 -40.681 12.105, -45.5222 -15.0373 12.1811, -41.5814 -33.898 12.4071, -41.5813 -33.898 12.3633, 
            -41.5813 -33.898 11.5184, -40.734 -40.733 12.298, -41.582 -33.898 12.2149, -41.5816 -33.898 12.3618, 
            -41.5812 -33.898 12.497, -42.847 -11.43 11.548, -40.549 -40.508 12.168, -40.9316 -30.3034 9.98244, 
            -40.8274 -30.273 10.3011, -40.549 -40.551 12.33, -40.8241 -30.2794 10.3224, -41.6455 -33.898 11.0971, 
            -41.7198 -33.898 10.6102, -41.9967 -33.898 9.73807, -41.8511 -33.898 10.1974, -40.7979 -30.2714 10.4886, 
            -47.9181 -33.898 7.66407, -47.7411 -33.898 7.543, -40.831 -30.655 10.308, -40.6546 -30.2265 11.398, 
            -40.702 -30.2413 11.097, -47.0362 -33.898 7.12696, -46.5226 -33.898 6.93138, -47.2532 -33.898 7.20964, 
            -46.2702 -33.898 6.90089, -41.0887 -30.3494 9.50218, -41.196 -30.674 9.188, -45.7562 -33.898 6.839, 
            -40.647 -30.646 11.479, -44.6868 -33.898 7.03978, -44.985 -33.898 6.9315, -42.847 -12.08 11.662, 
            -40.649 -30.646 12.0775, -45.475 -33.898 6.87273, -40.399 -40.34 12.368, -44.2382 -33.898 7.20315, 
            -42.4021 -33.898 8.93282, -42.1947 -33.898 9.34455, -50.0977 -24.603 6.80998, -50.1508 -24.603 6.91771, 
            -43.2558 -33.898 7.91034, -43.5422 -33.898 7.63974, -42.9232 -33.898 8.22445, -40.288 -40.084 12.322, 
            -40.399 -40.251 12.123, -40.399 -40.306 12.241, -44.9678 -15.3556 12.4739, -42.6679 -33.898 8.5713, 
            -40.288 -40.046 12.241, -43.9372 -33.898 7.39225, -49.5896 -33.6342 11.8248, -49.583 -33.657 11.804, 
            -49.6739 -33.4388 11.8275, -48.6897 -24.603 5.28869, -49.4263 -24.603 5.9193, -43.108 -11.116 12.322, 
            -40.5503 -24.603 12.497, -40.5504 -24.603 12.4476, -40.5514 -24.603 11.816, -40.5519 -24.603 11.9808, 
            -40.5509 -24.603 12.2966, -40.5499 -24.603 12.303, -43.108 -11.153 12.241, -49.5798 -33.6568 11.8245, 
            -40.6772 -24.603 10.4963, -40.5499 -24.603 11.364, -40.288 -40.107 12.409, -49.5818 -33.6569 12.3424, 
            -45.5194 -15.0387 11.8448, -41.1227 -24.603 8.80469, -41.5143 -24.603 7.99915, -40.6437 -30.2626 12.3154, 
            -41.678 -24.603 7.6623, -49.5797 -33.657 11.8242, -40.7417 -24.603 10.0554, -41.0005 -24.603 9.20561, 
            -49.6533 -33.4929 12.497, -49.5824 -33.657 12.497, -49.583 -33.657 12.35, -42.2013 -24.603 6.92897, 
            -42.3856 -24.603 6.67038, -43.0351 -24.603 6.04365, -48.6364 -24.603 5.24295, -47.7579 -24.603 4.80496, 
            -47.7995 -24.603 4.8257, -42.998 -10.948 12.123, -40.22 -39.846 12.409, -46.8475 -24.603 4.62969, 
            -40.22 -39.858 12.453, -49.5818 -33.657 12.3425, -49.5755 -33.6666 12.3427, -44.1414 -24.603 5.28674, 
            -45.0045 -24.603 4.98803, -45.1221 -24.603 4.94741, -45.2717 -24.603 4.93459, -43.9828 -24.603 5.38659, 
            -43.2171 -24.603 5.86811, -45.5159 -15.0403 12.4228, -45.5188 -15.039 12.1846, -45.0487 -15.2822 12.4245, 
            -40.734 -40.34 11.617, -40.948 -40.437 11.502, -54.501 -40.176 12.015, -45.5154 -15.0405 12.4378, 
            -45.5135 -15.0415 12.4403, -42.998 -10.893 12.241, -49.484 -24.603 5.99576, -45.0413 -15.286 12.4243, 
            -46.8234 -24.603 4.62503, -42.998 -10.859 12.368, -40.549 -40.221 11.759, -40.734 -40.176 11.502, 
            -40.549 -40.34 11.878, -45.8706 -24.603 4.70946, -45.8742 -24.603 4.70914, -45.5126 -15.0418 12.444, 
            -45.7053 -24.603 4.77082, -40.549 -40.437 12.015, -51.1791 -24.603 11.7555, -51.181 -24.603 12.2871, 
            -51.1826 -24.603 11.7296, -51.1782 -24.603 10.554, -51.182 -24.603 12.4656, -51.1826 -24.603 12.2984, 
            -49.579 -33.657 10.801, -40.399 -40.176 12.015, -48.523 -20.262 6.158, -49.416 -33.648 9.832, 
            -47.773 -20.221 5.79, -42.847 -10.763 12.015, -49.098 -33.632 8.931, -40.399 -40.084 11.923, 
            -40.549 -40.084 11.662, -40.6453 -30.4475 12.497, -40.399 -39.977 11.848, -42.998 -11.023 12.015, 
            -48.639 -33.609 8.136, -41.9334 -19.8503 12.4842, -40.288 -39.931 12.105, -42.998 -11.116 11.923, 
            -40.288 -39.995 12.168, -42.998 -11.223 11.848, -45.5134 -15.0413 12.4429, -48.055 -33.579 7.475, 
            -46.167 -20.133 5.723, -45.373 -20.09 6.026, -46.977 -20.177 5.644, -41.4811 -33.6994 12.0455, 
            -40.6481 -30.6378 12.3162, -40.647 -30.646 12.324, -42.847 -10.978 11.759, -40.22 -39.827 12.368, 
            -40.22 -39.801 12.33, -42.847 -11.268 11.591, -40.6482 -30.6461 12.3162, -41.333 -33.4122 12.4872, 
            -42.847 -10.648 12.33, -45.019 -19.919 6.235, -42.847 -10.692 12.168, -45.5132 -15.0415 12.497, 
            -45.3401 -19.9543 6.12013, -40.6482 -30.646 12.3162, -42.847 -10.859 11.878, -40.6476 -30.646 12.497, 
            -42.847 -11.116 11.662, -44.247 -19.835 6.732, -40.22 -39.732 12.272, -40.22 -39.691 12.253, 
            -45.2674 -20.0842 6.09866, -40.22 -39.769 12.298, -42.663 -10.717 11.759, -54.501 -39.977 11.848, 
            -54.351 -40.221 11.759, -54.351 -40.084 11.662, -42.663 -10.859 11.617, -47.37 -33.544 6.976, 
            -54.501 -40.084 11.923, -42.663 -11.023 11.502, -54.351 -40.34 11.878, -54.351 -40.437 12.015, 
            -46.61 -33.505 6.656, -45.803 -33.464 6.529, -40.22 -39.345 12.453, -54.166 -40.34 11.617, 
            -44.982 -33.422 6.598, -40.22 -39.357 12.409, -54.166 -40.176 11.502, -54.166 -40.482 11.759, 
            -42.663 -10.466 12.298, -42.663 -10.518 12.105, -54.68 -39.858 12.453, -54.68 -39.8619 12.497, 
            -42.448 -10.318 12.272, -54.68 -39.691 12.253, -40.22 -39.512 12.253, -40.22 -39.556 12.241, 
            -40.22 -39.602 12.237, -42.448 -10.377 12.053, -42.211 -10.273 12.015, -54.612 -39.858 12.053, 
            -54.68 -39.732 12.272, -50.2034 -20.603 8.24809, -50.2598 -20.603 8.36335, -44.5274 -30.2999 5.84839, 
            -44.5287 -30.2993 5.84792, -44.3978 -30.3601 5.89514, -44.8066 -30.2415 5.75225, -40.22 -39.471 12.272, 
            -49.804 -20.603 7.43386, -49.7245 -20.603 7.32767, -42.663 -10.603 11.923, -49.1191 -20.603 6.56746, 
            -49.2236 -20.603 6.65795, -42.448 -10.473 11.848, -48.5392 -20.603 6.06604, -42.448 -10.603 11.662, 
            -41.6573 -20.603 12.1001, -41.6567 -20.603 12.3178, -42.448 -10.763 11.502, -41.7416 -20.603 10.8097, 
            -41.6558 -20.603 11.3853, -40.22 -39.434 12.298, -41.6577 -20.603 11.9822, -41.6558 -20.603 12.3243, 
            -41.6563 -20.603 12.497, -41.6563 -20.603 12.4836, -40.22 -39.647 12.241, -54.7029 -39.6014 12.497, 
            -54.68 -39.471 12.272, -54.68 -39.512 12.253, -42.211 -10.692 11.417, -54.68 -39.556 12.241, 
            -54.68 -39.602 12.237, -54.68 -39.769 12.298, -42.211 -10.377 11.793, -54.68 -39.801 12.33, 
            -40.549 -39.931 11.591, -54.68 -39.827 12.368, -40.399 -39.858 11.793, -42.211 -10.518 11.591, 
            -54.68 -39.345 12.453, -54.68 -39.3411 12.497, -41.959 -10.318 11.759, -54.68 -39.357 12.409, 
            -54.68 -39.376 12.368, -54.68 -39.402 12.33, -54.68 -39.434 12.298, -40.399 -39.602 11.747, 
            -40.549 -39.602 11.533, -40.399 -39.732 11.759, -45.4635 -15.3418 10.0784, -45.454 -15.331 10.109, 
            -45.4737 -15.3407 10.0675, -45.5092 -15.337 10.0297, -45.4353 -15.3533 10.0937, -40.288 -39.691 11.992, 
            -45.3273 -15.4823 10.0052, -49.8834 -29.403 7.27018, -50.2501 -29.403 7.9968, -50.362 -29.403 8.36066, 
            -41.959 -10.466 11.548, -45.415 -15.382 10.029, -50.667 -24.603 8.01518, -50.9905 -24.603 9.0869, 
            -51.0132 -24.603 9.2437, -50.6261 -24.603 7.87942, -54.68 -39.647 12.241, -45.3159 -20.603 5.88317, 
            -45.9399 -20.603 5.65583, -44.8785 -20.603 6.0445, -45.2544 -20.603 5.92424, -42.211 -10.209 12.253, 
            -45.4941 -15.1817 10.6081, -45.25 -15.309 10.535, -45.4906 -15.1743 10.6426, -40.399 -39.471 11.759, 
            -40.288 -39.602 11.984, -40.288 -39.512 11.992, -46.1336 -20.603 5.58517, -45.5071 -15.1574 10.6788, 
            -49.2513 -29.403 6.34853, -49.7319 -29.403 6.97, -41.959 -10.143 12.241, -41.959 -10.209 11.992, 
            -49.0765 -29.403 6.12253, -48.4896 -29.403 5.6365, -40.288 -39.777 12.015, -47.7768 -20.603 5.67982, 
            -48.4083 -20.603 5.99979, -40.288 -39.858 12.053, -45.4834 -15.1083 11.0195, -45.4852 -15.1157 10.9732, 
            -45.111 -15.294 11.001, -48.309 -29.403 5.48706, -50.6684 -29.403 9.57124, -50.6086 -29.403 9.16243, 
            -47.6202 -20.603 5.6485, -54.612 -39.931 12.105, -40.288 -39.426 12.015, -40.4399 -29.403 12.083, 
            -40.4399 -29.403 12.0638, -40.4381 -29.403 12.3244, -40.4392 -29.403 12.3166, -41.698 -10.299 11.747, 
            -45.4807 -15.0992 11.0786, -45.4994 -15.0842 11.1111, -45.0709 -30.2908 5.66794, -40.4381 -29.403 11.3854, 
            -40.5218 -29.403 10.7885, -51.1819 -24.603 12.497, -51.1777 -24.603 10.3871, -42.847 -11.928 11.591, 
            -40.4385 -29.403 12.497, -45.1469 -30.3508 5.66574, -40.4397 -29.403 11.9685, -42.4418 -20.603 8.57431, 
            -42.1762 -20.603 9.10927, -41.83 -20.603 10.2189, -42.0056 -20.603 9.65635, -42.6779 -20.603 8.09952, 
            -43.0342 -20.603 7.61303, -54.612 -39.426 12.015, -43.7581 -20.603 6.81683, -44.0576 -20.603 6.53746, 
            -54.612 -39.512 11.992, -44.5829 -20.603 6.22218, -43.3141 -20.603 7.23088, -45.3502 -30.5108 5.65983, 
            -41.2013 -29.403 8.50433, -41.4093 -29.403 8.05328, -40.9295 -29.403 9.09362, -40.776 -29.403 9.61986, 
            -40.6019 -29.403 10.2167, -54.612 -39.691 11.992, -41.7901 -29.403 7.48783, -42.0282 -29.403 7.13436, 
            -45.5035 -15.3198 10.0871, -43.598 -29.403 5.79608, -44.3326 -29.403 5.49792, -45.5009 -15.3109 10.1164, 
            -45.5105 -15.2987 10.1417, -43.3849 -29.403 5.94334, -45.5209 -15.2857 10.1686, -42.663 -11.797 11.365, 
            -42.448 -12.042 11.276, -42.448 -11.823 11.217, -42.5266 -29.403 6.61949, -42.766 -29.403 6.37178, 
            -46.964 -20.603 5.51761, -46.7858 -20.603 5.53215, -44.7672 -29.403 5.38861, -44.8427 -29.403 5.35878, 
            -42.663 -11.991 11.417, -44.4944 -29.403 5.43219, -44.7588 -29.403 5.3945, -40.4616 -25.098 12.3023, 
            -40.4619 -25.098 12.4114, -40.4623 -25.098 12.2975, -40.4628 -25.098 12.1316, -40.4635 -25.098 11.9645, 
            -40.4617 -25.098 12.497, -45.498 -15.1916 10.5642, -40.8244 -25.098 9.48997, -40.654 -25.098 10.0495, 
            -40.5447 -25.098 10.7964, -40.4616 -25.098 11.3633, -47.4607 -29.403 5.08608, -47.6306 -29.403 5.16647, 
            -45.665 -15.396 9.646, -46.7098 -29.403 4.95929, -54.501 -39.858 11.793, -54.501 -39.732 11.759, 
            -54.612 -39.777 12.015, -45.7673 -29.403 5.0242, -46.5639 -29.403 4.93474, -45.6548 -29.403 5.03685, 
            -42.211 -12.08 11.172, -44.1155 -30.3037 5.98485, -42.3042 -25.098 6.65142, -41.9503 -25.098 7.14791, 
            -41.5941 -25.098 7.64721, -41.0365 -25.098 8.79417, -41.298 -25.098 8.25607, -42.7562 -25.098 6.21524, 
            -50.7407 -20.603 11.7029, -50.7374 -20.603 11.7271, -43.139 -25.098 5.84618, -44.067 -25.098 5.26231, 
            -43.6841 -25.098 5.5034, -48.6261 -25.098 5.20282, -49.3159 -25.098 5.78832, -49.4233 -25.098 5.87963, 
            -50.7407 -20.603 12.3251, -50.7401 -20.603 12.4928, -48.4887 -25.098 5.13536, -50.7402 -20.603 11.5752, 
            -50.7975 -29.403 12.3045, -50.7968 -29.403 12.4829, -45.0514 -25.098 4.92186, -44.6953 -25.098 5.0449, 
            -45.2574 -25.098 4.9042, -41.7297 -30.3914 8.14841, -41.8807 -30.4303 7.952, -42.0492 -30.4731 7.73236, 
            -41.6059 -30.4505 8.38934, -54.612 -39.602 11.984, -42.847 -11.598 11.533, -45.4918 -15.0619 11.4019, 
            -45.4938 -15.0654 11.3514, -42.1697 -30.5035 7.57529, -50.7962 -29.403 12.2954, -50.7947 -29.403 11.8207, 
            -47.5739 -25.098 4.7363, -47.7411 -25.098 4.76746, -41.5065 -30.4224 8.57939, -50.7975 -29.403 11.7235, 
            -50.7944 -29.403 11.7454, -46.801 -25.098 4.59227, -46.6079 -25.098 4.61062, -45.8439 -25.098 4.68297, 
            -45.6319 -25.098 4.76279, -42.663 -11.398 11.365, -41.3265 -30.3707 8.9239, -41.1944 -30.333 9.17676, 
            -41.1513 -30.3682 9.3107, -45.5132 -15.0414 11.5049, -54.501 -39.471 11.759, -51.1995 -25.098 12.2967, 
            -51.1979 -25.098 12.2855, -54.501 -39.602 11.747, -51.1995 -25.098 11.7313, -51.196 -25.098 11.7571, 
            -42.663 -11.598 11.348, -50.7401 -20.603 12.497, -50.7367 -20.603 10.5391, -54.351 -39.769 11.548, 
            -45.4894 -15.0566 11.4731, -50.5751 -20.603 9.41278, -50.7931 -29.403 10.4213, -50.7947 -29.403 10.8507, 
            -42.448 -11.598 11.198, -42.448 -11.372 11.217, -50.7968 -29.403 12.497, -50.7188 -20.603 10.415, 
            -50.5389 -20.603 9.29219, -50.7395 -20.603 12.3162, -54.6792 -39.3382 12.497, -50.6662 -29.898 12.3089, 
            -50.6656 -29.898 12.497, -42.104 -30.207 7.415, -50.665 -29.898 12.3, -42.211 -11.598 11.087, 
            -43.569 -30.367 6.235, -43.9077 -30.4042 6.11381, -43.5726 -30.483 6.31721, -51.005 -25.098 9.06615, 
            -50.9704 -25.098 8.95192, -54.612 -39.272 12.105, -42.211 -11.353 11.108, -42.797 -30.283 6.732, 
            -54.612 -39.345 12.053, -43.5105 -30.471 6.3534, -54.612 -39.119 12.322, -42.211 -11.843 11.108, 
            -50.5344 -21.098 8.98189, -50.6482 -21.098 9.36087, -43.4498 -30.4593 6.38883, -43.216 -30.4146 6.52521, 
            -42.8281 -30.5177 6.88128, -50.1562 -21.098 7.94089, -50.3254 -21.098 8.2862, -50.6361 -25.098 7.84964, 
            -54.612 -39.157 12.241, -54.612 -39.208 12.168, -50.0218 -25.098 6.66871, -50.1016 -25.098 6.77377, 
            -50.5807 -25.098 7.73794, -51.1776 -25.098 10.2608, -51.1945 -25.098 10.3773, -51.199 -25.098 11.6115, 
            -51.1987 -25.098 12.497, -50.4802 -29.898 9.21732, -50.4616 -29.898 9.15756, -42.7165 -30.4922 6.98099, 
            -41.959 -11.598 11.019, -50.1273 -29.898 8.08081, -49.8585 -21.098 7.33388, -50.64 -24.872 7.856, 
            -51.008 -24.893 9.07, -54.612 -39.096 12.409, -45.4266 -15.3545 10.1073, -50.0935 -29.898 8.01455, 
            -42.4117 -30.4233 7.25383, -49.6347 -21.098 7.03517, -49.618 -29.898 7.0827, -41.959 -11.854 11.042, 
            -45.3126 -15.452 10.1, -45.3245 -15.4769 10.0224, -42.5912 -30.4637 7.09305, -45.2776 -15.375 10.3366, 
            -54.612 -39.0881 12.497, -41.4735 -21.098 12.32, -41.4741 -21.098 12.4832, -41.959 -12.103 11.108, 
            -54.6112 -39.0863 12.497, -41.4746 -21.098 12.3132, -50.107 -24.843 6.783, -48.9755 -29.898 6.26265, 
            -48.8911 -29.898 6.19395, -49.5622 -29.898 7.01144, -50.6622 -29.898 10.4464, -50.654 -29.898 10.391, 
            -54.501 -38.952 12.123, -40.5485 -29.898 12.0392, -40.5478 -29.898 12.3242, -41.5199 -21.098 11.0704, 
            -41.6522 -21.098 10.1855, -41.959 -11.341 11.042, -41.4756 -21.098 12.0043, -41.698 -11.598 10.997, 
            -49.431 -24.807 5.892, -41.4735 -21.098 11.381, -40.7042 -29.898 10.2692, -40.7465 -29.898 10.1241, 
            -40.5468 -29.898 12.3311, -40.5655 -29.898 11.259, -40.5468 -29.898 11.3921, -54.501 -39.027 12.015, 
            -41.474 -21.098 12.497, -48.637 -24.763 5.219, -45.7007 -21.098 5.58508, -45.2607 -21.098 5.74536, 
            -50.4611 -31.003 10.651, -50.2883 -31.003 9.63181, -45.1654 -21.098 5.78229, -45.2422 -21.098 5.75775, 
            -40.5083 -24.8469 11.9658, -40.5122 -24.8251 11.9659, -44.7768 -21.098 5.90663, -41.698 -12.348 11.198, 
            -54.501 -39.119 11.923, -50.4626 -31.003 11.8533, -50.4645 -31.003 12.314, -50.4661 -31.003 12.3237, 
            -44.2673 -21.098 6.21291, -40.399 -38.897 12.241, -40.399 -38.952 12.123, -40.288 -39.157 12.241, 
            -54.501 -39.227 11.848, -50.4655 -31.003 12.4591, -48.5627 -21.098 5.93254, -48.2418 -21.098 5.77013, 
            -50.4661 -31.003 11.8312, -42.663 -11.205 11.417, -47.7817 -21.098 5.53704, -44.4444 -29.898 5.67162, 
            -43.9405 -29.898 5.8764, -44.7885 -29.898 5.59436, -44.7391 -29.898 5.62962, -43.5831 -29.898 6.02146, 
            -50.4653 -31.003 12.497, -50.4616 -31.003 10.7863, -54.501 -39.345 11.793, -50.2674 -31.003 9.50911, 
            -41.6061 -29.898 8.00301, -41.48 -29.898 8.19022, -41.0955 -29.898 9.02424, -42.0749 -29.898 7.30714, 
            -41.0189 -29.898 9.19016, -42.448 -11.153 11.276, -42.2664 -29.898 7.10926, -54.351 -38.863 11.878, 
            -54.351 -38.982 11.759, -42.1566 -21.098 8.74675, -42.007 -21.098 9.04799, -41.7483 -21.098 9.87745, 
            -42.7835 -29.898 6.57441, -43.0542 -29.898 6.38696, -43.1734 -21.098 7.12289, -42.7294 -21.098 7.72917, 
            -54.351 -39.119 11.662, -48.2248 -29.898 5.65176, -45.4346 -29.898 5.3302, -54.351 -39.272 11.591, 
            -42.448 -10.948 11.372, -42.5214 -21.098 8.01313, -43.443 -21.098 6.8715, -43.9354 -21.098 6.41206, 
            -47.3977 -29.898 5.27131, -47.2445 -29.898 5.24752, -46.3405 -29.898 5.15789, -46.526 -29.898 5.1349, 
            -48.6747 -31.003 6.71346, -48.6967 -31.003 6.7415, -48.9718 -31.003 7.09299, -45.6451 -29.898 5.24427, 
            -46.639 -15.449 8.976, -48.1068 -29.898 5.59745, -47.9883 -31.003 6.15527, -47.9919 -31.003 6.1582, 
            -40.5473 -29.898 12.497, -46.0984 -21.098 5.44, -50.6632 -29.898 11.7407, -49.9265 -31.003 8.54834, 
            -42.211 -11.116 11.172, -47.4221 -21.098 5.46514, -46.949 -21.098 5.37075, -54.166 -39.027 11.502, 
            -49.3863 -31.003 7.5812, -49.8917 -31.003 8.45014, -49.348 -31.003 7.51524, -47.344 -15.488 9.005, 
            -47.756 -24.715 4.787, -50.6662 -29.898 11.7191, -50.666 -29.898 11.6621, -48.9891 -21.098 6.30117, 
            -49.2636 -21.098 6.53901, -46.995 -15.469 8.941, -46.5636 -21.098 5.40219, -53.952 -40.437 11.502, 
            -53.952 -40.597 11.662, -42.211 -10.893 11.276, -53.952 -40.727 11.848, -40.22 -39.376 12.368, 
            -50.8174 -21.098 12.497, -50.8173 -21.098 12.4898, -40.22 -39.402 12.33, -50.8179 -21.098 12.3209, 
            -50.8168 -21.098 12.3124, -40.7006 -31.003 12.3265, -40.7018 -31.003 12.3187, -40.7012 -31.003 12.4948, 
            -40.7012 -31.003 12.497, -40.7027 -31.003 12.0688, -40.7017 -31.003 11.7848, -40.7006 -31.003 11.4815, 
            -50.8166 -21.098 12.2646, -50.8148 -21.098 11.7306, -50.6908 -29.834 12.2992, -50.6896 -29.834 11.9326, 
            -50.6908 -29.8339 12.2991, -40.8345 -31.003 10.6231, -40.8806 -31.003 10.3274, -40.288 -39.208 12.168, 
            -53.715 -40.822 11.793, -53.715 -40.926 12.015, -40.288 -39.345 12.053, -50.8179 -21.098 11.7071, 
            -53.952 -40.881 12.272, -50.6868 -29.844 12.2993, -40.288 -39.096 12.409, -50.7346 -29.6571 12.4831, 
            -50.6972 -29.8104 12.497, -50.692 -29.834 12.308, -40.399 -38.863 12.368, -40.288 -39.119 12.322, 
            -41.959 -11.092 11.108, -53.952 -40.9009 12.497, -50.6914 -29.834 12.497, -47.8772 -31.003 6.10414, 
            -46.0019 -31.003 5.65322, -46.3971 -31.003 5.71038, -46.4331 -31.003 5.70538, -41.959 -10.648 11.365, 
            -45.9404 -31.003 5.65919, -50.8166 -21.098 11.2946, -50.6891 -29.8338 11.7416, -50.6944 -29.812 11.7418, 
            -50.689 -29.834 11.7415, -41.959 -10.859 11.217, -46.821 -24.664 4.615, -50.7561 -21.098 10.1139, 
            -45.87 -24.612 4.708, -50.692 -29.834 11.72, -50.8139 -21.098 10.5148, -53.463 -40.881 11.759, 
            -53.202 -40.901 11.747, -44.9447 -31.003 5.77928, -44.0993 -31.003 6.06651, -45.0396 -31.003 5.74705, 
            -41.698 -11.337 11.019, -48.8138 -15.802 11.8637, -48.8334 -15.802 12.0009, -52.941 -40.881 11.759, 
            -41.698 -12.897 11.747, -48.8425 -15.802 12.0648, -48.8435 -15.802 12.4146, -48.844 -15.802 11.6371, 
            -48.8446 -15.802 12.4229, -52.689 -40.926 12.015, -48.8437 -15.802 11.5726, -52.689 -40.822 11.793, 
            -48.8334 -15.802 11.0619, -48.8425 -15.802 11.1259, -51.2002 -24.9214 12.2857, -51.2005 -24.903 12.2857, 
            -51.1985 -24.903 11.7568, -50.688 -29.834 10.441, -41.7608 -31.003 8.20684, -42.2946 -31.003 7.49855, 
            -48.8442 -15.802 12.497, -41.437 -12.877 11.759, -48.5799 -15.802 10.0106, -48.6112 -15.802 10.1177, 
            -41.698 -13.008 11.984, -42.4286 -31.003 7.32062, -41.6432 -31.003 8.4356, -41.2382 -31.003 9.22163, 
            -41.1507 -31.003 9.49155, -43.0832 -31.003 6.72137, -43.218 -31.003 6.59797, -52.452 -40.881 12.272, 
            -51.2005 -24.9029 12.2856, -43.9785 -31.003 6.13935, -51.1955 -24.856 11.7567, -51.1985 -24.9028 11.7569, 
            -47.2087 -31.003 5.81374, -47.2298 -31.003 5.8167, -51.202 -24.903 12.297, -41.437 -13.053 12.241, 
            -51.2013 -24.903 12.497, -41.437 -12.986 11.992, -48.517 -15.802 9.87789, -52.452 -40.9009 12.497, 
            -41.5116 -20.9974 12.3143, -52.2379 -40.7516 12.497, -51.202 -24.903 11.731, -52.237 -40.733 12.298, 
            -50.509 -29.824 9.204, -48.7713 -15.802 10.6281, -41.185 -12.819 11.793, -41.437 -12.73 11.548, 
            -48.7519 -15.802 10.5631, -48.6313 -15.802 10.1591, -48.3661 -15.802 9.55757, -48.2821 -15.802 9.43983, 
            -48.0919 -15.802 9.17398, -50.357 -31.497 12.3265, -50.3556 -31.497 12.3183, -51.197 -24.903 10.379, 
            -41.185 -12.922 12.015, -50.3536 -31.497 11.8489, -47.9864 -15.802 9.07721, -50.3559 -31.497 11.524, 
            -50.357 -31.497 11.8283, -52.452 -40.822 12.053, -52.452 -40.727 11.848, -45.2454 -20.9685 5.80129, 
            -50.3563 -31.497 12.497, -50.3563 -31.497 12.4851, -52.237 -40.597 11.923, -52.452 -40.597 11.662, 
            -52.237 -40.482 11.759, -50.3018 -31.497 10.3713, -50.3522 -31.497 10.6678, -52.237 -40.681 12.105, 
            -50.1608 -31.497 9.54556, -44.4987 -15.802 12.0131, -44.4984 -15.802 11.8428, -49.2516 -31.497 7.59127, 
            -49.0386 -31.497 7.35485, -44.497 -15.802 12.497, -44.4971 -15.802 12.4687, -44.4968 -15.802 12.4081, 
            -44.4972 -15.802 12.4057, -44.4973 -15.802 12.3518, -49.789 -31.497 8.50637, -49.6329 -31.497 8.24087, 
            -41.185 -12.986 12.253, -50.059 -31.497 9.26133, -48.5719 -31.497 6.83669, -48.3002 -31.497 6.6431, 
            -52.237 -40.34 11.617, -47.776 -31.497 6.26992, -40.734 -12.73 12.298, -40.948 -12.877 12.272, 
            -44.7851 -15.802 10.2931, -44.9036 -15.802 10.074, -44.595 -15.802 10.864, -44.6729 -15.802 10.6304, 
            -40.7762 -31.497 12.2556, -40.776 -31.497 12.3223, -52.053 -40.221 11.759, -50.161 -29.805 8.056, 
            -44.4968 -15.802 11.4696, -44.5354 -15.802 11.2301, -40.7748 -31.497 12.3298, -40.7754 -31.497 12.4949, 
            -40.7769 -31.497 12.0662, -40.948 -12.819 12.053, -54.351 -39.931 11.591, -40.948 -12.723 11.848, 
            -49.657 -29.777 7.041, -40.951 -31.497 10.3549, -41.0827 -31.497 9.94735, -46.4261 -15.802 8.64247, 
            -46.5929 -15.802 8.58938, -46.1842 -15.802 8.71947, -40.8394 -31.497 11.0705, -40.7754 -31.497 12.497, 
            -40.7748 -31.497 11.4848, -47.0026 -15.802 8.5742, -46.8443 -15.802 8.5802, -47.7649 -15.802 8.87406, 
            -47.6393 -15.802 8.80476, -47.3977 -15.802 8.67085, -47.2538 -15.802 8.63541, -49.018 -29.742 6.199, 
            -54.351 -39.602 11.533, -40.734 -12.678 12.105, -50.7553 -20.7004 12.49, -50.7534 -20.688 12.497, 
            -45.0594 -15.802 9.7857, -50.8034 -21.0124 12.3131, -48.267 -29.701 5.562, -54.351 -39.434 11.548, 
            -54.166 -39.602 11.348, -46.8964 -31.497 5.91272, -46.5147 -31.497 5.85739, -54.166 -39.801 11.365, 
            -45.9661 -31.497 5.77806, -47.4467 -31.497 6.13632, -45.5427 -31.497 5.81912, -45.4375 -15.802 9.31035, 
            -45.404 -15.802 9.35838, -54.166 -39.995 11.417, -45.0233 -31.497 5.86978, -47.434 -29.656 5.154, 
            -45.7943 -15.802 8.96278, -46.0163 -15.802 8.82407, -40.549 -38.766 12.015, -40.399 -39.027 12.015, 
            -45.6335 -15.802 9.11957, -45.4001 -15.802 9.36162, -45.2164 -15.802 9.58945, -40.549 -38.863 11.878, 
            -40.549 -38.982 11.759, -44.1027 -31.497 6.18252, -44.5759 -31.497 6.02175, -40.399 -39.227 11.848, 
            -40.399 -39.119 11.923, -40.4644 -29.5144 12.0632, -40.4961 -29.6622 12.3203, -40.549 -39.119 11.662, 
            -40.399 -39.345 11.793, -40.549 -39.272 11.591, -53.952 -40.046 11.276, -49.1548 -16.298 12.4085, 
            -49.1544 -16.298 12.497, -40.549 -12.547 12.33, -49.1537 -16.298 12.4003, -49.153 -16.298 12.2265, 
            -42.8105 -31.497 7.09597, -42.4668 -31.497 7.41058, -49.1523 -16.298 11.9814, -49.1321 -16.298 11.8394, 
            -40.549 -12.504 12.168, -40.399 -12.336 12.368, -40.399 -12.303 12.241, -40.288 -39.272 12.105, 
            -41.8129 -31.497 8.27854, -41.5027 -31.497 8.88151, -49.1308 -16.298 11.8296, -49.1545 -16.298 11.6515, 
            -54.166 -39.402 11.365, -53.952 -39.157 11.276, -53.952 -38.952 11.372, -54.166 -39.208 11.417, 
            -42.0848 -31.497 7.91772, -41.3015 -31.497 9.27212, -43.6523 -31.497 6.45418, -49.153 -16.298 11.288, 
            -43.24 -31.497 6.70283, -44.7242 -29.5931 5.48868, -50.444 -31.146 10.653, -50.252 -31.136 9.513, 
            -50.449 -31.146 11.831, -50.4455 -31.146 11.8528, -44.768 -29.51 5.416, -50.4475 -31.146 12.3144, 
            -50.4446 -31.157 12.3145, -40.734 -12.593 11.923, -40.948 -12.593 11.662, -49.1461 -16.298 10.9687, 
            -49.0819 -16.298 10.5118, -49.1523 -16.298 11.0429, -49.1462 -16.298 10.9998, -50.4455 -31.1458 11.853, 
            -50.4475 -31.1459 12.3144, -53.715 -40.306 11.276, -53.715 -40.084 11.172, -53.952 -40.251 11.372, 
            -50.6308 -25.403 7.84105, -50.5006 -25.403 7.5786, -53.715 -40.508 11.417, -50.4483 -31.1224 11.8531, 
            -40.734 -12.336 11.617, -40.549 -12.336 11.878, -40.549 -12.218 11.759, -40.734 -12.478 11.759, 
            -53.715 -40.681 11.591, -50.3913 -31.3634 12.485, -40.549 -12.433 12.015, -50.395 -31.3497 12.497, 
            -44.72 -29.5074 5.44902, -49.0563 -16.298 10.328, -48.9321 -16.298 9.89732, -49.2883 -21.403 6.46572, 
            -49.5794 -21.403 6.85493, -50.0952 -25.403 6.76273, -48.698 -16.298 9.33889, -48.8831 -16.298 9.72958, 
            -50.449 -31.146 12.324, -48.9089 -21.403 6.13708, -46.55 -29.608 4.991, -53.463 -40.733 11.548, 
            -48.5772 -21.403 5.85029, -45.65 -29.559 5.079, -48.3885 -16.298 8.85587, -48.3043 -16.298 8.73818, 
            -53.463 -40.34 11.217, -40.4071 -25.403 12.3019, -40.4077 -25.403 12.2979, -53.463 -40.107 11.108, 
            -48.6293 -16.298 9.19316, -41.3624 -21.403 12.3099, -41.3633 -21.403 12.018, -53.463 -40.551 11.365, 
            -41.3618 -21.403 12.4873, -41.3613 -21.403 12.3174, -48.012 -16.298 8.46997, -40.4631 -25.403 10.9813, 
            -40.4071 -25.403 11.3629, -40.409 -25.403 11.9628, -40.4071 -25.403 12.497, -40.4074 -25.403 12.3891, 
            -40.7159 -25.403 9.66518, -40.6 -25.403 10.0458, -40.9834 -25.403 8.78769, -41.5424 -25.403 7.6379, 
            -41.7957 -25.403 7.28282, -41.1648 -25.403 8.41436, -53.463 -39.858 11.042, -53.202 -40.115 11.087, 
            -53.202 -40.352 11.198, -43.9752 -16.298 12.3909, -43.9752 -16.298 12.3935, -41.3832 -21.403 11.2311, 
            -41.5426 -21.403 10.1649, -50.4382 -31.1844 12.497, -41.437 -12.336 11.217, -41.698 -12.111 11.087, 
            -43.9761 -16.298 12.3851, -42.2541 -25.403 6.63973, -41.3613 -21.403 11.3784, -43.0909 -25.403 5.83267, 
            -42.5844 -25.403 6.32097, -41.437 -12.547 11.365, -53.202 -40.566 11.348, -43.9756 -16.298 12.497, 
            -50.4483 -31.146 12.497, -53.202 -40.751 11.533, -41.3618 -21.403 12.497, -45.0079 -25.403 4.90612, 
            -45.2486 -25.403 4.88548, -45.4825 -25.403 4.79718, -44.0924 -16.298 10.7264, -44.3173 -16.298 10.0497, 
            -44.3241 -16.298 10.0372, -44.0911 -16.298 10.7302, -44.0212 -25.403 5.24727, -44.5047 -25.403 5.07994, 
            -43.9752 -16.298 11.4519, -43.9752 -16.298 11.4545, -43.9776 -16.298 12.0307, -43.5 -25.403 5.57537, 
            -44.013 -16.298 11.2107, -52.941 -40.551 11.365, -41.698 -40.352 11.198, -46.127 -16.298 8.17382, 
            -46.5282 -16.298 8.04614, -50.7749 -29.4832 11.7445, -46.6199 -16.298 8.04279, -41.185 -12.504 11.417, 
            -41.185 -12.303 11.276, -53.952 -39.602 11.198, -41.185 -12.678 11.591, -53.952 -39.827 11.217, 
            -48.3537 -25.403 5.05922, -48.6161 -25.403 5.18809, -47.0139 -16.298 8.02787, -47.5812 -16.298 8.19776, 
            -47.4824 -16.298 8.14301, -47.9173 -16.298 8.38318, -47.4289 -25.403 4.69592, -47.7292 -25.403 4.75191, 
            -49.339 -31.089 7.52, -46.7869 -25.403 4.5763, -49.879 -31.117 8.455, -40.948 -12.433 11.502, 
            -41.5898 -21.403 10.0137, -41.9028 -21.403 9.01023, -53.715 -39.846 11.108, -53.715 -39.602 11.087, 
            -41.437 -40.34 11.217, -41.437 -40.107 11.108, -42.425 -21.403 7.9599, -41.9809 -21.403 8.853, 
            -41.698 -40.566 11.348, -43.8602 -21.403 6.3348, -44.0728 -21.403 6.20719, -41.437 -40.551 11.365, 
            -45.5823 -16.298 8.48811, -45.6526 -16.298 8.44416, -48.6499 -31.076 6.74956, -48.6507 -31.0765 6.75067, 
            -48.7417 -31.0585 6.84425, -43.0867 -21.403 7.05635, -43.2488 -21.403 6.90519, -44.7141 -21.403 5.82169, 
            -41.698 -40.751 11.533, -42.5416 -21.403 7.80073, -41.437 -40.733 11.548, -46.0444 -16.298 8.20011, 
            -45.2878 -21.403 5.63821, -45.5533 -21.403 5.54149, -48.7849 -31.0526 6.89172, -45.0509 -16.298 8.94021, 
            -45.0851 -16.298 8.91203, -45.5003 -16.298 8.56806, -45.8275 -25.403 4.66726, -46.4581 -25.403 4.60755, 
            -48.663 -31.046 6.731, -44.6438 -16.298 9.44524, -44.6615 -16.298 9.42313, -48.6348 -31.0781 6.73946, 
            -40.399 -12.247 12.123, -40.288 -12.08 12.322, -40.288 -12.042 12.241, -47.1112 -16.298 8.05159, 
            -53.952 -39.376 11.217, -49.1306 -16.2978 11.8297, -53.952 -38.766 11.502, -53.715 -38.897 11.276, 
            -51.1955 -25.403 11.7319, -51.1921 -25.403 11.7576, -53.715 -39.119 11.172, -47.7848 -21.403 5.44907, 
            -48.1392 -21.403 5.62863, -46.4267 -21.403 5.32212, -46.0768 -21.403 5.35056, -46.9397 -21.403 5.28027, 
            -44.977 -21.403 5.73756, -48.9409 -16.0009 11.8498, -51.1944 -25.403 11.4245, -47.3001 -21.403 5.35216, 
            -48.6333 -31.0783 6.73847, -53.715 -39.357 11.108, -47.937 -31.1708 6.27406, -48.9552 -15.9807 12.4088, 
            -40.288 -12.103 12.409, -53.463 -39.345 11.042, -53.463 -39.602 11.019, -50.8655 -21.403 12.3183, 
            -50.8649 -21.403 12.4896, -50.8637 -21.403 12.0917, -50.8644 -21.403 12.3096, -50.8624 -21.403 11.7328, 
            -53.463 -39.096 11.108, -40.7442 -31.2796 12.0621, -40.7513 -31.3266 12.0621, -50.8615 -21.403 10.4999, 
            -50.8637 -21.403 11.1217, -50.8655 -21.403 11.7097, -53.202 -39.341 11.019, -49.1035 -16.2365 10.9795, 
            -49.0655 -16.2314 10.7357, -40.22 -11.854 12.453, -53.202 -39.602 10.997, -51.0005 -25.403 9.06043, 
            -50.9144 -25.403 8.77624, -40.288 -11.991 12.168, -40.288 -11.928 12.105, -40.399 -12.172 12.015, 
            -49.9199 -25.403 6.53202, -49.4153 -25.403 5.86668, -49.1953 -25.403 5.67965, -53.202 -39.088 11.087, 
            -48.8154 -15.9494 10.4274, -48.7458 -15.9235 10.2556, -48.6894 -15.909 10.1012, -51.1948 -25.403 12.497, 
            -51.1955 -25.403 12.2963, -51.194 -25.403 12.2852, -51.1905 -25.403 10.3745, -51.1472 -25.403 10.0758, 
            -40.22 -11.797 12.33, -40.22 -11.823 12.368, -50.6932 -21.403 9.32889, -50.7791 -21.403 9.92839, 
            -48.8276 -15.9538 10.458, -49.021 -16.2197 10.4775, -52.941 -39.602 11.019, -50.3658 -21.403 8.23866, 
            -50.5316 -21.403 8.79069, -40.22 -11.843 12.409, -41.185 -40.306 11.276, -50.1271 -21.403 7.7516, 
            -49.892 -21.403 7.27227, -53.202 -39.862 11.019, -50.865 -21.403 12.497, -52.941 -39.858 11.042, 
            -52.941 -40.107 11.108, -52.941 -40.34 11.217, -47.8736 -31.1378 6.21778, -41.185 -40.084 11.172, 
            -47.8333 -31.1169 6.18203, -56.2 -9.1 12.497, -50.5271 -21.898 8.48039, -50.4313 -21.898 8.16151, 
            -52.941 -40.733 11.548, -49.0377 -16.2251 10.5696, -41.185 -40.508 11.417, -50.08 -21.898 7.4444, 
            -46.907 -31.0268 5.79037, -46.4311 -31.0223 5.72038, -40.399 -12.08 11.923, -40.399 -11.973 11.848, 
            -40.549 -12.08 11.662, -52.689 -40.306 11.276, -52.689 -40.084 11.172, -49.4896 -21.898 6.56242, 
            -49.9465 -21.898 7.17229, -50.6221 -25.898 7.82712, -50.3706 -25.898 7.32001, -52.689 -40.508 11.417, 
            -46.9493 -31.0272 5.79662, -52.689 -40.681 11.591, -48.7788 -21.898 5.87079, -49.3283 -21.898 6.34678, 
            -41.2019 -21.898 12.3139, -41.2023 -21.898 12.4454, -41.204 -21.898 12.0297, -41.2031 -21.898 12.3056, 
            -41.2023 -21.898 11.5064, -40.288 -11.854 12.053, -40.399 -11.854 11.793, -47.7584 -31.122 6.15312, 
            -41.3848 -21.898 10.1376, -41.367 -21.898 10.2579, -47.1168 -31.1168 5.8909, -41.185 -39.846 11.108, 
            -40.948 -40.046 11.276, -47.1973 -31.1596 5.93616, -41.2019 -21.898 11.3749, -49.7545 -25.898 6.31017, 
            -49.4022 -25.898 5.84565, -41.2025 -21.898 12.497, -41.7485 -21.898 8.95792, -41.7197 -21.898 9.05135, 
            -47.987 -31.009 6.158, -44.2612 -16.0275 11.9978, -43.978 -16.294 11.452, -44.6124 -21.898 5.68383, 
            -44.6713 -21.898 5.66497, -40.3188 -25.898 12.3012, -40.319 -25.898 12.3792, -40.3188 -25.898 11.3622, 
            -40.3206 -25.898 11.9601, -52.452 -40.251 11.372, -40.3193 -25.898 12.2973, -40.948 -40.251 11.372, 
            -43.7572 -21.898 6.19792, -52.452 -40.437 11.502, -43.9789 -16.2941 12.3851, -52.452 -40.046 11.276, 
            -52.237 -40.176 11.502, -52.237 -39.995 11.417, -42.9483 -21.898 6.95179, -43.2768 -21.898 6.63975, 
            -42.9367 -21.898 6.96793, -43.7381 -21.898 6.20941, -44.3949 -15.899 12.4023, -40.22 -11.341 12.453, 
            -40.22 -11.353 12.409, -42.2769 -21.898 7.88182, -42.2494 -21.898 7.93796, -43.991 -16.2825 12.3858, 
            -43.978 -16.294 12.391, -40.22 -11.553 12.241, -40.22 -11.598 12.237, -40.734 -39.995 11.417, 
            -46.0416 -21.898 5.20539, -45.5369 -21.898 5.38947, -43.9804 -16.294 12.0304, -46.2045 -21.898 5.19216, 
            -46.9246 -21.898 5.13341, -52.689 -39.602 11.087, -52.941 -39.345 11.042, -52.689 -39.846 11.108, 
            -50.2749 -31.802 12.1017, -50.2757 -31.802 12.3207, -48.6007 -21.898 5.7168, -50.2738 -31.802 11.8455, 
            -50.277 -31.802 11.8259, -47.102 -21.898 5.1688, -43.9789 -16.294 12.3854, -45.5322 -21.898 5.38975, 
            -41.698 -39.341 11.019, -47.7897 -21.898 5.30629, -47.9726 -21.898 5.39897, -44.2655 -16.0216 12.4661, 
            -44.0005 -16.273 12.497, -50.9422 -21.898 12.497, -50.9422 -21.898 12.4894, -50.0837 -31.802 9.57307, 
            -50.1782 -31.802 10.1266, -50.277 -31.802 12.3286, -50.2763 -31.802 12.4852, -50.9428 -21.898 12.314, 
            -40.22 -11.398 12.33, -40.3306 -25.898 11.2814, -40.5123 -25.898 10.0399, -52.941 -39.096 11.108, 
            -40.22 -11.43 12.298, -50.2763 -31.802 12.497, -40.5398 -25.898 9.94954, -50.9416 -21.898 12.3052, 
            -50.9401 -21.898 11.8112, -50.2749 -31.802 11.2572, -50.2725 -31.802 10.6806, -40.22 -11.468 12.272, 
            -40.22 -11.509 12.253, -41.5448 -25.898 7.50177, -41.4584 -25.898 7.62281, -40.8972 -25.898 8.77717, 
            -40.9486 -25.898 8.67127, -43.9784 -16.294 12.497, -52.689 -39.357 11.108, -48.8141 -31.802 7.23139, 
            -49.1862 -31.802 7.64455, -48.0566 -31.802 6.57294, -48.5154 -31.802 6.89982, -42.1727 -25.898 6.62076, 
            -42.3056 -25.898 6.49256, -43.0128 -25.898 5.81074, -49.7167 -31.802 8.54761, -49.8959 -31.802 9.04869, 
            -49.4354 -31.802 8.06901, -48.9995 -25.898 5.50328, -48.5999 -25.898 5.16418, -50.9428 -21.898 11.714, 
            -50.9398 -21.898 11.7363, -52.689 -39.119 11.172, -47.73 -31.802 6.34045, -41.698 -39.602 10.997, 
            -40.22 -11.765 12.298, -52.452 -39.376 11.217, -41.698 -39.862 11.019, -52.452 -39.602 11.198, 
            -44.203 -16.0809 12.497, -52.452 -39.827 11.217, -45.2344 -25.898 4.85509, -45.24 -25.898 4.85299, 
            -44.9371 -25.898 4.88057, -40.8206 -31.802 12.3319, -40.8212 -31.802 12.4958, -43.2013 -25.898 5.69218, 
            -52.237 -39.801 11.365, -40.3185 -25.898 12.497, -40.8212 -31.802 12.497, -48.1346 -25.898 4.93564, 
            -40.22 -11.728 12.272, -46.7641 -25.898 4.55037, -46.215 -25.898 4.60255, -47.1935 -25.898 4.63039, 
            -40.8218 -31.802 12.3242, -52.237 -39.602 11.348, -40.8227 -31.802 12.0735, -45.8009 -25.898 4.64177, 
            -44.1954 -25.898 5.1368, -43.9468 -25.898 5.22285, -47.7099 -25.898 4.72666, -40.22 -11.643 12.241, 
            -40.22 -11.687 12.253, -51.1891 -25.898 12.2957, -51.1876 -25.898 12.2845, -50.7663 -21.898 9.27698, 
            -51.1869 -25.898 12.091, -51.1856 -25.898 11.7583, -40.9945 -31.802 10.3718, -41.0407 -31.802 10.2288, 
            -40.8424 -31.802 11.3467, -40.8206 -31.802 11.4869, -41.437 -39.345 11.042, -41.437 -39.096 11.108, 
            -50.8165 -21.898 9.62732, -50.9388 -21.898 10.4756, -50.9401 -21.898 10.8412, -52.452 -39.157 11.276, 
            -47.1932 -31.802 6.12265, -52.237 -39.402 11.365, -40.22 -11.372 12.368, -52.237 -39.208 11.417, 
            -52.452 -38.952 11.372, -52.237 -39.027 11.502, -41.437 -39.858 11.042, -44.3482 -31.802 6.17146, 
            -45.0132 -31.802 5.94557, -45.944 -31.802 5.85513, -45.2972 -31.802 5.91786, -46.2602 -31.802 5.90086, 
            -44.1048 -31.802 6.25415, -52.053 -39.434 11.548, -52.053 -39.602 11.533, -54.501 -38.8511 12.497, 
            -54.501 -38.863 12.368, -41.437 -39.602 11.019, -40.288 -11.205 12.168, -54.501 -38.897 12.241, 
            -41.2621 -21.678 12.0303, -41.26 -21.678 11.376, -41.9553 -31.802 8.17651, -42.4904 -31.802 7.46611, 
            -41.2818 -21.6204 12.497, -54.5001 -38.8498 12.497, -41.26 -21.678 12.315, -54.351 -38.695 12.168, 
            -43.2536 -31.802 6.76757, -43.4509 -31.802 6.64856, -54.3501 -38.6362 12.497, -54.166 -38.47 12.298, 
            -54.166 -38.4521 12.497, -42.6421 -31.802 7.32725, -41.8451 -31.802 8.32281, -41.416 -31.802 9.15681, 
            -41.3405 -31.802 9.30329, -54.351 -38.652 12.33, -54.351 -38.6371 12.497, -41.2668 -21.6628 12.307, 
            -45.3561 -15.9471 9.19036, -46.862 -31.802 5.98809, -45.3808 -16.0108 9.07892, -45.407 -16.0718 8.96987, 
            -54.166 -38.522 12.105, -53.952 -38.322 12.272, -54.1651 -38.4514 12.497, -50.1463 -32.298 12.497, 
            -50.1462 -32.298 12.4884, -54.351 -38.766 12.015, -41.2612 -21.678 12.3069, -50.1469 -32.298 12.3321, 
            -50.1456 -32.298 12.3244, -50.1439 -32.298 11.8406, -50.1464 -32.298 12.454, -50.8235 -25.898 8.49112, 
            -50.1428 -32.298 10.7014, -49.9772 -32.298 9.72851, -50.1433 -32.298 10.8233, -50.1469 -32.298 11.822, 
            -49.3604 -16.603 12.3914, -49.3602 -16.603 12.452, -49.9583 -32.298 9.61782, -54.166 -38.721 11.759, 
            -41.185 -39.602 11.087, -54.166 -38.863 11.617, -49.36 -16.603 12.497, -41.2612 -21.6781 12.3068, 
            -41.2606 -21.678 12.497, -41.185 -39.357 11.108, -54.166 -38.606 11.923, -49.3595 -16.603 12.3847, 
            -53.952 -38.476 11.848, -40.399 -11.598 11.747, -40.549 -11.598 11.533, -40.399 -11.728 11.759, 
            -40.948 -39.602 11.198, -49.0799 -32.298 7.7312, -48.4489 -32.298 7.03062, -40.948 -39.827 11.217, 
            -49.3604 -16.603 11.6376, -49.3524 -16.603 11.6977, -40.288 -11.687 11.992, -41.789 -21.736 8.969, 
            -41.437 -21.697 10.145, -49.5991 -32.298 8.61467, -49.6307 -32.298 8.7029, -53.952 -38.3021 12.497, 
            -49.1142 -32.298 7.78952, -48.4235 -32.298 7.00248, -50.9932 -25.898 9.05114, -53.715 -38.213 12.253, 
            -53.951 -38.3016 12.497, -50.0848 -25.898 6.74482, -53.715 -38.277 12.015, -40.9518 -32.298 12.0997, 
            -40.951 -32.298 12.3298, -40.9498 -32.298 12.3375, -40.9506 -32.298 11.7607, -51.0979 -25.898 9.77566, 
            -51.1841 -25.898 10.3701, -51.1869 -25.898 11.121, -51.1891 -25.898 11.7328, -51.1884 -25.898 12.497, 
            -40.9502 -32.298 12.497, -40.399 -11.341 11.793, -40.288 -11.509 11.992, -40.288 -11.422 12.015, 
            -49.3576 -16.603 11.885, -49.3578 -16.603 11.9455, -40.399 -11.468 11.759, -40.288 -11.598 11.984, 
            -53.952 -38.381 12.053, -40.9498 -32.298 11.4925, -41.0761 -32.298 10.6753, -41.1164 -32.298 10.4141, 
            -41.372 -32.298 9.61803, -45.5395 -21.8531 5.40287, -45.4307 -21.6568 5.50522, -53.952 -38.606 11.662, 
            -47.6604 -32.298 6.45884, -40.288 -11.773 12.015, -47.6552 -32.298 6.45515, -46.7807 -32.298 6.11444, 
            -46.8044 -32.298 6.11761, -47.497 -32.298 6.39095, -53.715 -38.381 11.793, -45.9068 -32.298 5.99696, 
            -40.288 -11.268 12.105, -40.399 -11.116 11.923, -40.288 -11.341 12.053, -44.0094 -32.298 6.46905, 
            -44.1168 -32.298 6.40328, -41.185 -39.119 11.172, -45.8513 -32.298 6.00289, -44.9991 -32.298 6.09436, 
            -44.914 -32.298 6.1242, -42.956 -21.863 6.956, -42.302 -21.792 7.892, -40.399 -11.223 11.848, 
            -49.3576 -16.603 10.915, -49.2669 -16.603 10.2697, -40.3539 -25.6999 12.497, -40.3884 -25.5095 12.3814, 
            -42.4371 -32.298 7.75199, -41.9338 -32.298 8.42773, -53.715 -38.522 11.591, -41.4488 -32.298 9.37942, 
            -53.463 -38.147 12.241, -42.5554 -32.298 7.59346, -43.1731 -32.298 7.02027, -43.2924 -32.298 6.90956, 
            -53.463 -38.213 11.992, -41.8302 -32.298 8.63105, -53.463 -38.322 11.759, -53.463 -38.1241 12.497, 
            -53.462 -38.124 12.497, -50.1961 -32.099 11.8421, -53.202 -38.192 11.984, -49.3578 -16.603 10.9755, 
            -41.185 -38.897 11.276, -40.948 -39.157 11.276, -53.202 -38.124 12.237, -40.948 -39.376 11.217, 
            -53.202 -38.1011 12.497, -49.3422 -16.603 11.7757, -52.941 -38.147 12.241, -53.201 -38.1012 12.497, 
            -49.0838 -16.603 9.60557, -49.259 -16.603 10.2128, -52.941 -38.213 11.992, -53.202 -38.302 11.747, 
            -50.1553 -32.2634 12.4855, -53.202 -38.452 11.533, -40.734 -39.602 11.348, -52.941 -38.1241 12.497, 
            -41.437 -10.466 11.548, -41.698 -10.449 11.533, -41.437 -10.318 11.759, -41.698 -10.188 11.984, 
            -48.7912 -16.603 8.96908, -48.8092 -16.603 9.00745, -49.0696 -16.603 9.55681, -40.734 -39.801 11.365, 
            -52.941 -38.322 11.759, -52.941 -38.47 11.548, -48.4349 -16.603 8.4702, -48.4539 -16.603 8.49678, 
            -48.0276 -16.603 8.09658, -52.94 -38.1244 12.497, -48.011 -16.603 8.08133, -52.689 -38.277 12.015, 
            -52.689 -38.381 11.793, -52.689 -38.1921 12.497, -52.688 -38.1926 12.497, -52.689 -38.522 11.591, 
            -43.7616 -16.603 11.6445, -43.7633 -16.603 12.0529, -43.762 -16.603 12.378, -43.761 -16.603 12.3842, 
            -43.7614 -16.603 12.497, -52.689 -38.213 12.253, -43.761 -16.603 11.4452, -40.549 -39.769 11.548, 
            -43.8807 -16.603 10.6787, -44.0596 -16.603 10.1208, -43.8512 -16.603 10.8698, -41.185 -10.209 12.253, 
            -41.185 -10.273 12.015, -40.948 -10.377 12.053, -41.185 -10.377 11.793, -40.948 -10.473 11.848, 
            -45.9427 -16.603 7.91186, -45.9625 -16.603 7.89909, -52.452 -38.476 11.848, -40.8285 -31.8508 12.497, 
            -40.948 -10.603 11.662, -40.549 -39.434 11.548, -40.8461 -31.958 12.0773, -40.8439 -31.9493 12.3251, 
            -52.452 -38.606 11.662, -41.185 -10.518 11.591, -46.489 -16.603 7.72004, -40.844 -31.958 12.333, 
            -47.0208 -16.603 7.69191, -46.8565 -16.603 7.69814, -40.948 -10.318 12.272, -52.237 -38.47 12.298, 
            -47.5455 -16.603 7.8245, -47.5345 -16.603 7.81844, -47.0236 -16.603 7.69259, -52.452 -38.322 12.272, 
            -51.1917 -25.5817 12.285, -52.237 -38.522 12.105, -45.4623 -16.603 8.22254, -46.4803 -16.603 7.723, 
            -45.4343 -16.603 8.25065, -49.9797 -22.2 7.11129, -50.0512 -22.2 7.25697, -45.3762 -16.603 8.30877, 
            -40.734 -10.603 11.923, -40.948 -38.952 11.372, -40.734 -39.208 11.417, -40.734 -39.027 11.502, 
            -40.8452 -31.958 12.3252, -45.37 -16.603 8.31223, -44.8785 -16.603 8.7449, -45.3065 -16.603 8.36814, 
            -40.734 -39.402 11.365, -40.8446 -31.958 12.497, -44.4526 -16.603 9.29889, -44.8056 -16.603 8.83988, 
            -52.452 -38.381 12.053, -44.3828 -16.603 9.43364, -49.4348 -22.2 6.38396, -44.1142 -16.603 9.95181, 
            -48.6995 -22.2 5.70833, -49.3527 -22.2 6.27421, -40.8452 -31.9581 12.3251, -40.9081 -32.1627 12.497, 
            -41.1221 -22.2 12.3124, -41.1233 -22.2 12.304, -41.1242 -22.2 12.029, -41.1231 -22.2 11.6853, 
            -49.6112 -17.098 12.3799, -49.6108 -17.098 12.4843, -49.6109 -17.098 12.497, -41.1221 -22.2 11.3734, 
            -41.2619 -22.2 10.4275, -49.6105 -17.098 12.3739, -40.399 -10.859 12.368, -52.237 -38.721 11.759, 
            -41.1227 -22.2 12.497, -52.452 -38.766 11.502, -52.237 -38.863 11.617, -41.698 -38.124 12.237, 
            -41.698 -38.192 11.984, -52.237 -38.606 11.923, -41.698 -38.302 11.747, -52.053 -38.766 12.015, 
            -49.6112 -17.098 11.6491, -49.6106 -17.098 11.4393, -40.844 -31.958 11.488, -42.77 -22.2 7.07087, 
            -42.8822 -22.2 6.91544, -41.437 -38.147 12.241, -52.053 -38.863 11.878, -43.5765 -22.2 6.25601, 
            -41.364 -31.985 9.322, -41.018 -31.967 10.381, -43.6758 -22.2 6.16158, -52.053 -38.982 11.759, 
            -40.399 -11.023 12.015, -40.399 -10.948 12.123, -49.6082 -17.098 11.8195, -49.5981 -17.098 11.7477, 
            -42.2055 -22.2 7.85283, -42.0993 -22.2 8.0689, -41.6729 -22.2 8.93728, -41.5906 -22.2 9.20488, 
            -41.3065 -22.2 10.1264, -44.4855 -22.2 5.66236, -40.288 -11.092 12.409, -40.288 -11.116 12.322, 
            -40.399 -10.893 12.241, -53.715 -38.695 11.417, -45.914 -32.217 5.96, -44.555 -22.2 5.61956, 
            -46.81 -32.263 6.102, -53.463 -38.47 11.548, -49.3942 -26.2 5.83282, -48.88 -26.2 5.39568, 
            -41.437 -38.213 11.992, -53.463 -38.863 11.217, -45.001 -32.17 6.037, -49.6082 -17.098 10.8495, 
            -49.5794 -17.098 10.6455, -41.437 -38.322 11.759, -40.2845 -26.2 11.9578, -40.2832 -26.2 12.2969, 
            -40.2825 -26.2 12.3014, -40.2828 -26.2 12.3851, -40.2824 -26.2 12.497, -40.2825 -26.2 11.3624, 
            -40.2832 -26.2 11.531, -40.4521 -26.2 10.19, -44.107 -32.125 6.33, -41.437 -38.47 11.548, 
            -41.185 -38.522 11.591, -46.9154 -22.2 5.04381, -46.0689 -22.2 5.11287, -53.463 -38.652 11.365, 
            -40.288 -11.153 12.241, -40.4738 -26.2 10.0409, -40.8232 -26.2 8.88075, -47.871 -22.2 5.25885, 
            -47.7927 -22.2 5.21918, -41.185 -38.213 12.253, -46.9812 -22.2 5.05693, -43.266 -32.082 6.827, 
            -41.835 -26.2 7.01342, -42.1231 -26.2 6.60919, -41.411 -26.2 7.61732, -41.3908 -26.2 7.65927, 
            -46.0202 -22.2 5.11683, -42.9651 -26.2 5.79736, -42.1355 -26.2 6.59726, -41.185 -38.277 12.015, 
            -49.498 -17.098 10.0734, -48.5901 -26.2 5.14959, -53.202 -38.637 11.348, -45.4839 -22.2 5.30929, 
            -45.4946 -22.2 5.30852, -48.001 -26.2 4.86024, -42.509 -32.043 7.51, -45.4561 -22.2 5.31857, 
            -53.202 -38.851 11.198, -40.948 -38.322 12.272, -41.867 -32.01 8.353, -40.734 -38.47 12.298, 
            -44.0067 -26.2 5.1715, -44.894 -26.2 4.86498, -40.549 -10.859 11.878, -40.734 -10.717 11.759, 
            -40.549 -10.978 11.759, -52.941 -38.652 11.365, -43.9014 -26.2 5.20795, -43.019 -26.2 5.76345, 
            -40.734 -10.859 11.617, -40.549 -11.116 11.662, -40.8545 -26.2 8.77672, -50.9899 -22.2 12.3115, 
            -50.9893 -22.2 12.4893, -49.6536 -26.2 6.17482, -41.185 -38.381 11.793, -50.9893 -22.2 12.497, 
            -52.941 -38.863 11.217, -47.6982 -26.2 4.71125, -47.0499 -26.2 4.5904, -46.7502 -26.2 4.53456, 
            -40.549 -10.763 12.015, -40.948 -38.381 12.053, -50.987 -22.2 11.7387, -50.9887 -22.2 12.3025, 
            -49.1993 -17.098 9.17135, -49.2854 -17.098 9.35043, -49.4408 -17.098 9.87968, -45.2259 -26.2 4.83663, 
            -45.7847 -26.2 4.62622, -45.053 -26.2 4.85135, -46.0667 -26.2 4.59951, -40.948 -38.476 11.848, 
            -51.1852 -26.2 11.7333, -51.1818 -26.2 11.7587, -51.1823 -26.2 11.9059, -51.1837 -26.2 12.2841, 
            -50.0378 -32.603 11.8186, -50.0348 -32.603 11.8375, -50.0365 -32.603 12.3275, -51.1845 -26.2 12.497, 
            -51.1852 -26.2 12.2953, -52.689 -38.695 11.417, -40.948 -38.606 11.662, -50.0378 -32.603 12.3354, 
            -48.9745 -17.098 8.70561, -50.9899 -22.2 11.7165, -52.689 -38.897 11.276, -48.5779 -17.098 8.16257, 
            -48.8594 -17.098 8.54833, -51.1802 -26.2 10.3674, -51.1823 -26.2 10.9359, -49.8516 -32.603 9.65897, 
            -50.0102 -32.603 10.5833, -47.9373 -17.098 7.65318, -48.1083 -17.098 7.74366, -48.4342 -17.098 8.03426, 
            -50.0338 -32.603 10.7202, -50.0372 -32.603 11.6779, -50.0372 -32.603 12.497, -43.415 -17.098 11.9528, 
            -43.4155 -17.098 12.0623, -49.803 -32.603 9.52459, -43.4138 -17.098 12.497, -43.4134 -17.098 12.3734, 
            -43.4145 -17.098 12.3666, -43.4147 -17.098 12.2982, -43.4134 -17.098 11.4344, -49.4969 -32.603 8.67794, 
            -49.4196 -32.603 8.54758, -48.9852 -32.603 7.81673, -48.8735 -32.603 7.69424, -43.7996 -17.098 9.80206, 
            -43.6466 -17.098 10.2753, -48.3395 -32.603 7.1091, -48.1894 -32.603 7.00423, -47.5859 -32.603 6.58151, 
            -43.4648 -17.098 11.1062, -43.5436 -17.098 10.5965, -40.734 -10.466 12.298, -40.549 -38.652 12.33, 
            -41.0446 -32.603 12.3416, -41.0458 -32.603 12.3341, -41.0466 -32.603 12.1197, -41.0462 -32.603 12.0053, 
            -41.0451 -32.603 12.497, -40.549 -10.648 12.33, -52.053 -40.508 12.168, -52.053 -40.551 12.33, 
            -41.1297 -32.603 10.9466, -41.0446 -32.603 11.4966, -41.207 -32.603 10.4445, -41.3798 -32.603 9.90649, 
            -40.549 -38.695 12.168, -40.549 -10.692 12.168, -40.734 -10.518 12.105, -47.3954 -32.603 6.50629, 
            -46.7552 -32.603 6.25366, -46.2154 -17.098 7.4508, -46.4392 -17.098 7.37447, -45.6155 -32.603 6.16437, 
            -45.8796 -32.603 6.13613, -46.5249 -32.603 6.22288, -44.9944 -32.603 6.23102, -50.9887 -26.2 9.04547, 
            -50.7681 -26.2 8.31717, -50.2913 -26.2 7.16224, -50.6169 -26.2 7.81862, -50.0785 -26.2 6.73389, 
            -51.902 -40.34 12.368, -47.0192 -17.098 7.33985, -46.8062 -17.098 7.3526, -44.134 -32.603 6.53247, 
            -44.7067 -32.603 6.33199, -51.902 -40.306 12.241, -42.6108 -32.603 7.69327, -43.042 -32.603 7.29318, 
            -50.8393 -22.2 9.44364, -50.9859 -22.2 10.4608, -51.0678 -26.2 9.59253, -47.3878 -17.098 7.42236, 
            -47.5826 -17.098 7.46584, -40.734 -38.522 12.105, -50.8108 -22.2 9.24532, -40.734 -38.606 11.923, 
            -42.3512 -32.603 8.04143, -44.1695 -17.098 9.08799, -43.957 -17.098 9.49835, -50.4713 -22.2 8.11444, 
            -50.5244 -22.2 8.29108, -51.792 -40.107 12.409, -45.8648 -17.098 7.57003, -48.6151 -22.2 5.63535, 
            -43.3296 -32.603 7.02615, -43.8374 -32.603 6.71421, -40.734 -38.721 11.759, -40.734 -38.863 11.617, 
            -50.9867 -22.2 10.67, -41.5314 -32.603 9.43538, -41.7913 -32.603 8.92552, -42.0045 -32.603 8.50686, 
            -45.641 -17.098 7.71443, -45.3192 -17.098 7.92252, -51.902 -40.251 12.123, -51.792 -40.084 12.322, 
            -40.948 -10.763 11.502, -45.1719 -17.098 8.00938, -45.3075 -17.098 7.93429, -49.8242 -33.098 12.3422, 
            -49.8229 -33.098 12.3343, -49.8236 -33.098 12.497, -49.822 -33.098 12.1111, -49.821 -33.098 11.8316, 
            -44.3815 -17.098 8.81236, -44.6348 -17.098 8.48232, -44.899 -17.098 8.24979, -50.6082 -26.698 7.8046, 
            -50.1606 -26.698 6.90208, -49.8242 -33.098 11.8118, -41.698 -10.12 12.237, -49.822 -33.098 11.2661, 
            -51.792 -40.046 12.241, -50.068 -26.698 6.71586, -41.698 -38.452 11.533, -41.437 -10.143 12.241, 
            -49.532 -16.901 11.669, -49.5011 -16.8556 11.6859, -49.4914 -16.8558 11.7597, -49.5009 -16.8733 11.7712, 
            -49.5149 -16.8992 11.7883, -41.698 -38.637 11.348, -49.8202 -33.098 10.7581, -49.7287 -33.098 10.2274, 
            -51.724 -39.858 12.453, -49.305 -33.098 8.79967, -49.4639 -33.098 9.23904, -41.698 -38.851 11.198, 
            -49.0355 -33.098 8.34507, -41.437 -10.209 11.992, -49.6452 -33.098 9.74093, -48.8149 -33.098 7.97382, 
            -48.4584 -33.098 7.58305, -48.1952 -33.098 7.29467, -52.053 -40.084 11.662, -50.0238 -22.698 7.02414, 
            -50.4986 -22.698 7.98696, -52.053 -40.34 11.878, -41.437 -38.652 11.365, -52.053 -40.437 12.015, 
            -50.6766 -26.698 8.03032, -49.3823 -22.698 6.17424, -49.3171 -22.698 6.11842, -51.902 -40.084 11.923, 
            -51.902 -40.176 12.015, -48.6289 -22.698 5.52816, -48.5401 -22.698 5.48391, -41.2004 -33.098 12.089, 
            -41.1996 -33.098 12.3418, -41.437 -38.863 11.217, -49.4873 -26.698 5.95162, -41.1986 -33.098 12.3482, 
            -40.9926 -22.698 12.0277, -40.9917 -22.698 12.3014, -40.9905 -22.698 12.3099, -49.5803 -17.0336 11.6716, 
            -49.5673 -17.0282 11.7511, -40.9924 -22.698 11.9805, -40.2457 -26.698 12.3025, -40.2462 -26.698 12.4349, 
            -40.2477 -26.698 12.0411, -40.2468 -26.698 12.2954, -41.1991 -33.098 12.497, -49.5133 -16.8717 12.497, 
            -49.5316 -16.901 12.497, -49.5131 -16.8715 12.491, -49.5134 -16.8714 12.4039, -40.2457 -26.698 11.3635, 
            -40.248 -26.698 11.9651, -40.246 -26.698 12.497, -40.3415 -26.698 10.7015, -51.902 -39.977 11.848, 
            -40.9911 -22.698 12.497, -41.185 -38.695 11.417, -49.532 -16.901 12.391, -40.9905 -22.698 11.3709, 
            -42.0727 -26.698 6.63761, -41.8082 -26.698 7.0144, -42.6507 -26.698 6.07003, -41.3672 -26.698 7.64241, 
            -41.1293 -26.698 8.13856, -41.0886 -22.698 10.7073, -51.792 -39.995 12.168, -41.3541 -33.098 10.4939, 
            -41.3924 -33.098 10.3746, -41.698 -11.858 11.019, -40.8146 -26.698 8.79419, -40.6361 -26.698 9.38699, 
            -44.4675 -22.698 5.54301, -44.1803 -22.698 5.71987, -42.9057 -26.698 5.81967, -41.1986 -33.098 11.5032, 
            -41.2166 -33.098 11.3867, -40.948 -38.766 11.502, -41.5483 -22.698 8.90323, -41.3777 -22.698 9.45804, 
            -43.577 -22.698 6.09185, -43.2821 -22.698 6.37216, -49.5135 -16.8714 12.3919, -51.724 -39.846 12.409, 
            -47.7584 -33.098 6.98938, -47.4723 -33.098 6.78902, -41.1773 -22.698 10.108, -46.6755 -33.098 6.47446, 
            -46.9644 -33.098 6.58845, -41.852 -22.698 8.28483, -42.0877 -22.698 7.80503, -42.4951 -22.698 7.24062, 
            -42.7732 -22.698 6.85551, -45.8356 -33.098 6.362, -46.1099 -33.098 6.39887, -49.5628 -16.9866 12.4845, 
            -49.5418 -16.929 12.497, -49.5625 -16.9858 12.4918, -41.437 -11.598 11.019, -43.6252 -26.698 5.35501, 
            -43.835 -26.698 5.21961, -40.4363 -26.698 10.0508, -47.6788 -26.698 4.68586, -47.7805 -26.698 4.73591, 
            -48.6831 -26.698 5.21825, -48.5738 -26.698 5.12554, -41.437 -11.341 11.042, -41.437 -11.854 11.042, 
            -46.8131 -26.698 4.52448, -46.7272 -26.698 4.50848, -44.3703 -33.098 6.6692, -44.162 -33.098 6.74213, 
            -45.2326 -33.098 6.42646, -48.307 -45.988 12.165, -47.95 -46.235 12.122, -49.5625 -16.9859 12.497, 
            -44.9869 -33.098 6.45282, -45.8222 -26.698 4.59448, -47.7904 -22.698 5.11039, -41.437 -12.103 11.108, 
            -45.7579 -26.698 4.60057, -42.8293 -33.098 7.7361, -43.3901 -33.098 7.21535, -47.6766 -22.698 5.08849, 
            -46.8975 -22.698 4.93837, -44.687 -26.698 4.91227, -44.8247 -26.698 4.86251, -45.1482 -26.698 4.83016, 
            -48.616 -45.685 12.219, -51.724 -39.801 12.33, -51.792 -39.931 12.105, -46.761 -22.698 4.95046, 
            -51.724 -39.827 12.368, -51.1787 -26.698 12.2946, -51.1772 -26.698 12.2834, -42.2117 -33.098 8.51118, 
            -42.1193 -33.098 8.6353, -45.15 -22.698 5.31504, -45.4085 -22.698 5.22873, -45.8334 -22.698 5.07652, 
            -45.4281 -22.698 5.2273, -45.9882 -22.698 5.01904, -41.7281 -33.098 9.40342, -51.1753 -26.698 11.7596, 
            -49.531 -16.9009 12.3841, -49.5156 -16.8763 12.3848, -41.6655 -33.098 9.5262, -43.5582 -33.098 7.11208, 
            -48.616 -45.612 11.948, -51.724 -39.732 12.272, -51.724 -39.769 12.298, -42.7008 -33.098 7.85527, 
            -49.5157 -16.8763 12.3844, -49.5311 -16.901 12.3843, -49.529 -16.901 11.88, -51.1737 -26.698 10.363, 
            -49.459 -16.745 12.387, -51.0591 -22.698 12.3076, -51.0578 -22.698 12.2982, -49.5129 -16.872 12.3778, 
            -49.4632 -16.7568 12.3798, -49.5353 -16.9125 12.3842, -49.9366 -32.8344 12.3304, -51.0591 -22.698 11.7205, 
            -51.0589 -22.698 11.6652, -50.9814 -26.698 9.03612, -51.0561 -22.698 11.7427, -49.5632 -16.9868 12.3893, 
            -49.5575 -16.9733 12.3833, -41.185 -12.08 11.172, -41.185 -11.843 11.108, -51.724 -39.647 12.241, 
            -51.055 -22.698 10.4385, -51.724 -39.691 12.253, -49.5574 -16.9732 12.3824, -49.3811 -26.698 5.81166, 
            -49.5594 -16.9843 11.8708, -49.5618 -16.9853 12.3758, -48.616 -45.494 11.694, -48.866 -45.06 11.694, 
            -48.866 -45.185 11.872, -51.0181 -26.698 9.29056, -51.1747 -26.698 10.6306, -51.1787 -26.698 11.7342, 
            -51.178 -26.698 12.497, -40.948 -12.042 11.276, -40.948 -11.823 11.217, -48.866 -45.277 12.07, 
            -48.866 -45.333 12.281, -40.734 -11.991 11.417, -51.724 -39.434 12.298, -51.724 -39.471 12.272, 
            -41.0909 -32.7458 12.1199, -41.1288 -32.8699 12.3378, -40.948 -12.247 11.372, -48.307 -45.902 11.842, 
            -41.185 -11.598 11.087, -41.185 -11.353 11.108, -47.95 -46.137 11.757, -50.8753 -22.698 9.19794, 
            -50.8586 -22.698 9.14246, -51.724 -39.357 12.409, -51.724 -39.376 12.368, -49.511 -16.8722 11.8848, 
            -49.5111 -16.8723 11.8965, -50.5274 -22.698 8.04529, -49.979 -22.698 6.96471, -48.616 -45.333 11.464, 
            -41.185 -11.116 11.172, -40.948 -11.372 11.217, -51.0473 -22.698 10.3847, -51.0585 -22.698 12.497, 
            -40.2541 -26.6158 11.9579, -40.2532 -26.627 11.958, -49.5226 -16.8993 11.8423, -40.948 -11.598 11.198, 
            -49.456 -16.745 11.86, -50.869 -22.594 9.204, -48.616 -45.135 11.266, -48.307 -45.569 11.266, 
            -48.307 -45.333 11.029, -49.5396 -16.9386 11.8547, -49.5162 -16.8996 11.7961, -49.5243 -16.9033 11.8418, 
            -40.734 -11.598 11.348, -50.521 -22.575 8.056, -42.118 -26.231 6.608, -51.724 -39.512 12.253, 
            -42.946 -26.321 5.792, -51.724 -39.556 12.241, -50.018 -22.548 7.041, -51.724 -39.602 12.237, 
            -40.734 -11.797 11.365, -49.5626 -16.9855 11.6221, -49.5627 -16.9853 11.6469, -49.378 -22.513 6.199, 
            -40.734 -12.172 11.502, -48.307 -45.761 11.539, -51.902 -39.858 11.793, -52.053 -39.931 11.591, 
            -40.549 -11.928 11.591, -51.902 -39.732 11.759, -51.792 -39.777 12.015, -51.792 -39.858 12.053, 
            -48.628 -22.472 5.562, -44.847 -26.529 4.848, -45.2154 -26.5692 4.81407, -51.792 -39.691 11.992, 
            -49.05 -44.944 12.349, -49.163 -44.53 12.423, -49.05 -44.906 12.205, -43.868 -26.422 5.197, 
            -49.5615 -16.9836 11.505, -40.734 -11.398 11.365, -41.0512 -32.618 12.1207, -40.549 -11.268 11.591, 
            -40.734 -11.205 11.417, -40.549 -11.43 11.548, -40.549 -11.765 11.548, -51.1787 -26.4394 11.7591, 
            -51.902 -39.602 11.747, -51.792 -39.602 11.984, -45.4793 -22.2305 5.30436, -45.4359 -22.517 5.258, 
            -51.792 -39.512 11.992, -51.792 -39.426 12.015, -49.05 -44.843 12.07, -51.902 -39.471 11.759, 
            -49.5587 -16.9824 10.933, -45.2761 -22.289 5.35979, -45.4283 -22.2452 5.31825, -45.343 -22.384 5.31727, 
            -49.163 -44.51 12.349, -49.163 -44.478 12.281, -49.5114 -16.8729 10.9467, -49.5115 -16.873 10.9581, 
            -49.529 -16.901 10.942, -46.91 -22.378 4.991, -49.5036 -16.8556 11.6677, -47.795 -22.426 5.154, 
            -51.724 -39.345 12.453, -49.163 -44.435 12.219, -49.163 -44.381 12.165, -41.698 -10.633 11.348, 
            -46.011 -22.329 5.079, -51.724 -39.402 12.33, -49.2267 -34.2 12.2124, -49.2273 -34.2 12.354, 
            -49.2285 -34.2 11.7925, -49.2251 -34.2 11.8135, -41.698 -10.848 11.198, -49.459 -16.745 11.642, 
            -49.2285 -34.2 12.3615, -49.228 -34.2 12.497, -49.2267 -34.2 11.3674, -49.2247 -34.2 10.8677, 
            -41.698 -11.085 11.087, -49.1527 -34.2 10.454, -49.05 -44.757 11.948, -49.0692 -34.2 9.9756, 
            -48.7678 -34.2 9.15203, -48.9264 -34.2 9.58564, -51.792 -39.208 12.168, -48.0541 -34.2 8.12934, 
            -48.3348 -34.2 8.43204, -48.555 -34.2 8.79845, -49.475 -16.7831 12.497, -49.5138 -16.8721 11.6446, 
            -49.5138 -16.8725 11.5688, -41.437 -10.859 11.217, -51.0407 -22.5293 12.497, -50.9987 -22.2602 12.4893, 
            -51.0518 -22.6039 12.2989, -51.0433 -22.5609 11.7418, -51.053 -22.604 12.308, -41.437 -11.092 11.108, 
            -49.163 -43.726 12.281, -41.7354 -34.2 12.497, -41.7355 -34.2 12.4725, -41.7371 -34.2 12.0302, 
            -51.792 -39.157 12.241, -51.902 -38.952 12.123, -51.05 -22.6038 11.7421, -51.05 -22.604 11.742, 
            -51.902 -39.027 12.015, -49.163 -43.885 12.122, -51.0524 -22.604 12.497, -51.792 -39.096 12.409, 
            -41.437 -10.648 11.365, -51.902 -38.897 12.241, -51.792 -39.119 12.322, -51.902 -38.863 12.368, 
            -41.8681 -34.2 10.657, -41.7598 -34.2 11.3671, -51.0518 -22.604 12.2989, -49.4586 -16.745 12.497, 
            -41.7359 -34.2 11.5244, -41.9184 -34.2 10.4992, -42.1322 -34.2 9.82406, -52.053 -39.119 11.662, 
            -50.0805 -27.003 6.74275, -50.0616 -27.003 6.70482, -49.4581 -16.745 12.3801, -49.458 -16.7449 12.38, 
            -51.0528 -22.6195 12.2988, -47.1535 -34.2 7.40896, -47.4439 -34.2 7.60736, -49.163 -43.694 12.349, 
            -51.902 -39.119 11.923, -49.163 -43.77 12.219, -46.7515 -34.2 7.25574, -46.4554 -34.2 7.143, 
            -47.7885 -34.2 7.84306, -51.053 -22.604 11.72, -51.902 -39.227 11.848, -41.185 -10.692 11.417, 
            -52.053 -39.272 11.591, -51.902 -39.345 11.793, -49.3731 -27.003 5.7987, -49.3854 -27.003 5.81493, 
            -41.185 -10.893 11.276, -48.6375 -27.003 5.17336, -44.2733 -34.2 7.40242, -44.4994 -34.2 7.32007, 
            -49.163 -43.823 12.165, -43.7966 -34.2 7.70198, -44.9869 -34.2 7.14309, -45.2467 -34.2 7.11192, 
            -46.009 -34.2 7.08908, -50.6029 -27.003 7.79601, -50.6206 -27.003 7.85463, -51.792 -39.272 12.105, 
            -45.7237 -34.2 7.05471, -49.163 -43.954 12.09, -51.792 -39.345 12.053, -42.2111 -34.2 9.66727, 
            -43.6087 -34.2 7.81971, -40.2238 -27.003 12.4653, -40.2232 -27.003 12.3032, -42.5195 -34.2 9.055, 
            -40.2245 -27.003 12.2944, -43.0175 -34.2 8.37824, -43.1665 -34.2 8.23754, -40.2232 -27.003 11.3642, 
            -40.2256 -27.003 11.9959, -42.6315 -34.2 8.90263, -40.948 -11.153 11.276, -40.2738 -27.003 11.0148, 
            -41.3405 -27.003 7.65778, -41.6058 -27.003 7.27982, -42.0431 -27.003 6.65695, -42.4117 -27.003 6.29497, 
            -40.9691 -27.003 8.4321, -49.163 -44.027 12.07, -40.4132 -27.003 10.0569, -40.948 -10.948 11.372, 
            -48.9033 -34.698 12.411, -48.9034 -34.698 12.3721, -48.9023 -34.698 12.3652, -42.873 -27.003 5.84206, 
            -40.7902 -27.003 8.80489, -49.163 -44.178 12.07, -49.163 -44.102 12.063, -48.8999 -34.698 11.812, 
            -48.8999 -34.698 11.8037, -49.163 -44.251 12.09, -49.163 -44.319 12.122, -48.9029 -34.698 12.497, 
            -49.4422 -16.7442 11.7657, -49.4423 -16.7444 11.7655, -48.9034 -34.698 11.7819, -48.8999 -34.698 10.967, 
            -52.053 -39.769 11.548, -48.5637 -27.003 5.11132, -51.049 -22.604 10.441, -48.8997 -34.698 10.929, 
            -48.7617 -34.698 10.1357, -48.7564 -34.698 10.1052, -48.4846 -34.698 9.36337, -44.3983 -27.003 5.02827, 
            -44.7845 -27.003 4.88871, -48.4782 -34.698 9.34583, -48.079 -34.698 8.68223, -48.0785 -34.698 8.6815, 
            -40.734 -11.023 11.502, -43.3568 -27.003 5.52962, -48.0583 -34.698 8.65968, -40.5216 -27.003 9.69703, 
            -40.2237 -27.003 12.497, -42.0798 -34.698 11.758, -42.0805 -34.698 12.0462, -49.05 -44.102 11.642, 
            -48.5609 -27.003 5.11, -47.6654 -27.003 4.67751, -42.0805 -34.698 12.0537, -49.05 -44.251 11.655, 
            -47.6268 -27.003 4.67061, -46.7121 -27.003 4.50717, -42.0793 -34.698 12.3816, -42.0792 -34.698 12.3827, 
            -42.0793 -34.698 12.4075, -46.6344 -27.003 4.51512, -42.0789 -34.698 12.497, -49.05 -44.395 11.694, 
            -45.0879 -27.003 4.85836, -45.6285 -27.003 4.65069, -49.05 -44.53 11.757, -43.7986 -27.003 5.2446, 
            -42.4308 -34.698 10.0079, -45.7432 -27.003 4.60655, -42.0792 -34.698 11.5377, -42.1638 -34.698 10.9742, 
            -42.1966 -34.698 10.7581, -42.3681 -34.698 10.2084, -49.05 -44.652 11.842, -47.5699 -34.698 8.14576, 
            -47.557 -34.698 8.13722, -52.053 -38.695 12.168, -46.9494 -34.698 7.74491, -46.3371 -34.698 7.52393, 
            -51.416 -13.038 11.973, -52.053 -38.652 12.33, -46.9813 -34.698 7.75643, -46.2834 -34.698 7.5184, 
            -51.1748 -27.003 12.2942, -51.1745 -27.003 12.3777, -49.456 -16.745 10.89, -44.3481 -34.698 7.79559, 
            -44.2433 -34.698 7.86359, -45.6665 -34.698 7.45533, -44.9949 -34.698 7.54865, -44.9016 -34.698 7.58429, 
            -45.5917 -34.698 7.46574, -51.1748 -27.003 11.7348, -51.1714 -27.003 11.7601, -51.416 -12.925 11.731, 
            -51.1733 -27.003 12.2829, -51.1701 -27.003 10.4436, -51.1698 -27.003 10.3602, -42.7748 -34.698 9.31234, 
            -42.6885 -34.698 9.48713, -43.1173 -34.698 8.83802, -43.7495 -34.698 8.18402, -51.416 -13.107 12.232, 
            -43.2194 -34.698 8.69655, -43.641 -34.698 8.28886, -48.866 -44.53 11.322, -48.965 -34.603 12.497, 
            -51.169 -12.806 12.058, -48.866 -44.319 11.266, -51.169 -12.711 11.855, -51.169 -12.864 12.275, 
            -50.9769 -27.003 9.0304, -51.174 -27.003 12.497, -50.9878 -27.003 9.10562, -50.969 -12.464 11.998, 
            -51.169 -12.583 11.671, -49.5393 -16.9377 10.9173, -49.5231 -16.9004 10.9036, -50.969 -12.583 12.324, 
            -50.969 -12.538 12.156, -41.8292 -34.38 12.0176, -41.8275 -34.38 12.497, -41.7501 -34.2288 12.497, 
            -50.969 -12.241 11.731, -50.969 -12.364 11.855, -50.822 -12.122 12.058, -42.0735 -34.6891 12.046, 
            -49.35 -16.74 10.161, -41.9258 -34.5038 12.3768, -50.822 -12.272 12.379, -49.146 -16.728 9.486, 
            -51.416 -12.583 11.323, -51.416 -12.772 11.512, -51.416 -12.364 11.17, -49.163 -43.675 12.423, 
            -50.0192 -27.497 6.7272, -49.8018 -27.497 6.4428, -51.169 -12.424 11.512, -49.05 -43.26 12.349, 
            -50.822 -12.241 12.264, -42.605 -34.42 9.144, -50.822 -12.19 12.156, -42.222 -34.4 9.881, 
            -41.96 -34.387 10.686, -49.05 -43.299 12.205, -49.05 -43.362 12.07, -41.828 -34.38 11.528, 
            -50.732 -11.924 12.379, -50.732 -11.899 12.324, -40.2082 -27.497 12.4443, -40.2078 -27.497 12.3052, 
            -40.2093 -27.497 12.2946, -50.732 -11.94 12.438, -40.2103 -27.497 12.0419, -40.2082 -27.497 11.5053, 
            -49.05 -43.552 11.842, -40.376 -27.497 10.194, -40.2078 -27.497 11.3662, -47.585 -34.674 8.124, 
            -40.3934 -27.497 10.0719, -47.007 -34.644 7.702, -40.7618 -27.497 8.82915, -40.7374 -27.497 8.91135, 
            -42.8201 -27.497 5.87831, -42.0247 -27.497 6.65929, -46.364 -34.611 7.431, -41.6 -27.497 7.25113, 
            -41.9952 -27.497 6.68827, -41.2877 -27.497 7.7137, -41.3006 -27.497 7.68613, -49.05 -43.675 11.757, 
            -50.732 -11.821 12.232, -50.732 -11.864 12.275, -42.9221 -27.497 5.81243, -49.3316 -27.497 5.82923, 
            -49.0517 -27.497 5.59421, -48.5249 -27.497 5.1512, -48.1834 -27.497 4.98592, -49.05 -43.954 11.655, 
            -44.309 -34.507 7.605, -49.05 -43.81 11.694, -50.969 -12.098 11.631, -50.822 -12.038 11.973, 
            -44.989 -34.541 7.382, -50.822 -11.94 11.905, -43.7396 -27.497 5.28508, -43.9307 -27.497 5.21615, 
            -44.7193 -27.497 4.93114, -43.669 -34.474 7.983, -40.2084 -27.497 12.497, -45.683 -34.577 7.324, 
            -47.2333 -27.497 4.64837, -47.6318 -27.497 4.71957, -50.732 -11.771 12.197, -50.822 -11.832 11.855, 
            -48.849 -16.712 8.889, -49.05 -43.447 11.948, -45.0042 -27.497 4.90264, -45.0829 -27.497 4.89473, 
            -45.7218 -27.497 4.64891, -46.2409 -27.497 4.59566, -45.2486 -27.497 4.83105, -46.6845 -27.497 4.5503, 
            -43.094 -34.445 8.503, -48.866 -43.299 11.539, -48.866 -42.871 12.281, -51.1333 -27.497 12.2948, 
            -51.1318 -27.497 12.2834, -51.1298 -27.497 11.7592, -48.866 -42.927 12.07, -51.132 -27.497 11.3737, 
            -51.1283 -27.497 10.3643, -51.1333 -27.497 11.7339, -51.1326 -27.497 12.497, -48.866 -43.019 11.872, 
            -48.866 -43.144 11.694, -50.9353 -27.497 9.0395, -51.0773 -27.497 10.0129, -50.8323 -27.497 8.70205, 
            -48.866 -43.675 11.322, -48.6191 -35.003 11.7725, -48.6125 -35.003 11.8124, -50.5608 -27.497 7.81124, 
            -50.732 -11.256 12.438, -50.732 -11.271 12.379, -50.4022 -27.497 7.49417, -48.616 -42.519 12.219, 
            -50.732 -11.297 12.324, -48.473 -16.692 8.392, -48.616 -42.592 11.948, -48.618 -35.003 12.3751, 
            -48.6191 -35.003 12.3818, -48.6154 -35.003 11.8287, -48.031 -16.668 8.017, -48.6185 -35.003 12.497, 
            -48.616 -42.71 11.694, -48.6154 -35.003 10.9837, -48.6182 -35.003 11.573, -49.372 -27.043 5.797, 
            -50.732 -11.658 12.156, -48.4809 -35.003 10.223, -48.5811 -35.003 10.7896, -50.732 -11.717 12.171, 
            -48.2205 -35.003 9.52407, -48.4121 -35.003 10.0384, -48.307 -42.302 11.842, -48.307 -42.216 12.165, 
            -50.601 -27.11 7.793, -47.847 -35.003 8.91582, -48.1162 -35.003 9.35433, -48.616 -42.871 11.464, 
            -48.307 -42.635 11.266, -43.7442 -16.6302 12.0549, -42.3205 -35.003 12.3892, -42.3208 -35.003 12.3171, 
            -42.3201 -35.003 12.497, -42.3203 -35.003 12.4556, -42.3214 -35.003 11.9786, -42.3216 -35.003 12.0529, 
            -50.732 -11.479 12.171, -50.732 -11.537 12.156, -50.732 -11.598 12.15, -42.3201 -35.003 12.3921, 
            -42.6445 -35.003 10.1377, -42.4287 -35.003 10.8288, -42.5177 -35.003 10.5435, -48.866 -44.906 11.539, 
            -42.3637 -35.003 11.2568, -50.06 -27.081 6.702, -42.3201 -35.003 11.5471, -50.732 -11.375 12.232, 
            -48.866 -44.727 11.414, -50.732 -11.424 12.197, -47.7061 -35.003 8.76733, -48.616 -44.906 11.105, 
            -46.8358 -35.003 8.06383, -47.2007 -35.003 8.3052, -48.616 -44.381 10.914, -48.616 -44.652 10.986, 
            -48.307 -44.757 10.697, -46.0009 -35.003 7.82481, -45.6249 -35.003 7.78637, -47.3783 -35.003 8.42234, 
            -46.6238 -35.003 7.98729, -46.2427 -35.003 7.84972, -50.732 -11.332 12.275, -45.3617 -35.003 7.82303, 
            -48.866 -44.102 11.247, -48.616 -44.102 10.889, -42.9611 -35.003 9.49703, -42.7802 -35.003 9.86358, 
            -50.822 -11.364 11.855, -50.822 -11.256 11.905, -40.2005 -27.344 12.0303, -48.307 -44.435 10.61, 
            -48.307 -44.102 10.581, -50.822 -11.479 11.824, -47.021 -16.612 7.682, -48.1324 -35.498 11.9219, 
            -48.1199 -35.498 11.8512, -47.541 -16.641 7.778, -50.822 -11.598 11.813, -48.307 -45.06 10.838, 
            -40.1987 -27.344 12.497, -48.1346 -35.498 12.3927, -48.1329 -35.498 12.0266, -50.822 -11.717 11.824, 
            -40.198 -27.344 11.365, -40.2131 -27.1484 12.497, -40.2145 -27.1296 12.478, -47.95 -45.185 10.621, 
            -48.1355 -35.498 12.3984, -48.1351 -35.498 12.497, -40.2003 -27.3337 12.2934, -48.1355 -35.498 11.7565, 
            -48.866 -43.477 11.414, -51.169 -10.613 11.671, -51.416 -10.271 11.731, -51.416 -10.424 11.512, 
            -40.1995 -27.344 12.2935, -40.1995 -27.3442 12.2933, -51.169 -10.332 12.275, -48.866 -43.885 11.266, 
            -51.169 -10.484 11.855, -51.169 -10.39 12.058, -50.969 -10.732 11.998, -48.616 -43.299 11.105, 
            -40.198 -27.344 12.304, -48.1329 -35.498 11.1816, -48.1324 -35.498 11.0769, -48.0338 -35.498 10.5188, 
            -40.2006 -27.3185 12.497, -48.0167 -35.498 10.422, -45.361 -16.7136 8.22506, -51.169 -10.771 11.512, 
            -50.969 -10.955 11.731, -48.616 -43.823 10.914, -48.616 -43.069 11.266, -47.8224 -35.498 9.90038, 
            -47.7927 -35.498 9.8205, -48.307 -43.144 10.838, -48.616 -43.552 10.986, -50.822 -10.924 12.379, 
            -42.7882 -35.498 11.6737, -42.7894 -35.498 12.0597, -42.7892 -35.498 12.0957, -50.822 -10.955 12.264, 
            -42.7877 -35.498 12.4099, -42.788 -35.498 12.482, -42.7883 -35.498 12.4061, -42.788 -35.498 12.497, 
            -50.822 -11.005 12.156, -48.307 -43.447 10.697, -40.386 -27.364 10.064, -50.822 -11.074 12.058, 
            -48.307 -43.77 10.61, -48.307 -42.871 11.029, -43.3135 -35.498 9.84236, -43.2743 -35.498 9.9245, 
            -41.3 -27.464 7.681, -40.758 -27.405 8.819, -42.7877 -35.498 11.5649, -42.8612 -35.498 11.07, 
            -42.8769 -35.498 10.9641, -43.0243 -35.498 10.4811, -50.969 -10.832 11.855, -47.5066 -35.498 9.35491, 
            -50.822 -11.158 11.973, -47.4708 -35.498 9.29655, -47.0672 -35.498 8.87122, -46.6225 -35.498 8.57782, 
            -50.969 -11.098 11.631, -46.5997 -35.498 8.56274, -46.0955 -35.498 8.38064, -49.7423 -17.403 12.4835, 
            -49.7424 -17.403 12.497, -48.307 -42.443 11.539, -49.7416 -17.403 12.2342, -49.742 -17.403 12.3677, 
            -49.7428 -17.403 12.3737, -47.1005 -35.498 8.90628, -46.0895 -35.498 8.37846, -44.0156 -35.498 8.99382, 
            -50.969 -10.613 12.324, -45.9309 -35.498 8.36211, -45.5565 -35.498 8.33541, -45.0835 -27.4161 4.88883, 
            -45.5454 -35.498 8.33729, -47.95 -45.977 11.414, -45.027 -35.498 8.42534, -47.555 -46.416 12.09, 
            -50.969 -10.658 12.156, -49.7398 -17.403 11.7844, -49.7428 -17.403 11.6553, -49.7325 -17.403 11.7326, 
            -47.555 -46.137 11.322, -47.555 -46.31 11.694, -47.134 -46.416 11.655, -47.134 -46.527 12.07, 
            -43.0539 -35.498 10.384, -51.1701 -27.0986 11.7603, -45.0014 -35.498 8.43592, -51.1715 -27.1409 12.2827, 
            -51.1696 -27.1408 11.7603, -51.1696 -27.141 11.7601, -51.1715 -27.141 12.2828, -51.416 -10.089 12.232, 
            -51.173 -27.141 12.294, -51.416 -10.158 11.973, -51.1723 -27.141 12.497, -46.7 -46.565 12.063, 
            -46.7 -46.452 11.642, -46.265 -46.527 12.07, -46.265 -46.416 11.655, -51.173 -27.141 11.735, 
            -48.5672 -35.0549 12.377, -51.168 -27.141 10.359, -51.416 -11.598 10.964, -51.416 -11.332 10.988, 
            -51.416 -11.864 10.988, -51.416 -12.122 11.057, -50.975 -27.131 9.028, -49.6241 -17.403 9.9988, 
            -47.134 -46.235 11.266, -51.1702 -27.1521 12.2828, -49.7416 -17.403 11.2642, -49.7398 -17.403 10.8144, 
            -51.169 -12.038 11.289, -51.169 -11.821 11.231, -51.169 -12.241 11.384, -47.95 -45.494 10.838, 
            -47.95 -45.761 11.105, -47.555 -45.612 10.697, -49.6861 -17.403 10.4342, -47.555 -45.902 10.986, 
            -49.4004 -17.403 9.23867, -49.5182 -17.403 9.64001, -49.2432 -17.403 8.91198, -47.134 -45.988 10.914, 
            -47.134 -45.685 10.61, -49.0737 -17.403 8.5607, -46.7 -46.268 11.247, -48.6568 -17.403 7.99023, 
            -48.8676 -17.403 8.27914, -51.169 -11.598 11.211, -47.555 -45.277 10.461, -48.405 -17.403 7.76551, 
            -48.1631 -17.403 7.54977, -51.169 -11.375 11.231, -50.969 -11.598 11.497, -50.969 -11.771 11.512, 
            -43.2012 -17.403 12.056, -43.2002 -17.403 12.3601, -43.1992 -17.403 12.3667, -43.1996 -17.403 12.497, 
            -42.576 -35.327 11.557, -47.134 -45.333 10.364, -42.4053 -35.109 12.0553, -50.969 -11.424 11.512, 
            -46.7 -45.709 10.581, -43.1992 -17.403 11.4277, -43.3359 -17.403 10.5459, -43.3922 -17.403 10.3705, 
            -43.2267 -17.403 11.2519, -50.969 -11.94 11.557, -42.7367 -35.4555 12.0575, -42.5776 -35.327 12.0774, 
            -46.7 -46.018 10.889, -47.8709 -17.403 7.39511, -42.3885 -35.0889 12.3914, -42.5731 -35.3225 12.3978, 
            -46.265 -45.685 10.61, -42.5969 -35.3436 12.497, -42.7206 -35.4435 12.4815, -42.576 -35.327 12.402, 
            -46.265 -46.235 11.266, -42.5767 -35.327 12.3979, -42.4848 -35.2112 12.497, -42.4753 -35.1992 12.4866, 
            -42.5562 -35.3016 12.497, -42.5766 -35.327 12.398, -51.416 -10.613 11.323, -51.416 -10.832 11.17, 
            -46.0522 -17.403 7.28308, -46.4085 -17.403 7.16155, -46.6714 -17.403 7.14589, -47.6103 -17.403 7.25751, 
            -47.018 -17.403 7.12513, -47.2855 -17.403 7.18501, -49.9894 -27.802 6.74568, -49.6124 -27.802 6.25276, 
            -48.8365 -27.802 5.45797, -49.3045 -27.802 5.85089, -45.4551 -17.403 7.59279, -45.8046 -17.403 7.36727, 
            -42.5763 -35.327 12.497, -45.3968 -17.403 7.63046, -45.2517 -17.403 7.71101, -45.0499 -17.403 7.82278, 
            -44.4847 -17.403 8.32053, -44.1202 -17.403 8.79541, -51.169 -10.955 11.384, -44.6479 -17.403 8.17687, 
            -43.9951 -17.403 8.95804, -43.6947 -17.403 9.53823, -43.6057 -17.403 9.7098, -51.169 -11.158 11.289, 
            -50.2455 -27.802 7.25866, -50.5291 -27.802 7.82561, -43.178 -35.358 9.712, -42.882 -35.342 10.282, 
            -40.2273 -27.802 12.3077, -40.2288 -27.802 12.2972, -50.969 -11.256 11.557, -40.2297 -27.802 12.0651, 
            -40.2286 -27.802 11.785, -49.9563 -17.898 12.3638, -49.9558 -17.898 12.4822, -40.2279 -27.802 12.497, 
            -49.9558 -17.898 12.497, -40.2273 -27.802 11.3687, -40.353 -27.802 10.4922, -40.4104 -27.802 10.0901, 
            -49.9554 -17.898 12.3572, -49.9542 -17.898 11.9499, -49.9533 -17.898 11.7276, -49.9505 -17.898 11.7082, 
            -42.679 -35.332 10.905, -41.9889 -27.802 6.74236, -42.6929 -27.802 6.03429, -47.106 -14.698 11.9239, 
            -47.0554 -14.698 11.9979, -47.103 -14.698 12.0575, -41.8549 -27.802 6.93683, -41.3065 -27.802 7.73359, 
            -41.1736 -27.802 8.01588, -40.7744 -27.802 8.86282, -40.669 -27.802 9.2175, -47.1492 -14.698 12.1362, 
            -47.1501 -14.698 11.8348, -42.7989 -27.802 5.92768, -47.2164 -14.698 12.4152, -47.2039 -14.698 12.3184, 
            -47.1819 -14.698 12.2252, -48.501 -27.802 5.17582, -49.9563 -17.898 11.6652, -49.9542 -17.898 10.9799, 
            -47.1835 -14.698 11.7407, -45.56 -35.479 8.303, -47.9502 -27.802 4.90932, -43.7063 -27.802 5.32276, 
            -43.655 -27.802 5.35695, -47.6111 -27.802 4.74554, -46.9903 -27.802 4.63463, -45.7086 -27.802 4.67507, 
            -45.9979 -27.802 4.64539, -44.7054 -27.802 4.95471, -45.0801 -27.802 4.91701, -44.6791 -27.802 4.95734, 
            -44.3907 -27.802 5.06156, -49.8592 -17.898 10.0914, -49.9533 -17.898 10.7576, -46.6674 -27.802 4.57693, 
            -49.8288 -17.898 9.8777, -46.2882 -14.698 11.6662, -46.3176 -14.698 11.8176, -49.6438 -17.898 9.25104, 
            -49.5869 -17.898 9.05728, -49.3145 -17.898 8.49103, -51.0968 -27.802 12.0341, -51.0977 -27.802 12.2841, 
            -51.0993 -27.802 12.2955, -48.8809 -17.898 7.84227, -49.2346 -17.898 8.32552, -48.7847 -17.898 7.71051, 
            -51.0958 -27.802 11.7585, -47.6553 -17.898 6.91939, -47.763 -17.898 6.97629, -48.252 -17.898 7.2351, 
            -48.3577 -17.898 7.32935, -51.0993 -27.802 11.733, -51.0985 -27.802 12.497, -51.0968 -27.802 11.0641, 
            -42.8801 -17.898 12.357, -42.881 -17.898 12.3508, -43.3084 -17.898 9.57058, -43.2902 -17.898 9.62807, 
            -50.9022 -27.802 9.04909, -50.9995 -27.802 9.71645, -51.0943 -27.802 10.3689, -43.0234 -17.898 10.4712, 
            -43.0117 -17.898 10.5489, -50.7134 -27.802 8.43042, -42.8803 -17.898 12.4438, -42.882 -17.898 12.0371, 
            -42.8803 -17.898 11.5049, -42.8805 -17.898 12.497, -42.8801 -17.898 11.418, -47.1196 -17.898 6.7998, 
            -50.5201 -28.298 7.9887, -50.4775 -28.298 7.84898, -47.0162 -17.898 6.77665, -46.4526 -17.898 6.81039, 
            -47.2051 -14.698 11.6429, -46.3587 -17.898 6.81598, -45.7873 -17.898 7.01088, -45.707 -17.898 7.03822, 
            -45.5451 -17.898 7.14265, -45.5187 -17.898 7.1499, -44.2413 -17.898 8.05831, -44.2603 -17.898 8.04097, 
            -44.8743 -17.898 7.50749, -44.8518 -17.898 7.51993, -44.2406 -17.898 8.05922, -49.9907 -28.298 6.87566, 
            -43.7205 -17.898 8.7555, -43.7055 -17.898 8.7852, -49.3045 -28.298 5.94371, -49.9408 -28.298 6.77573, 
            -47.0429 -14.6958 11.9984, -47.0478 -14.6966 11.9987, -40.2604 -28.298 12.2952, -40.2604 -28.298 12.3014, 
            -40.2589 -28.298 12.3117, -40.4381 -28.298 10.1195, -40.3157 -28.298 10.9771, -41.316 -28.298 7.81078, 
            -40.9882 -28.298 8.5073, -46.9117 -14.6108 12.497, -42.952 -17.755 11.42, -42.9539 -17.755 12.0303, 
            -42.9529 -17.7551 12.353, -41.9848 -28.298 6.83957, -41.5972 -28.298 7.40222, -40.7948 -28.298 8.91756, 
            -43.354 -17.799 9.59, -40.5579 -28.298 9.71538, -43.086 -17.77 10.485, -42.3685 -28.298 6.45371, 
            -42.7787 -28.298 6.04147, -49.2604 -28.298 5.88611, -48.4865 -28.298 5.23642, -42.9524 -17.755 12.497, 
            -48.4621 -28.298 5.21585, -42.952 -17.755 12.359, -42.9529 -17.755 12.3531, -42.9612 -17.7433 12.3534, 
            -43.6678 -28.298 5.44852, -44.2736 -28.298 5.21733, -43.2731 -28.298 5.71186, -40.2595 -28.298 12.497, 
            -40.2612 -28.298 12.0698, -40.2589 -28.298 11.3727, -47.571 -28.298 4.78839, -46.6389 -28.298 4.63147, 
            -47.577 -28.298 4.78942, -47.7432 -28.298 4.868, -46.9648 -14.6847 12.0052, -45.6886 -28.298 4.73826, 
            -46.5979 -28.298 4.63607, -46.9685 -14.6852 12.0054, -45.6138 -28.298 4.76789, -44.6204 -28.298 5.08495, 
            -44.8958 -28.298 5.05171, -46.8953 -14.6778 12.0105, -46.8983 -14.6781 12.0106, -51.0432 -28.298 12.497, 
            -51.0433 -28.298 12.4811, -51.044 -28.298 12.2966, -44.242 -17.896 8.059, -43.744 -17.842 8.771, 
            -45.5609 -17.7569 7.24424, -51.0424 -28.298 12.2853, -51.0405 -28.298 11.7571, -51.0396 -28.298 10.5607, 
            -51.039 -28.298 10.3763, -51.044 -28.298 11.7315, -50.8731 -28.298 9.23428, -50.8483 -28.298 9.06469, 
            -45.4215 -17.4581 7.57082, -46.7636 -14.6722 12.0144, -40.2505 -28.1302 12.086, -40.2472 -28.0787 12.0862, 
            -44.8934 -28.1424 5.0124, -44.675 -27.833 4.96, -45.0793 -27.8775 4.92254, -45.692 -28.186 4.708, 
            -47.578 -28.289 4.787, -46.643 -28.238 4.615, -51.0654 -28.0743 11.7578, -51.045 -28.2825 12.497
          ]
        }
        coordIndex
        [
          0,1,2,-1, 3,4,5,-1, 5,4,6,-1, 7,8,9,-1, 9,8,10,-1, 11,12,13,-1, 
          13,12,14,-1, 15,16,17,-1, 17,16,18,-1, 19,20,21,-1, 21,20,22,-1, 23,24,25,-1, 
          26,27,28,-1, 28,27,29,-1, 30,31,32,-1, 32,31,33,-1, 34,35,36,-1, 35,34,37,-1, 
          38,39,40,-1, 39,38,41,-1, 42,43,44,-1, 45,46,47,-1, 43,42,48,-1, 49,50,51,-1, 
          50,49,52,-1, 53,54,55,-1, 54,53,56,-1, 57,58,59,-1, 60,46,45,-1, 61,60,45,-1, 
          62,63,46,-1, 47,46,63,-1, 46,64,62,-1, 65,62,64,-1, 66,67,68,-1, 64,46,69,-1, 
          68,70,71,-1, 67,72,70,-1, 72,67,73,-1, 74,75,76,-1, 70,68,67,-1, 77,73,67,-1, 
          78,79,80,-1, 81,79,82,-1, 62,83,63,-1, 79,84,62,-1, 83,62,84,-1, 79,81,84,-1, 
          85,24,86,-1, 87,24,88,-1, 89,90,91,-1, 92,73,77,-1, 85,93,24,-1, 67,66,94,-1, 
          95,96,97,-1, 98,95,97,-1, 88,24,99,-1, 23,99,24,-1, 100,25,24,-1, 87,86,24,-1, 
          101,102,103,-1, 67,94,77,-1, 104,77,94,-1, 103,77,104,-1, 105,106,107,-1, 108,109,110,-1, 
          102,92,77,-1, 111,112,107,-1, 92,102,113,-1, 77,103,102,-1, 114,115,20,-1, 116,117,112,-1, 
          112,118,116,-1, 96,116,118,-1, 119,120,19,-1, 118,121,96,-1, 121,97,96,-1, 122,123,113,-1, 
          124,123,122,-1, 125,126,19,-1, 125,19,120,-1, 127,102,101,-1, 20,19,128,-1, 126,128,19,-1, 
          129,130,19,-1, 130,119,19,-1, 131,20,128,-1, 132,133,124,-1, 134,133,132,-1, 135,19,136,-1, 
          137,19,138,-1, 139,140,141,-1, 142,124,122,-1, 132,124,142,-1, 138,19,143,-1, 144,145,146,-1, 
          143,19,93,-1, 113,147,122,-1, 147,113,102,-1, 136,19,137,-1, 148,129,19,-1, 24,93,19,-1, 
          102,127,147,-1, 131,114,20,-1, 149,122,147,-1, 135,148,19,-1, 147,127,150,-1, 151,152,153,-1, 
          154,155,156,-1, 157,156,158,-1, 159,157,160,-1, 161,108,159,-1, 162,163,164,-1, 160,161,159,-1, 
          165,166,167,-1, 167,168,165,-1, 169,52,170,-1, 167,73,168,-1, 171,172,173,-1, 174,175,176,-1, 
          177,178,174,-1, 178,177,165,-1, 178,165,168,-1, 173,179,180,-1, 181,152,151,-1, 175,174,178,-1, 
          168,92,182,-1, 183,184,75,-1, 184,185,75,-1, 185,76,75,-1, 75,74,186,-1, 187,75,186,-1, 
          188,52,187,-1, 170,52,188,-1, 75,187,52,-1, 58,57,189,-1, 190,191,171,-1, 192,193,194,-1, 
          193,192,195,-1, 196,197,198,-1, 197,196,199,-1, 200,201,202,-1, 201,200,203,-1, 204,205,206,-1, 
          205,204,207,-1, 208,209,210,-1, 209,208,211,-1, 212,213,214,-1, 214,213,215,-1, 216,217,218,-1, 
          219,220,221,-1, 218,217,222,-1, 223,224,225,-1, 225,224,226,-1, 227,228,229,-1, 229,228,230,-1, 
          231,232,233,-1, 233,232,234,-1, 235,236,237,-1, 237,236,238,-1, 239,240,241,-1, 242,91,243,-1, 
          91,242,244,-1, 245,246,247,-1, 248,247,246,-1, 249,250,251,-1, 251,252,249,-1, 253,254,255,-1, 
          256,255,254,-1, 257,258,259,-1, 260,259,258,-1, 31,37,261,-1, 1,0,261,-1, 0,6,261,-1, 
          6,4,261,-1, 4,10,261,-1, 10,8,261,-1, 8,14,261,-1, 14,12,261,-1, 12,18,261,-1, 
          18,16,261,-1, 16,22,261,-1, 22,20,261,-1, 20,29,261,-1, 29,27,261,-1, 27,33,261,-1, 
          33,31,261,-1, 37,34,261,-1, 34,41,261,-1, 41,38,261,-1, 38,48,261,-1, 48,42,261,-1, 
          42,52,261,-1, 52,49,261,-1, 49,56,261,-1, 56,53,261,-1, 53,189,261,-1, 189,57,261,-1, 
          57,195,261,-1, 195,192,261,-1, 192,199,261,-1, 199,196,261,-1, 196,203,261,-1, 203,200,261,-1, 
          200,207,261,-1, 207,204,261,-1, 243,261,204,-1, 204,211,243,-1, 211,208,243,-1, 208,254,243,-1, 
          254,253,243,-1, 253,215,243,-1, 215,213,243,-1, 213,222,243,-1, 222,217,243,-1, 217,226,243,-1, 
          242,243,226,-1, 242,226,224,-1, 242,224,230,-1, 242,230,228,-1, 242,228,250,-1, 242,250,249,-1, 
          242,249,234,-1, 242,234,232,-1, 242,232,238,-1, 242,238,236,-1, 242,236,246,-1, 242,246,245,-1, 
          262,263,264,-1, 265,258,266,-1, 267,258,268,-1, 1,269,270,-1, 271,258,267,-1, 268,258,265,-1, 
          272,273,258,-1, 274,275,276,-1, 1,270,2,-1, 271,272,258,-1, 5,277,278,-1, 5,278,3,-1, 
          279,258,273,-1, 276,275,280,-1, 9,281,282,-1, 9,282,7,-1, 11,283,284,-1, 285,286,279,-1, 
          13,283,11,-1, 17,287,288,-1, 17,288,15,-1, 289,24,21,-1, 19,21,24,-1, 28,290,291,-1, 
          28,291,26,-1, 32,292,293,-1, 32,293,30,-1, 294,295,296,-1, 35,297,298,-1, 35,298,36,-1, 
          39,299,300,-1, 39,300,40,-1, 44,301,302,-1, 43,301,44,-1, 303,304,295,-1, 51,305,306,-1, 
          50,305,51,-1, 179,173,172,-1, 307,55,308,-1, 54,308,55,-1, 309,303,295,-1, 59,310,311,-1, 
          312,313,89,-1, 310,59,58,-1, 314,315,316,-1, 317,312,89,-1, 318,194,319,-1, 193,319,194,-1, 
          152,181,314,-1, 89,320,317,-1, 321,198,322,-1, 197,322,198,-1, 323,324,325,-1, 326,202,327,-1, 
          201,327,202,-1, 168,73,92,-1, 320,89,328,-1, 329,330,331,-1, 332,333,329,-1, 334,174,176,-1, 
          335,333,332,-1, 334,176,336,-1, 89,337,328,-1, 331,338,163,-1, 339,337,89,-1, 178,168,182,-1, 
          340,339,89,-1, 341,340,89,-1, 342,341,89,-1, 343,333,335,-1, 344,333,345,-1, 346,347,348,-1, 
          346,348,349,-1, 350,336,351,-1, 348,347,352,-1, 353,354,352,-1, 316,315,179,-1, 351,336,176,-1, 
          355,342,89,-1, 172,171,356,-1, 89,357,355,-1, 358,359,360,-1, 361,362,363,-1, 362,364,363,-1, 
          365,153,152,-1, 178,182,175,-1, 363,347,361,-1, 175,182,123,-1, 366,367,368,-1, 191,241,369,-1, 
          113,123,182,-1, 182,92,113,-1, 370,367,371,-1, 371,367,372,-1, 373,367,374,-1, 356,171,191,-1, 
          360,359,375,-1, 353,347,359,-1, 376,368,367,-1, 366,374,367,-1, 372,367,373,-1, 377,206,378,-1, 
          205,378,206,-1, 240,239,379,-1, 364,380,363,-1, 209,381,382,-1, 209,382,210,-1, 212,383,384,-1, 
          214,383,212,-1, 379,239,385,-1, 346,361,347,-1, 218,386,387,-1, 218,387,216,-1, 353,352,347,-1, 
          225,388,389,-1, 225,389,223,-1, 385,239,390,-1, 229,391,392,-1, 229,392,227,-1, 231,393,394,-1, 
          233,393,231,-1, 375,347,380,-1, 395,390,258,-1, 258,396,395,-1, 397,237,398,-1, 237,397,235,-1, 
          375,359,347,-1, 399,211,400,-1, 400,211,370,-1, 367,370,211,-1, 369,241,240,-1, 401,156,155,-1, 
          155,153,365,-1, 163,162,401,-1, 402,333,343,-1, 345,333,402,-1, 280,333,344,-1, 264,275,274,-1, 
          146,263,262,-1, 91,244,286,-1, 286,89,91,-1, 380,347,363,-1, 247,403,404,-1, 248,403,247,-1, 
          252,251,405,-1, 406,405,251,-1, 358,354,359,-1, 255,407,408,-1, 256,407,255,-1, 362,361,346,-1, 
          346,349,362,-1, 409,362,349,-1, 410,362,409,-1, 334,411,412,-1, 174,412,177,-1, 413,414,409,-1, 
          415,416,258,-1, 417,418,419,-1, 420,419,421,-1, 421,419,418,-1, 421,418,422,-1, 421,422,423,-1, 
          421,423,424,-1, 421,424,425,-1, 421,425,426,-1, 421,426,427,-1, 421,427,428,-1, 421,428,429,-1, 
          421,429,430,-1, 421,430,431,-1, 421,431,432,-1, 421,432,433,-1, 421,433,434,-1, 421,434,435,-1, 
          421,435,436,-1, 421,436,437,-1, 421,437,438,-1, 421,438,367,-1, 421,367,439,-1, 421,439,440,-1, 
          421,440,441,-1, 421,441,442,-1, 421,442,443,-1, 421,443,444,-1, 421,444,445,-1, 421,445,446,-1, 
          421,446,447,-1, 421,447,448,-1, 421,448,449,-1, 421,449,450,-1, 421,450,451,-1, 421,451,75,-1, 
          421,75,452,-1, 421,452,453,-1, 454,455,456,-1, 457,456,455,-1, 458,457,455,-1, 459,460,457,-1, 
          460,461,457,-1, 461,462,457,-1, 463,457,354,-1, 354,464,463,-1, 465,463,464,-1, 464,466,465,-1, 
          466,467,465,-1, 467,468,465,-1, 468,469,465,-1, 469,470,465,-1, 470,471,465,-1, 471,472,465,-1, 
          472,473,465,-1, 474,465,473,-1, 475,354,457,-1, 476,459,457,-1, 456,477,454,-1, 174,334,412,-1, 
          478,479,480,-1, 480,481,478,-1, 482,483,478,-1, 478,484,485,-1, 486,487,478,-1, 485,486,478,-1, 
          488,489,478,-1, 490,491,478,-1, 491,492,478,-1, 493,494,478,-1, 176,175,495,-1, 496,141,140,-1, 
          497,498,90,-1, 499,90,500,-1, 501,364,362,-1, 176,495,351,-1, 175,123,495,-1, 410,502,362,-1, 
          502,503,362,-1, 501,362,503,-1, 495,133,351,-1, 501,503,504,-1, 501,504,505,-1, 495,123,124,-1, 
          475,352,354,-1, 359,354,353,-1, 133,495,124,-1, 414,506,504,-1, 502,410,414,-1, 357,89,507,-1, 
          414,504,503,-1, 503,502,414,-1, 508,509,510,-1, 508,510,511,-1, 512,330,513,-1, 333,513,330,-1, 
          507,89,514,-1, 410,409,414,-1, 413,515,414,-1, 513,516,512,-1, 505,504,506,-1, 513,517,516,-1, 
          518,516,517,-1, 330,512,338,-1, 338,512,519,-1, 520,521,522,-1, 523,524,515,-1, 525,526,512,-1, 
          521,520,527,-1, 519,526,164,-1, 325,524,523,-1, 512,526,519,-1, 528,529,527,-1, 414,515,524,-1, 
          528,508,529,-1, 506,414,530,-1, 524,530,414,-1, 530,524,531,-1, 528,532,508,-1, 532,533,509,-1, 
          508,532,509,-1, 534,535,536,-1, 521,537,522,-1, 538,286,539,-1, 527,529,521,-1, 540,541,542,-1, 
          543,544,541,-1, 545,531,524,-1, 546,547,548,-1, 457,549,456,-1, 550,546,548,-1, 551,550,548,-1, 
          552,551,548,-1, 524,325,324,-1, 545,324,553,-1, 524,324,545,-1, 548,554,552,-1, 555,549,556,-1, 
          548,557,558,-1, 559,560,561,-1, 521,562,537,-1, 521,529,562,-1, 563,324,323,-1, 529,564,562,-1, 
          564,529,508,-1, 565,564,511,-1, 511,564,508,-1, 535,566,567,-1, 568,569,570,-1, 571,537,562,-1, 
          567,536,535,-1, 572,537,571,-1, 573,562,564,-1, 574,570,569,-1, 477,573,575,-1, 575,564,565,-1, 
          576,577,578,-1, 571,562,573,-1, 571,555,572,-1, 548,579,557,-1, 571,573,549,-1, 570,574,548,-1, 
          579,548,574,-1, 571,549,555,-1, 580,581,582,-1, 573,456,549,-1, 564,575,573,-1, 573,477,456,-1, 
          569,568,583,-1, 584,555,585,-1, 270,586,557,-1, 555,556,585,-1, 549,457,463,-1, 587,577,563,-1, 
          588,553,324,-1, 589,585,556,-1, 590,589,474,-1, 549,463,556,-1, 465,556,463,-1, 474,556,465,-1, 
          324,563,577,-1, 578,577,587,-1, 591,585,589,-1, 576,592,577,-1, 324,577,588,-1, 593,594,595,-1, 
          577,596,588,-1, 594,597,598,-1, 596,577,592,-1, 556,474,589,-1, 591,589,599,-1, 589,590,600,-1, 
          599,589,600,-1, 578,601,576,-1, 602,603,604,-1, 576,582,581,-1, 582,576,601,-1, 605,606,591,-1, 
          607,581,580,-1, 605,591,599,-1, 603,608,609,-1, 610,611,560,-1, 581,607,560,-1, 561,560,607,-1, 
          608,612,613,-1, 614,615,616,-1, 592,576,617,-1, 618,599,600,-1, 576,581,619,-1, 576,619,617,-1, 
          616,599,618,-1, 619,581,620,-1, 164,526,162,-1, 581,560,621,-1, 620,581,621,-1, 560,622,621,-1, 
          512,516,525,-1, 623,624,522,-1, 625,87,88,-1, 526,525,626,-1, 99,627,88,-1, 625,88,627,-1, 
          23,627,99,-1, 25,628,23,-1, 627,23,628,-1, 100,629,630,-1, 631,623,522,-1, 631,522,537,-1, 
          158,162,632,-1, 526,632,162,-1, 628,25,630,-1, 100,630,25,-1, 626,632,526,-1, 633,93,634,-1, 
          85,634,93,-1, 635,636,49,-1, 637,160,632,-1, 158,632,160,-1, 638,623,639,-1, 639,623,640,-1, 
          631,640,623,-1, 572,631,537,-1, 631,572,640,-1, 641,626,642,-1, 638,639,643,-1, 160,637,161,-1, 
          644,108,637,-1, 161,637,108,-1, 645,646,640,-1, 626,647,632,-1, 632,647,637,-1, 647,626,641,-1, 
          637,647,648,-1, 646,649,643,-1, 647,641,650,-1, 651,652,306,-1, 651,306,653,-1, 646,643,639,-1, 
          654,306,652,-1, 639,640,646,-1, 640,572,584,-1, 640,584,645,-1, 655,306,654,-1, 584,572,555,-1, 
          656,653,306,-1, 657,658,594,-1, 649,646,659,-1, 660,286,538,-1, 661,51,662,-1, 645,663,646,-1, 
          664,286,665,-1, 660,666,286,-1, 667,51,668,-1, 669,286,670,-1, 671,286,672,-1, 673,672,286,-1, 
          674,594,675,-1, 306,655,676,-1, 306,676,51,-1, 677,51,661,-1, 678,51,677,-1, 662,51,679,-1, 
          680,208,681,-1, 605,682,606,-1, 683,649,659,-1, 659,646,663,-1, 684,584,585,-1, 685,686,208,-1, 
          286,687,688,-1, 680,689,208,-1, 685,208,689,-1, 683,659,690,-1, 691,692,208,-1, 659,693,690,-1, 
          693,659,663,-1, 663,606,693,-1, 645,684,663,-1, 684,645,584,-1, 694,382,695,-1, 696,695,382,-1, 
          697,594,698,-1, 684,606,663,-1, 699,382,700,-1, 684,585,591,-1, 382,701,696,-1, 702,382,703,-1, 
          684,591,606,-1, 704,594,705,-1, 706,210,707,-1, 708,210,706,-1, 704,709,594,-1, 710,683,690,-1, 
          707,210,711,-1, 710,690,712,-1, 86,713,85,-1, 690,693,714,-1, 709,715,594,-1, 716,286,717,-1, 
          718,630,629,-1, 712,719,710,-1, 720,286,721,-1, 722,594,723,-1, 720,724,286,-1, 682,693,606,-1, 
          725,286,724,-1, 693,682,714,-1, 627,726,625,-1, 727,723,594,-1, 727,594,728,-1, 627,628,726,-1, 
          729,594,722,-1, 714,712,690,-1, 730,719,712,-1, 731,730,714,-1, 732,143,633,-1, 733,286,734,-1, 
          734,286,735,-1, 736,737,286,-1, 634,85,713,-1, 738,286,725,-1, 739,87,625,-1, 713,86,739,-1, 
          87,739,86,-1, 740,558,557,-1, 687,286,741,-1, 737,741,286,-1, 738,735,286,-1, 733,736,286,-1, 
          742,286,688,-1, 286,742,743,-1, 743,744,286,-1, 286,744,745,-1, 745,539,286,-1, 746,286,747,-1, 
          666,747,286,-1, 673,286,746,-1, 671,665,286,-1, 664,670,286,-1, 286,669,89,-1, 748,740,557,-1, 
          289,718,629,-1, 257,266,258,-1, 717,286,285,-1, 749,286,716,-1, 750,286,751,-1, 751,286,749,-1, 
          750,721,286,-1, 752,586,270,-1, 753,754,755,-1, 289,629,24,-1, 296,98,97,-1, 117,107,112,-1, 
          756,106,105,-1, 110,757,108,-1, 757,758,108,-1, 758,159,108,-1, 158,160,157,-1, 162,158,156,-1, 
          156,401,162,-1, 153,155,154,-1, 315,314,181,-1, 180,179,315,-1, 241,191,190,-1, 239,260,258,-1, 
          258,390,239,-1, 759,128,760,-1, 761,270,762,-1, 131,128,759,-1, 126,760,128,-1, 763,610,559,-1, 
          764,765,270,-1, 762,270,765,-1, 764,270,766,-1, 767,768,769,-1, 766,270,770,-1, 771,270,772,-1, 
          560,559,610,-1, 773,774,775,-1, 776,270,777,-1, 773,775,778,-1, 773,778,779,-1, 779,778,780,-1, 
          610,763,115,-1, 780,755,781,-1, 782,131,759,-1, 783,270,784,-1, 785,786,767,-1, 787,131,782,-1, 
          622,560,611,-1, 780,781,779,-1, 611,610,788,-1, 788,610,789,-1, 779,781,528,-1, 528,781,532,-1, 
          781,755,786,-1, 786,755,768,-1, 789,610,787,-1, 768,767,786,-1, 786,532,781,-1, 114,787,115,-1, 
          610,115,787,-1, 786,785,790,-1, 533,532,790,-1, 786,790,532,-1, 114,131,787,-1, 791,792,793,-1, 
          787,794,789,-1, 792,791,795,-1, 796,797,798,-1, 794,787,782,-1, 799,800,801,-1, 802,803,804,-1, 
          805,806,799,-1, 807,804,803,-1, 120,119,808,-1, 809,808,810,-1, 811,812,805,-1, 520,774,773,-1, 
          793,792,813,-1, 808,814,125,-1, 120,808,125,-1, 815,793,813,-1, 520,816,774,-1, 792,817,813,-1, 
          795,818,792,-1, 779,527,773,-1, 818,795,819,-1, 520,773,527,-1, 779,528,527,-1, 817,792,818,-1, 
          803,816,807,-1, 816,803,774,-1, 148,820,129,-1, 820,148,821,-1, 135,821,148,-1, 624,807,816,-1, 
          136,822,135,-1, 821,135,822,-1, 816,520,522,-1, 125,823,126,-1, 119,810,808,-1, 522,624,816,-1, 
          824,815,813,-1, 825,826,775,-1, 817,827,813,-1, 826,828,778,-1, 753,755,780,-1, 784,270,829,-1, 
          829,270,830,-1, 814,808,809,-1, 130,831,119,-1, 810,119,831,-1, 832,833,834,-1, 831,130,835,-1, 
          129,835,130,-1, 823,125,814,-1, 543,220,544,-1, 834,836,837,-1, 820,835,129,-1, 754,769,768,-1, 
          570,548,838,-1, 839,51,678,-1, 840,51,667,-1, 839,668,51,-1, 541,841,833,-1, 842,51,843,-1, 
          844,845,846,-1, 847,51,848,-1, 849,850,851,-1, 544,852,542,-1, 846,853,854,-1, 855,49,856,-1, 
          857,858,849,-1, 838,540,568,-1, 859,838,548,-1, 844,846,854,-1, 860,861,49,-1, 542,583,568,-1, 
          791,793,853,-1, 547,859,548,-1, 856,49,861,-1, 862,49,863,-1, 864,865,866,-1, 568,570,838,-1, 
          802,867,868,-1, 51,840,848,-1, 869,51,847,-1, 869,843,51,-1, 870,51,842,-1, 871,51,870,-1, 
          802,868,872,-1, 679,51,676,-1, 873,874,811,-1, 871,875,49,-1, 875,863,49,-1, 862,860,49,-1, 
          51,871,49,-1, 780,778,828,-1, 828,753,780,-1, 768,755,754,-1, 876,451,877,-1, 878,451,879,-1, 
          866,880,881,-1, 878,882,451,-1, 882,877,451,-1, 879,451,883,-1, 867,865,884,-1, 884,868,867,-1, 
          885,269,886,-1, 872,887,802,-1, 775,887,825,-1, 872,825,887,-1, 778,775,826,-1, 888,269,885,-1, 
          889,90,890,-1, 891,269,892,-1, 880,866,865,-1, 864,884,865,-1, 893,269,894,-1, 895,269,893,-1, 
          896,451,897,-1, 898,269,899,-1, 900,90,889,-1, 901,270,898,-1, 902,270,901,-1, 903,270,902,-1, 
          894,269,891,-1, 803,802,887,-1, 904,90,905,-1, 269,895,906,-1, 904,890,90,-1, 774,887,775,-1, 
          803,887,774,-1, 907,908,909,-1, 910,854,815,-1, 911,912,90,-1, 908,907,913,-1, 851,913,907,-1, 
          793,854,853,-1, 851,850,913,-1, 815,854,793,-1, 850,849,858,-1, 914,915,857,-1, 858,857,915,-1, 
          844,910,916,-1, 910,844,854,-1, 881,917,914,-1, 49,918,919,-1, 920,910,815,-1, 921,49,922,-1, 
          636,922,49,-1, 918,49,921,-1, 855,635,49,-1, 919,923,49,-1, 923,897,49,-1, 451,49,897,-1, 
          883,451,896,-1, 915,914,917,-1, 917,881,880,-1, 924,210,925,-1, 920,815,824,-1, 925,210,708,-1, 
          920,824,926,-1, 927,920,926,-1, 928,929,210,-1, 824,930,926,-1, 210,931,932,-1, 932,928,210,-1, 
          824,813,827,-1, 933,208,692,-1, 930,824,827,-1, 934,90,935,-1, 691,208,936,-1, 827,937,938,-1, 
          939,858,915,-1, 940,90,941,-1, 938,930,827,-1, 942,915,917,-1, 927,943,944,-1, 945,90,946,-1, 
          943,927,926,-1, 880,865,947,-1, 948,210,949,-1, 865,867,950,-1, 926,930,411,-1, 929,951,210,-1, 
          952,210,951,-1, 953,954,90,-1, 955,90,954,-1, 90,956,911,-1, 916,957,958,-1, 957,916,910,-1, 
          957,910,920,-1, 952,949,210,-1, 959,917,880,-1, 959,942,917,-1, 960,936,208,-1, 703,382,694,-1, 
          702,700,382,-1, 711,210,699,-1, 961,210,924,-1, 962,270,903,-1, 947,959,880,-1, 958,957,963,-1, 
          964,965,208,-1, 966,958,963,-1, 865,950,947,-1, 967,968,210,-1, 963,957,927,-1, 950,867,804,-1, 
          927,957,920,-1, 969,210,948,-1, 969,967,210,-1, 802,804,867,-1, 968,964,208,-1, 965,960,208,-1, 
          961,931,210,-1, 382,699,210,-1, 208,210,968,-1, 921,970,918,-1, 966,971,972,-1, 886,269,973,-1, 
          974,942,959,-1, 944,963,927,-1, 973,269,975,-1, 922,976,921,-1, 970,921,976,-1, 636,977,922,-1, 
          976,922,977,-1, 959,947,978,-1, 947,950,979,-1, 980,950,804,-1, 977,636,981,-1, 635,981,636,-1, 
          979,950,980,-1, 981,635,982,-1, 855,982,635,-1, 909,983,984,-1, 982,855,985,-1, 856,985,855,-1, 
          986,987,873,-1, 988,836,986,-1, 989,836,988,-1, 990,836,991,-1, 991,836,989,-1, 837,836,990,-1, 
          984,983,992,-1, 517,993,518,-1, 983,909,908,-1, 760,126,823,-1, 994,983,908,-1, 995,269,996,-1, 
          993,997,518,-1, 908,913,998,-1, 993,999,997,-1, 1000,269,995,-1, 998,994,908,-1, 999,1001,997,-1, 
          137,1002,136,-1, 822,136,1002,-1, 858,1003,850,-1, 1002,137,1004,-1, 138,1004,137,-1, 999,1005,1001,-1, 
          983,1006,992,-1, 143,732,138,-1, 1004,138,732,-1, 992,1006,1007,-1, 93,633,143,-1, 1006,983,994,-1, 
          1007,1006,1008,-1, 1009,269,1000,-1, 269,1009,975,-1, 518,997,1010,-1, 997,1001,1011,-1, 998,1012,1013,-1, 
          1014,269,1015,-1, 1016,269,1017,-1, 1017,269,1014,-1, 850,1012,913,-1, 913,1012,998,-1, 996,269,1018,-1, 
          858,939,1003,-1, 1016,1018,269,-1, 997,1011,1010,-1, 942,939,915,-1, 998,1019,994,-1, 1020,1021,269,-1, 
          1019,998,1013,-1, 850,1003,1012,-1, 1012,1003,1022,-1, 1003,939,1023,-1, 1022,1003,1023,-1, 1024,269,1025,-1, 
          1026,269,1027,-1, 1024,1027,269,-1, 1012,1022,1013,-1, 1028,269,1026,-1, 1028,1015,269,-1, 1029,1013,1022,-1, 
          888,892,269,-1, 906,899,269,-1, 269,898,270,-1, 1030,270,962,-1, 830,270,1030,-1, 783,777,270,-1, 
          1031,462,1032,-1, 269,1033,1020,-1, 1021,1025,269,-1, 1023,1034,1022,-1, 776,772,270,-1, 771,770,270,-1, 
          1035,270,761,-1, 1035,752,270,-1, 586,1036,557,-1, 558,554,548,-1, 1036,748,557,-1, 1006,1037,1008,-1, 
          1006,994,1038,-1, 1031,1039,462,-1, 1040,462,1039,-1, 1019,1038,994,-1, 1041,1042,1043,-1, 1037,1044,1008,-1, 
          1006,1038,1037,-1, 1037,1042,1041,-1, 1044,1037,1041,-1, 473,1045,1046,-1, 1047,1048,1045,-1, 1049,1032,462,-1, 
          1038,1019,1050,-1, 1048,1046,1045,-1, 525,516,1051,-1, 1052,1049,462,-1, 1043,1042,1053,-1, 1051,516,518,-1, 
          1051,518,1010,-1, 1054,462,1040,-1, 1038,1055,1037,-1, 1037,1055,1042,-1, 1005,845,1056,-1, 1057,144,1058,-1, 
          1038,1050,1055,-1, 844,1056,845,-1, 1059,462,1060,-1, 1001,1061,1011,-1, 1019,1013,1062,-1, 1005,1056,1001,-1, 
          1054,1060,462,-1, 1056,1061,1001,-1, 916,1056,844,-1, 1050,1019,1062,-1, 1063,144,1057,-1, 1056,916,1061,-1, 
          1061,916,958,-1, 1064,29,1065,-1, 145,144,1063,-1, 1062,1013,1029,-1, 1051,1010,1066,-1, 1066,642,1051,-1, 
          1067,1055,1050,-1, 1068,1050,1062,-1, 263,146,145,-1, 861,1069,856,-1, 856,1069,985,-1, 1010,1070,1066,-1, 
          1068,1067,1050,-1, 1011,1070,1010,-1, 1068,1062,1071,-1, 275,264,1072,-1, 1073,1074,652,-1, 1072,264,263,-1, 
          1053,1075,1076,-1, 654,652,1074,-1, 1075,1053,1042,-1, 1073,652,1077,-1, 1078,1077,652,-1, 1042,1055,1079,-1, 
          1051,642,525,-1, 651,1078,652,-1, 1042,1079,1075,-1, 333,280,1080,-1, 525,642,626,-1, 1078,1081,1077,-1, 
          1082,653,656,-1, 1082,656,1083,-1, 1084,905,90,-1, 1085,1086,1075,-1, 1076,1075,1086,-1, 1086,1085,1087,-1, 
          1075,1088,1085,-1, 1081,1078,1082,-1, 653,1082,1078,-1, 653,1078,651,-1, 1075,1079,1088,-1, 1089,90,1090,-1, 
          1091,662,1092,-1, 1079,1093,1088,-1, 676,1094,679,-1, 1092,679,1094,-1, 1089,1084,90,-1, 1094,676,1095,-1, 
          655,1095,676,-1, 1067,1079,1055,-1, 1096,1097,90,-1, 654,1074,655,-1, 1095,655,1074,-1, 1079,1067,1093,-1, 
          1098,1096,90,-1, 1097,1090,90,-1, 90,1099,1098,-1, 305,1083,656,-1, 656,306,305,-1, 1087,1085,1100,-1, 
          1101,1011,1061,-1, 1011,1101,1070,-1, 1101,1061,958,-1, 1102,848,1103,-1, 1104,1088,1093,-1, 972,1070,1101,-1, 
          1105,839,1106,-1, 678,1106,839,-1, 677,1107,678,-1, 1106,678,1107,-1, 966,972,1101,-1, 1108,661,1091,-1, 
          662,1091,661,-1, 679,1092,662,-1, 1085,1109,1100,-1, 966,1101,958,-1, 668,1110,667,-1, 1111,667,1110,-1, 
          1100,1109,1112,-1, 1110,668,1105,-1, 839,1105,668,-1, 667,1111,840,-1, 1103,840,1111,-1, 1113,1114,1115,-1, 
          641,1116,650,-1, 661,1108,677,-1, 1107,677,1108,-1, 642,1117,641,-1, 1066,1117,642,-1, 869,1118,843,-1, 
          1119,843,1118,-1, 843,1119,842,-1, 1120,842,1119,-1, 1112,1109,1121,-1, 1088,1122,1085,-1, 1085,1122,1109,-1, 
          1109,1122,1123,-1, 1124,1045,1125,-1, 1104,1126,1122,-1, 1127,1115,220,-1, 1128,1045,1124,-1, 1047,1045,1129,-1, 
          1109,1130,1121,-1, 1121,1130,1131,-1, 1132,29,1133,-1, 1123,1130,1109,-1, 1125,1045,1134,-1, 1135,1115,1136,-1, 
          1131,1130,1137,-1, 1138,1115,1135,-1, 1139,1115,1138,-1, 1130,1123,1140,-1, 1141,1115,1139,-1, 1142,1115,1141,-1, 
          1140,1123,1143,-1, 1144,29,1132,-1, 1145,1115,1146,-1, 1143,1123,1126,-1, 1130,1147,1137,-1, 1148,1115,1145,-1, 
          1137,1147,1149,-1, 1147,1130,1140,-1, 1150,1115,1148,-1, 1151,29,1144,-1, 1152,29,1151,-1, 1149,1147,1153,-1, 
          1154,1115,1150,-1, 1155,1045,1156,-1, 1157,1115,1154,-1, 1158,29,1152,-1, 1065,29,1158,-1, 1159,1160,29,-1, 
          641,1117,1116,-1, 1157,1161,1115,-1, 1147,1140,1162,-1, 1163,1115,1161,-1, 1164,847,1102,-1, 848,1102,847,-1, 
          1165,1115,1163,-1, 840,1103,848,-1, 1166,1115,1165,-1, 1156,1045,1167,-1, 1153,1168,1169,-1, 1147,1168,1153,-1, 
          1170,1115,1142,-1, 1168,1147,1162,-1, 1146,1115,1170,-1, 1171,438,1172,-1, 1173,1172,438,-1, 1169,1168,1174,-1, 
          860,1175,861,-1, 862,1176,860,-1, 1175,860,1176,-1, 1177,1173,438,-1, 1069,861,1175,-1, 1129,1045,1128,-1, 
          544,542,541,-1, 863,1178,862,-1, 1176,862,1178,-1, 438,1179,1177,-1, 1180,290,1181,-1, 1181,290,1182,-1, 
          1178,863,1183,-1, 875,1183,863,-1, 870,1184,871,-1, 1185,871,1184,-1, 980,804,807,-1, 871,1185,875,-1, 
          1185,1183,875,-1, 842,1120,870,-1, 1184,870,1120,-1, 847,1164,869,-1, 1118,869,1164,-1, 980,807,1186,-1, 
          1187,290,1188,-1, 1180,1188,290,-1, 1189,290,1187,-1, 1190,877,882,-1, 1191,980,1186,-1, 1192,1182,290,-1, 
          624,1186,807,-1, 882,878,1190,-1, 877,184,876,-1, 1193,1194,438,-1, 1179,438,1194,-1, 1195,89,1196,-1, 
          1191,1186,638,-1, 624,623,1186,-1, 1197,29,1198,-1, 1197,1199,29,-1, 1186,623,638,-1, 68,71,89,-1, 
          1196,89,71,-1, 183,75,876,-1, 66,68,89,-1, 185,1190,76,-1, 1200,1066,1070,-1, 879,76,878,-1, 
          1190,878,76,-1, 183,876,184,-1, 1066,1200,1117,-1, 1200,1070,972,-1, 1201,1202,438,-1, 1198,29,1203,-1, 
          184,877,1190,-1, 184,1190,185,-1, 89,104,94,-1, 1204,1203,29,-1, 883,74,879,-1, 94,66,89,-1, 
          29,1199,28,-1, 103,104,89,-1, 879,74,76,-1, 127,101,89,-1, 438,208,1201,-1, 896,186,883,-1, 
          74,883,186,-1, 1205,28,1206,-1, 1207,1201,208,-1, 186,896,187,-1, 127,89,150,-1, 150,89,1208,-1, 
          134,1209,1210,-1, 187,896,897,-1, 1211,1206,28,-1, 133,134,1210,-1, 933,681,208,-1, 330,329,333,-1, 
          187,897,188,-1, 923,188,897,-1, 686,1207,208,-1, 1193,438,1202,-1, 338,331,330,-1, 188,923,170,-1, 
          164,163,519,-1, 919,170,923,-1, 1212,28,1199,-1, 947,979,978,-1, 169,170,919,-1, 1211,28,1212,-1, 
          1213,110,109,-1, 1205,1214,28,-1, 1215,28,1214,-1, 959,978,974,-1, 918,970,169,-1, 918,169,919,-1, 
          1216,28,1217,-1, 1217,28,1218,-1, 451,876,75,-1, 974,978,1219,-1, 1220,1213,109,-1, 1221,974,1219,-1, 
          978,1222,1219,-1, 1192,290,1223,-1, 1224,1225,28,-1, 109,1226,1227,-1, 1227,1228,109,-1, 979,1222,978,-1, 
          1225,1223,28,-1, 1229,1218,28,-1, 1216,1224,28,-1, 28,1223,290,-1, 1229,28,1215,-1, 149,142,122,-1, 
          987,986,1230,-1, 1133,29,1160,-1, 29,462,1159,-1, 1059,1159,462,-1, 1064,1204,29,-1, 1231,873,987,-1, 
          147,1208,149,-1, 1232,149,1208,-1, 689,1233,685,-1, 874,873,1234,-1, 1208,147,150,-1, 1235,798,1236,-1, 
          1237,798,1238,-1, 812,811,1239,-1, 1240,89,1241,-1, 680,1242,689,-1, 1243,134,132,-1, 1244,132,142,-1, 
          680,1245,1242,-1, 1244,1243,132,-1, 1246,142,149,-1, 933,1247,1248,-1, 692,1247,933,-1, 933,1248,681,-1, 
          691,1249,692,-1, 1247,692,1249,-1, 691,936,1250,-1, 1191,1222,979,-1, 399,686,1251,-1, 979,980,1191,-1, 
          1252,1209,134,-1, 1209,1252,1253,-1, 1243,1252,134,-1, 1254,89,1255,-1, 1246,1244,142,-1, 1242,1233,689,-1, 
          149,1240,1246,-1, 1241,1246,1240,-1, 1256,939,942,-1, 939,1256,1023,-1, 1240,149,1232,-1, 1256,942,974,-1, 
          680,681,1245,-1, 1256,1257,1023,-1, 1221,1257,1256,-1, 1221,1256,974,-1, 1243,1254,1252,-1, 1258,472,1259,-1, 
          1245,681,1248,-1, 1029,1022,1034,-1, 1071,1062,1029,-1, 1249,691,1250,-1, 1260,472,1261,-1, 1023,1257,1034,-1, 
          1262,1034,1257,-1, 1246,1263,1244,-1, 1257,1221,1264,-1, 1246,1241,1263,-1, 1265,472,1266,-1, 1267,1266,472,-1, 
          1221,1219,1268,-1, 1269,461,1270,-1, 1221,1268,1264,-1, 1271,1272,472,-1, 1273,472,1272,-1, 1265,1259,472,-1, 
          1273,1267,472,-1, 1271,472,1260,-1, 1274,1261,472,-1, 1275,703,1276,-1, 694,1276,703,-1, 1219,1277,1268,-1, 
          1277,1219,1222,-1, 472,1258,1278,-1, 1278,1279,472,-1, 1280,1281,472,-1, 1282,1283,1284,-1, 1285,1286,1287,-1, 
          1281,1288,472,-1, 1289,1286,1276,-1, 1290,1289,1276,-1, 1288,1291,472,-1, 6,472,1291,-1, 1292,6,1293,-1, 
          1284,1286,1289,-1, 1294,1244,1263,-1, 1264,1268,1295,-1, 1276,694,1290,-1, 695,1290,694,-1, 1296,461,1297,-1, 
          1297,461,1269,-1, 1268,1277,1298,-1, 1277,1299,1298,-1, 701,1300,696,-1, 1222,1301,1277,-1, 461,1296,1302,-1, 
          1301,1222,1191,-1, 1303,1270,461,-1, 1304,1305,1306,-1, 381,1282,382,-1, 701,382,1300,-1, 1299,1277,1301,-1, 
          1307,1308,1309,-1, 1309,1310,1307,-1, 1301,1191,638,-1, 6,1291,1311,-1, 1311,1293,6,-1, 1279,1280,472,-1, 
          1300,1284,696,-1, 1301,638,643,-1, 1282,1284,1300,-1, 1312,461,1313,-1, 1304,1306,1314,-1, 1308,1306,1305,-1, 
          1264,1295,1315,-1, 1289,1290,1284,-1, 696,1284,1290,-1, 696,1290,695,-1, 1305,1309,1308,-1, 1295,1268,1298,-1, 
          1316,1317,27,-1, 1275,1318,1319,-1, 700,1320,699,-1, 1275,702,703,-1, 1321,6,1322,-1, 1275,1319,1320,-1, 
          1292,1322,6,-1, 1320,700,1275,-1, 702,1275,700,-1, 1282,1300,382,-1, 1323,1324,1325,-1, 1321,1326,6,-1, 
          461,27,1313,-1, 1301,643,1299,-1, 1253,1327,1328,-1, 643,649,1299,-1, 1255,1252,1254,-1, 1329,1330,706,-1, 
          1329,706,707,-1, 1315,1331,1332,-1, 706,1330,708,-1, 1244,1294,1243,-1, 1254,1243,1294,-1, 1331,1315,1295,-1, 
          1333,6,1334,-1, 1295,1298,1335,-1, 711,1329,707,-1, 1336,6,1326,-1, 1320,1329,711,-1, 1320,711,699,-1, 
          1334,6,1336,-1, 1298,1337,1335,-1, 1338,1339,1340,-1, 1337,1298,1299,-1, 1341,6,1342,-1, 1340,961,1338,-1, 
          924,1338,961,-1, 961,1340,931,-1, 1343,1344,1345,-1, 1330,1338,925,-1, 1330,925,708,-1, 649,1337,1299,-1, 
          1342,6,1333,-1, 1346,6,1341,-1, 1346,1347,6,-1, 925,1338,924,-1, 1348,1343,1349,-1, 1345,1349,1343,-1, 
          1330,1350,1338,-1, 1348,1349,1351,-1, 1324,1323,1352,-1, 928,1353,929,-1, 1295,1335,1331,-1, 5,1354,1355,-1, 
          1356,1340,1357,-1, 1325,1328,1327,-1, 1358,5,1355,-1, 1252,1255,1253,-1, 1327,1253,1255,-1, 1335,1337,1359,-1, 
          1340,1356,1353,-1, 1354,5,1360,-1, 1353,928,932,-1, 931,1340,932,-1, 683,1337,649,-1, 6,1347,1361,-1, 
          6,1361,1362,-1, 27,1363,1364,-1, 1331,1365,1332,-1, 1353,932,1340,-1, 1275,1276,1318,-1, 1276,1286,1366,-1, 
          1285,1366,1286,-1, 1282,381,1283,-1, 1029,1034,1367,-1, 1287,1284,1283,-1, 1071,1029,1367,-1, 1368,1363,27,-1, 
          1284,1287,1286,-1, 1369,1370,27,-1, 1370,1368,27,-1, 1262,1367,1034,-1, 1371,1320,1372,-1, 1372,1320,1319,-1, 
          1373,1352,1349,-1, 1366,1318,1276,-1, 1374,1369,27,-1, 1317,1374,27,-1, 1262,1257,1264,-1, 1338,1375,1339,-1, 
          1357,1340,1339,-1, 1352,1373,1376,-1, 1375,1338,1350,-1, 1350,1330,1377,-1, 1376,1324,1352,-1, 1377,1330,1378,-1, 
          1329,1378,1330,-1, 1378,1329,1379,-1, 1067,1068,1380,-1, 1379,1329,1371,-1, 1320,1371,1329,-1, 1068,1071,1381,-1, 
          1376,1382,1324,-1, 1380,1068,1381,-1, 1382,1328,1324,-1, 1071,1383,1381,-1, 1353,1356,1384,-1, 1250,936,1385,-1, 
          1294,1263,89,-1, 1383,1071,1367,-1, 952,1386,949,-1, 1387,1328,1382,-1, 1388,291,1389,-1, 1314,89,1390,-1, 
          1387,1209,1253,-1, 1391,291,1392,-1, 1392,291,1393,-1, 1394,1262,1315,-1, 1395,1386,1396,-1, 951,1396,952,-1, 
          1393,291,1388,-1, 1315,1262,1264,-1, 1328,1387,1253,-1, 949,1386,948,-1, 1397,948,1386,-1, 1386,1395,1397,-1, 
          1343,89,1344,-1, 1353,1398,929,-1, 951,929,1398,-1, 1380,1381,1399,-1, 1397,969,948,-1, 1381,1383,1400,-1, 
          1351,1349,1352,-1, 968,1401,964,-1, 1402,1389,291,-1, 964,1403,965,-1, 1351,1352,1323,-1, 1328,1325,1324,-1, 
          1401,968,1404,-1, 967,1404,968,-1, 1394,1367,1262,-1, 291,1405,1406,-1, 969,1407,967,-1, 1367,1394,1383,-1, 
          1406,1402,291,-1, 960,1385,936,-1, 1383,1394,1408,-1, 1385,960,1409,-1, 965,1409,960,-1, 952,1396,1386,-1, 
          1410,27,1411,-1, 1390,89,1412,-1, 1413,1414,1390,-1, 1396,951,1398,-1, 1398,1353,1384,-1, 1415,1307,1310,-1, 
          1310,1416,1415,-1, 1344,1415,1416,-1, 1409,965,1403,-1, 1404,967,1407,-1, 27,1410,1417,-1, 1316,27,1418,-1, 
          1407,969,1397,-1, 1419,1418,27,-1, 1420,1227,1421,-1, 1226,1421,1227,-1, 964,1401,1403,-1, 1422,1171,1423,-1, 
          1172,1423,1171,-1, 1424,1425,26,-1, 1423,1172,1173,-1, 1412,1413,1390,-1, 1314,1390,1414,-1, 1314,1414,1304,-1, 
          1173,1426,366,-1, 1412,89,1427,-1, 1428,1412,309,-1, 1425,1411,26,-1, 1429,1424,26,-1, 27,26,1411,-1, 
          111,107,106,-1, 1430,26,1431,-1, 1432,26,1430,-1, 1433,1429,26,-1, 1173,1177,1426,-1, 1427,309,1412,-1, 
          1434,1427,89,-1, 366,1423,1173,-1, 1435,1434,89,-1, 1436,1437,26,-1, 1438,1436,26,-1, 1439,26,1440,-1, 
          1441,1435,89,-1, 313,1441,89,-1, 1314,1306,89,-1, 1306,1308,89,-1, 1308,1307,89,-1, 89,1307,1415,-1, 
          1415,1344,89,-1, 89,1343,1348,-1, 1348,1351,89,-1, 89,1351,1323,-1, 1323,1325,89,-1, 89,1325,1327,-1, 
          1327,1255,89,-1, 89,1254,1294,-1, 1241,89,1263,-1, 1232,89,1240,-1, 1232,1208,89,-1, 1391,1442,291,-1, 
          1381,1400,1399,-1, 1439,1438,26,-1, 1440,26,1442,-1, 26,291,1442,-1, 1080,280,275,-1, 519,163,338,-1, 
          1228,1443,109,-1, 1443,1220,109,-1, 106,756,1421,-1, 1420,1421,756,-1, 304,296,295,-1, 514,89,669,-1, 
          295,1428,309,-1, 97,294,296,-1, 1179,1426,1177,-1, 1383,1408,1400,-1, 1437,1431,26,-1, 1417,1419,27,-1, 
          1332,1394,1315,-1, 1444,1309,1445,-1, 956,90,900,-1, 1446,90,912,-1, 90,1446,946,-1, 90,945,1447,-1, 
          1447,941,90,-1, 940,935,90,-1, 1448,90,1449,-1, 934,1449,90,-1, 1450,90,1451,-1, 1452,1451,90,-1, 
          1448,1452,90,-1, 1453,90,1454,-1, 953,90,1453,-1, 955,496,90,-1, 141,1058,139,-1, 144,139,1058,-1, 
          1450,1454,90,-1, 1332,1408,1394,-1, 1309,1305,1445,-1, 1432,1433,26,-1, 101,103,89,-1, 1195,1455,89,-1, 
          1455,1456,89,-1, 90,89,1456,-1, 1099,90,1456,-1, 1444,1457,1310,-1, 373,1194,1193,-1, 1310,1309,1444,-1, 
          1458,1313,27,-1, 1312,1459,461,-1, 1460,461,1459,-1, 1303,461,1460,-1, 1364,1458,27,-1, 1457,1416,1310,-1, 
          438,1171,1422,-1, 1461,1462,1463,-1, 1416,1457,1461,-1, 1039,1270,1040,-1, 1461,1463,1345,-1, 1416,1461,1345,-1, 
          1464,309,1465,-1, 1427,1465,309,-1, 1349,1463,1373,-1, 303,1464,304,-1, 309,1464,303,-1, 1463,1349,1345,-1, 
          372,1193,371,-1, 1344,1416,1345,-1, 1466,56,1467,-1, 1428,1413,1412,-1, 1467,56,1468,-1, 295,294,1469,-1, 
          686,399,1207,-1, 1413,1428,1469,-1, 295,1469,1428,-1, 836,834,841,-1, 1469,1470,1414,-1, 841,1471,836,-1, 
          1471,1472,836,-1, 1469,1414,1413,-1, 376,1422,368,-1, 1423,368,1422,-1, 1414,1470,1304,-1, 1179,373,1426,-1, 
          1473,1304,1470,-1, 1473,1305,1304,-1, 107,1474,105,-1, 1059,1459,1312,-1, 1472,1475,836,-1, 536,1476,534,-1, 
          1477,534,1476,-1, 833,543,541,-1, 1359,1337,683,-1, 1473,1470,1478,-1, 1479,1480,1481,-1, 1359,683,710,-1, 
          834,833,841,-1, 542,568,540,-1, 1230,986,836,-1, 1234,873,1231,-1, 1482,811,874,-1, 1239,811,1482,-1, 
          806,805,812,-1, 800,799,806,-1, 1483,801,800,-1, 1484,798,1483,-1, 1236,798,1484,-1, 1238,798,1235,-1, 
          1167,1045,1237,-1, 1134,1045,1155,-1, 1475,1477,836,-1, 1476,836,1477,-1, 612,567,566,-1, 566,613,612,-1, 
          613,609,608,-1, 609,604,603,-1, 604,1485,602,-1, 1485,1486,1487,-1, 1487,602,1485,-1, 597,1487,1486,-1, 
          1486,598,597,-1, 598,595,594,-1, 593,657,594,-1, 594,658,1488,-1, 594,1488,675,-1, 594,674,1489,-1, 
          1489,698,594,-1, 697,705,594,-1, 728,594,715,-1, 1490,594,729,-1, 1033,594,1490,-1, 1491,1492,1445,-1, 
          269,594,1033,-1, 374,1426,373,-1, 1194,373,1179,-1, 1473,1491,1445,-1, 1493,105,1474,-1, 1423,366,368,-1, 
          1494,1444,1492,-1, 1444,1445,1492,-1, 1426,374,366,-1, 1457,1444,1494,-1, 372,373,1193,-1, 1202,371,1193,-1, 
          540,1495,541,-1, 1495,540,1496,-1, 838,1496,540,-1, 1202,370,371,-1, 1201,370,1202,-1, 370,1201,400,-1, 
          1207,400,1201,-1, 1473,1445,1305,-1, 1207,399,400,-1, 367,1422,376,-1, 1303,1040,1270,-1, 756,1493,1420,-1, 
          685,1251,686,-1, 1040,1303,1054,-1, 1233,1251,685,-1, 644,637,648,-1, 438,1422,367,-1, 1054,1303,1460,-1, 
          1497,1496,1498,-1, 1479,1499,1500,-1, 1226,1501,1421,-1, 1479,1500,1480,-1, 108,644,109,-1, 1502,1497,1498,-1, 
          1054,1460,1060,-1, 1501,1226,644,-1, 109,644,1226,-1, 1503,1504,1493,-1, 1505,435,1506,-1, 1500,1503,1480,-1, 
          1503,1493,1474,-1, 710,1507,1359,-1, 1474,1480,1503,-1, 648,650,1508,-1, 756,105,1493,-1, 1509,435,1505,-1, 
          1510,1511,435,-1, 1511,1506,435,-1, 1512,308,1513,-1, 859,1496,838,-1, 1514,106,1501,-1, 1421,1501,106,-1, 
          1515,1516,435,-1, 1516,1517,435,-1, 1517,1518,435,-1, 1518,1519,435,-1, 1509,1515,435,-1, 106,1514,111,-1, 
          1520,1513,308,-1, 1521,308,1512,-1, 648,1522,644,-1, 644,1522,1501,-1, 1522,648,1508,-1, 1523,1499,1479,-1, 
          1524,1520,308,-1, 111,1514,112,-1, 1525,277,1526,-1, 1527,1526,277,-1, 1501,1528,1514,-1, 1459,1060,1460,-1, 
          1522,1528,1501,-1, 1060,1459,1059,-1, 1529,1514,1528,-1, 1519,1530,435,-1, 1059,1312,1159,-1, 1531,277,1532,-1, 
          1533,1534,1535,-1, 1532,277,1536,-1, 1537,1535,1523,-1, 1514,1538,112,-1, 112,1538,118,-1, 1270,1039,1269,-1, 
          1529,1538,1514,-1, 1480,1539,1481,-1, 1528,1540,1529,-1, 1539,1480,1474,-1, 1539,1474,117,-1, 116,1539,117,-1, 
          277,1541,1542,-1, 121,1543,97,-1, 117,1474,107,-1, 1544,215,1545,-1, 1546,1481,1539,-1, 1297,1031,1032,-1, 
          1543,121,1538,-1, 118,1538,121,-1, 96,1539,116,-1, 1538,1529,1478,-1, 1547,215,1544,-1, 215,1548,1545,-1, 
          1297,1032,1049,-1, 1543,1538,1478,-1, 1549,1527,277,-1, 1549,277,1531,-1, 1542,1536,277,-1, 1550,215,1551,-1, 
          1551,215,1547,-1, 1552,215,1550,-1, 1540,1491,1529,-1, 1492,1491,1540,-1, 1507,719,1553,-1, 1539,96,1546,-1, 
          95,1546,96,-1, 1554,1555,54,-1, 1556,54,1557,-1, 719,1507,710,-1, 1546,95,98,-1, 1469,294,1543,-1, 
          97,1543,294,-1, 1470,1469,1543,-1, 1558,1546,98,-1, 308,54,1559,-1, 54,1555,1560,-1, 54,1560,1561,-1, 
          1561,1562,54,-1, 1543,1478,1470,-1, 1556,1554,54,-1, 1563,1557,54,-1, 296,1558,98,-1, 1491,1478,1529,-1, 
          1564,5,1565,-1, 1358,1565,5,-1, 1473,1478,1491,-1, 1558,296,304,-1, 277,5,1566,-1, 1567,56,1568,-1, 
          1553,1569,1570,-1, 1269,1039,1031,-1, 926,411,943,-1, 1571,1365,1331,-1, 1571,1331,1335,-1, 1571,1335,1359,-1, 
          1572,1573,1574,-1, 1365,1575,1332,-1, 277,1576,1541,-1, 1365,1571,1577,-1, 944,943,1578,-1, 1579,1365,1577,-1, 
          1580,1581,1582,-1, 1507,1577,1571,-1, 1507,1571,1359,-1, 1583,943,411,-1, 1466,1568,56,-1, 56,1567,1584,-1, 
          1585,54,1586,-1, 1578,943,1583,-1, 1581,1558,1582,-1, 1581,1481,1546,-1, 334,1583,411,-1, 1558,1581,1546,-1, 
          1579,1587,1588,-1, 1589,1590,54,-1, 1591,1576,277,-1, 1587,1579,1577,-1, 1574,1592,1572,-1, 1592,1574,1580,-1, 
          1553,1577,1507,-1, 1590,1593,54,-1, 1563,54,1593,-1, 1585,1589,54,-1, 1594,944,1595,-1, 1580,1582,1592,-1, 
          1577,1553,1587,-1, 1562,1559,54,-1, 1524,308,1596,-1, 1559,1596,308,-1, 944,1578,1595,-1, 1597,56,1598,-1, 
          1592,1582,1599,-1, 1600,1601,54,-1, 1601,1586,54,-1, 1595,1578,1602,-1, 1597,1600,56,-1, 54,56,1600,-1, 
          1603,1595,1602,-1, 1578,1604,1602,-1, 1587,1553,1570,-1, 1604,1578,1583,-1, 1605,1606,1399,-1, 1535,1607,1533,-1, 
          336,1583,334,-1, 1399,1400,1608,-1, 1534,1523,1535,-1, 1604,1583,336,-1, 1523,1479,1609,-1, 1591,277,1610,-1, 
          1611,1608,1400,-1, 1575,1611,1408,-1, 1481,1609,1479,-1, 1575,1408,1332,-1, 1564,1612,5,-1, 1573,1607,1535,-1, 
          1606,1605,1613,-1, 1605,1614,1613,-1, 1573,1535,1574,-1, 1537,1574,1535,-1, 1399,1608,1605,-1, 1537,1580,1574,-1, 
          550,1615,546,-1, 1523,1609,1537,-1, 1548,215,1616,-1, 1616,215,1530,-1, 435,1530,215,-1, 1496,859,1498,-1, 
          547,1498,859,-1, 1537,1609,1580,-1, 546,1498,547,-1, 1581,1580,1609,-1, 336,350,1604,-1, 1615,1502,1498,-1, 
          1609,1481,1581,-1, 1049,1296,1297,-1, 1614,1605,1608,-1, 1031,1297,1269,-1, 1498,546,1615,-1, 1617,1602,1604,-1, 
          1608,1618,1614,-1, 1611,1400,1408,-1, 1617,1619,1602,-1, 350,1617,1604,-1, 1608,1611,1618,-1, 1615,550,551,-1, 
          1620,1621,1572,-1, 1620,1572,1592,-1, 1622,551,552,-1, 1599,1620,1592,-1, 1623,1617,350,-1, 1052,1302,1049,-1, 
          1613,1614,1624,-1, 1582,1464,1599,-1, 1210,350,351,-1, 1558,1464,1582,-1, 1623,350,1210,-1, 1625,1610,277,-1, 
          133,1210,351,-1, 1622,1615,551,-1, 1464,1558,304,-1, 1618,1626,1627,-1, 1209,1623,1210,-1, 1209,1387,1623,-1, 
          1613,1624,1628,-1, 1296,1049,1302,-1, 1599,1629,1620,-1, 1603,1619,1630,-1, 1464,1465,1599,-1, 1619,1603,1602,-1, 
          1631,1632,1624,-1, 1633,1614,1618,-1, 1629,1599,1465,-1, 1614,1633,1624,-1, 1302,1052,462,-1, 1634,383,1635,-1, 
          1312,1313,1159,-1, 1636,1637,383,-1, 1159,1313,1160,-1, 1638,383,1639,-1, 1640,383,1634,-1, 1641,1642,1643,-1, 
          1644,1630,1619,-1, 1642,1641,1645,-1, 1629,1646,1620,-1, 1647,383,1637,-1, 1648,1630,1644,-1, 1646,1629,1649,-1, 
          1064,1316,1204,-1, 1650,1619,1617,-1, 1317,1065,1374,-1, 1644,1619,1650,-1, 1065,1317,1064,-1, 1316,1064,1317,-1, 
          1636,383,1651,-1, 1652,383,1647,-1, 1639,383,1640,-1, 1625,277,1566,-1, 1612,1566,5,-1, 1363,1132,1364,-1, 
          1376,1648,1644,-1, 1653,5,1362,-1, 1363,1144,1132,-1, 1373,1648,1376,-1, 1654,383,1652,-1, 1382,1376,1644,-1, 
          1638,1651,383,-1, 1650,1617,1623,-1, 1364,1133,1458,-1, 1655,1504,1503,-1, 1644,1650,1382,-1, 1313,1458,1160,-1, 
          1650,1623,1387,-1, 1656,1360,5,-1, 1387,1382,1650,-1, 1657,1493,1504,-1, 1656,5,1653,-1, 1657,1227,1420,-1, 
          966,963,1594,-1, 1362,5,6,-1, 1493,1657,1420,-1, 966,1594,971,-1, 1160,1458,1133,-1, 1132,1133,1364,-1, 
          1368,1144,1363,-1, 1369,1152,1370,-1, 1151,1370,1152,-1, 1144,1368,1151,-1, 1370,1151,1368,-1, 971,1658,1659,-1, 
          1660,214,1661,-1, 1152,1369,1158,-1, 1374,1158,1369,-1, 1662,214,1663,-1, 1158,1374,1065,-1, 1661,214,1664,-1, 
          1658,971,1594,-1, 1665,450,1666,-1, 1662,1664,214,-1, 1595,1658,1594,-1, 1667,1668,1669,-1, 1180,1181,1389,-1, 
          1670,1502,1671,-1, 944,1594,963,-1, 1672,1499,1668,-1, 1389,1402,1180,-1, 1188,1180,1402,-1, 214,1660,1673,-1, 
          1674,1663,214,-1, 1499,1669,1668,-1, 1671,1502,1615,-1, 1672,1655,1500,-1, 1499,1672,1500,-1, 1645,1641,1675,-1, 
          1676,450,1677,-1, 1500,1655,1503,-1, 1678,1677,450,-1, 1643,1679,1641,-1, 1680,1681,1682,-1, 1523,1669,1499,-1, 
          1679,1643,1670,-1, 1670,1671,1679,-1, 1680,1659,1681,-1, 1641,1679,1683,-1, 1228,1227,1657,-1, 1659,1658,1684,-1, 
          1679,1671,1685,-1, 180,1686,173,-1, 1681,1659,1684,-1, 1687,1688,471,-1, 1689,471,1688,-1, 1683,1679,1685,-1, 
          471,1690,1687,-1, 1658,1603,1684,-1, 1622,1685,1671,-1, 1603,1658,1595,-1, 1691,1690,471,-1, 1622,1671,1615,-1, 
          1641,1683,1675,-1, 156,1692,154,-1, 1693,1694,471,-1, 1681,1684,1695,-1, 1696,1697,471,-1, 1697,1693,471,-1, 
          1694,1691,471,-1, 1603,1630,1684,-1, 1683,1685,1698,-1, 1699,1685,1622,-1, 1696,471,1700,-1, 1657,1504,1228,-1, 
          1698,1685,1699,-1, 1701,1702,56,-1, 1703,1700,471,-1, 1695,1704,1681,-1, 1622,552,554,-1, 1699,740,1705,-1, 
          748,1705,740,-1, 153,1706,151,-1, 1707,151,1706,-1, 1708,1701,56,-1, 1622,554,1699,-1, 558,1699,554,-1, 
          1706,153,1709,-1, 154,1709,153,-1, 740,1699,558,-1, 1710,1494,1492,-1, 1710,1492,1711,-1, 1712,56,1713,-1, 
          157,1714,156,-1, 1715,214,1716,-1, 1702,1713,56,-1, 157,159,1714,-1, 1635,383,1715,-1, 1717,56,1712,-1, 
          1681,1704,1682,-1, 1682,1704,1718,-1, 56,1717,1468,-1, 1584,1598,56,-1, 1718,1704,1462,-1, 1719,1720,1675,-1, 
          1667,1721,757,-1, 758,757,1721,-1, 1722,214,1673,-1, 450,1723,1678,-1, 1676,1666,450,-1, 450,1665,1724,-1, 
          450,1724,1725,-1, 1708,56,1725,-1, 450,1725,56,-1, 1695,1726,1704,-1, 1719,1675,1683,-1, 757,110,1667,-1, 
          1668,1667,110,-1, 1462,1704,1726,-1, 1683,1698,1719,-1, 1727,214,1722,-1, 1668,110,1213,-1, 1668,1213,1672,-1, 
          1655,1672,1220,-1, 1213,1220,1672,-1, 1695,1648,1726,-1, 1695,1684,1630,-1, 1504,1655,1443,-1, 1220,1443,1655,-1, 
          1648,1695,1630,-1, 1443,1228,1504,-1, 1718,1728,1710,-1, 1710,1728,1494,-1, 173,1729,171,-1, 1728,1718,1462,-1, 
          1686,1729,173,-1, 1730,214,1731,-1, 1731,214,1727,-1, 1457,1494,1728,-1, 1732,1719,1698,-1, 1728,1462,1461,-1, 
          151,1707,181,-1, 1730,1733,214,-1, 214,1733,1734,-1, 1735,214,1736,-1, 1734,1736,214,-1, 1737,1719,1732,-1, 
          1457,1728,1461,-1, 1705,1698,1699,-1, 1463,1462,1726,-1, 1698,1705,1732,-1, 1373,1726,1648,-1, 1463,1726,1373,-1, 
          4,1738,471,-1, 154,1692,1709,-1, 1739,53,1740,-1, 1692,156,1714,-1, 1703,471,1741,-1, 1742,53,1743,-1, 
          1732,1705,1744,-1, 1117,1745,1116,-1, 159,758,1746,-1, 1721,1746,758,-1, 1200,1745,1117,-1, 1741,471,1747,-1, 
          1189,1187,1405,-1, 1709,1748,1706,-1, 1406,1405,1187,-1, 1749,471,1738,-1, 1747,471,1749,-1, 1188,1402,1187,-1, 
          1406,1187,1402,-1, 4,1750,1738,-1, 1223,1391,1192,-1, 1392,1192,1391,-1, 1393,1182,1392,-1, 1192,1392,1182,-1, 
          1751,1750,4,-1, 650,1116,1752,-1, 1753,1754,1645,-1, 1181,1388,1389,-1, 1388,1181,1393,-1, 1182,1393,1181,-1, 
          1754,1753,1755,-1, 1692,1714,1756,-1, 1508,650,1752,-1, 1753,1645,1675,-1, 1757,1116,1745,-1, 1758,1759,4,-1, 
          1760,1755,1753,-1, 1760,1675,1720,-1, 159,1746,1714,-1, 1760,1753,1675,-1, 291,290,1405,-1, 1189,1405,290,-1, 
          1618,1627,1633,-1, 1761,1659,1680,-1, 1631,1624,1633,-1, 1411,1199,1410,-1, 1197,1410,1199,-1, 1762,1763,278,-1, 
          1199,1411,1212,-1, 1764,1633,1627,-1, 1752,1116,1757,-1, 1765,278,1763,-1, 1762,278,1766,-1, 1508,1752,1767,-1, 
          1768,278,1769,-1, 1626,1611,1575,-1, 1757,1745,1680,-1, 1417,1198,1419,-1, 1203,1419,1198,-1, 1770,1721,1667,-1, 
          1682,1757,1680,-1, 1410,1197,1417,-1, 1198,1417,1197,-1, 1579,1626,1575,-1, 1667,1669,1770,-1, 1766,278,1771,-1, 
          1522,1508,1772,-1, 1579,1575,1365,-1, 1528,1522,1772,-1, 1767,1772,1508,-1, 1773,1769,278,-1, 278,1768,1771,-1, 
          1418,1204,1316,-1, 1618,1611,1626,-1, 1204,1418,1203,-1, 1419,1203,1418,-1, 1588,1626,1579,-1, 1626,1588,1627,-1, 
          1206,1774,1205,-1, 1775,1757,1682,-1, 1776,1627,1588,-1, 1540,1528,1772,-1, 1777,1778,1779,-1, 1093,1067,1380,-1, 
          1772,1767,1711,-1, 1780,1746,1721,-1, 1433,1432,1774,-1, 1088,1104,1122,-1, 1205,1774,1432,-1, 1780,1721,1770,-1, 
          1093,1781,1104,-1, 1775,1752,1757,-1, 1777,1780,1778,-1, 1782,3,1783,-1, 1752,1775,1767,-1, 1780,1770,1533,-1, 
          1380,1781,1093,-1, 1433,1774,1429,-1, 1783,3,1784,-1, 1785,3,1782,-1, 1778,1780,1533,-1, 1718,1775,1682,-1, 
          1399,1781,1380,-1, 1206,1211,1774,-1, 1669,1534,1770,-1, 1710,1775,1718,-1, 1424,1774,1211,-1, 1786,1787,278,-1, 
          1788,3,1787,-1, 1784,3,1789,-1, 1789,3,1788,-1, 1533,1770,1534,-1, 1122,1126,1123,-1, 1104,1781,1606,-1, 
          1534,1669,1523,-1, 648,647,650,-1, 1211,1425,1424,-1, 1425,1211,1212,-1, 1399,1606,1781,-1, 1790,278,1791,-1, 
          1791,278,1765,-1, 1792,278,1793,-1, 1790,1793,278,-1, 1792,1786,278,-1, 1200,972,1761,-1, 1761,1745,1200,-1, 
          1429,1774,1424,-1, 971,1761,972,-1, 1205,1432,1214,-1, 1430,1214,1432,-1, 1126,1104,1606,-1, 1680,1745,1761,-1, 
          1214,1430,1215,-1, 1431,1215,1430,-1, 971,1659,1761,-1, 1215,1431,1229,-1, 1437,1229,1431,-1, 1540,1772,1711,-1, 
          1607,1778,1533,-1, 1212,1411,1425,-1, 1711,1767,1710,-1, 1613,1794,1606,-1, 1775,1710,1767,-1, 1795,1140,1143,-1, 
          1229,1437,1218,-1, 1436,1218,1437,-1, 1140,1795,1162,-1, 1709,1796,1748,-1, 1218,1436,1217,-1, 1438,1217,1436,-1, 
          1606,1794,1126,-1, 1796,1709,1692,-1, 1439,1216,1438,-1, 1217,1438,1216,-1, 1540,1711,1492,-1, 1126,1794,1143,-1, 
          1440,1224,1439,-1, 244,242,258,-1, 244,258,286,-1, 1796,1692,1756,-1, 258,279,286,-1, 1439,1224,1216,-1, 
          1442,1225,1440,-1, 1224,1440,1225,-1, 1225,1442,1223,-1, 1391,1223,1442,-1, 1797,3,1798,-1, 1799,3,1797,-1, 
          1800,4,1801,-1, 1802,1798,3,-1, 1777,1714,1746,-1, 1803,418,1804,-1, 1143,1805,1795,-1, 461,1302,462,-1, 
          1780,1777,1746,-1, 1794,1805,1143,-1, 1805,1613,1628,-1, 1613,1805,1794,-1, 1795,1805,1806,-1, 1759,1751,4,-1, 
          1807,1748,1796,-1, 1808,682,605,-1, 1809,1796,1756,-1, 1807,1796,1809,-1, 605,599,615,-1, 1810,418,1811,-1, 
          1808,605,615,-1, 1779,1809,1756,-1, 1777,1756,1714,-1, 599,616,615,-1, 1779,1756,1777,-1, 1812,418,1810,-1, 
          4,1813,1814,-1, 4,1814,1758,-1, 1815,1743,53,-1, 615,614,1816,-1, 1817,1811,418,-1, 3,1799,4,-1, 
          1809,1779,1818,-1, 1046,1819,1816,-1, 1820,4,1800,-1, 4,1820,1821,-1, 4,1821,1822,-1, 1822,1813,4,-1, 
          1812,1823,418,-1, 1823,1804,418,-1, 1824,418,1803,-1, 1824,1825,418,-1, 1826,307,1827,-1, 1828,215,1552,-1, 
          315,1829,180,-1, 1830,418,1831,-1, 1831,418,1825,-1, 1808,1819,1832,-1, 246,418,1833,-1, 1819,1808,615,-1, 
          1834,307,1835,-1, 1835,307,1826,-1, 1836,307,1834,-1, 1837,246,1833,-1, 1838,246,1837,-1, 1830,1833,418,-1, 
          1839,1840,214,-1, 1841,190,1729,-1, 171,1729,190,-1, 1842,215,1828,-1, 1843,215,1844,-1, 1839,214,1843,-1, 
          1845,1846,307,-1, 1847,1845,307,-1, 1847,307,1836,-1, 1848,1827,307,-1, 1735,1716,214,-1, 214,1715,383,-1, 
          1842,1844,215,-1, 215,1843,214,-1, 1674,214,1840,-1, 1849,403,1850,-1, 1851,1852,403,-1, 1853,403,1852,-1, 
          1686,180,1829,-1, 615,1816,1819,-1, 1851,403,1854,-1, 1855,1854,403,-1, 1849,1855,403,-1, 1856,55,1857,-1, 
          1858,55,1856,-1, 1857,55,1846,-1, 1859,55,1858,-1, 1686,1829,1860,-1, 1861,55,1862,-1, 1863,55,1861,-1, 
          1862,55,1859,-1, 1864,55,1863,-1, 181,1865,315,-1, 1866,3,1785,-1, 1867,3,1866,-1, 1829,315,1865,-1, 
          1868,248,1869,-1, 1870,1760,1871,-1, 3,1867,1802,-1, 1865,181,1707,-1, 1872,248,1873,-1, 1874,403,1872,-1, 
          1875,1870,1871,-1, 53,1876,1815,-1, 1729,1686,1877,-1, 278,1787,3,-1, 1878,403,1879,-1, 1880,53,1881,-1, 
          1879,403,1874,-1, 1882,403,1878,-1, 1883,246,1884,-1, 1048,1819,1046,-1, 1885,246,1886,-1, 1886,246,1883,-1, 
          1569,1553,719,-1, 1801,4,1799,-1, 1887,1860,1829,-1, 1888,55,1889,-1, 1890,55,1888,-1, 1889,55,1864,-1, 
          730,1569,719,-1, 1891,55,1890,-1, 1892,55,1891,-1, 1829,1865,1887,-1, 246,1838,1893,-1, 1894,246,1885,-1, 
          712,714,730,-1, 1887,1865,1895,-1, 1896,434,1897,-1, 1898,1897,434,-1, 1893,1884,246,-1, 1707,1895,1865,-1, 
          1808,1899,682,-1, 1896,1900,434,-1, 1901,248,1902,-1, 1903,1904,434,-1, 1904,1905,434,-1, 1905,1898,434,-1, 
          1906,1569,730,-1, 1894,1907,246,-1, 1908,1903,434,-1, 1909,1569,1906,-1, 1910,1911,460,-1, 1912,248,1913,-1, 
          1907,1914,246,-1, 730,731,1915,-1, 730,1915,1906,-1, 1916,248,1917,-1, 1871,1760,1720,-1, 1871,1720,1918,-1, 
          248,246,1913,-1, 1720,1737,1918,-1, 1919,248,1916,-1, 1917,248,1912,-1, 1737,1720,1719,-1, 1841,241,190,-1, 
          1914,1913,246,-1, 1919,1920,248,-1, 248,1920,1921,-1, 1921,1902,248,-1, 1869,248,1901,-1, 1873,248,1868,-1, 
          1882,1850,403,-1, 248,1872,403,-1, 1877,1841,1729,-1, 1922,1871,1923,-1, 1924,460,1925,-1, 1841,1926,239,-1, 
          241,1841,239,-1, 1877,1686,1860,-1, 541,1495,841,-1, 1877,1860,1927,-1, 1927,1928,1877,-1, 1929,1930,417,-1, 
          1931,417,1930,-1, 1932,1860,1887,-1, 1933,1925,460,-1, 1927,1860,1932,-1, 1929,417,1934,-1, 1934,417,1935,-1, 
          1258,1936,1937,-1, 1258,1937,1938,-1, 1939,1940,1941,-1, 1942,1935,417,-1, 417,1931,1943,-1, 1941,1944,1497,-1, 
          1945,1946,1265,-1, 1947,417,1948,-1, 1944,1496,1497,-1, 1707,1949,1895,-1, 1950,460,1951,-1, 1952,1953,417,-1, 
          1953,1954,417,-1, 1954,1942,417,-1, 1496,1944,1495,-1, 1955,1887,1895,-1, 245,1948,417,-1, 1956,1952,417,-1, 
          1932,1887,1955,-1, 1957,245,1958,-1, 1959,245,1957,-1, 1956,417,1947,-1, 1960,1958,245,-1, 1895,1961,1955,-1, 
          1962,1933,460,-1, 1949,1707,1706,-1, 1960,245,1963,-1, 1959,1948,245,-1, 1964,1951,460,-1, 1961,1895,1949,-1, 
          1502,1670,1939,-1, 1924,1965,460,-1, 1939,1941,1497,-1, 1502,1939,1497,-1, 1706,1748,1949,-1, 1966,404,1967,-1, 
          1967,404,1968,-1, 1949,1748,1969,-1, 1970,1936,1946,-1, 1971,33,1911,-1, 1972,1968,404,-1, 1973,1974,404,-1, 
          1974,1975,404,-1, 1975,1972,404,-1, 404,1976,1977,-1, 404,1977,1973,-1, 1936,1970,1978,-1, 1979,404,1980,-1, 
          1495,1981,1982,-1, 1983,1955,1961,-1, 1984,1955,1983,-1, 245,247,1985,-1, 1986,1985,247,-1, 1495,1944,1981,-1, 
          1949,1969,1961,-1, 841,1982,1471,-1, 1978,1987,1694,-1, 1969,1748,1807,-1, 841,1495,1982,-1, 1988,247,1989,-1, 
          1990,245,1991,-1, 1992,245,1990,-1, 1993,247,1994,-1, 1995,33,1996,-1, 1994,247,1997,-1, 1997,247,1998,-1, 
          1999,404,2000,-1, 1998,404,1999,-1, 2001,2000,404,-1, 1989,247,2002,-1, 2002,247,2003,-1, 2004,1940,2005,-1, 
          1983,1961,2006,-1, 1987,1970,1946,-1, 1945,1272,1946,-1, 1961,1969,2006,-1, 2007,247,2008,-1, 2009,247,1993,-1, 
          1941,2004,2010,-1, 2003,247,2007,-1, 1941,1940,2004,-1, 2011,2012,213,-1, 1941,2010,1944,-1, 1944,2010,1981,-1, 
          2013,33,2014,-1, 434,213,2015,-1, 1980,404,1966,-1, 2014,33,1971,-1, 33,460,1911,-1, 1996,33,2013,-1, 
          1915,731,2016,-1, 1899,714,682,-1, 714,1899,731,-1, 2017,33,2018,-1, 2019,33,1995,-1, 1899,2016,731,-1, 
          2011,213,2020,-1, 1899,1808,1832,-1, 2018,33,2019,-1, 2020,213,2021,-1, 2016,1899,1832,-1, 2022,2021,213,-1, 
          292,2023,2024,-1, 2025,292,2024,-1, 2001,404,1979,-1, 2026,292,2027,-1, 2028,2027,292,-1, 2029,2028,292,-1, 
          2026,2023,292,-1, 2008,247,2009,-1, 2030,292,2031,-1, 1992,1963,245,-1, 2032,2022,213,-1, 2033,292,2030,-1, 
          2034,2032,213,-1, 2035,2034,213,-1, 2036,1991,245,-1, 2033,2029,292,-1, 2036,245,1985,-1, 1988,1986,247,-1, 
          1908,434,2015,-1, 2012,2037,213,-1, 404,1998,247,-1, 2038,1817,417,-1, 1168,1162,2039,-1, 2040,2041,2042,-1, 
          2041,2040,2043,-1, 2039,2044,1168,-1, 1573,2045,1607,-1, 32,33,2046,-1, 2039,1162,2047,-1, 1804,2042,1803,-1, 
          2047,1162,1795,-1, 1174,2044,2048,-1, 1803,2042,2041,-1, 1168,2044,1174,-1, 2048,2044,2049,-1, 2050,2045,2051,-1, 
          2042,1804,1823,-1, 2052,2050,2051,-1, 1970,1987,1978,-1, 2053,1694,1987,-1, 2054,2055,33,-1, 2056,33,2055,-1, 
          2054,33,2057,-1, 2057,33,2017,-1, 2045,1573,2058,-1, 2044,2039,2059,-1, 2051,2045,2058,-1, 1803,2041,1824,-1, 
          2060,2046,33,-1, 2056,2060,33,-1, 2039,2061,2059,-1, 2058,1573,1572,-1, 2039,2047,2061,-1, 2062,32,2063,-1, 
          2049,2064,2065,-1, 2044,2064,2049,-1, 1978,1693,1936,-1, 2066,2052,2051,-1, 2059,2064,2044,-1, 2065,2064,2067,-1, 
          1697,1936,1693,-1, 1823,2068,2042,-1, 2066,2069,2052,-1, 2070,32,2062,-1, 2071,32,2072,-1, 1811,2073,1810,-1, 
          1764,1627,1776,-1, 2051,2058,2074,-1, 2073,1811,1817,-1, 2051,2074,2066,-1, 2075,1588,1587,-1, 2058,1621,2074,-1, 
          1937,1936,1697,-1, 1588,2075,1776,-1, 2046,2072,32,-1, 2071,2063,32,-1, 2076,32,2070,-1, 1621,2058,1572,-1, 
          2077,32,2078,-1, 1570,2075,1587,-1, 1812,1810,2079,-1, 2080,53,2081,-1, 2082,2081,53,-1, 2080,1881,53,-1, 
          53,55,2083,-1, 2084,2083,55,-1, 2085,55,1892,-1, 307,1846,55,-1, 1687,2086,1688,-1, 2085,2084,55,-1, 
          2083,2082,53,-1, 1812,2079,1823,-1, 2087,449,2088,-1, 2089,1689,2090,-1, 1764,1776,2091,-1, 2092,2088,449,-1, 
          471,1689,472,-1, 2093,1764,2091,-1, 2094,2066,2074,-1, 2095,449,2096,-1, 2074,1621,2097,-1, 1776,2075,2098,-1, 
          2094,2074,2097,-1, 2075,1570,2099,-1, 1646,1621,1620,-1, 1823,2079,2068,-1, 1621,1646,2097,-1, 2100,2086,2101,-1, 
          2040,2042,2068,-1, 2098,2075,2099,-1, 1909,1570,1569,-1, 418,417,1817,-1, 1570,1909,2099,-1, 2040,2068,2043,-1, 
          2102,2103,2104,-1, 2105,2106,2038,-1, 2107,1271,2100,-1, 2073,2038,2106,-1, 2108,2069,2066,-1, 1776,2098,2091,-1, 
          2069,2108,2102,-1, 2108,2066,2094,-1, 2101,2109,2100,-1, 1810,2073,2106,-1, 2110,2107,2109,-1, 2100,2109,2107,-1, 
          2110,1690,2107,-1, 2038,2073,1817,-1, 2076,2078,32,-1, 2101,2086,2109,-1, 1687,2109,2086,-1, 2090,1688,2086,-1, 
          32,2077,2111,-1, 2109,1687,2110,-1, 2112,2113,32,-1, 2113,2114,32,-1, 292,32,2115,-1, 292,2115,2031,-1, 
          1806,1805,2116,-1, 1810,2106,2079,-1, 1628,1624,1632,-1, 2114,2117,32,-1, 2111,2112,32,-1, 2117,2115,32,-1, 
          2118,2097,1646,-1, 2116,1628,1632,-1, 2119,1271,2107,-1, 460,1950,1962,-1, 1965,1910,460,-1, 2068,2079,2120,-1, 
          2121,1809,1818,-1, 1271,2119,2122,-1, 2123,2116,1632,-1, 1779,1778,2124,-1, 1632,1631,2125,-1, 1779,2124,1818,-1, 
          1943,1931,2105,-1, 2124,1778,1607,-1, 1631,2093,2125,-1, 1631,1633,1764,-1, 2093,1631,1764,-1, 2038,417,2105,-1, 
          1271,2122,2053,-1, 1807,2121,2126,-1, 2121,1807,1809,-1, 2127,1806,2116,-1, 1806,2127,2128,-1, 2127,2116,2123,-1, 
          2129,2126,2121,-1, 1271,2053,1272,-1, 2120,2079,2106,-1, 2130,2121,1818,-1, 2119,1691,2122,-1, 2121,2130,2129,-1, 
          2131,2120,2106,-1, 1818,2050,2130,-1, 1987,1946,1272,-1, 1632,2125,2123,-1, 2132,2131,2106,-1, 1987,1272,2053,-1, 
          2133,2123,2125,-1, 2131,2068,2120,-1, 1818,2124,2050,-1, 1938,2134,1258,-1, 2045,2050,2124,-1, 1929,2068,2132,-1, 
          2053,2122,1694,-1, 1691,1694,2122,-1, 2124,1607,2045,-1, 1691,2107,1690,-1, 1806,2047,1795,-1, 1628,2116,1805,-1, 
          1691,2119,2107,-1, 2047,1806,2128,-1, 2128,2061,2047,-1, 1688,2090,1689,-1, 2089,472,1689,-1, 2110,1687,1690,-1, 
          1693,1978,1694,-1, 2135,2130,2052,-1, 2052,2130,2050,-1, 1274,472,2089,-1, 2131,2132,2068,-1, 2135,2129,2130,-1, 
          1696,2134,1938,-1, 1937,1697,1938,-1, 1696,1938,1697,-1, 2129,2135,2136,-1, 2137,2138,2139,-1, 499,2139,2138,-1, 
          2140,2137,2141,-1, 2138,2137,2140,-1, 2052,2069,2135,-1, 2142,2143,2144,-1, 2126,2006,1969,-1, 2043,1935,1942,-1, 
          2126,1969,1807,-1, 2041,2043,1942,-1, 2068,1934,2043,-1, 2145,459,2146,-1, 2147,1984,1983,-1, 1935,2043,1934,-1, 
          1983,2006,2148,-1, 2041,1942,1954,-1, 2147,1983,2148,-1, 2149,2150,2005,-1, 2151,2006,2126,-1, 2106,2105,1931,-1, 
          2148,2006,2151,-1, 2149,2005,2152,-1, 1930,2132,1931,-1, 2106,1931,2132,-1, 1930,1929,2132,-1, 2152,1940,1939,-1, 
          2105,417,1943,-1, 2147,2153,2154,-1, 1934,2068,1929,-1, 2155,2150,2149,-1, 2147,2148,2153,-1, 2148,2151,2156,-1, 
          2157,1824,2041,-1, 2153,2148,2156,-1, 2157,1825,1824,-1, 1953,2157,1954,-1, 2136,2156,2151,-1, 2126,2129,2151,-1, 
          1833,2158,1837,-1, 2136,2151,2129,-1, 1838,2159,1893,-1, 1831,2160,1830,-1, 2161,384,2162,-1, 1940,2152,2005,-1, 
          2160,1831,2157,-1, 1825,2157,1831,-1, 2149,2152,1643,-1, 2041,1954,2157,-1, 2163,459,2164,-1, 2152,1939,1670,-1, 
          2136,2165,2156,-1, 1830,2160,1833,-1, 2166,459,2167,-1, 1670,1643,2152,-1, 2159,1838,2158,-1, 1837,2158,1838,-1, 
          2168,1278,2134,-1, 1258,2134,1278,-1, 1700,2168,1696,-1, 2134,1696,2168,-1, 2164,459,2145,-1, 1956,2160,2157,-1, 
          1956,2157,1952,-1, 1952,2157,1953,-1, 2069,2169,2135,-1, 2163,2167,459,-1, 1475,1981,2010,-1, 2160,2158,1833,-1, 
          1475,1472,1981,-1, 1948,2158,2160,-1, 1948,2160,1947,-1, 2170,1281,2171,-1, 2136,2169,2165,-1, 2158,1959,1957,-1, 
          2158,1957,2159,-1, 2169,2136,2135,-1, 2158,1948,1959,-1, 1947,2160,1956,-1, 1958,2159,1957,-1, 2104,2165,2169,-1, 
          658,2172,1488,-1, 1960,2173,1958,-1, 2159,1958,2173,-1, 2069,2102,2169,-1, 1963,2174,2173,-1, 657,2175,658,-1, 
          2169,2102,2104,-1, 2176,1279,2177,-1, 2178,2177,1279,-1, 1963,2173,1960,-1, 2171,1280,2176,-1, 1279,2176,1280,-1, 
          2179,2165,2104,-1, 2177,1700,1703,-1, 2177,1703,2176,-1, 1700,2177,2178,-1, 1700,2178,2168,-1, 2159,2173,1884,-1, 
          1741,2170,1703,-1, 2176,1703,2171,-1, 2171,1703,2170,-1, 2180,2181,1288,-1, 2171,1281,1280,-1, 2154,2153,2182,-1, 
          1288,1281,2180,-1, 1968,2183,1967,-1, 2153,2184,2182,-1, 1972,2183,1968,-1, 2156,2184,2153,-1, 2180,1281,2185,-1, 
          2170,2185,1281,-1, 2165,2184,2156,-1, 1972,1975,2183,-1, 1741,2185,2170,-1, 1982,1981,1472,-1, 2180,2185,1747,-1, 
          1741,1747,2185,-1, 1747,2181,2180,-1, 1471,1982,1472,-1, 2182,2186,2187,-1, 2188,1747,1749,-1, 1976,2189,1977,-1, 
          2182,2184,2186,-1, 2184,2165,2179,-1, 2172,658,2175,-1, 1979,2190,2001,-1, 1992,2174,1963,-1, 2179,2186,2184,-1, 
          2191,1991,2036,-1, 1985,2192,2036,-1, 1945,1265,2193,-1, 1266,2193,1265,-1, 2194,1486,1485,-1, 1991,2191,1990,-1, 
          260,239,1926,-1, 1990,2174,1992,-1, 2195,2196,609,-1, 1841,1928,1926,-1, 2193,1266,1267,-1, 2197,31,2198,-1, 
          1993,2199,2009,-1, 2195,609,613,-1, 1877,1928,1841,-1, 1267,1273,2193,-1, 1994,2200,1993,-1, 1998,2201,1997,-1, 
          1259,1936,1258,-1, 2000,2202,1999,-1, 2201,1999,2202,-1, 260,1926,259,-1, 1999,2201,1998,-1, 2004,2203,534,-1, 
          535,534,2203,-1, 2001,2202,2000,-1, 534,1477,2004,-1, 2010,2004,1477,-1, 2204,31,2205,-1, 2206,31,2204,-1, 
          2010,1477,1475,-1, 1932,2207,1927,-1, 1932,1955,1984,-1, 1902,2208,2199,-1, 1932,1984,2207,-1, 2208,2008,2199,-1, 
          2009,2199,2008,-1, 2008,2208,2007,-1, 2209,2210,31,-1, 459,31,2211,-1, 2210,2212,31,-1, 1926,2213,259,-1, 
          2007,2208,2003,-1, 259,2213,257,-1, 604,2196,1485,-1, 2194,1485,2196,-1, 2214,2198,31,-1, 2209,31,2197,-1, 
          1928,2215,1926,-1, 2161,2216,384,-1, 604,609,2196,-1, 2003,2217,2002,-1, 2213,1926,2215,-1, 613,2218,2195,-1, 
          2219,2162,384,-1, 2220,384,2216,-1, 2219,384,2221,-1, 1989,2002,2217,-1, 613,566,2218,-1, 2222,2218,566,-1, 
          31,2206,2214,-1, 2208,1920,2217,-1, 1919,2217,1920,-1, 2223,2205,31,-1, 2217,2003,2208,-1, 566,535,2222,-1, 
          2203,2222,535,-1, 2224,293,2225,-1, 2226,266,2213,-1, 257,2213,266,-1, 2227,293,2228,-1, 2229,293,2227,-1, 
          2230,293,2229,-1, 1966,1967,2231,-1, 2232,2233,293,-1, 53,2234,2235,-1, 1967,2183,2231,-1, 2236,2231,2183,-1, 
          1265,1946,1259,-1, 1936,1259,1946,-1, 2183,1975,2236,-1, 266,2226,265,-1, 268,2226,2237,-1, 1882,2190,1850,-1, 
          265,2226,268,-1, 2231,2238,1850,-1, 1849,1850,2238,-1, 2237,267,268,-1, 1274,2090,1261,-1, 2086,1261,2090,-1, 
          2089,2090,1274,-1, 1849,2238,1855,-1, 2231,1980,1966,-1, 1260,1261,2100,-1, 267,2237,271,-1, 2086,2100,1261,-1, 
          2150,2218,2222,-1, 2100,1271,1260,-1, 2150,2222,2005,-1, 2203,2005,2222,-1, 1927,2239,1928,-1, 2190,1980,2231,-1, 
          2005,2203,2004,-1, 1928,2239,2215,-1, 1742,1740,53,-1, 2224,2228,293,-1, 2240,2225,293,-1, 2207,2239,1927,-1, 
          2142,2139,2143,-1, 2190,1979,1980,-1, 2213,2241,2226,-1, 1945,1273,1272,-1, 2242,2236,1975,-1, 2241,2213,2215,-1, 
          1945,2193,1273,-1, 1974,2242,1975,-1, 2239,2243,2215,-1, 1973,2244,1974,-1, 2245,31,2246,-1, 2243,2241,2215,-1, 
          2247,2246,31,-1, 500,2139,499,-1, 2248,2239,2207,-1, 2178,1279,2168,-1, 2139,500,2143,-1, 2249,2143,500,-1, 
          1984,2250,2248,-1, 2248,2207,1984,-1, 2251,30,2252,-1, 2168,1279,1278,-1, 2253,30,2254,-1, 498,2255,2256,-1, 
          2256,2143,2249,-1, 30,2257,2258,-1, 2259,30,2251,-1, 2258,2252,30,-1, 2259,2254,30,-1, 2260,2257,30,-1, 
          1976,404,2189,-1, 1311,1291,2261,-1, 2262,2261,1291,-1, 2188,2262,1291,-1, 2255,2144,2143,-1, 2263,2260,30,-1, 
          2144,2255,2264,-1, 2202,2001,2190,-1, 2143,2256,2255,-1, 2265,2263,30,-1, 2266,2264,2255,-1, 2243,2239,2248,-1, 
          2267,2265,30,-1, 497,2255,498,-1, 2241,2243,2268,-1, 2269,2270,30,-1, 2270,2267,30,-1, 2255,497,2266,-1, 
          2271,2266,497,-1, 1288,2181,1291,-1, 2272,2269,30,-1, 2233,2272,30,-1, 2243,2248,2273,-1, 30,293,2233,-1, 
          2274,2232,293,-1, 2181,2188,1291,-1, 2268,2243,2273,-1, 2275,2266,2271,-1, 2230,2274,293,-1, 2276,2247,31,-1, 
          2253,2276,31,-1, 2248,2250,2273,-1, 2236,2277,2231,-1, 31,30,2253,-1, 2277,2238,2231,-1, 2181,1747,2188,-1, 
          2261,1293,1311,-1, 2278,2242,2244,-1, 2261,2262,1292,-1, 1749,1738,2262,-1, 1292,2262,1738,-1, 2279,2280,2281,-1, 
          1974,2244,2242,-1, 2245,2223,31,-1, 2212,2211,31,-1, 2282,459,2211,-1, 2283,459,2282,-1, 2283,2146,459,-1, 
          1749,2262,2188,-1, 1293,2261,1292,-1, 2280,2284,2285,-1, 1925,2146,1924,-1, 2241,2286,2226,-1, 2287,2280,2279,-1, 
          2226,2286,2237,-1, 2284,2280,2287,-1, 2244,1973,1977,-1, 2268,2286,2241,-1, 2237,2286,2288,-1, 2287,2289,2284,-1, 
          1322,1750,1321,-1, 2238,2277,2242,-1, 2268,2290,2286,-1, 1292,1738,1322,-1, 2236,2242,2277,-1, 2237,2291,271,-1, 
          2292,2293,2294,-1, 271,2291,272,-1, 2284,2289,2295,-1, 2242,2278,2296,-1, 2242,2296,2297,-1, 2242,2297,1855,-1, 
          2242,1855,2238,-1, 2288,2291,2237,-1, 2282,1965,2283,-1, 1924,2283,1965,-1, 2292,2298,2293,-1, 2290,2288,2286,-1, 
          1910,1965,2282,-1, 1750,1322,1738,-1, 1880,1876,53,-1, 2234,53,2299,-1, 1739,2299,53,-1, 2235,2300,53,-1, 
          449,53,2300,-1, 449,2300,2301,-1, 2096,449,2301,-1, 2095,2092,449,-1, 1321,1750,1751,-1, 2244,2298,2278,-1, 
          273,2302,279,-1, 2299,1739,1713,-1, 1852,2292,1853,-1, 2294,1853,2292,-1, 1751,1326,1321,-1, 2297,1854,1855,-1, 
          2302,273,2291,-1, 272,2291,273,-1, 2303,2293,2298,-1, 1852,1851,2292,-1, 2298,2292,1851,-1, 1740,1712,1739,-1, 
          404,2294,2293,-1, 1713,1739,1712,-1, 2189,2303,2298,-1, 2304,2305,2306,-1, 2298,1977,2189,-1, 1712,1740,1717,-1, 
          2298,2244,1977,-1, 2288,2290,2307,-1, 2189,404,2303,-1, 2305,2285,2284,-1, 2296,2278,2298,-1, 1740,1742,1717,-1, 
          1468,1717,1742,-1, 2290,2308,2307,-1, 1854,2297,1851,-1, 2298,1851,2297,-1, 2298,2297,2296,-1, 1336,1758,1334,-1, 
          1742,1743,1468,-1, 2303,404,2293,-1, 2309,2290,2268,-1, 1468,1743,1467,-1, 1815,1467,1743,-1, 2308,2290,2309,-1, 
          2294,404,1853,-1, 279,2302,285,-1, 1997,2200,1994,-1, 1876,1466,1815,-1, 1467,1815,1466,-1, 1466,1876,1568,-1, 
          2199,1993,2200,-1, 1873,2201,1872,-1, 2288,2310,2291,-1, 2291,2310,2302,-1, 1836,2311,1847,-1, 2310,2288,2307,-1, 
          1868,2200,1873,-1, 2201,1873,2200,-1, 2311,1836,2312,-1, 1834,2312,1836,-1, 1848,2313,1827,-1, 1997,2201,2200,-1, 
          1848,2314,2313,-1, 2211,1910,2282,-1, 2315,2316,213,-1, 2316,2035,213,-1, 2285,2317,2318,-1, 2231,1850,2190,-1, 
          2250,1984,2147,-1, 2172,2319,1488,-1, 2320,2315,213,-1, 2250,2321,2273,-1, 2199,1901,1902,-1, 2250,2154,2321,-1, 
          2200,1869,2199,-1, 1901,2199,1869,-1, 593,2322,657,-1, 2154,2250,2147,-1, 593,595,2323,-1, 2324,1933,1962,-1, 
          2200,1868,1869,-1, 598,2325,595,-1, 2323,595,2325,-1, 2273,2321,2326,-1, 2202,1874,2201,-1, 1872,2201,1874,-1, 
          1950,2164,1962,-1, 1874,2202,1879,-1, 1488,2319,675,-1, 2309,2273,2326,-1, 2202,2190,1878,-1, 2202,1878,1879,-1, 
          1878,2190,1882,-1, 2321,2327,2326,-1, 2328,674,2319,-1, 2312,1834,1835,-1, 1883,1884,2173,-1, 1893,2159,1884,-1, 
          675,2319,674,-1, 2313,1826,1827,-1, 2327,2321,2154,-1, 1883,2173,1886,-1, 2174,1886,2173,-1, 1886,2174,1885,-1, 
          2182,2327,2154,-1, 1885,2174,1894,-1, 2273,2309,2268,-1, 1520,1524,2312,-1, 2311,2312,1524,-1, 2309,2329,2308,-1, 
          2191,2036,2192,-1, 1986,2192,1985,-1, 1513,1520,2330,-1, 2331,2332,212,-1, 2192,1986,2333,-1, 1988,2333,1986,-1, 
          1520,2312,2330,-1, 2334,2330,2312,-1, 2335,2334,2312,-1, 2309,2326,2329,-1, 2330,1512,1513,-1, 2333,2217,1916,-1, 
          2333,1916,1917,-1, 2336,2337,212,-1, 2338,2280,2318,-1, 2339,2340,1512,-1, 2332,2336,212,-1, 1989,2333,1988,-1, 
          2341,2342,212,-1, 2280,2338,2281,-1, 2330,2334,2339,-1, 2217,2333,1989,-1, 2187,2343,2327,-1, 2344,2338,2345,-1, 
          2339,1512,2330,-1, 2281,2338,2344,-1, 1921,2208,1902,-1, 2187,2327,2182,-1, 2339,2334,2335,-1, 2342,2331,212,-1, 
          1835,2335,2312,-1, 2174,2191,1894,-1, 2313,2339,1826,-1, 2174,1990,2191,-1, 2313,2314,2339,-1, 2340,2339,2314,-1, 
          1914,2192,1913,-1, 1521,1512,2340,-1, 308,1521,2340,-1, 1894,2191,1907,-1, 2343,2326,2327,-1, 2191,2192,1914,-1, 
          2191,1914,1907,-1, 2343,2329,2326,-1, 2335,1835,2339,-1, 1826,2339,1835,-1, 2333,1917,1912,-1, 2346,2347,2348,-1, 
          1848,308,2314,-1, 2340,2314,308,-1, 2192,1912,1913,-1, 2192,2333,1912,-1, 2349,2350,1562,-1, 2349,1562,1561,-1, 
          2187,2351,2343,-1, 1562,2350,1559,-1, 1360,2352,1354,-1, 1920,2208,1921,-1, 2311,1596,2350,-1, 1559,2350,1596,-1, 
          2217,1919,1916,-1, 1596,2311,1524,-1, 403,1853,404,-1, 2349,1857,2350,-1, 2350,1845,2311,-1, 1847,2311,1845,-1, 
          2353,1656,1653,-1, 1629,2354,1649,-1, 1845,2350,1846,-1, 2354,1629,1465,-1, 307,308,1848,-1, 2353,2352,1656,-1, 
          2355,2356,427,-1, 2357,427,2356,-1, 2325,598,2358,-1, 1486,2358,598,-1, 2194,2358,1486,-1, 1933,2324,1925,-1, 
          2359,1791,2360,-1, 1765,2360,1791,-1, 2361,212,2362,-1, 2362,212,2363,-1, 2283,1924,2146,-1, 2175,657,2322,-1, 
          2364,212,2365,-1, 593,2323,2322,-1, 2365,212,2366,-1, 2363,212,2364,-1, 2360,1765,2367,-1, 1763,2367,1765,-1, 
          2355,427,2368,-1, 2220,2369,384,-1, 2369,2366,384,-1, 1465,1427,1434,-1, 2370,2371,427,-1, 2371,2368,427,-1, 
          250,427,2372,-1, 1864,2373,1889,-1, 2374,1889,2373,-1, 2375,1554,2376,-1, 2118,1649,2377,-1, 1554,2375,1555,-1, 
          1763,1762,2367,-1, 2349,1561,1560,-1, 2378,212,2379,-1, 2380,1649,2354,-1, 2377,1649,2380,-1, 2381,427,2382,-1, 
          427,2357,2382,-1, 2376,1557,2373,-1, 1563,2373,1557,-1, 2376,1556,1557,-1, 2372,427,2383,-1, 313,2380,1441,-1, 
          2384,2317,2385,-1, 1556,2376,1554,-1, 1593,2373,1563,-1, 1465,1434,2354,-1, 1435,2354,1434,-1, 1441,2354,1435,-1, 
          2317,2384,2318,-1, 2376,1862,2375,-1, 1859,2375,1862,-1, 1862,2376,1861,-1, 1858,2375,1859,-1, 2386,2387,2347,-1, 
          2388,212,2389,-1, 2389,212,2361,-1, 2375,1858,2349,-1, 1856,2349,1858,-1, 2384,2386,2318,-1, 384,2366,212,-1, 
          1846,2350,1857,-1, 2354,1441,2380,-1, 2390,212,2388,-1, 1857,2349,1856,-1, 2391,250,2392,-1, 2393,2377,2380,-1, 
          2347,2338,2386,-1, 2383,427,2381,-1, 2349,1560,2375,-1, 1555,2375,1560,-1, 312,2380,313,-1, 2394,250,2391,-1, 
          2395,250,2394,-1, 2396,250,2395,-1, 2372,2392,250,-1, 2318,2386,2338,-1, 2376,2373,1863,-1, 2376,1863,1861,-1, 
          2380,312,2393,-1, 317,2393,312,-1, 2397,250,2396,-1, 2345,2347,2346,-1, 2398,2399,250,-1, 2390,2379,212,-1, 
          2400,212,2378,-1, 2373,1864,1863,-1, 2338,2347,2345,-1, 2401,2085,1892,-1, 1891,1585,1892,-1, 2401,1892,1585,-1, 
          1586,2401,1585,-1, 213,212,2337,-1, 1586,1601,2401,-1, 2374,1590,1589,-1, 2402,406,2403,-1, 2404,2403,406,-1, 
          2373,1593,2374,-1, 2341,212,2400,-1, 2405,2320,213,-1, 2337,2405,213,-1, 2280,2285,2318,-1, 2406,2221,384,-1, 
          2407,406,2402,-1, 2408,2409,2323,-1, 1876,1880,1568,-1, 2037,2015,213,-1, 1908,1517,1516,-1, 2410,1908,2411,-1, 
          2410,1517,1908,-1, 2015,2411,1908,-1, 2412,406,2407,-1, 2080,1584,1881,-1, 1567,1881,1584,-1, 1881,1567,1880,-1, 
          1568,1880,1567,-1, 2324,1962,2164,-1, 2145,2324,2164,-1, 2411,2015,2413,-1, 2015,2414,2413,-1, 1584,2080,1598,-1, 
          2145,2146,2324,-1, 1601,2084,2401,-1, 2410,1518,1517,-1, 2080,2081,1598,-1, 2410,2411,1518,-1, 1519,1518,2411,-1, 
          2413,1519,2411,-1, 1505,1905,1904,-1, 1600,2083,1601,-1, 1898,1905,1505,-1, 2415,2194,2196,-1, 1597,2082,1600,-1, 
          406,2412,2416,-1, 2085,2401,2084,-1, 1897,2417,1896,-1, 1511,1896,2417,-1, 1511,2417,1506,-1, 1888,2374,1890,-1, 
          1925,2324,2146,-1, 1889,2374,1888,-1, 1506,2417,1505,-1, 1898,1505,2417,-1, 1590,2374,1593,-1, 1898,2417,1897,-1, 
          1511,1510,1896,-1, 1900,1896,1510,-1, 1890,2374,1589,-1, 1891,1890,1585,-1, 1589,1585,1890,-1, 2195,2218,2418,-1, 
          2082,1597,2081,-1, 1598,2081,1597,-1, 1515,1903,1516,-1, 1908,1516,1903,-1, 2084,1601,2083,-1, 1904,1509,1505,-1, 
          1900,1510,434,-1, 435,434,1510,-1, 2083,1600,2082,-1, 1509,1904,1515,-1, 1903,1515,1904,-1, 1723,2087,1678,-1, 
          2088,1678,2087,-1, 2167,2163,2419,-1, 2420,2421,406,-1, 1964,460,2419,-1, 2150,2418,2218,-1, 1723,450,2087,-1, 
          2167,2419,2166,-1, 1678,2088,2092,-1, 1678,2092,1677,-1, 2422,2420,406,-1, 2421,2404,406,-1, 2095,2423,2092,-1, 
          1677,2092,1676,-1, 2037,2414,2015,-1, 2415,2424,2425,-1, 1676,2092,2423,-1, 1964,2419,1951,-1, 1951,2419,2163,-1, 
          2196,2426,2415,-1, 2422,406,2427,-1, 1676,2423,1666,-1, 2426,2196,2195,-1, 1542,1541,2428,-1, 2429,2428,1541,-1, 
          1666,2423,1665,-1, 2096,1665,2423,-1, 2096,2423,2095,-1, 2164,1950,1951,-1, 2164,1951,2163,-1, 2418,2426,2195,-1, 
          2424,2415,2426,-1, 1665,2096,1724,-1, 2301,1724,2096,-1, 2430,2431,250,-1, 2426,2432,2424,-1, 2399,2430,250,-1, 
          2431,2433,250,-1, 2397,2398,250,-1, 2118,1646,1649,-1, 2434,2414,2037,-1, 2434,2037,2435,-1, 2012,2435,2037,-1, 
          251,250,2436,-1, 2419,460,2166,-1, 2435,2012,2437,-1, 2438,2437,2012,-1, 2418,2432,2426,-1, 2439,1766,2440,-1, 
          2155,2418,2150,-1, 2441,251,2442,-1, 2012,2011,2438,-1, 459,2166,460,-1, 2443,251,2441,-1, 2418,2155,2432,-1, 
          1768,2444,1771,-1, 2445,2118,2377,-1, 2442,251,2436,-1, 2446,2447,277,-1, 1910,2211,1911,-1, 2433,2436,250,-1, 
          251,2443,2448,-1, 2449,2450,251,-1, 2425,2424,2451,-1, 2450,2452,251,-1, 2427,406,2453,-1, 2453,251,2452,-1, 
          2445,2377,2454,-1, 1519,2413,2414,-1, 2455,251,2456,-1, 2457,251,2458,-1, 2456,251,2457,-1, 2393,2454,2377,-1, 
          251,2455,2459,-1, 2459,2449,251,-1, 2212,1911,2211,-1, 2460,2461,2462,-1, 2437,1616,2435,-1, 2463,2464,2465,-1, 
          2448,2458,251,-1, 251,2453,406,-1, 1616,2437,1548,-1, 2323,2325,2466,-1, 2464,2463,2467,-1, 2465,2468,2463,-1, 
          2408,2323,2466,-1, 2325,2358,2469,-1, 2445,2454,2465,-1, 1911,2212,1971,-1, 2470,426,2471,-1, 2472,2471,426,-1, 
          2473,426,2470,-1, 2434,1530,2414,-1, 2468,2465,2454,-1, 2474,2472,426,-1, 2475,2469,2358,-1, 2210,2014,1971,-1, 
          2393,2476,2454,-1, 2477,2478,426,-1, 2474,426,2478,-1, 1971,2212,2210,-1, 2475,2358,2194,-1, 2434,2435,1616,-1, 
          249,2479,2480,-1, 2481,426,2480,-1, 2477,426,2481,-1, 2360,2462,2461,-1, 2415,2475,2194,-1, 320,2393,317,-1, 
          2209,2014,2210,-1, 328,2476,320,-1, 2393,320,2476,-1, 2482,2483,249,-1, 2479,249,2483,-1, 2437,2438,1548,-1, 
          2484,2462,2360,-1, 2485,2486,249,-1, 2486,2482,249,-1, 2487,1548,2438,-1, 2014,2209,2013,-1, 2197,2013,2209,-1, 
          2438,2011,2487,-1, 2020,2487,2011,-1, 2488,405,2489,-1, 2468,2454,2476,-1, 2466,2325,2469,-1, 2021,1545,2020,-1, 
          2484,2490,2491,-1, 2484,2491,2462,-1, 1545,1548,2020,-1, 2492,2466,2469,-1, 2198,1996,2197,-1, 2013,2197,1996,-1, 
          2476,328,337,-1, 1519,2414,1530,-1, 1530,2434,1616,-1, 2469,2475,2493,-1, 1724,2301,1725,-1, 2300,1725,2301,-1, 
          2494,2467,2463,-1, 2492,2469,2493,-1, 2467,2494,2495,-1, 2425,2475,2415,-1, 2487,2020,1548,-1, 2463,2496,2494,-1, 
          2439,2497,2490,-1, 2021,1544,1545,-1, 2498,2499,405,-1, 2496,2463,2468,-1, 2500,405,2488,-1, 2468,2476,2501,-1, 
          2022,1544,2021,-1, 2502,405,2503,-1, 2502,2489,405,-1, 2499,2503,405,-1, 2032,1547,2022,-1, 1544,2022,1547,-1, 
          2504,2498,405,-1, 1547,2032,1551,-1, 2034,1551,2032,-1, 1531,1532,2497,-1, 2505,2492,2493,-1, 2476,337,2501,-1, 
          339,2501,337,-1, 2035,1550,2034,-1, 1551,2034,1550,-1, 2316,1552,2035,-1, 1550,2035,1552,-1, 2235,1708,2300,-1, 
          1725,2300,1708,-1, 1552,2316,1828,-1, 2490,2497,1532,-1, 2475,2425,2493,-1, 2506,2494,2496,-1, 2234,1701,2235,-1, 
          1542,2461,1536,-1, 1635,1715,2507,-1, 2508,1635,2507,-1, 1708,2235,1701,-1, 2496,2509,2506,-1, 2510,1635,2508,-1, 
          1536,2460,1532,-1, 2460,2462,1532,-1, 2491,1532,2462,-1, 2468,2501,2496,-1, 2509,2496,2501,-1, 2491,2490,1532,-1, 
          2234,1702,1701,-1, 405,2500,2511,-1, 405,2511,2512,-1, 2513,252,405,-1, 2512,2514,405,-1, 2513,405,2514,-1, 
          341,2509,340,-1, 2510,2515,1634,-1, 2510,1634,1635,-1, 2501,340,2509,-1, 2485,249,2516,-1, 2517,2516,249,-1, 
          2299,1702,2234,-1, 2501,339,340,-1, 2508,2518,2510,-1, 1702,2299,1713,-1, 449,2087,450,-1, 2519,1640,2520,-1, 
          1640,1634,2520,-1, 2515,2520,1634,-1, 2460,1536,2461,-1, 2521,249,2522,-1, 2490,2484,2439,-1, 2517,249,2523,-1, 
          2524,2522,249,-1, 249,2521,2523,-1, 2507,2525,2518,-1, 2525,2526,2518,-1, 249,2527,2524,-1, 2484,2360,2367,-1, 
          2507,2518,2508,-1, 2528,2520,2518,-1, 2510,2518,2515,-1, 2529,2530,252,-1, 2519,1639,1640,-1, 2531,2432,2155,-1, 
          2532,1651,2528,-1, 249,252,2527,-1, 2533,2527,252,-1, 2506,2509,2534,-1, 1762,2439,2367,-1, 2484,2367,2439,-1, 
          2155,1642,2531,-1, 2526,2365,2518,-1, 2530,2533,252,-1, 342,2509,341,-1, 1642,2155,2149,-1, 342,2534,2509,-1, 
          1643,1642,2149,-1, 1639,2519,2528,-1, 2519,2520,2528,-1, 1771,2440,1766,-1, 2535,2529,252,-1, 2536,252,2537,-1, 
          2537,252,2513,-1, 2538,189,2539,-1, 2446,2444,2447,-1, 2515,2518,2520,-1, 1642,1645,2531,-1, 2540,2541,252,-1, 
          2542,2540,252,-1, 2543,2544,2545,-1, 2444,1768,2546,-1, 2536,2547,252,-1, 2542,252,2547,-1, 2548,2544,2543,-1, 
          1754,2531,1645,-1, 2549,2535,252,-1, 2541,2549,252,-1, 2447,1773,277,-1, 2545,2506,2534,-1, 2440,1771,2444,-1, 
          249,2480,426,-1, 2550,2551,2552,-1, 2551,2357,2552,-1, 2356,2552,2357,-1, 2439,1762,1766,-1, 2366,2518,2365,-1, 
          2553,189,2554,-1, 2319,2555,2328,-1, 2369,2518,2366,-1, 355,2534,342,-1, 2172,2555,2319,-1, 357,2534,355,-1, 
          2528,2518,2369,-1, 1769,1773,2546,-1, 2447,2546,1773,-1, 2355,2552,2356,-1, 2546,1768,1769,-1, 1638,1639,2528,-1, 
          2556,310,2557,-1, 2558,2559,310,-1, 2559,2560,310,-1, 2561,310,2560,-1, 2561,2557,310,-1, 2428,2429,2360,-1, 
          2562,2175,2409,-1, 2322,2409,2175,-1, 2550,2563,2551,-1, 2322,2323,2409,-1, 2564,2565,310,-1, 310,2565,2558,-1, 
          2545,2566,2543,-1, 2550,2552,2567,-1, 2552,2355,2567,-1, 2360,2461,2568,-1, 2566,2545,2534,-1, 1489,674,2328,-1, 
          2569,58,2570,-1, 2571,1647,1637,-1, 2568,2428,2360,-1, 2534,357,2566,-1, 2572,2570,58,-1, 1489,2328,698,-1, 
          2563,2573,2551,-1, 2369,2220,2528,-1, 2564,310,2574,-1, 2569,2575,58,-1, 310,58,2574,-1, 2576,2577,2578,-1, 
          2579,2572,58,-1, 2580,2579,58,-1, 2581,2580,58,-1, 2582,189,2553,-1, 2175,2562,2172,-1, 2172,2562,2555,-1, 
          2583,189,2584,-1, 2555,2562,2585,-1, 2584,189,2582,-1, 2571,1637,1636,-1, 2370,2576,2371,-1, 2578,2371,2576,-1, 
          2548,2543,2586,-1, 2587,189,2583,-1, 2543,2566,2588,-1, 2567,2578,2589,-1, 2589,2578,2590,-1, 2573,2589,2590,-1, 
          2586,2543,2588,-1, 2591,58,2592,-1, 2593,58,2594,-1, 2589,2573,2567,-1, 2595,58,2591,-1, 2593,2592,58,-1, 
          2371,2578,2368,-1, 2596,58,2595,-1, 507,2566,357,-1, 2368,2578,2567,-1, 2597,2598,2599,-1, 2368,2567,2355,-1, 
          1996,2198,1995,-1, 427,426,2370,-1, 2206,2019,2214,-1, 2497,2439,2598,-1, 2473,2470,2577,-1, 1995,2198,2214,-1, 
          2600,2601,2495,-1, 2439,2599,2598,-1, 2602,2385,2317,-1, 2597,2599,2603,-1, 2604,2603,2599,-1, 1638,2528,1651,-1, 
          2596,2581,58,-1, 2575,2574,58,-1, 2328,2555,2605,-1, 2606,2554,189,-1, 2607,2599,2439,-1, 2608,189,2587,-1, 
          2605,2609,2328,-1, 2578,2470,2590,-1, 2471,2590,2470,-1, 2610,2611,2600,-1, 2605,2555,2585,-1, 2610,2495,2612,-1, 
          2613,58,2614,-1, 2600,2495,2610,-1, 2471,2472,2590,-1, 2444,2446,2615,-1, 2608,2614,189,-1, 2613,2616,58,-1, 
          2616,2594,58,-1, 2617,2495,2494,-1, 2573,2563,2567,-1, 2563,2550,2567,-1, 2216,2532,2528,-1, 2495,2617,2612,-1, 
          189,2614,58,-1, 698,2609,697,-1, 2328,2609,698,-1, 2506,2617,2494,-1, 2216,2528,2220,-1, 697,2609,705,-1, 
          2618,448,2619,-1, 2382,2357,2551,-1, 2620,448,2618,-1, 2621,448,2620,-1, 2473,2577,426,-1, 2576,2370,426,-1, 
          448,2622,2623,-1, 2624,2381,2382,-1, 2610,2612,2625,-1, 2204,2626,2018,-1, 2018,2019,2204,-1, 2206,2204,2019,-1, 
          2627,2383,2624,-1, 2381,2624,2383,-1, 2612,2544,2625,-1, 2383,2627,2372,-1, 2018,2626,2017,-1, 2617,2544,2612,-1, 
          2205,2626,2204,-1, 2551,2624,2382,-1, 2628,2057,2626,-1, 2545,2617,2506,-1, 2605,2585,2629,-1, 2624,2477,2481,-1, 
          2223,2626,2205,-1, 2480,2627,2481,-1, 2627,2624,2481,-1, 2628,2626,2223,-1, 2545,2544,2617,-1, 1995,2214,2019,-1, 
          2630,2392,2627,-1, 2631,2632,2610,-1, 2229,2029,2230,-1, 2033,2230,2029,-1, 2392,2630,2391,-1, 1652,2633,1654,-1, 
          2632,2631,2634,-1, 2635,2562,2409,-1, 2227,2028,2229,-1, 2029,2229,2028,-1, 2391,2630,2394,-1, 2636,2394,2630,-1, 
          2631,2610,2625,-1, 2394,2636,2395,-1, 1652,1647,2633,-1, 2024,2637,2025,-1, 2240,2025,2637,-1, 2240,2637,2225,-1, 
          2638,2634,2631,-1, 2372,2627,2392,-1, 2228,2027,2028,-1, 2228,2028,2227,-1, 2639,2635,2409,-1, 2633,383,1654,-1, 
          2225,2637,2224,-1, 2026,2224,2637,-1, 2026,2637,2023,-1, 2631,2625,2640,-1, 2023,2637,2024,-1, 2409,2408,2639,-1, 
          2639,2408,2641,-1, 2027,2228,2026,-1, 2224,2026,2228,-1, 2232,2031,2233,-1, 2274,2030,2232,-1, 2641,2408,2466,-1, 
          2548,2625,2544,-1, 2232,2030,2031,-1, 2640,2625,2548,-1, 2030,2274,2033,-1, 2230,2033,2274,-1, 2642,2444,2615,-1, 
          2492,2641,2466,-1, 293,292,2240,-1, 2025,2240,292,-1, 2643,2396,2636,-1, 2395,2636,2396,-1, 2644,2046,2060,-1, 
          2532,2216,2161,-1, 2396,2643,2397,-1, 2645,2072,2644,-1, 2046,2644,2072,-1, 2397,2643,2398,-1, 2577,2576,426,-1, 
          2056,2646,2060,-1, 2562,2635,2585,-1, 2571,1636,2532,-1, 2421,2647,2404,-1, 2276,2253,2644,-1, 2566,514,2588,-1, 
          669,2588,514,-1, 2645,2644,2254,-1, 2648,2649,2571,-1, 514,2566,507,-1, 2635,2639,2650,-1, 2404,2647,2403,-1, 
          2254,2644,2253,-1, 2644,2060,2646,-1, 2628,2054,2057,-1, 2646,2055,2628,-1, 2054,2628,2055,-1, 2055,2646,2056,-1, 
          2246,2628,2245,-1, 2651,665,2652,-1, 2628,2246,2646,-1, 2247,2646,2246,-1, 2653,2641,2492,-1, 2586,664,2651,-1, 
          2654,2532,2162,-1, 2162,2532,2161,-1, 2412,2655,2416,-1, 1651,2532,1636,-1, 2407,2655,2412,-1, 2276,2646,2247,-1, 
          2407,2402,2655,-1, 2609,2656,705,-1, 2604,2599,2642,-1, 2644,2646,2276,-1, 2017,2626,2057,-1, 2444,2642,2599,-1, 
          2223,2245,2628,-1, 2062,2657,2070,-1, 2658,2609,2605,-1, 2615,2659,1526,-1, 2657,2062,2660,-1, 2648,2571,2532,-1, 
          2661,2648,2532,-1, 2063,2660,2062,-1, 2631,2640,2638,-1, 2585,2662,2629,-1, 2640,2652,2638,-1, 1525,1526,2659,-1, 
          2635,2662,2585,-1, 2660,2063,2071,-1, 2640,2651,2652,-1, 2070,2657,2076,-1, 2663,384,2633,-1, 2406,384,2663,-1, 
          2662,2635,2650,-1, 2548,2651,2640,-1, 1527,2603,1526,-1, 2603,2604,1526,-1, 2642,1526,2604,-1, 2615,1526,2642,-1, 
          2514,2427,2453,-1, 1531,2598,1549,-1, 2639,2641,2664,-1, 2221,2406,2663,-1, 2665,2077,2078,-1, 2452,2513,2453,-1, 
          2651,2548,2586,-1, 2603,1527,2597,-1, 1549,2597,1527,-1, 2077,2665,2263,-1, 2162,2219,2654,-1, 2666,673,2667,-1, 
          2643,2516,2517,-1, 2258,2657,2668,-1, 2258,2668,2252,-1, 2664,2641,2653,-1, 2669,672,2666,-1, 2660,2668,2657,-1, 
          2670,2629,2662,-1, 2649,2654,2219,-1, 2671,2672,2673,-1, 2645,2071,2072,-1, 2668,2660,2645,-1, 2674,2670,2650,-1, 
          2071,2645,2660,-1, 2517,2675,2643,-1, 2671,2676,2672,-1, 2668,2645,2251,-1, 2668,2251,2252,-1, 2532,2654,2661,-1, 
          2650,2677,2674,-1, 2602,2678,2672,-1, 2259,2645,2254,-1, 2676,2602,2672,-1, 2251,2645,2259,-1, 2643,2675,2398,-1, 
          2639,2664,2650,-1, 2398,2675,2399,-1, 2317,2679,2602,-1, 2675,2680,2430,-1, 2675,2430,2399,-1, 2678,2602,2679,-1, 
          2430,2680,2431,-1, 2664,2677,2650,-1, 2285,2679,2317,-1, 2431,2680,2433,-1, 2681,2433,2680,-1, 2682,688,687,-1, 
          2257,2657,2258,-1, 2433,2681,2436,-1, 2683,2673,2672,-1, 2665,2076,2657,-1, 2684,2442,2681,-1, 2682,2685,688,-1, 
          2076,2665,2078,-1, 2436,2681,2442,-1, 2686,2673,2683,-1, 2442,2684,2441,-1, 2683,2672,2687,-1, 2678,2687,2672,-1, 
          2657,2257,2665,-1, 2260,2665,2257,-1, 2678,2304,2687,-1, 2263,2665,2260,-1, 2077,2263,2265,-1, 2679,2304,2678,-1, 
          2441,2684,2443,-1, 2112,2267,2113,-1, 2270,2113,2267,-1, 2265,2111,2077,-1, 704,705,2656,-1, 2304,2679,2305,-1, 
          2684,2529,2443,-1, 2111,2265,2112,-1, 2267,2112,2265,-1, 2113,2270,2114,-1, 2269,2114,2270,-1, 2679,2285,2305,-1, 
          2114,2269,2117,-1, 2272,2117,2269,-1, 2609,2658,2656,-1, 2233,2115,2272,-1, 2117,2272,2115,-1, 2031,2115,2233,-1, 
          1647,2649,2633,-1, 2663,2633,2649,-1, 2459,2547,2449,-1, 2449,2536,2450,-1, 2458,2549,2457,-1, 2649,2221,2663,-1, 
          2219,2221,2649,-1, 2456,2540,2455,-1, 2688,709,2656,-1, 704,2656,709,-1, 2477,2624,2478,-1, 2472,2474,2573,-1, 
          2551,2573,2474,-1, 2689,2656,2658,-1, 2578,2577,2470,-1, 664,2586,670,-1, 2688,2656,2689,-1, 1647,2571,2649,-1, 
          2573,2590,2472,-1, 2478,2551,2474,-1, 2648,2661,2649,-1, 709,2688,715,-1, 2661,2654,2649,-1, 2347,2387,2690,-1, 
          2551,2478,2624,-1, 2690,2691,2348,-1, 2692,728,2688,-1, 715,2688,728,-1, 728,2692,727,-1, 2479,2627,2480,-1, 
          2483,2630,2479,-1, 2627,2479,2630,-1, 2630,2482,2636,-1, 2486,2636,2482,-1, 485,484,2693,-1, 538,539,2694,-1, 
          2630,2483,2482,-1, 2337,1843,2405,-1, 2694,2695,538,-1, 2315,1828,2316,-1, 2485,2636,2486,-1, 666,660,2696,-1, 
          2320,1842,2315,-1, 2516,2643,2485,-1, 2421,2488,2647,-1, 666,2696,747,-1, 727,2692,723,-1, 2489,2647,2488,-1, 
          2692,2697,2698,-1, 2699,2693,2700,-1, 1828,2315,1842,-1, 2502,2647,2489,-1, 2405,1844,2320,-1, 673,2666,672,-1, 
          2647,2502,2403,-1, 2503,2403,2502,-1, 672,2669,671,-1, 2652,671,2669,-1, 2503,2499,2403,-1, 2402,2403,2499,-1, 
          2701,37,2702,-1, 2652,665,671,-1, 2499,2498,2402,-1, 2655,2402,2498,-1, 2498,2504,2655,-1, 665,2651,664,-1, 
          2416,2655,2504,-1, 2703,1660,2704,-1, 2588,670,2586,-1, 2705,1660,2703,-1, 1661,2704,1660,-1, 1664,2704,1661,-1, 
          2658,2605,2629,-1, 669,670,2588,-1, 405,2416,2504,-1, 2341,2704,2706,-1, 1662,2706,1664,-1, 1664,2706,2704,-1, 
          2662,2650,2670,-1, 539,745,2707,-1, 2598,1531,2497,-1, 2512,2427,2514,-1, 539,2707,2694,-1, 2697,2688,2689,-1, 
          2597,1549,2598,-1, 2688,2697,2692,-1, 2701,2708,37,-1, 2709,37,2708,-1, 2514,2453,2513,-1, 1542,2568,2461,-1, 
          2427,2512,2422,-1, 2511,2422,2512,-1, 2658,2710,2689,-1, 2500,2420,2511,-1, 2422,2511,2420,-1, 2710,2658,2629,-1, 
          2711,37,2712,-1, 2488,2421,2500,-1, 2420,2500,2421,-1, 2523,2675,2517,-1, 2568,1542,2428,-1, 2636,2485,2643,-1, 
          2713,2689,2710,-1, 2714,37,2711,-1, 2522,2680,2521,-1, 2675,2521,2680,-1, 2713,2710,2715,-1, 2523,2521,2675,-1, 
          2524,2680,2522,-1, 2629,2670,2710,-1, 2527,2681,2524,-1, 2716,2717,297,-1, 2681,2533,2684,-1, 2530,2684,2533,-1, 
          2710,2670,2715,-1, 2680,2524,2681,-1, 2533,2681,2527,-1, 2715,2670,2674,-1, 2718,2715,2674,-1, 2529,2684,2530,-1, 
          2719,2720,297,-1, 2448,2443,2529,-1, 2535,2448,2529,-1, 2448,2535,2458,-1, 2549,2458,2535,-1, 2689,2713,2697,-1, 
          745,744,2721,-1, 2547,2459,2542,-1, 2455,2542,2459,-1, 2716,297,2722,-1, 2723,297,2717,-1, 2690,2387,479,-1, 
          2536,2449,2547,-1, 2724,297,2725,-1, 2607,2439,2440,-1, 745,2721,2707,-1, 2691,2690,479,-1, 2537,2450,2536,-1, 
          2513,2452,2537,-1, 2537,2452,2450,-1, 2720,2722,297,-1, 2541,2457,2549,-1, 660,538,2695,-1, 2546,2447,2444,-1, 
          660,2695,2696,-1, 2723,2725,297,-1, 2540,2456,2541,-1, 2457,2541,2456,-1, 747,2696,2726,-1, 2542,2455,2540,-1, 
          2416,405,406,-1, 2667,746,2726,-1, 2726,746,747,-1, 2727,2728,490,-1, 2659,2615,2446,-1, 746,2667,673,-1, 
          489,2729,2727,-1, 2718,2730,2715,-1, 2731,489,488,-1, 2599,2607,2444,-1, 2440,2444,2607,-1, 487,2732,488,-1, 
          2732,487,486,-1, 2700,2693,484,-1, 484,483,2700,-1, 2733,2700,483,-1, 2697,2734,2698,-1, 2713,2734,2697,-1, 
          2733,483,482,-1, 2733,482,2735,-1, 2632,2634,2736,-1, 482,481,2735,-1, 2737,2735,481,-1, 2737,481,480,-1, 
          2737,480,2387,-1, 2634,2738,2736,-1, 480,479,2387,-1, 2739,2715,2730,-1, 277,1525,2659,-1, 494,2740,2741,-1, 
          2698,2734,2742,-1, 493,2743,494,-1, 2743,493,2744,-1, 2446,277,2659,-1, 491,2745,492,-1, 278,277,1773,-1, 
          490,2746,491,-1, 490,2728,2746,-1, 2713,2739,2734,-1, 1791,2359,1790,-1, 2747,2748,2749,-1, 2750,2751,2752,-1, 
          2753,2752,2751,-1, 2751,2750,2754,-1, 2749,2755,2747,-1, 2756,1784,1789,-1, 2728,2727,2729,-1, 2757,254,2758,-1, 
          2758,254,2759,-1, 2742,2734,2760,-1, 2729,489,2731,-1, 2731,488,2732,-1, 2752,2761,2750,-1, 2762,189,2763,-1, 
          2764,2763,189,-1, 2765,189,2762,-1, 2752,2753,2761,-1, 486,485,2766,-1, 2693,2766,485,-1, 2750,2761,2754,-1, 
          2767,35,2768,-1, 2769,35,2770,-1, 2767,2770,35,-1, 723,2771,722,-1, 2772,2773,2774,-1, 2692,2771,723,-1, 
          2775,2776,2777,-1, 2768,35,2778,-1, 2698,2771,2692,-1, 2779,2774,2773,-1, 2780,254,2781,-1, 2782,729,2771,-1, 
          722,2771,729,-1, 2775,2747,2776,-1, 2781,254,2757,-1, 2771,2698,2783,-1, 486,2766,2732,-1, 2782,2771,2783,-1, 
          1566,2774,2779,-1, 2784,254,2780,-1, 2785,254,2784,-1, 2749,2738,2786,-1, 2783,2698,2742,-1, 729,2782,1490,-1, 
          2749,2786,2755,-1, 2787,37,2788,-1, 2738,2789,2786,-1, 1490,2782,1033,-1, 2790,2791,2792,-1, 2791,2779,2792,-1, 
          2789,2738,2634,-1, 2793,254,2785,-1, 2638,2789,2634,-1, 2794,2795,254,-1, 2795,2759,254,-1, 2779,2773,2792,-1, 
          2787,2796,37,-1, 1566,2779,1625,-1, 2700,2733,2797,-1, 2790,1625,2791,-1, 2777,2695,2798,-1, 2735,2385,2733,-1, 
          2798,2695,2694,-1, 2799,407,2800,-1, 2801,407,2802,-1, 2799,2802,407,-1, 2783,2742,2803,-1, 2695,2777,2696,-1, 
          2804,2790,2792,-1, 2733,2385,2797,-1, 2805,2804,2792,-1, 2539,189,2765,-1, 2735,2737,2384,-1, 2538,2606,189,-1, 
          1674,2806,1663,-1, 2706,1663,2806,-1, 1663,2706,1662,-1, 2385,2735,2384,-1, 2807,407,2808,-1, 2809,2622,448,-1, 
          2623,2619,448,-1, 448,2621,2810,-1, 2764,189,2810,-1, 448,2810,189,-1, 2811,2451,2424,-1, 2386,2737,2387,-1, 
          2384,2737,2386,-1, 2531,2811,2432,-1, 2812,407,2801,-1, 2806,2813,2341,-1, 1610,1625,2804,-1, 2790,2804,1625,-1, 
          2807,2814,407,-1, 2815,2816,35,-1, 2817,297,2818,-1, 2719,297,2817,-1, 2811,2424,2432,-1, 2816,2818,35,-1, 
          2690,2348,2347,-1, 2337,2336,1839,-1, 2819,35,2820,-1, 2729,2821,2728,-1, 2822,35,2823,-1, 2332,1840,2336,-1, 
          2821,2729,2824,-1, 2819,2815,35,-1, 35,2818,297,-1, 2731,2824,2729,-1, 2825,2823,35,-1, 2822,2826,35,-1, 
          2826,2820,35,-1, 2827,1840,2331,-1, 2813,1674,2827,-1, 2828,256,2829,-1, 2830,256,2828,-1, 256,2830,2831,-1, 
          2531,1754,2811,-1, 407,256,2832,-1, 2706,2806,2341,-1, 2732,2766,2833,-1, 2829,256,2834,-1, 2835,2834,256,-1, 
          1674,2813,2806,-1, 2753,2751,2836,-1, 2837,256,2838,-1, 2332,2331,1840,-1, 2839,2836,2751,-1, 2840,2839,2751,-1, 
          2841,256,2837,-1, 2842,2840,2751,-1, 2843,2844,2845,-1, 2846,2835,256,-1, 2847,2846,256,-1, 2796,2848,37,-1, 
          2849,2778,37,-1, 2850,256,2851,-1, 1674,1840,2827,-1, 2852,2811,1754,-1, 2714,2788,37,-1, 2853,256,2854,-1, 
          2848,2849,37,-1, 35,37,2778,-1, 2825,35,2769,-1, 1839,2336,1840,-1, 2844,2843,2852,-1, 2855,311,2856,-1, 
          1755,2852,1754,-1, 2850,2854,256,-1, 2838,256,2853,-1, 2847,256,2841,-1, 2857,311,2855,-1, 2858,311,2857,-1, 
          2859,311,2858,-1, 2700,2797,2699,-1, 1565,1358,2836,-1, 2747,2755,2776,-1, 2842,1564,2840,-1, 2696,2777,2776,-1, 
          2860,2856,311,-1, 2861,2842,2773,-1, 2755,2726,2776,-1, 2751,2773,2842,-1, 2726,2696,2776,-1, 2862,59,2863,-1, 
          2864,311,2865,-1, 2726,2755,2667,-1, 2865,311,2859,-1, 2866,254,2867,-1, 1358,1355,2868,-1, 254,2866,2869,-1, 
          2844,2852,1755,-1, 2867,254,2793,-1, 2833,2870,2871,-1, 2831,2832,256,-1, 2832,2808,407,-1, 2814,2800,407,-1, 
          2872,2766,2693,-1, 2873,256,2874,-1, 2869,2874,254,-1, 254,2874,256,-1, 2875,256,2873,-1, 2851,256,2875,-1, 
          2876,2845,2844,-1, 2872,2833,2766,-1, 2836,1358,2753,-1, 2877,1660,2705,-1, 2878,59,2879,-1, 2872,2693,2699,-1, 
          2879,59,2880,-1, 1660,2877,1673,-1, 2833,2872,2870,-1, 2844,1755,1870,-1, 2881,59,2862,-1, 2882,59,2881,-1, 
          2880,59,2882,-1, 2699,2671,2872,-1, 2864,2863,311,-1, 2870,2872,2671,-1, 2883,59,2878,-1, 2703,2400,2705,-1, 
          2884,476,2885,-1, 2886,59,2883,-1, 2887,59,2888,-1, 311,2863,59,-1, 1755,1760,1870,-1, 2797,2676,2699,-1, 
          2671,2699,2676,-1, 2889,2890,57,-1, 2891,57,2890,-1, 2827,2342,2813,-1, 2676,2797,2602,-1, 2892,476,2893,-1, 
          2894,2889,57,-1, 2791,1625,2779,-1, 2703,2704,2341,-1, 2602,2797,2385,-1, 1566,1612,2774,-1, 2341,2813,2342,-1, 
          2342,2827,2331,-1, 2884,2895,476,-1, 2400,2703,2341,-1, 2653,2492,2505,-1, 2378,2877,2400,-1, 2877,2705,2400,-1, 
          1564,1565,2839,-1, 2836,2839,1565,-1, 2868,2753,1358,-1, 2839,2840,1564,-1, 1564,2842,2861,-1, 1564,2861,1612,-1, 
          2896,437,2897,-1, 2673,2870,2671,-1, 1612,2861,2772,-1, 2772,2774,1612,-1, 2898,59,2899,-1, 2898,2900,59,-1, 
          2786,2667,2755,-1, 2901,1734,2902,-1, 2902,1734,2903,-1, 2666,2786,2789,-1, 2904,1736,2901,-1, 1736,1734,2901,-1, 
          2888,59,2886,-1, 2905,2731,2732,-1, 2906,2425,2451,-1, 2907,2908,2359,-1, 2731,2905,2824,-1, 2361,2902,2903,-1, 
          2903,2909,2361,-1, 2667,2786,2666,-1, 2910,2911,437,-1, 2912,2913,57,-1, 2913,2894,57,-1, 2805,2359,2908,-1, 
          2904,2914,1735,-1, 2904,1735,1736,-1, 2915,437,2916,-1, 2833,2905,2732,-1, 2789,2638,2669,-1, 2917,57,2918,-1, 
          2917,2912,57,-1, 2666,2789,2669,-1, 2792,2359,2805,-1, 2362,2363,2901,-1, 2669,2638,2652,-1, 2919,59,2920,-1, 
          2505,2921,2653,-1, 2900,2920,59,-1, 2887,2899,59,-1, 2922,1735,2914,-1, 2923,1716,2922,-1, 2911,2916,437,-1, 
          2924,1716,2923,-1, 2925,2359,2429,-1, 2926,2821,2824,-1, 1735,2922,1716,-1, 2919,2918,59,-1, 57,59,2918,-1, 
          2359,2360,2429,-1, 2493,2906,2505,-1, 2902,2361,2901,-1, 2362,2901,2361,-1, 2906,2493,2425,-1, 2927,447,2928,-1, 
          2871,2929,2905,-1, 2904,2901,2363,-1, 2871,2905,2833,-1, 2843,2906,2451,-1, 2929,2824,2905,-1, 2930,2931,447,-1, 
          2824,2929,2926,-1, 2914,2904,2363,-1, 2932,2906,2843,-1, 2525,2507,1715,-1, 2933,2893,476,-1, 2843,2451,2852,-1, 
          2852,2451,2811,-1, 2363,2526,2914,-1, 2895,2934,476,-1, 2923,2526,2924,-1, 2929,2871,2935,-1, 2525,1715,2924,-1, 
          1716,2924,1715,-1, 2359,2925,2936,-1, 2364,2526,2363,-1, 2923,2922,2526,-1, 37,476,2937,-1, 2359,2936,2907,-1, 
          2938,2794,437,-1, 2939,2938,437,-1, 2921,2940,2941,-1, 2924,2526,2525,-1, 2915,2939,437,-1, 2505,2932,2921,-1, 
          2740,494,2743,-1, 2932,2505,2906,-1, 2365,2526,2364,-1, 1576,2925,1541,-1, 254,437,2794,-1, 492,2744,493,-1, 
          2429,1541,2925,-1, 2942,2897,437,-1, 2896,2910,437,-1, 2943,2937,476,-1, 2937,2944,37,-1, 2944,2702,37,-1, 
          2709,2712,37,-1, 2907,1576,1591,-1, 2921,2932,2940,-1, 2843,2845,2932,-1, 2945,2885,476,-1, 2892,2945,476,-1, 
          2934,2943,476,-1, 2922,2914,2526,-1, 2741,2740,2946,-1, 2845,2940,2932,-1, 436,2947,2948,-1, 2949,1733,1730,-1, 
          2950,2947,436,-1, 1734,1733,2949,-1, 2940,2951,2941,-1, 1734,2949,2903,-1, 2952,1673,2953,-1, 2877,2953,1673,-1, 
          1673,2952,1722,-1, 2925,1576,2936,-1, 2744,492,2745,-1, 2952,2953,2954,-1, 2955,57,2956,-1, 2877,2378,2953,-1, 
          2746,2745,491,-1, 2745,2746,2957,-1, 1722,2952,1727,-1, 2936,1576,2907,-1, 1591,2908,2907,-1, 2951,2958,2941,-1, 
          1727,2959,1731,-1, 2746,2960,2957,-1, 2954,2961,2952,-1, 2908,1591,2805,-1, 1610,2805,1591,-1, 1727,2952,2959,-1, 
          2743,2962,2740,-1, 2963,2845,2876,-1, 2964,2965,34,-1, 2961,2966,2952,-1, 2966,2967,2952,-1, 2959,2952,2967,-1, 
          2968,2959,2967,-1, 1610,2804,2805,-1, 2969,2970,34,-1, 2956,57,2971,-1, 2972,2744,2973,-1, 2953,2378,2954,-1, 
          2379,2954,2378,-1, 2961,2954,2379,-1, 2966,2961,2379,-1, 57,2974,2975,-1, 2844,1870,2876,-1, 2745,2973,2744,-1, 
          2891,2974,57,-1, 2745,2957,2973,-1, 57,2975,2976,-1, 2976,2971,57,-1, 2955,2977,57,-1, 2978,57,2977,-1, 
          2979,447,2978,-1, 2930,447,2979,-1, 2931,2928,447,-1, 2980,447,2927,-1, 57,2978,447,-1, 2981,253,2982,-1, 
          2960,2746,2728,-1, 1782,2868,1785,-1, 1783,2761,1782,-1, 2868,1782,2761,-1, 2983,2959,2968,-1, 1730,1731,2959,-1, 
          2949,1730,2959,-1, 2761,2753,2868,-1, 2958,2951,2984,-1, 2985,2982,253,-1, 2969,34,2986,-1, 2987,2971,2976,-1, 
          2763,2988,2762,-1, 2740,2989,2946,-1, 2754,2990,2751,-1, 2991,2985,253,-1, 2909,2949,2992,-1, 2959,2992,2949,-1, 
          2986,34,2993,-1, 2994,2991,253,-1, 2951,2995,2984,-1, 1788,2996,2997,-1, 2756,1789,2997,-1, 1788,2997,1789,-1, 
          2940,2963,2951,-1, 2963,2940,2845,-1, 2743,2972,2962,-1, 2983,2998,2959,-1, 2992,2959,2998,-1, 2744,2972,2743,-1, 
          2772,2861,2773,-1, 2995,2951,2963,-1, 2968,2388,2983,-1, 2967,2390,2968,-1, 2390,2388,2968,-1, 2990,2999,2751,-1, 
          2946,2989,3000,-1, 2996,1788,2999,-1, 3001,298,3002,-1, 2963,2876,3003,-1, 2762,2987,2765,-1, 2992,2389,2909,-1, 
          2989,2740,2962,-1, 2966,2379,2967,-1, 2390,2967,2379,-1, 2995,2963,3003,-1, 3000,2989,3004,-1, 2773,2751,2999,-1, 
          1788,1787,2999,-1, 2773,2999,1787,-1, 3005,298,3001,-1, 2903,2949,2909,-1, 3003,2876,1875,-1, 2987,3006,2539,-1, 
          2987,2539,2765,-1, 3007,253,3008,-1, 2994,253,3009,-1, 2981,436,253,-1, 3010,436,3011,-1, 3007,3009,253,-1, 
          2998,2983,2388,-1, 1875,2876,1870,-1, 2992,2998,2388,-1, 2999,2990,2761,-1, 2990,2754,2761,-1, 2389,2992,2388,-1, 
          2975,3006,2976,-1, 2962,2972,3012,-1, 2539,3006,2538,-1, 2361,2909,2389,-1, 2997,2996,2761,-1, 2999,2761,2996,-1, 
          3013,408,3014,-1, 1784,2756,1783,-1, 2761,1783,2756,-1, 2997,2761,2756,-1, 3015,3016,298,-1, 2958,2984,3017,-1, 
          2987,2976,3006,-1, 2773,1787,1786,-1, 2974,3006,2975,-1, 3018,298,3005,-1, 3019,3017,2984,-1, 1842,2320,1844,-1, 
          3020,2606,3006,-1, 1844,2405,1843,-1, 3021,298,3018,-1, 3021,3015,298,-1, 1843,2337,1839,-1, 3022,3023,408,-1, 
          2891,3020,2974,-1, 2538,3006,2606,-1, 2792,2773,1786,-1, 2792,1786,1792,-1, 3014,408,3024,-1, 3025,408,3026,-1, 
          3013,3026,408,-1, 3027,3012,2972,-1, 3006,2974,3020,-1, 1790,2359,1793,-1, 3028,3002,298,-1, 383,2633,384,-1, 
          2890,3020,2891,-1, 2359,2792,1793,-1, 2606,3020,2554,-1, 2889,3029,2890,-1, 2792,1792,1793,-1, 2554,3020,2553,-1, 
          3030,36,3031,-1, 2565,2865,2558,-1, 3032,3033,433,-1, 3034,3035,36,-1, 3031,36,3035,-1, 3036,2558,2865,-1, 
          2859,3036,2865,-1, 2858,3036,2859,-1, 3036,3037,2558,-1, 3038,3034,36,-1, 3003,1875,3039,-1, 1360,1656,2352,-1, 
          3040,2973,2957,-1, 3041,433,3042,-1, 3043,3042,433,-1, 36,3044,3038,-1, 3027,2973,3040,-1, 3045,3046,3047,-1, 
          2957,3048,3040,-1, 3043,433,3049,-1, 2868,1355,1354,-1, 3050,34,3051,-1, 3041,3052,433,-1, 2664,3053,2677,-1, 
          3048,2957,2960,-1, 3051,34,3054,-1, 3055,255,3056,-1, 3057,255,3058,-1, 3055,3058,255,-1, 2821,2960,2728,-1, 
          3056,255,3059,-1, 3060,3049,433,-1, 3061,433,3052,-1, 3032,433,3061,-1, 3053,2664,2653,-1, 2960,2821,3062,-1, 
          3063,222,3033,-1, 3064,255,3065,-1, 3065,255,3066,-1, 3067,255,3064,-1, 2973,3027,2972,-1, 3066,255,3068,-1, 
          2558,3037,2559,-1, 3068,255,3023,-1, 3025,3022,408,-1, 3069,2677,3053,-1, 2858,3037,3036,-1, 3067,3070,255,-1, 
          3071,3012,3027,-1, 2860,2556,2557,-1, 2860,2557,2856,-1, 2559,3037,2560,-1, 3037,2858,2560,-1, 2857,2560,2858,-1, 
          3071,3027,3072,-1, 3040,3072,3027,-1, 2941,3069,3053,-1, 3073,36,3074,-1, 2561,2855,2856,-1, 2561,2856,2557,-1, 
          3053,2653,2921,-1, 3074,36,3075,-1, 2941,3053,2921,-1, 408,3023,255,-1, 3076,255,3070,-1, 3077,255,3076,-1, 
          3078,36,3079,-1, 3040,3048,3080,-1, 2560,2857,2561,-1, 2855,2561,2857,-1, 1867,2352,1802,-1, 3081,3008,253,-1, 
          3082,255,3057,-1, 3048,3083,3080,-1, 1802,2353,1798,-1, 2960,3062,3048,-1, 3084,2674,2677,-1, 2863,2574,2862,-1, 
          2674,3084,2718,-1, 2865,2565,2864,-1, 2564,2864,2565,-1, 36,298,3075,-1, 3085,36,3073,-1, 3085,3079,36,-1, 
          3086,36,3078,-1, 3087,36,3086,-1, 3088,253,3089,-1, 3044,36,3087,-1, 1813,1333,1814,-1, 3084,2677,3069,-1, 
          3016,3075,298,-1, 2574,2863,2564,-1, 2864,2564,2863,-1, 3090,3091,255,-1, 3062,3083,3048,-1, 310,2556,2860,-1, 
          3092,222,3093,-1, 3093,222,3094,-1, 1333,1813,1342,-1, 3095,255,3082,-1, 1361,3096,1362,-1, 2579,2879,2572,-1, 
          2880,2572,2879,-1, 2926,3062,2821,-1, 2580,2878,2579,-1, 2879,2579,2878,-1, 3089,253,3091,-1, 255,3091,253,-1, 
          3088,3097,253,-1, 3096,2353,1362,-1, 2572,2880,2570,-1, 2882,2570,2880,-1, 3098,222,3099,-1, 3100,3024,408,-1, 
          3077,3059,255,-1, 3101,36,3030,-1, 2570,2882,2569,-1, 2881,2569,2882,-1, 3090,255,3095,-1, 2574,2575,2862,-1, 
          3102,2950,436,-1, 2862,2575,2881,-1, 2569,2881,2575,-1, 3103,222,3063,-1, 3104,3084,3069,-1, 2886,2596,2888,-1, 
          3040,3080,3072,-1, 2941,2958,3069,-1, 3105,34,3106,-1, 2581,2883,2580,-1, 2878,2580,2883,-1, 3107,3072,3080,-1, 
          2883,2581,2886,-1, 2596,2886,2581,-1, 3108,222,3109,-1, 3110,222,3108,-1, 3020,2890,3029,-1, 1341,3111,1346,-1, 
          3020,3029,2553,-1, 3054,34,3105,-1, 2553,3029,2582,-1, 3112,2584,3029,-1, 3113,436,3114,-1, 3115,3116,34,-1, 
          3110,3094,222,-1, 3029,2894,3112,-1, 3092,3099,222,-1, 1347,3117,1361,-1, 3118,34,3101,-1, 3106,34,3118,-1, 
          2683,2687,3119,-1, 3120,3119,2687,-1, 3109,222,3103,-1, 433,3033,222,-1, 2718,3121,2730,-1, 2687,3122,3120,-1, 
          36,3101,34,-1, 742,688,2685,-1, 3121,2718,3084,-1, 3122,2687,2304,-1, 743,742,3123,-1, 2685,3123,742,-1, 
          3124,458,3125,-1, 1653,1362,2353,-1, 744,743,3126,-1, 2304,2306,3122,-1, 3127,3125,458,-1, 3128,3127,458,-1, 
          3096,1797,2353,-1, 1798,2353,1797,-1, 3010,3114,436,-1, 2981,3011,436,-1, 3097,3081,253,-1, 3113,3102,436,-1, 
          3104,3069,2958,-1, 3129,386,3130,-1, 3131,386,3129,-1, 1797,3096,1799,-1, 3132,386,3131,-1, 3133,386,3134,-1, 
          3135,3134,386,-1, 3133,3130,386,-1, 3136,458,3137,-1, 2713,2715,2739,-1, 3138,3139,3140,-1, 2734,2739,2760,-1, 
          3141,386,3142,-1, 3135,386,3141,-1, 2721,3126,3143,-1, 3117,1801,3096,-1, 1799,3096,1801,-1, 3144,3120,3122,-1, 
          3122,2306,3145,-1, 2694,2707,3146,-1, 3144,3122,3145,-1, 1814,1334,1758,-1, 3147,3137,458,-1, 2306,2137,3145,-1, 
          1820,3111,1821,-1, 2305,3148,2306,-1, 3123,3126,743,-1, 1759,1326,1751,-1, 3148,2305,2284,-1, 3126,2721,744,-1, 
          3121,3084,3104,-1, 1758,1336,1759,-1, 1326,1759,1336,-1, 2284,2295,3148,-1, 3139,3138,3149,-1, 3139,3149,2950,-1, 
          1334,1814,1333,-1, 3148,2137,2306,-1, 736,3150,737,-1, 3151,3152,3153,-1, 3148,2141,2137,-1, 3154,3155,3150,-1, 
          3136,3128,458,-1, 3121,3104,3156,-1, 3157,3148,2295,-1, 2948,2947,3158,-1, 3153,3158,2947,-1, 3152,436,3158,-1, 
          3111,1820,3117,-1, 1800,3117,1820,-1, 3148,3157,2141,-1, 3159,222,3098,-1, 1822,3111,1342,-1, 1822,1342,1813,-1, 
          3143,3047,3046,-1, 1342,3111,1341,-1, 3156,3104,3017,-1, 2910,3153,3140,-1, 3117,1346,3111,-1, 3017,3104,2958,-1, 
          3160,218,3161,-1, 3162,3161,218,-1, 3149,3153,2947,-1, 3149,2947,2950,-1, 1346,3117,1347,-1, 436,2948,3158,-1, 
          741,3150,2682,-1, 737,3150,741,-1, 3096,1361,3117,-1, 218,222,3162,-1, 741,2682,687,-1, 3149,3138,3153,-1, 
          3140,3153,3138,-1, 3145,2137,2139,-1, 3163,2739,2730,-1, 3160,3164,218,-1, 2682,3150,2685,-1, 2739,3163,2760,-1, 
          3117,1800,1801,-1, 2139,2142,3145,-1, 1821,3111,1822,-1, 2894,3029,2889,-1, 2950,3102,3139,-1, 3112,2913,2912,-1, 
          2584,3112,2583,-1, 2352,2868,1354,-1, 2582,3029,2584,-1, 3165,3147,458,-1, 2913,3112,2894,-1, 2352,1866,2868,-1, 
          1785,2868,1866,-1, 3166,3167,3139,-1, 3168,3166,3139,-1, 3163,2730,3169,-1, 3170,2587,3112,-1, 2583,3112,2587,-1, 
          2142,3144,3145,-1, 3169,2730,3121,-1, 3170,3112,2912,-1, 3121,3156,3169,-1, 2353,1802,2352,-1, 2593,2594,2900,-1, 
          2898,2593,2900,-1, 2352,1867,1866,-1, 3116,2993,34,-1, 2970,2964,34,-1, 2965,3171,34,-1, 458,34,3171,-1, 
          3050,3115,34,-1, 2900,2594,2920,-1, 2594,2616,2920,-1, 3172,2920,2616,-1, 3173,3167,3166,-1, 3171,3174,458,-1, 
          3174,3165,458,-1, 2593,2898,2592,-1, 2899,2592,2898,-1, 3175,2144,3176,-1, 2592,2899,2591,-1, 2887,2591,2899,-1, 
          218,3177,3178,-1, 2142,3175,3144,-1, 2591,2887,2595,-1, 3177,218,3179,-1, 3175,2142,2144,-1, 2595,2887,2888,-1, 
          2888,2596,2595,-1, 3180,3156,3017,-1, 3181,470,3182,-1, 3102,3168,3139,-1, 311,310,2860,-1, 3176,2144,2264,-1, 
          3183,3176,2264,-1, 2587,3170,2608,-1, 1918,3184,1923,-1, 3173,3166,3168,-1, 3102,3113,3168,-1, 2917,3170,2912,-1, 
          2918,3170,2917,-1, 3185,470,3186,-1, 3171,2965,2937,-1, 3172,2613,2614,-1, 2964,2944,2965,-1, 2937,2965,2944,-1, 
          2608,3170,2614,-1, 3187,470,3181,-1, 3186,470,3188,-1, 3185,3182,470,-1, 3173,3168,3113,-1, 3173,3113,3114,-1, 
          3172,2614,3170,-1, 3170,2918,3172,-1, 2919,3172,2918,-1, 2920,3172,2919,-1, 3189,3183,2264,-1, 2613,3172,2616,-1, 
          2970,2702,2964,-1, 3187,3190,470,-1, 3191,3183,3189,-1, 3192,470,3193,-1, 2928,2931,3194,-1, 3195,3194,3196,-1, 
          3010,3197,3114,-1, 3173,3114,3197,-1, 2266,3189,2264,-1, 3196,3194,2931,-1, 3184,1918,1737,-1, 3198,218,3199,-1, 
          2944,2964,2702,-1, 2969,2701,2970,-1, 2702,2970,2701,-1, 3200,3188,470,-1, 1923,3184,3201,-1, 2701,2969,2708,-1, 
          3194,2927,2928,-1, 3202,470,3203,-1, 3116,2712,2993,-1, 3204,1737,1732,-1, 2986,2708,2969,-1, 218,3205,3199,-1, 
          3206,3207,218,-1, 3208,218,3207,-1, 3184,1737,3204,-1, 2708,2986,2709,-1, 2993,2709,2986,-1, 3209,218,3210,-1, 
          2266,3211,3189,-1, 2794,2938,3197,-1, 3212,3195,3196,-1, 3204,1732,1744,-1, 2709,2993,2712,-1, 3205,218,3209,-1, 
          3210,218,3213,-1, 3178,3213,218,-1, 2712,3116,2711,-1, 2711,3116,3115,-1, 3212,3214,2619,-1, 3198,3206,218,-1, 
          3011,3197,3010,-1, 3196,3215,3212,-1, 3215,3214,3212,-1, 2618,2619,3214,-1, 3216,3162,222,-1, 3164,3179,218,-1, 
          3217,3216,222,-1, 3217,222,3159,-1, 2622,3218,2623,-1, 2711,3115,2714,-1, 3050,2714,3115,-1, 3208,3142,218,-1, 
          3142,386,218,-1, 3204,1744,3219,-1, 2714,3050,2788,-1, 3051,2788,3050,-1, 3218,2622,3220,-1, 2809,3220,2622,-1, 
          2788,3051,2787,-1, 3204,3219,3221,-1, 2927,3218,2980,-1, 3220,2980,3218,-1, 2720,3021,2722,-1, 3222,10,3202,-1, 
          3223,3211,2275,-1, 2266,2275,3211,-1, 3194,3218,2927,-1, 470,3190,3193,-1, 3018,2722,3021,-1, 3218,3194,3195,-1, 
          3218,3195,3212,-1, 1744,752,3219,-1, 1035,3219,752,-1, 2623,3218,3212,-1, 2623,3212,2619,-1, 1036,1705,748,-1, 
          2722,3018,2716,-1, 3224,2716,3018,-1, 3005,3224,3018,-1, 3225,3211,3223,-1, 1705,1036,1744,-1, 586,1744,1036,-1, 
          3214,3226,2620,-1, 3214,2620,2618,-1, 3227,3211,3225,-1, 3028,2724,3002,-1, 2725,3002,2724,-1, 3228,2794,3197,-1, 
          752,1744,586,-1, 3215,3226,3214,-1, 2716,3224,2717,-1, 3215,3196,3226,-1, 3229,470,3192,-1, 2723,3001,3002,-1, 
          2723,3002,2725,-1, 3230,3231,3201,-1, 3229,3232,470,-1, 470,3232,3233,-1, 2981,3228,3011,-1, 3233,3203,470,-1, 
          2717,3224,2723,-1, 3001,2723,3224,-1, 3001,3224,3005,-1, 3225,140,3227,-1, 3226,3196,2930,-1, 3184,3221,3201,-1, 
          3234,3235,10,-1, 3197,3011,3228,-1, 2931,2930,3196,-1, 3016,2817,3075,-1, 2818,3075,2817,-1, 3221,3184,3204,-1, 
          2979,3226,2930,-1, 2817,3016,2719,-1, 3015,2719,3016,-1, 3236,10,3235,-1, 3237,432,3238,-1, 2979,2978,3239,-1, 
          2719,3015,2720,-1, 3021,2720,3015,-1, 139,3227,140,-1, 3221,3240,3201,-1, 2810,3239,2764,-1, 3241,3238,432,-1, 
          470,3202,10,-1, 3242,10,3236,-1, 3234,10,3222,-1, 3243,3244,432,-1, 3239,2978,2977,-1, 298,297,3028,-1, 
          3191,3245,3246,-1, 3191,3189,3245,-1, 3150,3155,2685,-1, 2794,3228,2795,-1, 3245,3189,3211,-1, 3034,3247,3035,-1, 
          3248,432,3249,-1, 3237,3249,432,-1, 3250,3251,3246,-1, 3252,3251,3250,-1, 3253,3254,432,-1, 3254,3243,432,-1, 
          3244,3241,432,-1, 3246,3255,3250,-1, 217,3256,432,-1, 2977,2988,3239,-1, 2770,3247,2769,-1, 3247,3034,2769,-1, 
          3038,2769,3034,-1, 2988,2764,3239,-1, 3219,1035,761,-1, 2621,2620,3226,-1, 3255,3246,3245,-1, 3257,281,3258,-1, 
          3211,3227,3245,-1, 2621,3239,2810,-1, 3226,2979,3239,-1, 2778,3101,2768,-1, 2768,3101,3030,-1, 3259,217,3260,-1, 
          2768,3030,2767,-1, 3031,2767,3030,-1, 3226,3239,2621,-1, 3035,3247,3031,-1, 2767,3031,3247,-1, 2767,3247,2770,-1, 
          3261,281,3262,-1, 2977,2955,2988,-1, 3263,281,3264,-1, 3265,3264,281,-1, 3266,217,3267,-1, 2769,3038,2825,-1, 
          3044,2825,3038,-1, 3245,3227,3255,-1, 3257,3265,281,-1, 2825,3044,2823,-1, 3087,2823,3044,-1, 3219,761,3268,-1, 
          762,3268,761,-1, 3263,3262,281,-1, 2822,2823,3087,-1, 2981,2982,3228,-1, 3266,3269,217,-1, 3256,217,3269,-1, 
          2795,3228,2759,-1, 3270,217,3271,-1, 3259,3267,217,-1, 3270,3260,217,-1, 3251,3252,3272,-1, 3273,3271,217,-1, 
          3253,432,3256,-1, 770,3274,766,-1, 2787,3054,2796,-1, 3105,2796,3054,-1, 3268,765,3275,-1, 764,3275,765,-1, 
          281,9,3276,-1, 3277,3276,9,-1, 3054,2787,3051,-1, 765,3268,762,-1, 3278,281,3279,-1, 3279,281,3276,-1, 
          766,3275,764,-1, 3106,2848,3105,-1, 2796,3105,2848,-1, 3280,387,3281,-1, 3282,3272,3252,-1, 3283,3228,2982,-1, 
          2848,3106,2849,-1, 3240,3230,3201,-1, 2759,3228,3283,-1, 3284,3258,281,-1, 3285,3284,281,-1, 3278,3285,281,-1, 
          3286,387,3287,-1, 3281,387,3286,-1, 3288,387,3280,-1, 3221,3268,3240,-1, 3086,2822,3087,-1, 2758,2759,3283,-1, 
          3268,3221,3219,-1, 3078,2826,3086,-1, 3085,2819,3079,-1, 2820,3079,2819,-1, 3283,2982,2985,-1, 2822,3086,2826,-1, 
          2758,3283,2757,-1, 3079,2820,3078,-1, 2826,3078,2820,-1, 3073,2815,3085,-1, 2819,3085,2815,-1, 3289,3230,3240,-1, 
          2764,2988,2763,-1, 3290,2673,2686,-1, 3074,2816,3073,-1, 2815,3073,2816,-1, 3291,3230,3289,-1, 2956,2988,2955,-1, 
          2991,3283,2985,-1, 2816,3074,2818,-1, 3075,2818,3074,-1, 3292,3283,2991,-1, 3275,3289,3240,-1, 3293,3294,387,-1, 
          3295,9,3296,-1, 3297,9,3295,-1, 3275,3240,3268,-1, 3298,3293,387,-1, 2849,3118,2778,-1, 2683,3119,2686,-1, 
          3299,3287,387,-1, 3288,3300,387,-1, 3300,3298,387,-1, 2987,2762,2988,-1, 2994,3292,2991,-1, 3118,3101,2778,-1, 
          3292,2781,2757,-1, 2757,3283,3292,-1, 2987,2988,2956,-1, 3301,3302,10,-1, 3296,10,3302,-1, 3242,3303,10,-1, 
          3304,3305,10,-1, 3305,3306,10,-1, 3306,3301,10,-1, 3118,2849,3106,-1, 3307,2780,3292,-1, 3308,2929,2935,-1, 
          3309,3291,3289,-1, 3303,3304,10,-1, 2724,3028,297,-1, 2871,2870,3290,-1, 3155,3047,3123,-1, 3292,2994,3009,-1, 
          3310,2893,3311,-1, 2933,3311,2893,-1, 3312,3277,9,-1, 3136,2885,3313,-1, 3009,3007,3307,-1, 2673,3290,2870,-1, 
          3009,3307,3292,-1, 2685,3155,3123,-1, 2780,3307,2784,-1, 3047,3143,3126,-1, 2892,3313,2945,-1, 2781,3292,2780,-1, 
          3289,3275,3274,-1, 3123,3047,3126,-1, 3311,3124,3310,-1, 3125,3310,3124,-1, 2784,3307,2785,-1, 3314,2785,3307,-1, 
          2926,3308,3315,-1, 3136,3313,3128,-1, 3308,2926,2929,-1, 2893,3310,2892,-1, 3127,2892,3310,-1, 3127,3310,3125,-1, 
          3316,3315,3308,-1, 2933,476,3311,-1, 3008,3307,3007,-1, 3317,217,3318,-1, 2935,3319,3308,-1, 2892,3127,3313,-1, 
          3275,766,3274,-1, 3320,3318,217,-1, 3321,217,3317,-1, 3128,3313,3127,-1, 3316,3308,3319,-1, 3314,3307,3008,-1, 
          3314,3008,3081,-1, 476,3124,3311,-1, 3320,216,3322,-1, 3323,3324,9,-1, 3319,2935,3325,-1, 3097,3314,3081,-1, 
          3322,216,3326,-1, 2871,3290,2935,-1, 2945,3313,2885,-1, 3137,2885,3136,-1, 3097,3327,3314,-1, 3328,9,3329,-1, 
          3290,3325,2935,-1, 2885,3137,2884,-1, 3046,3330,3331,-1, 3314,2793,2785,-1, 3147,2884,3137,-1, 3332,3323,9,-1, 
          3324,3333,9,-1, 3333,3334,9,-1, 3334,3312,9,-1, 3290,2686,3325,-1, 3331,3335,3336,-1, 216,3337,3338,-1, 
          3338,3326,216,-1, 3327,2867,3314,-1, 3336,3339,3340,-1, 3329,9,3297,-1, 3328,3332,9,-1, 10,3296,9,-1, 
          217,216,3320,-1, 3147,2895,2884,-1, 2807,3026,2814,-1, 3341,2814,3026,-1, 3013,3341,3026,-1, 3341,3013,3342,-1, 
          2814,3341,2800,-1, 3336,3343,3339,-1, 2800,3341,2799,-1, 3342,2799,3341,-1, 3274,770,771,-1, 3014,3342,3013,-1, 
          3344,3343,3345,-1, 2799,3342,2802,-1, 3319,3325,3346,-1, 3100,2812,3024,-1, 2801,3024,2812,-1, 3165,2895,3147,-1, 
          3339,3343,3344,-1, 469,3347,3348,-1, 772,3349,771,-1, 3062,3315,3083,-1, 2895,3165,2934,-1, 2802,3342,2801,-1, 
          3024,2801,3342,-1, 3024,3342,3014,-1, 3315,3062,2926,-1, 3347,469,3350,-1, 3351,3350,469,-1, 2775,3344,3345,-1, 
          3352,216,3353,-1, 3022,2832,3023,-1, 2831,3023,2832,-1, 3143,3046,3331,-1, 3165,3174,2934,-1, 3025,2808,3022,-1, 
          2832,3022,2808,-1, 3354,469,3355,-1, 3026,2807,3025,-1, 2808,3025,2807,-1, 3356,3357,3358,-1, 3331,3359,3143,-1, 
          3360,216,3361,-1, 3355,469,3362,-1, 3309,3349,3356,-1, 3336,3340,3331,-1, 2937,2943,3171,-1, 3349,3309,3274,-1, 
          3100,408,2812,-1, 3363,3362,469,-1, 3354,3351,469,-1, 3331,3340,3359,-1, 3364,3083,3315,-1, 2934,3174,2943,-1, 
          3171,2943,3174,-1, 3274,771,3349,-1, 3339,3146,3340,-1, 407,2812,408,-1, 3316,3364,3315,-1, 3357,3356,3349,-1, 
          476,458,3124,-1, 776,3349,772,-1, 3107,3365,3366,-1, 3367,3080,3083,-1, 3353,216,3368,-1, 3368,216,3360,-1, 
          3369,216,3294,-1, 3080,3367,3107,-1, 3339,3344,2798,-1, 3357,3349,776,-1, 3357,776,777,-1, 3370,3337,216,-1, 
          3367,3083,3364,-1, 3371,3363,469,-1, 3097,3088,3327,-1, 3369,3361,216,-1, 3365,3107,3367,-1, 3372,3370,216,-1, 
          216,3352,3372,-1, 387,3294,216,-1, 3344,2777,2798,-1, 3058,3055,3373,-1, 2777,3344,2775,-1, 3321,3273,217,-1, 
          3055,2853,3373,-1, 3032,3374,3033,-1, 3033,3374,3375,-1, 2987,2956,2971,-1, 3375,3374,3253,-1, 3373,3057,3058,-1, 
          2980,3220,447,-1, 448,447,3220,-1, 2809,448,3220,-1, 3376,3377,3244,-1, 3241,3244,3377,-1, 3057,3378,3082,-1, 
          3379,3380,3377,-1, 3381,3382,3291,-1, 3383,469,3384,-1, 3385,3371,469,-1, 3383,3386,469,-1, 3378,3057,3373,-1, 
          3385,469,3386,-1, 3387,3388,3377,-1, 3056,2838,3055,-1, 3059,2837,3056,-1, 3243,3376,3244,-1, 3346,3389,3390,-1, 
          3065,2829,3064,-1, 3391,3325,2686,-1, 3274,3309,3289,-1, 3376,3243,3374,-1, 3254,3374,3243,-1, 3325,3391,3346,-1, 
          3068,2830,3066,-1, 2828,3066,2830,-1, 3391,2686,3119,-1, 3392,3393,195,-1, 3253,3374,3254,-1, 3389,3346,3391,-1, 
          2829,3065,2828,-1, 3066,2828,3065,-1, 3023,2831,3068,-1, 2830,3068,2831,-1, 2846,3070,2835,-1, 3067,2835,3070,-1, 
          3391,3119,3394,-1, 2847,3076,2846,-1, 3070,2846,3076,-1, 3042,3395,3041,-1, 3396,3397,3398,-1, 2834,3064,2829,-1, 
          3389,3391,3394,-1, 3064,2834,3067,-1, 2835,3067,2834,-1, 3143,3359,2721,-1, 3399,3382,3381,-1, 2838,3056,2837,-1, 
          3119,3400,3394,-1, 3359,2707,2721,-1, 2837,3059,2841,-1, 3397,3396,3399,-1, 3077,2841,3059,-1, 3076,2847,3077,-1, 
          3237,3401,3249,-1, 3340,3146,3359,-1, 3120,3400,3119,-1, 2841,3077,2847,-1, 3399,3381,3402,-1, 3359,3146,2707,-1, 
          3401,3403,3248,-1, 3401,3248,3249,-1, 3144,3400,3120,-1, 3404,3373,2853,-1, 3397,3399,3402,-1, 2854,3404,2853,-1, 
          3405,3384,469,-1, 3381,3356,3402,-1, 2851,3378,2850,-1, 2798,3146,3339,-1, 3291,3309,3381,-1, 3404,2854,3378,-1, 
          2850,3378,2854,-1, 3238,3380,3237,-1, 3406,3405,469,-1, 3407,41,3408,-1, 3393,3409,195,-1, 3410,3411,8,-1, 
          3237,3380,3412,-1, 3378,3373,3404,-1, 2853,3055,2838,-1, 3413,41,3407,-1, 3414,2874,2869,-1, 3309,3356,3381,-1, 
          3414,2869,3327,-1, 2866,3327,2869,-1, 3089,3327,3088,-1, 3394,3400,3415,-1, 3414,3327,3089,-1, 3414,3089,3091,-1, 
          3416,41,3413,-1, 2874,3414,2873,-1, 3417,2873,3414,-1, 3175,3400,3144,-1, 3238,3241,3380,-1, 2873,3417,2875,-1, 
          3090,3414,3091,-1, 3414,3090,3417,-1, 3095,3417,3090,-1, 3418,8,3419,-1, 2875,3417,2851,-1, 3378,2851,3417,-1, 
          3420,3390,3389,-1, 3421,319,3422,-1, 3082,3378,3417,-1, 3402,3356,3358,-1, 3417,3095,3082,-1, 3411,3406,8,-1, 
          3420,3423,3390,-1, 2793,3314,2867,-1, 3412,3380,3379,-1, 3327,2866,2867,-1, 3424,3410,8,-1, 3425,299,3426,-1, 
          3388,3412,3379,-1, 3427,3389,3394,-1, 3241,3377,3380,-1, 3418,3424,8,-1, 3152,3151,2942,-1, 3394,3415,3427,-1, 
          3428,299,3429,-1, 3430,3419,8,-1, 3431,3432,319,-1, 3432,3433,319,-1, 3433,3422,319,-1, 3434,319,3435,-1, 
          3400,3175,3415,-1, 3436,3437,193,-1, 3436,193,3438,-1, 3429,299,3425,-1, 3388,3042,3412,-1, 3043,3412,3042,-1, 
          3437,3431,319,-1, 2897,2942,3151,-1, 2910,3140,3139,-1, 3439,193,3440,-1, 3379,3377,3388,-1, 3387,3395,3388,-1, 
          3042,3388,3395,-1, 1918,1923,1871,-1, 3438,193,3441,-1, 3442,3423,3443,-1, 3441,193,3439,-1, 2897,3151,2896,-1, 
          3423,3444,3443,-1, 3237,3412,3401,-1, 3445,282,3446,-1, 3447,299,3448,-1, 3403,3401,3449,-1, 3450,3451,3039,-1, 
          3452,282,3445,-1, 3453,3440,193,-1, 3454,299,3447,-1, 3420,3389,3427,-1, 3158,3153,3152,-1, 193,3455,3456,-1, 
          3456,3453,193,-1, 3039,3457,3450,-1, 3423,3420,3444,-1, 3151,3153,2896,-1, 1922,1875,1871,-1, 3412,3043,3049,-1, 
          1875,1922,3039,-1, 3420,3427,3458,-1, 2942,436,3152,-1, 3459,3446,282,-1, 3444,3420,3458,-1, 3457,3039,1922,-1, 
          3426,299,3454,-1, 3231,3457,1923,-1, 1922,1923,3457,-1, 3449,3401,3412,-1, 3460,3449,3412,-1, 2896,3153,2910,-1, 
          3461,3415,3176,-1, 3201,3231,1923,-1, 3462,299,3428,-1, 3403,3449,432,-1, 3176,3415,3175,-1, 3463,193,3464,-1, 
          3465,3464,193,-1, 3466,3467,282,-1, 3468,7,3467,-1, 282,3469,3466,-1, 3470,193,3471,-1, 437,436,2942,-1, 
          432,3248,3403,-1, 433,432,3460,-1, 2910,3139,2911,-1, 3472,282,3473,-1, 3473,282,3474,-1, 3455,193,3475,-1, 
          3470,3475,193,-1, 319,193,3437,-1, 3421,3435,319,-1, 3060,3460,3049,-1, 3146,2798,2694,-1, 3049,3460,3412,-1, 
          3476,282,3472,-1, 3469,282,3476,-1, 3477,3444,3458,-1, 3452,3474,282,-1, 3060,433,3460,-1, 3061,3374,3032,-1, 
          3387,3377,3376,-1, 3461,3427,3415,-1, 2102,3478,2103,-1, 3427,3461,3458,-1, 3479,3480,7,-1, 2911,3139,3481,-1, 
          3478,2102,2108,-1, 3052,3395,3376,-1, 3041,3395,3052,-1, 8,7,3480,-1, 3139,3167,3481,-1, 3395,3387,3376,-1, 
          3461,3176,3183,-1, 3482,8,3480,-1, 3376,3374,3061,-1, 3376,3061,3052,-1, 3449,3460,432,-1, 3481,2916,2911,-1, 
          3450,3483,3484,-1, 2916,3481,2915,-1, 3173,2915,3481,-1, 3173,3481,3167,-1, 3033,3375,3063,-1, 3483,3450,3457,-1, 
          3364,3316,3485,-1, 3063,3375,3103,-1, 3231,3486,3457,-1, 3316,3319,3487,-1, 3483,3457,3486,-1, 3488,195,3489,-1, 
          3316,3487,3485,-1, 3256,3375,3253,-1, 3490,8,3482,-1, 3491,8,3492,-1, 3493,8,3491,-1, 3430,8,3493,-1, 
          3494,195,3495,-1, 3488,3495,195,-1, 3230,3486,3231,-1, 3108,3496,3110,-1, 3497,195,3494,-1, 3346,3487,3319,-1, 
          3498,3109,3103,-1, 3499,3484,3483,-1, 3448,299,3500,-1, 3109,3498,3108,-1, 3500,39,3501,-1, 3485,3502,3503,-1, 
          3483,3486,3382,-1, 3483,3382,3499,-1, 3504,2103,3478,-1, 3496,3108,3498,-1, 3291,3486,3230,-1, 3505,2103,3504,-1, 
          3506,3507,39,-1, 3382,3486,3291,-1, 3197,2939,3173,-1, 3502,3485,3487,-1, 2108,2094,3508,-1, 3487,3346,3390,-1, 
          2108,3508,3478,-1, 3509,39,3510,-1, 3511,3478,3508,-1, 2915,3173,2939,-1, 3512,3513,7,-1, 3514,3515,3270,-1, 
          3515,3516,3270,-1, 3517,39,3518,-1, 3519,3510,39,-1, 3520,2094,2097,-1, 3260,3270,3516,-1, 3496,3260,3516,-1, 
          3520,3508,2094,-1, 2097,2118,3520,-1, 3521,3506,39,-1, 3507,3501,39,-1, 3259,3496,3267,-1, 2939,3197,2938,-1, 
          3502,3487,3390,-1, 3509,3518,39,-1, 3517,3521,39,-1, 2118,2445,3520,-1, 3496,3259,3260,-1, 3442,3503,3502,-1, 
          3396,3382,3399,-1, 3499,3382,3396,-1, 2445,3522,3520,-1, 3390,3423,3502,-1, 3523,3479,7,-1, 3524,39,3525,-1, 
          3516,3526,3496,-1, 3496,3526,3094,-1, 3110,3496,3094,-1, 3527,3528,7,-1, 3529,3512,7,-1, 3528,3529,7,-1, 
          3513,3523,7,-1, 3530,193,3531,-1, 10,4,471,-1, 3532,3093,3526,-1, 3533,7,3468,-1, 3527,7,3534,-1, 
          3534,7,3533,-1, 3526,3516,3532,-1, 3516,3515,3532,-1, 3463,3471,193,-1, 10,471,470,-1, 3530,3465,193,-1, 
          3497,3531,195,-1, 193,195,3531,-1, 468,14,469,-1, 282,3467,7,-1, 3271,3535,3270,-1, 3536,3537,3538,-1, 
          3490,3539,8,-1, 3539,3492,8,-1, 8,3406,469,-1, 466,18,467,-1, 3485,3540,3364,-1, 3514,3270,3535,-1, 
          354,22,464,-1, 3362,3363,3541,-1, 3542,3366,3543,-1, 3358,3537,3536,-1, 3544,446,3545,-1, 3535,3532,3514,-1, 
          3546,3366,3365,-1, 3547,41,3548,-1, 3094,3526,3093,-1, 20,475,29,-1, 3543,3366,3546,-1, 3549,3550,41,-1, 
          39,41,3550,-1, 3550,3525,39,-1, 3551,3549,41,-1, 3519,39,3552,-1, 3524,3552,39,-1, 3363,3187,3553,-1, 
          3363,3553,3541,-1, 3554,446,3544,-1, 3540,3367,3364,-1, 39,3500,299,-1, 460,33,461,-1, 3367,3540,3365,-1, 
          3547,3555,41,-1, 3551,41,3555,-1, 3271,3556,3535,-1, 3557,3365,3540,-1, 37,459,476,-1, 783,3357,777,-1, 
          469,3348,470,-1, 3540,3485,3503,-1, 3273,3558,3271,-1, 34,458,41,-1, 3350,3559,3347,-1, 3503,3557,3540,-1, 
          3271,3558,3556,-1, 49,450,56,-1, 3515,3514,3532,-1, 3556,3532,3535,-1, 3354,3185,3351,-1, 3351,3185,3559,-1, 
          3365,3557,3546,-1, 3351,3559,3350,-1, 3358,3357,3560,-1, 3186,3559,3185,-1, 53,448,189,-1, 3358,3560,3537,-1, 
          3093,3532,3092,-1, 3553,3355,3541,-1, 57,446,195,-1, 3355,3553,3354,-1, 3092,3532,3099,-1, 3546,3557,3561,-1, 
          3269,3375,3256,-1, 3354,3553,3185,-1, 3182,3185,3553,-1, 3375,3498,3103,-1, 3557,3503,3562,-1, 3563,455,3564,-1, 
          3565,455,3566,-1, 3362,3541,3355,-1, 211,204,367,-1, 3375,3269,3498,-1, 3266,3498,3269,-1, 3182,3553,3181,-1, 
          3561,3557,3562,-1, 3200,3348,3188,-1, 3563,3566,455,-1, 3498,3266,3267,-1, 222,213,433,-1, 3565,3567,455,-1, 
          3496,3498,3267,-1, 3347,3188,3348,-1, 3546,3561,3568,-1, 3569,3133,3134,-1, 3559,3186,3188,-1, 3347,3559,3188,-1, 
          3133,3569,3130,-1, 3181,3553,3187,-1, 3357,783,3560,-1, 784,3560,783,-1, 3570,3569,3134,-1, 3442,3562,3503,-1, 
          246,236,418,-1, 250,228,427,-1, 3200,470,3348,-1, 254,208,437,-1, 3423,3442,3502,-1, 3190,3371,3193,-1, 
          3385,3193,3371,-1, 3571,455,3572,-1, 473,472,0,-1, 3187,3363,3190,-1, 3371,3190,3363,-1, 455,3573,3572,-1, 
          6,0,472,-1, 3574,3568,3561,-1, 455,3567,3573,-1, 3193,3385,3575,-1, 3288,3280,3570,-1, 3576,3192,3575,-1, 
          3386,3575,3385,-1, 3560,829,3577,-1, 830,3577,829,-1, 14,8,469,-1, 3578,3561,3562,-1, 829,3560,784,-1, 
          3579,3580,195,-1, 16,464,22,-1, 18,12,467,-1, 3193,3575,3192,-1, 462,29,475,-1, 3134,3300,3570,-1, 
          33,27,461,-1, 37,31,459,-1, 3132,3131,3299,-1, 3287,3299,3131,-1, 3580,3392,195,-1, 3581,3582,3583,-1, 
          3383,3575,3386,-1, 3281,3130,3280,-1, 3569,3280,3130,-1, 3538,3581,3583,-1, 3575,3383,3576,-1, 3584,195,3409,-1, 
          3286,3287,3131,-1, 3585,195,3584,-1, 3586,195,3585,-1, 3586,3489,195,-1, 454,453,38,-1, 3587,3568,3574,-1, 
          3232,3588,3589,-1, 3590,3233,3589,-1, 3232,3589,3233,-1, 455,41,458,-1, 3281,3286,3130,-1, 446,3591,3592,-1, 
          446,3592,3593,-1, 446,3593,3545,-1, 3554,3594,446,-1, 3595,195,3594,-1, 3579,195,3595,-1, 446,3594,195,-1, 
          48,38,453,-1, 3569,3570,3280,-1, 452,75,42,-1, 3581,3596,3582,-1, 3131,3129,3286,-1, 42,75,52,-1, 
          3596,3581,3597,-1, 451,450,49,-1, 3574,3561,3578,-1, 3286,3129,3130,-1, 447,446,57,-1, 3538,3597,3581,-1, 
          3598,41,3599,-1, 3588,3232,3600,-1, 3601,3600,3229,-1, 3232,3229,3600,-1, 449,448,53,-1, 3574,3578,3602,-1, 
          445,444,192,-1, 3504,3478,3511,-1, 3603,41,3604,-1, 3598,3604,41,-1, 199,192,444,-1, 3537,3605,3538,-1, 
          3606,3505,3504,-1, 41,3603,3607,-1, 442,196,443,-1, 387,386,3132,-1, 3299,387,3132,-1, 3588,3405,3589,-1, 
          3406,3589,3405,-1, 3600,3405,3588,-1, 196,442,203,-1, 3408,41,3608,-1, 3607,3608,41,-1, 440,200,441,-1, 
          3538,3605,3597,-1, 3609,3562,3442,-1, 3135,3300,3134,-1, 3288,3570,3300,-1, 3548,41,3416,-1, 200,440,207,-1, 
          3562,3609,3578,-1, 367,204,439,-1, 3577,3605,3537,-1, 3609,3442,3443,-1, 437,208,438,-1, 3590,3203,3233,-1, 
          3610,3564,455,-1, 455,3571,3599,-1, 3599,41,455,-1, 3611,3578,3609,-1, 3577,3537,3560,-1, 3508,3522,3511,-1, 
          253,435,215,-1, 3411,3590,3406,-1, 3202,3590,3411,-1, 3203,3590,3202,-1, 3589,3406,3590,-1, 3142,3293,3141,-1, 
          433,213,434,-1, 3522,3508,3520,-1, 3597,903,3596,-1, 3141,3298,3135,-1, 3411,3222,3202,-1, 431,217,432,-1, 
          226,217,431,-1, 429,224,430,-1, 3612,3609,3443,-1, 230,224,429,-1, 3293,3142,3294,-1, 427,228,428,-1, 
          3141,3293,3298,-1, 249,425,234,-1, 3410,3222,3411,-1, 232,423,238,-1, 3522,2445,2465,-1, 424,423,232,-1, 
          3300,3135,3298,-1, 418,236,422,-1, 3424,3234,3410,-1, 3222,3410,3234,-1, 3613,3612,3443,-1, 242,245,258,-1, 
          417,258,245,-1, 3234,3424,3235,-1, 3558,3273,3614,-1, 425,249,426,-1, 3606,3615,3505,-1, 3616,3614,3273,-1, 
          435,253,436,-1, 261,421,3617,-1, 421,261,478,-1, 243,478,261,-1, 243,90,478,-1, 90,243,91,-1, 
          3618,38,3619,-1, 269,1,594,-1, 261,594,1,-1, 3461,3183,3620,-1, 3617,594,261,-1, 3192,3576,3229,-1, 
          3601,3229,3621,-1, 3621,3229,3576,-1, 2464,3622,3511,-1, 3619,38,3623,-1, 2464,3511,3522,-1, 3624,3318,3625,-1, 
          3318,3320,3625,-1, 3626,3627,3628,-1, 2465,2464,3522,-1, 3161,3625,3320,-1, 509,421,510,-1, 3583,3398,3397,-1, 
          3612,3629,3630,-1, 3160,3161,3320,-1, 3613,3443,3444,-1, 3631,3632,38,-1, 3384,3621,3576,-1, 3384,3576,3383,-1, 
          3397,3536,3583,-1, 3633,192,3634,-1, 3613,3444,3477,-1, 3402,3536,3397,-1, 3612,3613,3629,-1, 785,421,790,-1, 
          3621,3384,3601,-1, 3613,3477,3635,-1, 533,421,509,-1, 533,790,421,-1, 785,767,421,-1, 3624,3636,3317,-1, 
          3402,3358,3536,-1, 3601,3384,3405,-1, 3629,3613,3635,-1, 3477,3637,3635,-1, 3601,3405,3600,-1, 3458,3620,3477,-1, 
          3638,3639,38,-1, 3624,3162,3216,-1, 3636,3624,3216,-1, 3620,3458,3461,-1, 3640,300,3641,-1, 3625,3162,3624,-1, 
          565,421,575,-1, 3162,3625,3161,-1, 3637,3477,3620,-1, 3642,300,3643,-1, 3640,3643,300,-1, 3644,300,3642,-1, 
          3637,3620,3191,-1, 3645,3646,3627,-1, 477,575,453,-1, 421,453,575,-1, 3616,3273,3647,-1, 453,454,477,-1, 
          3627,3582,3645,-1, 3648,300,3649,-1, 3191,3620,3183,-1, 3321,3647,3273,-1, 3626,3628,3398,-1, 3636,3650,3317,-1, 
          3651,3615,3652,-1, 3626,3398,3583,-1, 3317,3650,3653,-1, 300,3644,3654,-1, 3654,3649,300,-1, 3655,192,3656,-1, 
          3653,3321,3317,-1, 3647,3321,3653,-1, 3627,3626,3582,-1, 3418,3235,3424,-1, 3657,3641,300,-1, 510,421,511,-1, 
          3658,40,3659,-1, 3532,3556,3660,-1, 3558,3660,3556,-1, 3626,3583,3582,-1, 3235,3418,3236,-1, 3419,3236,3418,-1, 
          3614,3660,3558,-1, 3538,3583,3536,-1, 3242,3236,3419,-1, 3637,3251,3635,-1, 3660,3614,3616,-1, 3647,3159,3616,-1, 
          3647,3653,3217,-1, 3159,3647,3217,-1, 3660,3616,3159,-1, 3258,3661,3257,-1, 3284,3662,3258,-1, 3532,3660,3099,-1, 
          3191,3246,3637,-1, 3099,3660,3098,-1, 3663,3664,40,-1, 3665,318,3666,-1, 3251,3637,3246,-1, 458,476,457,-1, 
          3098,3660,3159,-1, 590,474,473,-1, 462,475,457,-1, 3667,318,3668,-1, 3630,3629,3669,-1, 3318,3624,3317,-1, 
          3668,318,3670,-1, 3665,3670,318,-1, 3615,3606,3671,-1, 3672,3663,40,-1, 3629,3673,3669,-1, 3216,3650,3636,-1, 
          618,600,473,-1, 902,3596,903,-1, 600,590,473,-1, 3673,3629,3635,-1, 3652,3615,3671,-1, 3216,3653,3650,-1, 
          3605,962,3597,-1, 3606,2601,3671,-1, 3217,3653,3216,-1, 3622,3504,3511,-1, 3322,3164,3320,-1, 3452,3674,3474,-1, 
          3673,3635,3251,-1, 3504,3622,3606,-1, 2601,3606,3622,-1, 2464,2467,3622,-1, 3675,3676,3677,-1, 3160,3320,3164,-1, 
          3678,3679,40,-1, 3164,3322,3179,-1, 3326,3179,3322,-1, 3630,3669,3675,-1, 3337,3178,3338,-1, 3678,40,3680,-1, 
          3676,3675,3669,-1, 3179,3326,3177,-1, 3338,3177,3326,-1, 2467,2601,3622,-1, 1030,3577,830,-1, 3177,3338,3178,-1, 
          3672,40,3681,-1, 3682,3265,3661,-1, 3679,3681,40,-1, 3178,3337,3213,-1, 3257,3661,3265,-1, 3683,3684,973,-1, 
          421,767,769,-1, 3673,3272,3669,-1, 3685,40,3686,-1, 3680,40,3685,-1, 3208,3369,3294,-1, 3673,3251,3272,-1, 
          3207,3369,3208,-1, 3658,3686,40,-1, 3208,3294,3142,-1, 3671,2611,3652,-1, 3676,3669,3272,-1, 3272,3282,3676,-1, 
          3206,3361,3207,-1, 3353,3205,3352,-1, 3682,3661,3687,-1, 3671,2601,2600,-1, 3352,3209,3372,-1, 3210,3372,3209,-1, 
          2467,2495,2601,-1, 3360,3198,3368,-1, 3199,3368,3198,-1, 3611,3602,3578,-1, 3687,3688,3682,-1, 3209,3352,3205,-1, 
          3689,3690,893,-1, 3205,3353,3199,-1, 3368,3199,3353,-1, 3206,3360,3361,-1, 3198,3360,3206,-1, 3612,3611,3609,-1, 
          2611,3691,3652,-1, 3692,40,3693,-1, 3369,3207,3361,-1, 3694,3687,3661,-1, 3671,2600,2611,-1, 907,3617,851,-1, 
          3695,38,3692,-1, 3696,38,3695,-1, 3370,3210,3213,-1, 3372,3210,3370,-1, 3370,3213,3337,-1, 3697,3698,3602,-1, 
          881,914,421,-1, 857,3617,914,-1, 3602,3611,3699,-1, 2611,2632,3691,-1, 884,864,421,-1, 866,421,864,-1, 
          40,3692,38,-1, 421,868,884,-1, 3611,3630,3699,-1, 2632,2611,2610,-1, 3700,431,3701,-1, 3630,3611,3612,-1, 
          962,3605,1030,-1, 3702,3638,38,-1, 3700,3703,431,-1, 3704,431,3703,-1, 872,421,825,-1, 3705,38,3696,-1, 
          3706,3688,3687,-1, 3602,3699,3697,-1, 828,421,753,-1, 3664,3707,40,-1, 3707,3693,40,-1, 3687,3694,3706,-1, 
          3659,40,3648,-1, 300,3648,40,-1, 2187,2186,3708,-1, 753,421,754,-1, 3705,3709,38,-1, 3710,38,3709,-1, 
          3711,3688,3712,-1, 3713,454,3714,-1, 3715,431,3716,-1, 3699,3630,3675,-1, 3717,431,3718,-1, 3719,3714,454,-1, 
          3720,888,885,-1, 3721,318,3667,-1, 3722,318,3721,-1, 3723,3587,3698,-1, 3720,3724,888,-1, 3706,3694,3674,-1, 
          3694,3474,3674,-1, 3725,3718,431,-1, 3698,3587,3574,-1, 3726,194,3722,-1, 3698,3574,3602,-1, 3727,454,3728,-1, 
          3729,431,3704,-1, 3717,3701,431,-1, 3729,3730,431,-1, 3730,3716,431,-1, 3731,3732,891,-1, 3733,194,3734,-1, 
          3735,194,3726,-1, 3736,194,3735,-1, 3734,194,3736,-1, 3689,893,894,-1, 3446,3459,3737,-1, 3738,3723,3698,-1, 
          3739,226,3740,-1, 3719,454,3727,-1, 3741,226,3742,-1, 3738,3698,3697,-1, 3743,194,3733,-1, 3744,194,3743,-1, 
          3745,194,3744,-1, 318,3722,194,-1, 3746,226,3747,-1, 3737,3712,3688,-1, 3740,226,3748,-1, 3747,226,3715,-1, 
          3749,3656,192,-1, 3737,3688,3446,-1, 3750,3749,192,-1, 3446,3688,3445,-1, 3746,3748,226,-1, 3751,3752,454,-1, 
          3753,3723,3738,-1, 431,3715,226,-1, 3742,226,3739,-1, 3754,226,3741,-1, 3708,2186,3755,-1, 3674,3688,3706,-1, 
          901,3756,902,-1, 3755,2186,2179,-1, 3738,3757,3753,-1, 3674,3452,3688,-1, 3445,3688,3452,-1, 2179,2104,3758,-1, 
          3738,3759,3757,-1, 903,3597,962,-1, 3697,3759,3738,-1, 3577,1030,3605,-1, 2104,2103,3758,-1, 3712,3760,3711,-1, 
          1044,3617,1008,-1, 2187,3708,2351,-1, 1043,3617,1041,-1, 3264,3682,3263,-1, 1041,3617,1044,-1, 1053,3617,1043,-1, 
          1076,3617,1053,-1, 3761,3697,3699,-1, 3697,3761,3759,-1, 3675,3761,3699,-1, 3762,3763,194,-1, 1086,3617,1076,-1, 
          3764,3762,194,-1, 3760,3261,3711,-1, 3262,3711,3261,-1, 1087,3617,1086,-1, 3761,3675,3677,-1, 1100,3617,1087,-1, 
          3682,3264,3265,-1, 3765,3766,388,-1, 3767,194,3745,-1, 3677,3768,3761,-1, 3769,3666,318,-1, 3770,388,3766,-1, 
          3771,3750,192,-1, 3688,3263,3682,-1, 3582,3756,3772,-1, 3582,3772,3645,-1, 1121,3617,1112,-1, 3773,192,3774,-1, 
          3775,192,3773,-1, 3596,3756,3582,-1, 3262,3263,3711,-1, 3688,3711,3263,-1, 3765,388,3776,-1, 1100,1112,3617,-1, 
          3759,3768,3777,-1, 192,194,3774,-1, 3768,3759,3761,-1, 3778,3776,388,-1, 3763,3779,194,-1, 3779,3774,194,-1, 
          3780,3764,194,-1, 1137,594,1131,-1, 3781,3780,194,-1, 895,893,3690,-1, 1149,594,1137,-1, 3767,3781,194,-1, 
          3782,192,3775,-1, 3782,3771,192,-1, 3690,3783,906,-1, 3690,906,895,-1, 906,3783,899,-1, 3784,899,3783,-1, 
          3785,445,3786,-1, 3737,3459,281,-1, 3712,3737,281,-1, 282,281,3459,-1, 3261,3760,281,-1, 38,3618,3787,-1, 
          899,3784,898,-1, 3772,898,3784,-1, 3788,445,3789,-1, 618,473,616,-1, 3790,388,3791,-1, 3792,388,3790,-1, 
          3793,388,3792,-1, 898,3772,901,-1, 3756,901,3772,-1, 3788,3786,445,-1, 3778,388,3793,-1, 614,616,473,-1, 
          3631,38,3639,-1, 3632,3623,38,-1, 3694,3661,3662,-1, 3661,3258,3662,-1, 614,473,1816,-1, 3710,3702,38,-1, 
          1046,1816,473,-1, 2351,3794,3795,-1, 3596,902,3756,-1, 3787,3796,38,-1, 3797,38,3796,-1, 3798,454,3797,-1, 
          454,38,3797,-1, 3751,454,3798,-1, 3752,3728,454,-1, 3757,3799,3753,-1, 3474,3694,3473,-1, 3662,3473,3694,-1, 
          3527,3334,3333,-1, 2351,3708,3794,-1, 3312,3533,3277,-1, 3468,3277,3533,-1, 2065,2067,594,-1, 3467,3276,3468,-1, 
          3277,3468,3276,-1, 3598,3787,3604,-1, 2049,594,2048,-1, 597,594,2067,-1, 3276,3467,3279,-1, 3466,3279,3467,-1, 
          3618,3604,3787,-1, 3469,3278,3466,-1, 3279,3466,3278,-1, 3800,226,3754,-1, 3617,1121,1131,-1, 1131,594,3617,-1, 
          1169,1174,594,-1, 1153,1169,594,-1, 2048,594,1174,-1, 1149,1153,594,-1, 2049,2065,594,-1, 3801,3799,3757,-1, 
          3604,3618,3603,-1, 3777,3757,3759,-1, 3619,3603,3618,-1, 3469,3476,3285,-1, 3469,3285,3278,-1, 975,3683,973,-1, 
          3777,3801,3757,-1, 565,511,421,-1, 421,769,754,-1, 421,828,826,-1, 826,825,421,-1, 872,868,421,-1, 
          881,421,866,-1, 849,3617,857,-1, 421,914,3617,-1, 851,3617,849,-1, 909,3617,907,-1, 984,3617,909,-1, 
          992,3617,984,-1, 1007,3617,992,-1, 1007,1008,3617,-1, 3157,2295,90,-1, 886,973,3684,-1, 3623,3607,3619,-1, 
          3603,3619,3607,-1, 885,886,3802,-1, 3684,3802,886,-1, 3607,3623,3608,-1, 3720,885,3802,-1, 3803,3804,3799,-1, 
          3473,3662,3472,-1, 3804,3803,3805,-1, 3799,3801,3803,-1, 3285,3662,3284,-1, 2179,3758,3755,-1, 3632,3608,3623,-1, 
          3662,3285,3476,-1, 891,892,3731,-1, 3806,3755,3758,-1, 2141,90,2140,-1, 3157,90,2141,-1, 3472,3662,3476,-1, 
          3758,2103,3505,-1, 2138,90,499,-1, 2138,2140,90,-1, 3639,3407,3631,-1, 3807,225,3808,-1, 3806,3758,3505,-1, 
          3608,3632,3408,-1, 3631,3408,3632,-1, 226,3809,225,-1, 3810,225,3809,-1, 3811,3809,226,-1, 3295,3479,3297,-1, 
          3523,3297,3479,-1, 3408,3631,3407,-1, 500,90,2249,-1, 3812,225,3807,-1, 3808,225,3810,-1, 3407,3639,3413,-1, 
          3801,3813,3803,-1, 3777,3814,3801,-1, 3638,3413,3639,-1, 2249,90,2256,-1, 3413,3638,3416,-1, 3702,3416,3638,-1, 
          498,2256,90,-1, 3416,3702,3548,-1, 3710,3548,3702,-1, 3709,3547,3710,-1, 3479,3295,3480,-1, 3296,3480,3295,-1, 
          3815,3004,3816,-1, 2275,2271,90,-1, 497,90,2271,-1, 3302,3482,3296,-1, 3480,3296,3482,-1, 2989,3816,3004,-1, 
          3708,3755,3817,-1, 3720,3818,3724,-1, 3223,2275,90,-1, 3301,3490,3302,-1, 2989,3819,3816,-1, 3708,3817,3794,-1, 
          3305,3492,3306,-1, 3539,3306,3492,-1, 3817,3755,3806,-1, 3306,3539,3301,-1, 2962,3819,2989,-1, 3012,3819,2962,-1, 
          3430,3242,3419,-1, 2279,2281,478,-1, 3817,3806,3651,-1, 3820,3426,3821,-1, 3493,3303,3430,-1, 3822,225,3823,-1, 
          3428,3824,3462,-1, 3490,3301,3539,-1, 3482,3302,3490,-1, 2289,2287,90,-1, 3815,3816,3825,-1, 478,90,2279,-1, 
          3304,3491,3305,-1, 3492,3305,3491,-1, 388,225,3791,-1, 3242,3430,3303,-1, 3428,3429,3824,-1, 3429,3826,3824,-1, 
          2289,90,2295,-1, 2287,2279,90,-1, 3816,3819,3827,-1, 3303,3493,3304,-1, 3491,3304,3493,-1, 3828,225,3829,-1, 
          3534,3334,3527,-1, 3533,3312,3534,-1, 3334,3534,3312,-1, 892,888,3724,-1, 892,3724,3731,-1, 3830,3831,3832,-1, 
          3833,225,3828,-1, 3833,3823,225,-1, 225,3822,3834,-1, 3834,3835,225,-1, 3835,3836,225,-1, 3816,3837,3825,-1, 
          3523,3513,3297,-1, 3825,3837,3838,-1, 3425,3839,3429,-1, 894,891,3732,-1, 3837,3816,3827,-1, 3644,3821,3654,-1, 
          3836,3791,225,-1, 3831,3830,3837,-1, 3838,3837,3830,-1, 3732,3689,894,-1, 2345,2346,478,-1, 2344,2345,478,-1, 
          2344,478,2281,-1, 3324,3840,3333,-1, 3841,226,3800,-1, 3841,3811,226,-1, 3454,3821,3426,-1, 3812,3829,225,-1, 
          3527,3333,3840,-1, 3527,3840,3842,-1, 3527,3842,3528,-1, 3839,3425,3426,-1, 3528,3842,3843,-1, 3528,3843,3529,-1, 
          3323,3840,3324,-1, 3827,3844,3837,-1, 3332,3843,3842,-1, 3332,3842,3840,-1, 3332,3840,3323,-1, 3332,3328,3843,-1, 
          2348,478,2346,-1, 3826,3429,3839,-1, 3329,3297,3513,-1, 3512,3328,3513,-1, 3845,3846,3831,-1, 3832,3831,3846,-1, 
          3843,3328,3529,-1, 3847,430,3848,-1, 3821,3644,3820,-1, 3642,3820,3644,-1, 3329,3513,3328,-1, 3426,3820,3839,-1, 
          3819,3012,3849,-1, 3512,3529,3328,-1, 3850,3839,3820,-1, 3819,3849,3827,-1, 3012,3071,3849,-1, 3851,430,3852,-1, 
          3760,3712,281,-1, 3852,430,3853,-1, 3854,3848,430,-1, 3837,3844,3831,-1, 3855,192,3633,-1, 3856,430,3857,-1, 
          3858,3859,430,-1, 3856,3858,430,-1, 3860,468,3861,-1, 3862,3857,430,-1, 3863,3849,3071,-1, 3864,3817,3651,-1, 
          3859,3853,430,-1, 3072,3865,3863,-1, 3863,3071,3072,-1, 3615,3651,3806,-1, 3851,3854,430,-1, 3866,3861,468,-1, 
          3850,3820,3867,-1, 3643,3867,3820,-1, 3643,3820,3642,-1, 3615,3806,3505,-1, 3824,3826,3868,-1, 3794,3864,3869,-1, 
          3870,3827,3849,-1, 3657,299,3868,-1, 3864,3794,3817,-1, 3827,3870,3844,-1, 3641,3826,3640,-1, 3871,468,3860,-1, 
          3870,3849,3863,-1, 3844,3870,3872,-1, 3873,3874,3875,-1, 3868,299,3824,-1, 3869,3864,3876,-1, 3877,224,3878,-1, 
          3826,3641,3868,-1, 3657,3868,3641,-1, 3864,3651,3879,-1, 3880,468,3881,-1, 3839,3850,3826,-1, 3867,3826,3850,-1, 
          493,478,492,-1, 430,224,3862,-1, 3873,3875,3882,-1, 3879,3651,3652,-1, 3865,3072,3107,-1, 3867,3643,3826,-1, 
          3640,3826,3643,-1, 490,478,2727,-1, 3883,3884,3500,-1, 3885,3886,224,-1, 3886,3862,224,-1, 489,2727,478,-1, 
          3845,3887,3846,-1, 3500,3884,3448,-1, 3888,3885,224,-1, 3877,3888,224,-1, 3889,3878,224,-1, 488,478,487,-1, 
          3883,3659,3884,-1, 3648,3884,3659,-1, 192,3855,3890,-1, 3845,3891,3892,-1, 3887,3845,3892,-1, 3821,3447,3884,-1, 
          3448,3884,3447,-1, 3893,3634,192,-1, 484,478,483,-1, 482,478,481,-1, 3447,3821,3454,-1, 3655,3893,192,-1, 
          3891,3845,3894,-1, 3884,3648,3649,-1, 3895,389,3896,-1, 3897,3896,389,-1, 3898,389,3895,-1, 3890,3899,192,-1, 
          3900,192,3899,-1, 445,192,3900,-1, 3901,445,3900,-1, 3902,3789,445,-1, 3901,3902,445,-1, 445,3785,3903,-1, 
          3891,420,3892,-1, 3654,3821,3649,-1, 3649,3821,3884,-1, 478,2691,479,-1, 3904,3897,389,-1, 420,3891,419,-1, 
          3824,299,3462,-1, 3905,3906,3907,-1, 3908,468,3909,-1, 3864,3879,3876,-1, 3906,3905,3910,-1, 3392,3633,3393,-1, 
          3634,3393,3633,-1, 3911,3906,3910,-1, 3893,3409,3634,-1, 3844,3912,3831,-1, 299,3657,300,-1, 3393,3634,3409,-1, 
          3831,3912,3845,-1, 3913,389,3898,-1, 389,3914,3915,-1, 3916,389,3915,-1, 3911,3910,3873,-1, 3707,3664,3917,-1, 
          3872,3912,3844,-1, 3409,3893,3584,-1, 3914,389,3913,-1, 3552,3524,3664,-1, 3524,3918,3664,-1, 3656,3585,3655,-1, 
          3584,3655,3585,-1, 3863,3919,3870,-1, 3655,3584,3893,-1, 3920,3889,224,-1, 3918,3917,3664,-1, 3911,3873,3882,-1, 
          3872,3870,3919,-1, 3585,3656,3586,-1, 3749,3586,3656,-1, 2691,478,2348,-1, 3525,3918,3524,-1, 3919,3863,3865,-1, 
          3875,3646,3921,-1, 3664,3519,3552,-1, 3922,3920,224,-1, 3652,3691,3879,-1, 3663,3519,3664,-1, 224,3923,3924,-1, 
          224,3924,3925,-1, 3925,3922,224,-1, 3875,3921,3882,-1, 2741,478,494,-1, 3845,3912,3894,-1, 3525,3550,3918,-1, 
          3921,3646,3645,-1, 3912,3926,3894,-1, 3000,478,2946,-1, 3519,3663,3510,-1, 3672,3510,3663,-1, 224,223,3927,-1, 
          3927,3923,224,-1, 3928,3731,3724,-1, 3869,3795,3794,-1, 3912,3872,3926,-1, 3929,3930,3928,-1, 3931,3932,223,-1, 
          3795,3869,3933,-1, 3934,3927,223,-1, 3935,223,3936,-1, 3930,3731,3928,-1, 3936,223,3932,-1, 3489,3586,3749,-1, 
          3518,3937,3517,-1, 3433,3432,3668,-1, 3521,3938,3506,-1, 3935,3934,223,-1, 3667,3668,3432,-1, 3930,3732,3731,-1, 
          3668,3670,3433,-1, 3905,3907,3939,-1, 3940,3941,468,-1, 3769,3942,3666,-1, 3939,3907,3930,-1, 3943,3666,3942,-1, 
          2741,2946,478,-1, 3883,3507,3938,-1, 3506,3938,3507,-1, 3422,3433,3670,-1, 3732,3930,3907,-1, 3938,3937,3680,-1, 
          3938,3680,3685,-1, 3944,223,3945,-1, 3926,3872,3946,-1, 3507,3883,3501,-1, 3689,3907,3906,-1, 3938,3686,3883,-1, 
          3658,3883,3686,-1, 3947,223,3916,-1, 3891,3948,419,-1, 3501,3883,3500,-1, 3435,3943,3434,-1, 3942,3434,3943,-1, 
          3689,3732,3907,-1, 3659,3883,3658,-1, 3949,3950,223,-1, 3951,223,3950,-1, 223,3951,3931,-1, 3894,3952,3891,-1, 
          3666,3943,3665,-1, 3421,3665,3943,-1, 3421,3943,3435,-1, 3891,3952,3948,-1, 318,319,3769,-1, 3689,3906,3690,-1, 
          3953,223,3947,-1, 3949,223,3944,-1, 3945,223,3953,-1, 3422,3670,3421,-1, 3665,3421,3670,-1, 3937,3518,3679,-1, 
          3926,3954,3894,-1, 3952,3894,3954,-1, 3521,3937,3938,-1, 389,3916,223,-1, 3517,3937,3521,-1, 3722,3437,3726,-1, 
          3678,3937,3679,-1, 3438,3735,3436,-1, 3680,3937,3678,-1, 419,3948,3955,-1, 3690,3906,3911,-1, 3667,3432,3721,-1, 
          3431,3721,3432,-1, 3436,3726,3437,-1, 3721,3431,3722,-1, 3437,3722,3431,-1, 3871,3909,468,-1, 3955,3948,3956,-1, 
          3510,3672,3509,-1, 3681,3509,3672,-1, 3862,3715,3857,-1, 3716,3857,3715,-1, 3440,3733,3439,-1, 3734,3439,3733,-1, 
          3911,3882,3783,-1, 3681,3679,3509,-1, 3518,3509,3679,-1, 3453,3743,3440,-1, 3733,3440,3743,-1, 3703,3957,3704,-1, 
          3911,3783,3690,-1, 3938,3685,3686,-1, 3859,3957,3853,-1, 3439,3734,3441,-1, 3736,3441,3734,-1, 3917,3693,3707,-1, 
          3441,3736,3438,-1, 3735,3438,3736,-1, 3704,3957,3859,-1, 3726,3436,3735,-1, 3783,3882,3784,-1, 3948,3952,3958,-1, 
          3549,3695,3550,-1, 3692,3550,3695,-1, 3921,3784,3882,-1, 3959,3940,468,-1, 3960,3933,3961,-1, 3917,3918,3550,-1, 
          3550,3692,3917,-1, 90,496,3225,-1, 3225,3223,90,-1, 3700,3957,3703,-1, 3693,3917,3692,-1, 3921,3645,3772,-1, 
          3948,3962,3956,-1, 3933,3869,3963,-1, 3701,3852,3700,-1, 140,3225,496,-1, 3551,3696,3549,-1, 3956,3962,3964,-1, 
          3881,468,3965,-1, 3962,3948,3958,-1, 3705,3555,3709,-1, 3555,3705,3551,-1, 3696,3551,3705,-1, 3966,3967,3962,-1, 
          3964,3962,3967,-1, 3784,3921,3772,-1, 3695,3549,3696,-1, 3876,3963,3869,-1, 3825,421,3815,-1, 3968,14,3969,-1, 
          3962,3958,3970,-1, 3555,3547,3709,-1, 3815,421,3004,-1, 3548,3710,3547,-1, 3966,3962,3970,-1, 3952,3954,3971,-1, 
          3941,3969,468,-1, 14,468,3969,-1, 3880,3959,468,-1, 3838,421,3825,-1, 3957,3700,3852,-1, 3714,3564,3610,-1, 
          3714,3610,3713,-1, 3952,3971,3958,-1, 3566,3727,3565,-1, 3564,3714,3563,-1, 3719,3563,3714,-1, 3838,3830,421,-1, 
          3832,421,3830,-1, 3854,3972,3848,-1, 3933,3963,3961,-1, 3563,3727,3566,-1, 3973,3971,3954,-1, 3851,3717,3854,-1, 
          3972,3854,3717,-1, 3004,421,3000,-1, 3719,3727,3563,-1, 3963,3876,3974,-1, 3610,455,3713,-1, 3967,3966,3975,-1, 
          3848,3972,3847,-1, 3725,3847,3972,-1, 3976,2803,3977,-1, 478,3000,421,-1, 2803,3978,3979,-1, 3980,14,3981,-1, 
          3852,3701,3851,-1, 3981,14,3982,-1, 3565,3728,3567,-1, 3752,3567,3728,-1, 3887,421,3846,-1, 3978,2803,3976,-1, 
          3851,3701,3717,-1, 3983,3974,3876,-1, 3846,421,3832,-1, 3971,3984,3958,-1, 3983,3876,3879,-1, 3955,3956,417,-1, 
          3853,3957,3852,-1, 3858,3729,3859,-1, 421,3892,420,-1, 419,3955,417,-1, 3983,3879,3691,-1, 3728,3565,3727,-1, 
          3971,3973,3985,-1, 3859,3729,3704,-1, 3567,3752,3573,-1, 3892,421,3887,-1, 3986,14,3987,-1, 3988,14,3986,-1, 
          3729,3858,3730,-1, 3856,3730,3858,-1, 3975,3966,3989,-1, 3745,3455,3767,-1, 3475,3767,3455,-1, 3751,3572,3573,-1, 
          3956,3964,417,-1, 3990,14,3988,-1, 3743,3453,3744,-1, 258,417,3964,-1, 3857,3716,3856,-1, 3730,3856,3716,-1, 
          3456,3744,3453,-1, 3987,14,3980,-1, 3967,3975,258,-1, 3989,258,3975,-1, 3964,3967,258,-1, 3747,3715,3862,-1, 
          3744,3456,3745,-1, 3455,3745,3456,-1, 3718,3972,3717,-1, 3751,3573,3752,-1, 3968,3982,14,-1, 3750,3489,3749,-1, 
          3966,3970,3991,-1, 3725,3972,3718,-1, 3489,3750,3488,-1, 3771,3488,3750,-1, 3991,3970,3992,-1, 3782,3495,3771,-1, 
          3958,3984,3970,-1, 3989,3993,258,-1, 3764,3463,3762,-1, 3994,258,3993,-1, 3464,3762,3463,-1, 3751,3798,3572,-1, 
          3971,3985,3984,-1, 3763,3762,3464,-1, 3970,3984,3992,-1, 3847,3725,430,-1, 396,258,416,-1, 3465,3763,3464,-1, 
          3984,3985,3995,-1, 3463,3764,3471,-1, 3780,3471,3764,-1, 258,3994,415,-1, 3471,3780,3470,-1, 3781,3470,3780,-1, 
          430,3725,431,-1, 3995,3992,3984,-1, 3798,3571,3572,-1, 3888,3748,3885,-1, 3996,3997,283,-1, 3997,3998,283,-1, 
          3999,283,3998,-1, 4000,283,3999,-1, 3966,4001,3989,-1, 3877,3740,3888,-1, 3989,4001,3993,-1, 3739,3878,3742,-1, 
          3889,3742,3878,-1, 4001,3966,3991,-1, 4002,3996,283,-1, 3748,3888,3740,-1, 3974,4003,2748,-1, 3993,4001,3994,-1, 
          3740,3877,3739,-1, 4004,283,4005,-1, 4002,283,4006,-1, 4004,4006,283,-1, 3787,3598,3796,-1, 3878,3739,3877,-1, 
          3797,3571,3798,-1, 3742,3889,3741,-1, 3571,3797,3599,-1, 3796,3599,3797,-1, 4003,3974,3983,-1, 3886,3747,3862,-1, 
          4007,4008,4009,-1, 3747,3886,3746,-1, 3885,3746,3886,-1, 4008,4010,4011,-1, 3748,3746,3885,-1, 4012,13,4013,-1, 
          3983,3691,2736,-1, 3599,3796,3598,-1, 3991,3992,4014,-1, 3983,2736,4003,-1, 4009,4008,4011,-1, 3766,4015,3770,-1, 
          454,3713,455,-1, 4010,4016,4011,-1, 2775,3345,4017,-1, 4018,4019,3778,-1, 3767,3475,3781,-1, 3470,3781,3475,-1, 
          4020,3992,3995,-1, 2747,4017,2748,-1, 3942,3769,319,-1, 3434,3942,319,-1, 4016,4010,4021,-1, 13,14,4022,-1, 
          3775,3494,3782,-1, 3495,3782,3494,-1, 2775,4017,2747,-1, 3488,3771,3495,-1, 3494,3775,3497,-1, 3773,3497,3775,-1, 
          3774,3531,3773,-1, 3497,3773,3531,-1, 3766,3765,4015,-1, 4023,4015,3765,-1, 3776,4019,3765,-1, 3531,3774,3530,-1, 
          3779,3530,3774,-1, 3530,3779,3465,-1, 4024,4025,14,-1, 3763,3465,3779,-1, 1026,4026,1028,-1, 2749,2748,4003,-1, 
          4025,4022,14,-1, 4003,2738,2749,-1, 3895,4018,3898,-1, 416,4027,396,-1, 3990,4028,14,-1, 4028,4029,14,-1, 
          4029,4030,14,-1, 4030,4024,14,-1, 1028,4026,1015,-1, 3591,3903,3592,-1, 3785,3592,3903,-1, 3994,4031,415,-1, 
          4001,4031,3994,-1, 3776,3778,4019,-1, 3592,3785,4032,-1, 3592,4032,3593,-1, 2736,3691,2632,-1, 3789,3545,3788,-1, 
          3593,4032,3545,-1, 4032,3788,3545,-1, 4027,416,4031,-1, 415,4031,416,-1, 2738,4003,2736,-1, 4031,4033,4027,-1, 
          3788,4032,3786,-1, 4032,3785,3786,-1, 396,4027,395,-1, 3544,3545,3902,-1, 4012,4034,13,-1, 4013,13,4035,-1, 
          4023,3765,4019,-1, 4034,4036,13,-1, 3789,3902,3545,-1, 4037,48,4038,-1, 4036,4039,13,-1, 4009,4011,4040,-1, 
          4041,4042,4043,-1, 4019,4018,4044,-1, 3901,3554,3902,-1, 3544,3902,3554,-1, 4045,13,4039,-1, 4046,13,4047,-1, 
          4048,3961,3963,-1, 4049,389,4015,-1, 3900,3594,3901,-1, 3554,3901,3594,-1, 4050,13,4051,-1, 4022,4035,13,-1, 
          4047,13,4045,-1, 4051,13,4046,-1, 4014,4052,3991,-1, 4053,13,4050,-1, 4054,48,4037,-1, 3900,3899,3595,-1, 
          3594,3900,3595,-1, 283,4055,4005,-1, 4043,3345,3343,-1, 4055,13,4053,-1, 4042,4041,3961,-1, 4055,283,13,-1, 
          4042,3961,4048,-1, 4056,48,4057,-1, 4057,48,4054,-1, 4044,4018,4058,-1, 4018,3895,4058,-1, 3896,4058,3895,-1, 
          4043,4042,3345,-1, 3595,3899,3579,-1, 3908,3965,468,-1, 4015,4023,4049,-1, 4001,4052,4031,-1, 4042,4017,3345,-1, 
          3991,4052,4001,-1, 3904,4059,3897,-1, 3904,389,4059,-1, 4048,3963,3974,-1, 4031,4052,4033,-1, 4060,301,4061,-1, 
          4061,301,4062,-1, 4063,4062,301,-1, 3579,3890,3580,-1, 4059,4049,4023,-1, 4042,4048,4017,-1, 3855,3580,3890,-1, 
          4064,4065,467,-1, 4066,467,4065,-1, 4059,389,4049,-1, 4067,301,4068,-1, 4067,4063,301,-1, 4048,3974,2748,-1, 
          3890,3579,3899,-1, 4069,4064,467,-1, 3992,4020,4014,-1, 4048,2748,4017,-1, 996,4070,995,-1, 4014,4020,4071,-1, 
          4059,4023,3897,-1, 301,4060,4072,-1, 4020,4073,4074,-1, 4023,4019,4044,-1, 4023,4044,4058,-1, 2302,4075,285,-1, 
          4020,4074,4071,-1, 4075,717,285,-1, 3897,4023,4058,-1, 3897,4058,3896,-1, 4075,2302,4076,-1, 4014,4077,4052,-1, 
          3392,3580,3855,-1, 2310,4076,2302,-1, 4052,4077,4033,-1, 4015,389,3770,-1, 388,3770,389,-1, 4077,4014,4071,-1, 
          2307,4078,2310,-1, 4033,4077,4079,-1, 3392,3855,3633,-1, 2310,4078,4076,-1, 3903,3591,445,-1, 446,445,3591,-1, 
          4080,467,4081,-1, 3793,4082,3778,-1, 4018,3778,4082,-1, 4083,43,4084,-1, 4082,3898,4018,-1, 716,4085,749,-1, 
          4077,4071,4086,-1, 4084,43,4087,-1, 4088,4089,3791,-1, 4087,43,4090,-1, 4074,4091,4071,-1, 4092,3818,4093,-1, 
          3791,4089,3790,-1, 4089,4088,3916,-1, 4089,3916,3915,-1, 4094,467,4095,-1, 4085,716,4075,-1, 717,4075,716,-1, 
          4083,4096,43,-1, 4097,4098,43,-1, 4098,4099,43,-1, 4099,4100,43,-1, 4100,4068,301,-1, 301,43,4100,-1, 
          3790,4089,3792,-1, 4082,3793,3792,-1, 3366,3865,3107,-1, 4101,4090,43,-1, 3914,4089,3915,-1, 3865,3542,3919,-1, 
          3898,4082,3913,-1, 3542,3865,3366,-1, 4102,4070,4103,-1, 4082,3792,4089,-1, 4104,4103,4070,-1, 3872,3919,3946,-1, 
          4089,3914,4082,-1, 3913,4082,3914,-1, 3920,3741,3889,-1, 4105,3919,3542,-1, 3922,3754,3920,-1, 3741,3920,3754,-1, 
          3946,3919,4105,-1, 3811,4106,3809,-1, 3542,3543,4105,-1, 4101,43,4107,-1, 4108,4106,3811,-1, 3923,4108,3924,-1, 
          4106,4108,3923,-1, 749,4085,751,-1, 3925,4108,3800,-1, 3925,3800,3754,-1, 3925,3754,3922,-1, 4109,3926,3946,-1, 
          4108,3841,3800,-1, 3841,4108,3811,-1, 3924,4108,3925,-1, 4110,4111,199,-1, 4076,4112,4075,-1, 1009,3683,975,-1, 
          4075,4112,4085,-1, 4070,4102,995,-1, 995,4102,1000,-1, 3927,4106,3923,-1, 4105,3543,4113,-1, 3809,4106,3810,-1, 
          4114,3810,4106,-1, 3810,4114,3808,-1, 3683,1009,4102,-1, 1000,4102,1009,-1, 4115,467,4116,-1, 3934,4106,3927,-1, 
          4112,4076,4117,-1, 4118,4119,322,-1, 4120,322,4119,-1, 4081,467,4115,-1, 4106,3934,4114,-1, 3935,4114,3934,-1, 
          4078,4117,4076,-1, 4102,4103,3684,-1, 4113,3543,3568,-1, 4121,322,4120,-1, 4122,322,4121,-1, 4123,4124,322,-1, 
          4124,4118,322,-1, 3568,3543,3546,-1, 3808,4114,3807,-1, 4123,322,4125,-1, 3926,4109,3954,-1, 3936,4114,3935,-1, 
          3812,3807,4126,-1, 3683,4102,3684,-1, 4095,467,4080,-1, 4117,4127,4128,-1, 4129,4130,48,-1, 4114,4126,3807,-1, 
          3946,4131,4109,-1, 3684,4103,3802,-1, 4114,3936,4126,-1, 4126,3936,3932,-1, 4093,4132,4104,-1, 4105,4131,3946,-1, 
          322,197,4133,-1, 4134,4133,197,-1, 4104,4132,4103,-1, 4135,4136,48,-1, 4085,4137,751,-1, 4132,4093,3818,-1, 
          4138,4129,48,-1, 751,4137,750,-1, 4139,3829,4126,-1, 4140,197,4141,-1, 4142,4143,197,-1, 4140,4142,197,-1, 
          4103,4132,3802,-1, 4144,43,4130,-1, 197,4145,4146,-1, 4146,4141,197,-1, 4126,3932,3931,-1, 4085,4112,4147,-1, 
          4116,467,4148,-1, 4132,3818,3720,-1, 43,48,4130,-1, 3954,4109,3973,-1, 3951,4139,3931,-1, 4149,199,4111,-1, 
          4109,4150,3973,-1, 3802,4132,3720,-1, 3931,4139,4126,-1, 750,4137,721,-1, 4151,43,4152,-1, 4144,4152,43,-1, 
          3928,3724,3818,-1, 4153,199,4149,-1, 4154,3833,4139,-1, 3828,4139,3833,-1, 4109,4131,4150,-1, 4155,43,4151,-1, 
          4155,4107,43,-1, 3949,4154,3950,-1, 4131,4156,4150,-1, 3950,4139,3951,-1, 4096,4097,43,-1, 4105,4113,4131,-1, 
          4136,4138,48,-1, 721,4157,720,-1, 4069,467,4094,-1, 4137,4157,721,-1, 4154,3949,3944,-1, 4131,4113,4156,-1, 
          3822,4158,3834,-1, 4154,3823,3833,-1, 4113,3568,3587,-1, 4159,724,4157,-1, 720,4157,724,-1, 4139,3950,4154,-1, 
          4160,197,4161,-1, 4158,4154,3944,-1, 3587,4156,4113,-1, 4162,4163,4164,-1, 4158,3822,4154,-1, 3823,4154,3822,-1, 
          4088,3835,4158,-1, 3834,4158,3835,-1, 4165,3973,4150,-1, 4160,4166,197,-1, 3835,4088,3836,-1, 3985,3973,4165,-1, 
          12,4148,467,-1, 4166,4167,197,-1, 4145,197,4167,-1, 4088,4158,3953,-1, 4088,3953,3947,-1, 4168,4169,4164,-1, 
          3945,4158,3944,-1, 4170,4134,197,-1, 4170,197,4143,-1, 4133,4125,322,-1, 4171,453,4172,-1, 3953,4158,3945,-1, 
          4173,4110,199,-1, 4112,4174,4147,-1, 4175,4172,453,-1, 4156,3723,4176,-1, 3836,4088,3791,-1, 4177,4178,199,-1, 
          4117,4174,4112,-1, 4178,4179,199,-1, 4177,199,4153,-1, 3723,4156,3587,-1, 4180,4162,4092,-1, 3916,4088,3947,-1, 
          3829,4139,3828,-1, 4117,4128,4174,-1, 4093,4180,4092,-1, 3812,4126,3829,-1, 4162,3929,4092,-1, 4157,4137,4181,-1, 
          4147,4137,4085,-1, 4182,453,4183,-1, 4184,4185,12,-1, 4186,12,4185,-1, 4150,4156,4176,-1, 4187,197,4188,-1, 
          4187,4189,197,-1, 4161,197,4189,-1, 4162,4164,3929,-1, 4150,4176,4165,-1, 4179,4190,199,-1, 197,199,4190,-1, 
          197,4190,4188,-1, 4147,4181,4137,-1, 4164,3939,3929,-1, 4147,4174,4191,-1, 4192,444,4193,-1, 4194,444,4195,-1, 
          4193,444,4194,-1, 4196,429,4197,-1, 4197,429,4198,-1, 4181,4147,4191,-1, 444,4199,4200,-1, 3985,4165,4201,-1, 
          4174,4202,4191,-1, 4198,429,4203,-1, 4164,4169,3939,-1, 3995,3985,4201,-1, 4204,4184,12,-1, 4205,453,4182,-1, 
          4165,4206,4201,-1, 3905,3939,4169,-1, 4207,4208,12,-1, 4208,4204,12,-1, 4209,444,4210,-1, 4202,4174,4128,-1, 
          4211,429,4212,-1, 12,4213,4214,-1, 12,4214,4215,-1, 4215,4207,12,-1, 4206,4165,4176,-1, 4216,429,4217,-1, 
          4217,429,4196,-1, 3753,4176,3723,-1, 4218,4203,429,-1, 4219,284,4220,-1, 4206,4176,3753,-1, 4216,4212,429,-1, 
          4092,3929,3928,-1, 4221,230,4211,-1, 4222,4223,284,-1, 284,4223,4224,-1, 284,4224,4225,-1, 4220,284,4225,-1, 
          4226,284,4219,-1, 4227,230,4221,-1, 4228,230,4227,-1, 3995,4073,4020,-1, 3928,3818,4092,-1, 4229,230,4228,-1, 
          4230,230,4229,-1, 11,284,4231,-1, 4232,4231,284,-1, 4233,230,4230,-1, 3930,3929,3939,-1, 3995,4201,4073,-1, 
          4233,4234,230,-1, 230,4234,4235,-1, 4236,284,4226,-1, 4237,284,4236,-1, 724,4159,725,-1, 4206,3804,4201,-1, 
          429,4211,230,-1, 4171,4183,453,-1, 4073,4201,3804,-1, 1015,4238,1014,-1, 3804,4206,3799,-1, 4026,4238,1015,-1, 
          3799,4206,3753,-1, 4239,738,4159,-1, 725,4159,738,-1, 4240,391,4241,-1, 4242,4241,391,-1, 4243,4242,391,-1, 
          738,4239,735,-1, 3805,4073,3804,-1, 4244,391,4240,-1, 3805,4074,4073,-1, 1017,4245,1016,-1, 4246,3250,3255,-1, 
          3154,734,4239,-1, 735,4239,734,-1, 3255,4247,4246,-1, 4248,4249,391,-1, 391,4249,4243,-1, 4239,3045,3154,-1, 
          4245,1017,4238,-1, 1014,4238,1017,-1, 4250,4248,391,-1, 4247,3255,3227,-1, 4251,4250,391,-1, 4239,4159,4252,-1, 
          3227,139,4247,-1, 144,4247,139,-1, 4238,4253,4245,-1, 4239,4252,3045,-1, 4254,4238,4026,-1, 3046,3045,4252,-1, 
          4255,230,4235,-1, 4238,4254,4253,-1, 4256,230,4255,-1, 4257,4258,11,-1, 3046,4252,3330,-1, 734,3154,733,-1, 
          4259,229,4260,-1, 4260,230,4261,-1, 1016,4245,1018,-1, 4070,1018,4245,-1, 4262,229,4259,-1, 3150,736,3154,-1, 
          733,3154,736,-1, 11,4258,12,-1, 996,1018,4070,-1, 199,4263,4264,-1, 4265,199,4266,-1, 4267,199,4265,-1, 
          4264,4266,199,-1, 4268,4246,4247,-1, 3155,3154,3045,-1, 4269,12,4270,-1, 4271,229,4272,-1, 4246,4268,4273,-1, 
          4245,4253,4104,-1, 4173,199,4267,-1, 3155,3045,3047,-1, 146,4247,144,-1, 4070,4245,4104,-1, 4272,229,4262,-1, 
          230,4260,229,-1, 4093,4104,4253,-1, 4274,229,4275,-1, 4247,146,4268,-1, 4276,48,4277,-1, 4200,4195,444,-1, 
          4192,4210,444,-1, 4263,199,4278,-1, 4278,199,4209,-1, 444,4209,199,-1, 4279,12,4269,-1, 4280,12,4279,-1, 
          4157,4281,4159,-1, 4213,12,4280,-1, 4181,4281,4157,-1, 4093,4253,4180,-1, 4276,4282,48,-1, 4191,4283,4181,-1, 
          4284,229,4274,-1, 4285,11,4286,-1, 4181,4283,4281,-1, 4009,4254,4026,-1, 4038,48,4287,-1, 4288,4287,48,-1, 
          4282,4288,48,-1, 391,229,4251,-1, 4289,4273,4268,-1, 11,4290,4257,-1, 4291,48,4056,-1, 4135,48,4291,-1, 
          4009,4040,4254,-1, 4292,4275,229,-1, 4293,4292,229,-1, 4294,4202,4295,-1, 453,4205,4296,-1, 4296,4277,453,-1, 
          453,4277,48,-1, 262,4268,146,-1, 4268,262,264,-1, 4297,229,4298,-1, 4299,229,4284,-1, 4252,4159,4281,-1, 
          4300,4290,11,-1, 4163,4016,4168,-1, 3330,4252,4281,-1, 4301,4300,11,-1, 4299,4298,229,-1, 4271,4293,229,-1, 
          4256,4261,230,-1, 4254,4040,4180,-1, 4297,4251,229,-1, 4253,4254,4180,-1, 4040,4162,4180,-1, 4281,4283,3330,-1, 
          4016,4163,4011,-1, 4302,4273,4303,-1, 4011,4163,4040,-1, 4283,3335,3330,-1, 4304,4168,4016,-1, 4270,12,4258,-1, 
          4283,4191,4294,-1, 4305,4306,11,-1, 4306,4301,11,-1, 4289,4303,4273,-1, 4202,4294,4191,-1, 4040,4163,4162,-1, 
          4307,428,4308,-1, 4309,428,4307,-1, 4310,4308,428,-1, 4310,428,4311,-1, 4312,4313,11,-1, 4313,4314,11,-1, 
          4314,4305,11,-1, 4283,4294,3335,-1, 4168,4164,4163,-1, 264,4289,4268,-1, 4312,11,4285,-1, 4237,4232,284,-1, 
          4294,4295,3336,-1, 4294,3336,3335,-1, 4315,196,4316,-1, 4286,11,4231,-1, 4317,4311,428,-1, 2782,4318,1033,-1, 
          1033,4318,1020,-1, 3336,4295,3343,-1, 2782,3979,4318,-1, 4186,4148,12,-1, 3330,3335,3331,-1, 2783,3979,2782,-1, 
          4317,428,4319,-1, 2783,2803,3979,-1, 4320,4302,4303,-1, 4321,4316,196,-1, 2308,4322,2307,-1, 1021,4323,1025,-1, 
          4324,4325,4326,-1, 4324,4326,4327,-1, 4324,4327,4328,-1, 4322,2308,4329,-1, 4330,428,4331,-1, 2329,4329,2308,-1, 
          4303,4289,4332,-1, 4323,1021,4318,-1, 1020,4318,1021,-1, 4333,4334,228,-1, 2329,4335,4329,-1, 4336,4333,228,-1, 
          4318,3979,4337,-1, 4335,2329,2343,-1, 228,4334,4338,-1, 4332,4289,276,-1, 4338,4331,428,-1, 2343,2351,4335,-1, 
          274,4289,264,-1, 4339,4336,228,-1, 4340,4339,228,-1, 276,4289,274,-1, 4323,4318,4337,-1, 4078,4127,4117,-1, 
          4341,4340,228,-1, 4342,3677,3676,-1, 42,4343,4344,-1, 4330,4319,428,-1, 228,4338,428,-1, 2307,4322,4078,-1, 
          3282,4342,3676,-1, 4127,4078,4322,-1, 4007,1024,4323,-1, 3282,3252,4345,-1, 1025,4323,1024,-1, 4322,4329,4346,-1, 
          4007,1027,1024,-1, 3252,3250,4347,-1, 4127,4322,4346,-1, 4345,3252,4347,-1, 4323,4008,4007,-1, 4347,3250,4246,-1, 
          4315,4348,196,-1, 3979,3978,4337,-1, 4349,42,4350,-1, 4323,4337,4008,-1, 3795,4335,2351,-1, 4342,3282,4351,-1, 
          4337,4010,4008,-1, 4351,3282,4352,-1, 4345,4352,3282,-1, 4350,42,4353,-1, 4345,4302,4352,-1, 4354,4353,42,-1, 
          4337,3978,4010,-1, 4355,392,4356,-1, 4357,4329,4335,-1, 4358,4321,196,-1, 4026,1026,4007,-1, 1027,4007,1026,-1, 
          4329,4357,4346,-1, 4347,4302,4345,-1, 4357,4335,3795,-1, 4359,4356,392,-1, 4360,302,4361,-1, 4362,4361,302,-1, 
          3960,4346,4357,-1, 4009,4026,4007,-1, 4363,4324,4364,-1, 4328,4364,4324,-1, 4347,4246,4273,-1, 4365,302,4360,-1, 
          4366,321,4367,-1, 4357,3795,3933,-1, 4368,321,4369,-1, 4347,4273,4302,-1, 4370,4359,392,-1, 4371,4372,4373,-1, 
          4374,4373,4372,-1, 4375,321,4376,-1, 3933,3960,4357,-1, 321,4377,4367,-1, 4366,4369,321,-1, 4378,321,4375,-1, 
          4342,4351,4379,-1, 4380,4362,302,-1, 4346,4381,4127,-1, 4374,4372,4382,-1, 302,4365,4383,-1, 3019,3180,3017,-1, 
          4384,198,4385,-1, 4386,198,4384,-1, 4127,4381,4128,-1, 4387,198,4388,-1, 4383,4389,302,-1, 4352,4390,4351,-1, 
          3960,4381,4346,-1, 4391,4392,392,-1, 2984,2995,4393,-1, 4394,198,4395,-1, 4396,44,4397,-1, 4385,198,4387,-1, 
          4398,198,4386,-1, 4394,4388,198,-1, 4302,4320,4352,-1, 4390,4352,4320,-1, 4399,4400,392,-1, 4128,4401,4202,-1, 
          2995,3451,4393,-1, 4402,44,4403,-1, 3451,2995,3003,-1, 4404,44,4405,-1, 4382,4406,4374,-1, 4400,4391,392,-1, 
          3451,3003,3039,-1, 4128,4381,4401,-1, 4381,3960,4041,-1, 4397,44,4404,-1, 4407,4303,4332,-1, 4401,4381,4041,-1, 
          228,4408,4341,-1, 4409,4408,228,-1, 4410,302,4389,-1, 4041,3960,3961,-1, 280,4332,276,-1, 4411,4412,228,-1, 
          4412,4409,228,-1, 4403,44,4410,-1, 4413,44,4402,-1, 4414,44,4413,-1, 4415,44,4414,-1, 4416,4405,44,-1, 
          4295,4202,4401,-1, 4416,44,4415,-1, 302,4410,44,-1, 4417,4418,228,-1, 4419,4382,4420,-1, 4421,4419,4420,-1, 
          4401,4041,4043,-1, 3180,3019,4422,-1, 198,4398,4423,-1, 4424,198,4423,-1, 4368,4376,321,-1, 4378,4425,321,-1, 
          4395,198,4425,-1, 4043,4295,4401,-1, 4426,4427,196,-1, 4428,196,4429,-1, 4295,4043,3343,-1, 4430,3180,4422,-1, 
          4429,196,4427,-1, 3019,4431,4422,-1, 4372,4420,4382,-1, 2984,4393,3019,-1, 4432,196,4433,-1, 4434,227,4435,-1, 
          4436,4417,227,-1, 4418,4411,228,-1, 228,227,4417,-1, 4437,1084,4438,-1, 4420,4439,4421,-1, 4440,4436,227,-1, 
          4431,3019,4393,-1, 4434,4440,227,-1, 196,198,4441,-1, 4354,42,4442,-1, 4393,3451,4443,-1, 4444,4441,198,-1, 
          4445,4446,227,-1, 4431,4393,4443,-1, 321,4425,198,-1, 4447,42,4448,-1, 4447,4442,42,-1, 198,4424,4449,-1, 
          4450,4451,198,-1, 4451,4444,198,-1, 4426,196,4432,-1, 4441,4433,196,-1, 4449,4450,198,-1, 890,4452,889,-1, 
          4453,4454,4390,-1, 3450,4443,3451,-1, 4448,42,4455,-1, 4390,4456,4453,-1, 4457,443,4458,-1, 4459,227,4460,-1, 
          4396,4461,44,-1, 4462,44,4461,-1, 4463,44,4464,-1, 4462,4464,44,-1, 4465,44,4463,-1, 4455,42,4465,-1, 
          4460,227,4466,-1, 4320,4456,4390,-1, 4458,443,4467,-1, 4468,4469,4382,-1, 4406,4382,4469,-1, 44,4465,42,-1, 
          4466,227,4470,-1, 4470,392,4392,-1, 4407,4456,4320,-1, 4407,4320,4303,-1, 4435,227,4471,-1, 4472,4452,4437,-1, 
          4446,4471,227,-1, 335,4473,4474,-1, 4475,227,4459,-1, 392,4470,227,-1, 4475,4445,227,-1, 4468,4476,4469,-1, 
          4453,343,4474,-1, 4477,4478,4468,-1, 443,196,4479,-1, 4355,4399,392,-1, 344,4332,280,-1, 4374,4406,4480,-1, 
          4406,4469,4480,-1, 4476,4480,4469,-1, 4481,452,4482,-1, 4197,4311,4317,-1, 4483,4484,4476,-1, 4307,4218,4309,-1, 
          4382,4477,4468,-1, 4485,4477,4382,-1, 3484,4443,3450,-1, 4308,4486,4307,-1, 4487,452,4488,-1, 4348,4489,196,-1, 
          4311,4197,4310,-1, 4482,452,4490,-1, 4310,4486,4308,-1, 4419,4491,4382,-1, 4485,4382,4492,-1, 4431,4493,4494,-1, 
          4493,4431,4443,-1, 4491,4492,4382,-1, 331,4495,329,-1, 4488,452,4496,-1, 329,4497,332,-1, 3484,4493,4443,-1, 
          428,4309,4218,-1, 4492,4498,4485,-1, 4330,4216,4319,-1, 4499,4358,196,-1, 4500,4478,4501,-1, 4217,4317,4319,-1, 
          4502,4503,4504,-1, 4428,4499,196,-1, 4489,4505,196,-1, 4505,4479,196,-1, 4506,443,4479,-1, 4506,4507,443,-1, 
          4507,4467,443,-1, 4508,443,4457,-1, 4504,4472,4502,-1, 4498,4501,4478,-1, 4509,4494,4493,-1, 4499,4110,4358,-1, 
          4510,4494,4509,-1, 345,4407,344,-1, 4492,4491,4498,-1, 4064,4498,4491,-1, 4333,4227,4334,-1, 4504,4511,4472,-1, 
          4336,4228,4333,-1, 4498,4064,4501,-1, 4511,4512,4452,-1, 4339,4229,4336,-1, 4485,4498,4478,-1, 4341,4233,4340,-1, 
          4472,4511,4452,-1, 4512,889,4452,-1, 900,4512,956,-1, 4513,4510,4509,-1, 889,4512,900,-1, 4514,4515,152,-1, 
          4321,4267,4316,-1, 4476,4468,4483,-1, 4516,4355,4517,-1, 4356,4517,4355,-1, 4493,4518,4509,-1, 4518,4493,3484,-1, 
          4502,4472,4519,-1, 4358,4173,4321,-1, 4472,4437,4519,-1, 4359,4240,4517,-1, 4359,4517,4356,-1, 332,4497,4473,-1, 
          4518,3484,3499,-1, 4518,3499,3396,-1, 4473,335,332,-1, 4264,4348,4266,-1, 335,4474,343,-1, 343,4453,402,-1, 
          4456,402,4453,-1, 4430,4520,4521,-1, 4519,4437,4438,-1, 402,4456,345,-1, 4407,345,4456,-1, 4316,4265,4315,-1, 
          4522,4519,4438,-1, 4332,344,4407,-1, 4520,4430,4422,-1, 4477,4485,4478,-1, 904,4452,890,-1, 4422,4431,4494,-1, 
          4266,4315,4265,-1, 392,4244,4370,-1, 4452,904,4437,-1, 905,4437,904,-1, 4523,42,4524,-1, 4437,905,1084,-1, 
          4265,4316,4267,-1, 4494,4520,4422,-1, 4525,4526,179,-1, 4527,4528,4478,-1, 391,4244,392,-1, 4529,4524,42,-1, 
          4483,4468,4528,-1, 4249,4399,4243,-1, 4355,4516,4399,-1, 4344,4529,42,-1, 4358,4110,4173,-1, 152,314,4514,-1, 
          4528,4468,4478,-1, 4267,4321,4173,-1, 4391,4250,4392,-1, 42,4349,4530,-1, 4499,4111,4110,-1, 4531,4503,4502,-1, 
          4400,4248,4391,-1, 4111,4499,4428,-1, 4532,4521,4533,-1, 4530,4343,42,-1, 4523,4534,42,-1, 4534,4496,42,-1, 
          452,42,4496,-1, 4487,4490,452,-1, 452,4481,4535,-1, 4118,4124,4536,-1, 4537,4536,4124,-1, 4538,4527,4478,-1, 
          4521,4539,4533,-1, 4123,4375,4124,-1, 4537,4124,4375,-1, 4376,4537,4375,-1, 4377,4122,4367,-1, 4121,4367,4122,-1, 
          4527,4540,4528,-1, 4118,4536,4119,-1, 4369,4119,4368,-1, 4368,4119,4536,-1, 4282,4541,4288,-1, 4409,4235,4408,-1, 
          4542,4543,4544,-1, 4120,4366,4121,-1, 4545,4478,4500,-1, 4521,4520,4539,-1, 4411,4256,4412,-1, 4546,4538,4478,-1, 
          4368,4536,4537,-1, 4368,4537,4376,-1, 4494,4510,4520,-1, 4543,4542,4531,-1, 4367,4121,4366,-1, 4327,4540,4328,-1, 
          4547,4478,4545,-1, 4119,4369,4120,-1, 4520,4510,4539,-1, 4440,4262,4436,-1, 4366,4120,4369,-1, 4478,4547,4546,-1, 
          321,322,4377,-1, 4434,4272,4440,-1, 4125,4378,4123,-1, 4375,4123,4378,-1, 4094,4547,4545,-1, 4094,4545,4500,-1, 
          4378,4125,4425,-1, 4133,4425,4125,-1, 4539,4548,4533,-1, 4475,4274,4445,-1, 365,152,4515,-1, 4344,4549,4529,-1, 
          4384,4550,4386,-1, 4445,4275,4446,-1, 4292,4446,4275,-1, 4387,4142,4385,-1, 4288,4549,4287,-1, 4546,4547,4364,-1, 
          4328,4546,4364,-1, 4094,4364,4547,-1, 4515,4551,365,-1, 155,365,4551,-1, 4460,4299,4459,-1, 4459,4299,4284,-1, 
          4552,4386,4550,-1, 4551,4553,155,-1, 401,155,4553,-1, 4459,4284,4475,-1, 4554,4038,4549,-1, 4388,4143,4387,-1, 
          401,4553,4555,-1, 401,4555,163,-1, 4343,4554,4344,-1, 4470,4297,4466,-1, 4394,4170,4388,-1, 163,4555,331,-1, 
          4495,331,4555,-1, 4425,4133,4395,-1, 4549,4344,4554,-1, 4497,329,4495,-1, 4466,4298,4460,-1, 4287,4549,4038,-1, 
          4556,4539,4510,-1, 4557,4324,4558,-1, 4558,4324,4363,-1, 4343,4530,4554,-1, 4386,4552,4398,-1, 4559,4554,4530,-1, 
          4446,4292,4471,-1, 4293,4471,4292,-1, 4513,4556,4510,-1, 4439,4066,4421,-1, 4038,4554,4037,-1, 4550,4140,4141,-1, 
          4509,4560,4513,-1, 4142,4140,4385,-1, 4560,4509,4518,-1, 4550,4385,4140,-1, 4486,4310,4197,-1, 4561,4531,4502,-1, 
          4531,4561,4543,-1, 4518,3396,4560,-1, 4550,4384,4385,-1, 4561,4502,4519,-1, 4142,4387,4143,-1, 4562,4563,4379,-1, 
          4134,4395,4133,-1, 4307,4203,4218,-1, 4513,4564,4556,-1, 4559,4054,4554,-1, 4037,4554,4054,-1, 4143,4388,4170,-1, 
          4519,4522,4561,-1, 4307,4486,4203,-1, 4198,4203,4486,-1, 4501,4069,4500,-1, 4197,4198,4486,-1, 4565,4562,4566,-1, 
          4170,4394,4134,-1, 4395,4134,4394,-1, 4530,4349,4559,-1, 4217,4319,4216,-1, 4560,3628,4513,-1, 4167,4552,4145,-1, 
          4562,4567,4566,-1, 4317,4196,4197,-1, 4564,4513,3628,-1, 4567,4562,4379,-1, 4146,4550,4141,-1, 4350,4559,4349,-1, 
          4196,4317,4217,-1, 3628,4560,3398,-1, 4353,4568,4350,-1, 4559,4350,4568,-1, 4550,4146,4552,-1, 4145,4552,4146,-1, 
          4567,4379,4454,-1, 4364,4094,4095,-1, 4216,4330,4212,-1, 4331,4212,4330,-1, 4454,4379,4351,-1, 3396,3398,4560,-1, 
          4212,4331,4211,-1, 4338,4211,4331,-1, 4354,4568,4353,-1, 4111,4428,4149,-1, 4429,4149,4428,-1, 4363,4364,4095,-1, 
          4095,4080,4363,-1, 4390,4454,4351,-1, 4054,4559,4057,-1, 4334,4221,4338,-1, 4189,4569,4161,-1, 4559,4056,4057,-1, 
          4187,4570,4189,-1, 429,428,4218,-1, 4559,4568,4056,-1, 4569,4189,4570,-1, 4565,4566,4571,-1, 911,4572,912,-1, 
          912,4572,4573,-1, 4291,4056,4568,-1, 4566,4497,4571,-1, 4211,4338,4221,-1, 3628,3627,4564,-1, 4450,4569,4451,-1, 
          4221,4334,4227,-1, 4566,4567,4473,-1, 3646,4564,3627,-1, 4570,4451,4569,-1, 4512,4574,4572,-1, 4227,4333,4228,-1, 
          4135,4291,4568,-1, 4228,4336,4229,-1, 4497,4566,4473,-1, 4575,4160,4569,-1, 4161,4569,4160,-1, 4067,4383,4063,-1, 
          4229,4339,4230,-1, 4340,4230,4339,-1, 4449,4569,4450,-1, 4567,4454,4474,-1, 4365,4063,4383,-1, 4230,4340,4233,-1, 
          4473,4567,4474,-1, 4557,4576,4324,-1, 4360,4062,4365,-1, 4063,4365,4062,-1, 4408,4234,4341,-1, 4233,4341,4234,-1, 
          4474,4454,4453,-1, 4575,4166,4160,-1, 4361,4061,4062,-1, 4361,4062,4360,-1, 4234,4408,4235,-1, 4060,4362,4380,-1, 
          4060,4380,4072,-1, 4577,4533,4548,-1, 4243,4399,4516,-1, 4149,4429,4153,-1, 4426,4177,4427,-1, 4061,4361,4060,-1, 
          4362,4060,4361,-1, 4243,4516,4578,-1, 4243,4578,4242,-1, 4556,4548,4539,-1, 4578,4516,4517,-1, 4427,4153,4429,-1, 
          4578,4517,4241,-1, 4578,4241,4242,-1, 4410,4100,4403,-1, 4240,4359,4244,-1, 4370,4244,4359,-1, 4424,4575,4449,-1, 
          4569,4449,4575,-1, 4421,4066,4419,-1, 4065,4419,4066,-1, 4389,4068,4410,-1, 4100,4410,4068,-1, 4579,4580,4581,-1, 
          4068,4389,4067,-1, 4383,4067,4389,-1, 4419,4065,4491,-1, 4166,4575,4167,-1, 4552,4167,4575,-1, 4423,4575,4424,-1, 
          4372,468,4420,-1, 4241,4517,4240,-1, 4552,4575,4423,-1, 4398,4552,4423,-1, 302,301,4380,-1, 4072,4380,301,-1, 
          4122,4377,322,-1, 4094,4500,4069,-1, 4580,4577,4581,-1, 4432,4178,4426,-1, 4177,4426,4178,-1, 4396,4107,4461,-1, 
          4101,4397,4090,-1, 4577,4548,3874,-1, 4153,4427,4177,-1, 4107,4396,4101,-1, 4397,4101,4396,-1, 4491,4065,4064,-1, 
          4178,4432,4179,-1, 4433,4179,4432,-1, 4415,4083,4416,-1, 4581,4577,3874,-1, 4392,4251,4470,-1, 4179,4433,4190,-1, 
          4414,4096,4415,-1, 4083,4415,4096,-1, 4251,4392,4250,-1, 4441,4190,4433,-1, 4097,4413,4098,-1, 4402,4098,4413,-1, 
          4250,4391,4248,-1, 4501,4064,4069,-1, 4548,4582,3874,-1, 4444,4188,4441,-1, 4190,4441,4188,-1, 4403,4099,4402,-1, 
          4098,4402,4099,-1, 4451,4570,4444,-1, 4187,4188,4570,-1, 4100,4099,4403,-1, 4444,4570,4188,-1, 4248,4400,4249,-1, 
          4399,4249,4400,-1, 4405,4087,4404,-1, 4090,4404,4087,-1, 4194,4583,4193,-1, 4418,4261,4411,-1, 4256,4411,4261,-1, 
          4582,4548,4556,-1, 4087,4405,4084,-1, 4416,4084,4405,-1, 4584,4565,4571,-1, 4261,4418,4260,-1, 4507,4192,4583,-1, 
          4558,4363,4080,-1, 4083,4084,4416,-1, 4404,4090,4397,-1, 4583,4194,4458,-1, 4467,4583,4458,-1, 4412,4255,4409,-1, 
          4255,4235,4409,-1, 4585,4584,4571,-1, 4558,4080,4557,-1, 4413,4097,4414,-1, 4096,4414,4097,-1, 4255,4412,4256,-1, 
          4195,4458,4194,-1, 4152,4586,4151,-1, 3905,4169,4579,-1, 4199,4508,4200,-1, 4457,4200,4508,-1, 4417,4260,4418,-1, 
          4587,4464,4462,-1, 4081,4576,4080,-1, 4557,4080,4576,-1, 4579,4581,3910,-1, 4260,4417,4259,-1, 4259,4417,4436,-1, 
          4588,4553,4589,-1, 4511,4590,4574,-1, 4458,4195,4457,-1, 4200,4457,4195,-1, 4259,4436,4262,-1, 4589,4553,4551,-1, 
          3910,3905,4579,-1, 4193,4583,4192,-1, 3873,4581,3874,-1, 4262,4440,4272,-1, 4588,4555,4553,-1, 4507,4583,4467,-1, 
          4591,4585,4588,-1, 4272,4434,4271,-1, 4435,4271,4434,-1, 3910,4581,3873,-1, 4585,4591,4584,-1, 4587,4463,4464,-1, 
          4115,4592,4081,-1, 4435,4471,4293,-1, 4479,4209,4506,-1, 4210,4506,4209,-1, 4192,4507,4210,-1, 4506,4210,4507,-1, 
          4576,4081,4592,-1, 4435,4293,4271,-1, 4107,4155,4593,-1, 4278,4209,4479,-1, 4555,4588,4585,-1, 4275,4445,4274,-1, 
          4594,4593,4155,-1, 4595,4461,4593,-1, 4278,4479,4505,-1, 4489,4263,4505,-1, 4107,4593,4461,-1, 4495,4585,4571,-1, 
          4596,4597,945,-1, 4598,4599,4600,-1, 3874,4582,3875,-1, 4274,4475,4284,-1, 4495,4555,4585,-1, 4298,4466,4297,-1, 
          4495,4571,4497,-1, 3646,3875,4582,-1, 4299,4460,4298,-1, 4564,4582,4556,-1, 4129,4601,4130,-1, 4324,4602,4325,-1, 
          4251,4297,4470,-1, 4582,4564,3646,-1, 4603,4138,4136,-1, 172,356,4604,-1, 4601,4138,4603,-1, 4278,4505,4263,-1, 
          4129,4138,4601,-1, 179,172,4525,-1, 4604,4525,172,-1, 4603,4447,4601,-1, 4601,4447,4448,-1, 316,179,4526,-1, 
          941,4605,4606,-1, 3163,4607,2760,-1, 4608,4130,4601,-1, 314,316,4609,-1, 4526,4609,316,-1, 941,1447,4605,-1, 
          4610,425,4611,-1, 4612,425,4613,-1, 4610,4613,425,-1, 3163,4614,4607,-1, 4602,4615,4325,-1, 4616,4611,425,-1, 
          4608,4601,4455,-1, 4465,4608,4455,-1, 4617,4616,425,-1, 4612,4618,425,-1, 4601,4448,4455,-1, 4614,3163,3169,-1, 
          4605,4597,4590,-1, 4619,425,4618,-1, 4263,4489,4264,-1, 3169,3156,4620,-1, 4621,425,4619,-1, 4622,4605,4590,-1, 
          4568,4354,4603,-1, 4442,4603,4354,-1, 4623,425,4621,-1, 4447,4603,4442,-1, 4624,234,4625,-1, 4625,234,4623,-1, 
          4590,4597,4574,-1, 1447,945,4597,-1, 4568,4603,4135,-1, 4348,4264,4489,-1, 4538,4540,4527,-1, 4136,4135,4603,-1, 
          4574,4597,4596,-1, 4609,4626,4514,-1, 4627,234,4628,-1, 4628,234,4629,-1, 4151,4586,4155,-1, 4480,4630,4374,-1, 
          4594,4155,4586,-1, 4315,4266,4348,-1, 3156,3180,4620,-1, 4574,4596,4572,-1, 4508,4199,443,-1, 444,443,4199,-1, 
          945,946,4596,-1, 4462,4461,4587,-1, 4595,4587,4461,-1, 2742,2760,3977,-1, 4480,4476,4484,-1, 2742,3977,2803,-1, 
          4596,4573,4572,-1, 4546,4328,4540,-1, 3977,2760,4607,-1, 314,4609,4514,-1, 1446,912,4573,-1, 4602,4324,4631,-1, 
          4608,4144,4130,-1, 4632,4631,4324,-1, 4593,4594,4608,-1, 4594,4586,4608,-1, 4586,4152,4608,-1, 4144,4608,4152,-1, 
          4595,4608,4587,-1, 4593,4608,4595,-1, 4463,4587,4608,-1, 4633,4607,4614,-1, 4463,4608,4465,-1, 4597,4605,1447,-1, 
          4175,4634,4635,-1, 4175,4635,4172,-1, 4599,4632,4600,-1, 4183,4636,4637,-1, 3169,4620,4614,-1, 946,1446,4573,-1, 
          4638,4171,4635,-1, 4635,4171,4172,-1, 4638,4636,4171,-1, 4430,4639,4620,-1, 4324,4600,4632,-1, 953,4640,954,-1, 
          4641,393,4642,-1, 4642,393,4643,-1, 4644,4645,4626,-1, 4373,4630,4371,-1, 4646,4637,4636,-1, 4636,4647,4646,-1, 
          4430,4620,3180,-1, 4648,4626,4645,-1, 4483,4528,4484,-1, 4649,1454,1450,-1, 4650,4638,4634,-1, 191,4651,4604,-1, 
          369,4651,191,-1, 4607,4652,3977,-1, 191,4604,356,-1, 4183,4171,4636,-1, 3977,4652,3976,-1, 4651,4525,4604,-1, 
          4652,4607,4633,-1, 4653,4654,4655,-1, 4656,4657,393,-1, 4373,4374,4630,-1, 4655,4654,4651,-1, 4636,4638,4658,-1, 
          4651,4654,4525,-1, 4659,468,4630,-1, 4654,4644,4526,-1, 4660,393,4657,-1, 4650,4535,4638,-1, 4481,4638,4535,-1, 
          4526,4525,4654,-1, 4661,393,4662,-1, 4644,4626,4609,-1, 4635,4634,4638,-1, 4526,4644,4609,-1, 4614,4639,4633,-1, 
          4086,4071,4091,-1, 3908,3909,4540,-1, 4656,393,4661,-1, 4643,393,4660,-1, 4639,4614,4620,-1, 4074,3805,4663,-1, 
          4664,4665,203,-1, 4091,4074,4663,-1, 4666,4540,4667,-1, 4175,453,4634,-1, 4573,4596,946,-1, 4633,4639,4532,-1, 
          4540,3909,4667,-1, 4668,4638,4481,-1, 4668,4481,4482,-1, 3871,4667,3909,-1, 4668,4658,4638,-1, 4669,234,4670,-1, 
          954,4671,955,-1, 453,452,4634,-1, 3866,4659,3861,-1, 4086,4091,4648,-1, 4672,4648,4091,-1, 4650,4634,452,-1, 
          4182,4183,4637,-1, 1453,4673,953,-1, 4640,953,4673,-1, 3976,4021,3978,-1, 4674,234,4669,-1, 4674,4675,234,-1, 
          4676,4670,234,-1, 4480,3860,3861,-1, 4676,234,4627,-1, 4624,4629,234,-1, 4637,4677,4205,-1, 4637,4205,4182,-1, 
          3978,4021,4010,-1, 4091,4663,4678,-1, 3976,4679,4021,-1, 4663,4680,4681,-1, 4682,203,4683,-1, 4652,4679,3976,-1, 
          3871,3860,4667,-1, 4667,3860,4480,-1, 4652,4633,4684,-1, 4678,4663,4681,-1, 4652,4684,4679,-1, 4658,4647,4636,-1, 
          203,4682,4685,-1, 4686,233,4687,-1, 1454,4688,1453,-1, 4591,4681,4680,-1, 4646,4677,4637,-1, 4689,233,4686,-1, 
          4666,4484,4540,-1, 4633,4532,4684,-1, 4690,233,4691,-1, 234,4675,4692,-1, 4484,4528,4540,-1, 4693,203,4694,-1, 
          4648,4695,4626,-1, 4521,4639,4430,-1, 4692,4696,234,-1, 1451,4697,1450,-1, 4672,4091,4678,-1, 4687,233,4690,-1, 
          4648,4672,4695,-1, 4691,233,4696,-1, 4639,4521,4532,-1, 4480,3861,4659,-1, 4698,4672,4678,-1, 4658,4668,4647,-1, 
          4647,4668,4490,-1, 4695,4672,4698,-1, 4482,4490,4668,-1, 4678,4681,4589,-1, 4646,4647,4677,-1, 4647,4490,4677,-1, 
          4487,4677,4490,-1, 4679,4016,4021,-1, 4304,4016,4679,-1, 4665,4683,203,-1, 4662,233,4699,-1, 4700,233,4689,-1, 
          4681,4588,4589,-1, 4630,4480,4659,-1, 4488,4677,4487,-1, 4701,327,4702,-1, 4588,4681,4591,-1, 4699,233,4703,-1, 
          4372,4371,468,-1, 4626,4695,4514,-1, 4704,4702,327,-1, 4695,4515,4514,-1, 4705,233,4706,-1, 4706,233,4700,-1, 
          327,4707,4708,-1, 4709,233,4705,-1, 4533,4710,4532,-1, 4707,327,4711,-1, 4709,4703,233,-1, 234,4696,233,-1, 
          233,4662,393,-1, 4695,4698,4515,-1, 4712,201,4713,-1, 4714,201,4715,-1, 4551,4515,4698,-1, 4716,201,4712,-1, 
          425,4623,234,-1, 4296,4205,4677,-1, 4589,4698,4678,-1, 1452,4717,1451,-1, 4484,4666,4480,-1, 4667,4480,4666,-1, 
          327,201,4718,-1, 4719,4679,4684,-1, 4551,4698,4589,-1, 4679,4719,4304,-1, 4720,424,4721,-1, 4721,424,4722,-1, 
          3805,4680,4663,-1, 4723,4715,201,-1, 4714,4713,201,-1, 201,4716,4724,-1, 4725,4726,1449,-1, 3803,4680,3805,-1, 
          4659,3866,468,-1, 4722,424,4727,-1, 4728,4727,424,-1, 4729,4725,934,-1, 4680,3803,3813,-1, 4730,4729,935,-1, 
          4731,424,4720,-1, 4540,3965,3908,-1, 4732,3965,4540,-1, 935,940,4730,-1, 4606,4730,940,-1, 4710,4684,4532,-1, 
          4733,4732,4540,-1, 4734,4728,424,-1, 4719,4684,4710,-1, 940,941,4606,-1, 3813,3801,3814,-1, 424,4735,4734,-1, 
          3777,4736,3814,-1, 4737,203,4685,-1, 4719,4710,4580,-1, 4496,4738,4488,-1, 4615,3881,4732,-1, 3965,4732,3881,-1, 
          4736,3777,3768,-1, 4739,4735,424,-1, 4615,4732,4733,-1, 4533,4577,4710,-1, 3768,3677,4563,-1, 4740,424,4741,-1, 
          4739,424,4740,-1, 424,232,4741,-1, 4327,4326,4540,-1, 4733,4540,4326,-1, 1448,1449,4726,-1, 4677,4738,4296,-1, 
          4742,4741,232,-1, 4743,201,4744,-1, 1449,934,4725,-1, 4745,4742,232,-1, 4563,3677,4342,-1, 3880,3881,4615,-1, 
          934,935,4729,-1, 4746,4745,232,-1, 4677,4488,4738,-1, 4747,4746,232,-1, 4680,3813,4591,-1, 4168,4304,4748,-1, 
          4749,4723,201,-1, 4748,4304,4719,-1, 4750,4747,232,-1, 3814,4584,3813,-1, 4724,4751,201,-1, 4751,4718,201,-1, 
          4718,4711,327,-1, 4708,4704,327,-1, 327,4701,4752,-1, 4591,3813,4584,-1, 4753,394,4754,-1, 4755,4717,4726,-1, 
          4737,4756,203,-1, 4757,203,4756,-1, 3814,4565,4584,-1, 4580,4748,4719,-1, 4758,4754,394,-1, 4726,4725,4759,-1, 
          4738,4496,4534,-1, 4760,4761,203,-1, 4538,4546,4540,-1, 4758,394,4762,-1, 4763,394,4764,-1, 4577,4580,4710,-1, 
          4761,4765,203,-1, 4755,4726,4759,-1, 4168,4748,4169,-1, 201,203,4765,-1, 3814,4736,4565,-1, 4766,4764,394,-1, 
          4767,4725,4729,-1, 4748,4580,4579,-1, 4759,4725,4767,-1, 4615,4733,4325,-1, 4631,4615,4602,-1, 4562,4565,4736,-1, 
          4277,4296,4738,-1, 4768,201,4769,-1, 4326,4325,4733,-1, 4736,3768,4563,-1, 4579,4169,4748,-1, 4768,4744,201,-1, 
          4730,4770,4729,-1, 4736,4563,4562,-1, 4771,4749,201,-1, 231,394,4772,-1, 4632,4615,4631,-1, 4757,4760,203,-1, 
          201,4765,4773,-1, 4773,4769,201,-1, 4743,4771,201,-1, 4342,4379,4563,-1, 4763,4762,394,-1, 4774,4775,394,-1, 
          4775,4776,394,-1, 4776,4777,394,-1, 4777,4772,394,-1, 4730,4778,4770,-1, 4606,4778,4730,-1, 4779,232,4780,-1, 
          4027,4033,4781,-1, 4622,4778,4606,-1, 4606,4605,4622,-1, 4782,232,4783,-1, 2016,1832,4784,-1, 4027,4785,395,-1, 
          232,4786,4780,-1, 4779,4750,232,-1, 395,4785,390,-1, 4785,4027,4781,-1, 4787,4783,232,-1, 4786,232,4782,-1, 
          4655,385,4785,-1, 390,4785,385,-1, 4277,4738,4276,-1, 4785,4653,4655,-1, 4541,4282,4276,-1, 4788,442,4789,-1, 
          4785,4781,4653,-1, 4276,4738,4541,-1, 4599,4790,4632,-1, 4791,231,4792,-1, 4523,4541,4534,-1, 4738,4534,4541,-1, 
          4781,4645,4653,-1, 4524,4541,4523,-1, 232,231,4793,-1, 4787,232,4793,-1, 4549,4541,4524,-1, 385,4655,379,-1, 
          4794,231,4795,-1, 4796,4793,231,-1, 4729,4770,4767,-1, 4797,442,4798,-1, 4651,240,4655,-1, 379,4655,240,-1, 
          4549,4288,4541,-1, 2016,4784,4799,-1, 369,240,4651,-1, 4800,4798,442,-1, 4801,4802,442,-1, 4797,4801,442,-1, 
          4524,4529,4549,-1, 4803,231,4804,-1, 4805,231,4803,-1, 4804,231,4772,-1, 4806,4792,231,-1, 1832,4807,4784,-1, 
          4753,4774,394,-1, 231,4805,4808,-1, 231,4808,4809,-1, 4809,4806,231,-1, 4791,4795,231,-1, 4644,4654,4653,-1, 
          4535,4650,452,-1, 4653,4645,4644,-1, 4794,4796,231,-1, 4807,1832,1819,-1, 4079,4781,4033,-1, 4086,4079,4077,-1, 
          1819,1048,4807,-1, 1047,4807,1048,-1, 4728,4734,4613,-1, 4767,4810,4759,-1, 4612,4613,4734,-1, 4617,4811,4616,-1, 
          4721,4616,4811,-1, 4721,4811,4720,-1, 4781,4079,4645,-1, 4812,4799,4784,-1, 4810,4813,4759,-1, 4079,4086,4648,-1, 
          4576,4600,4324,-1, 4576,4592,4600,-1, 4722,4611,4721,-1, 4616,4721,4611,-1, 4645,4079,4648,-1, 4814,4799,4812,-1, 
          4722,4610,4611,-1, 4815,4784,4807,-1, 4630,468,4371,-1, 4812,4784,4815,-1, 4807,1047,1129,-1, 4727,4610,4722,-1, 
          4728,4613,4727,-1, 4610,4727,4613,-1, 4811,4731,4720,-1, 4420,468,4439,-1, 970,52,169,-1, 4617,424,4811,-1, 
          4731,4811,424,-1, 4612,4734,4618,-1, 4735,4618,4734,-1, 4807,1129,4815,-1, 1128,4815,1129,-1, 4617,425,424,-1, 
          4622,4503,4778,-1, 4739,4619,4735,-1, 4618,4735,4619,-1, 4740,4621,4739,-1, 4739,4621,4619,-1, 4741,4623,4740,-1, 
          4621,4740,4623,-1, 4693,4664,203,-1, 4816,4694,203,-1, 4623,4741,4625,-1, 4742,4625,4741,-1, 4503,4622,4504,-1, 
          4622,4590,4504,-1, 4742,4624,4625,-1, 4629,4746,4628,-1, 4747,4628,4746,-1, 4817,4789,442,-1, 4788,4800,442,-1, 
          4816,203,4818,-1, 4818,203,4802,-1, 442,4802,203,-1, 4814,4819,4820,-1, 4745,4624,4742,-1, 4511,4504,4590,-1, 
          4624,4745,4629,-1, 4746,4629,4745,-1, 4592,4821,4600,-1, 4627,4628,4750,-1, 4750,4628,4747,-1, 4822,4598,4600,-1, 
          4823,4812,4815,-1, 970,976,52,-1, 4823,4824,4812,-1, 4643,4660,4825,-1, 4815,1128,1124,-1, 4512,4511,4574,-1, 
          956,4572,911,-1, 4600,4821,4822,-1, 977,52,976,-1, 4572,956,4512,-1, 4643,4825,4642,-1, 4826,4827,4825,-1, 
          4592,4115,4821,-1, 4814,4812,4824,-1, 4814,4824,4819,-1, 4822,4821,4115,-1, 977,981,52,-1, 4815,1124,4823,-1, 
          4828,4829,4830,-1, 4831,4825,4753,-1, 4754,4831,4753,-1, 4790,4115,4116,-1, 4820,4819,4829,-1, 4148,4832,4116,-1, 
          4758,4833,4831,-1, 4831,4833,4825,-1, 982,52,981,-1, 4673,1453,4688,-1, 4758,4831,4754,-1, 4649,4688,1454,-1, 
          4649,1450,4697,-1, 4834,4824,4823,-1, 4832,4835,3968,-1, 4642,4825,4827,-1, 1125,4823,1124,-1, 4642,4827,4641,-1, 
          4836,1909,1906,-1, 3959,3880,4615,-1, 1915,4836,1906,-1, 985,52,982,-1, 4799,4837,1915,-1, 2016,4799,1915,-1, 
          4826,4825,4833,-1, 4762,4833,4758,-1, 1081,1082,305,-1, 4836,4838,1909,-1, 1915,4837,4836,-1, 1077,1081,305,-1, 
          1083,305,1082,-1, 4827,394,4641,-1, 4839,496,955,-1, 1077,305,1073,-1, 4839,955,4671,-1, 954,4640,4671,-1, 
          4766,4826,4833,-1, 4766,4833,4764,-1, 4840,200,4841,-1, 4842,4838,4836,-1, 4615,4632,4790,-1, 4833,4763,4764,-1, 
          1074,305,1095,-1, 1073,305,1074,-1, 4836,4837,4820,-1, 4826,394,4827,-1, 4814,4820,4837,-1, 4763,4833,4762,-1, 
          4599,4598,4790,-1, 4115,4790,4822,-1, 1094,1095,305,-1, 4799,4814,4837,-1, 394,4826,4766,-1, 4843,141,4839,-1, 
          496,4839,141,-1, 4842,4836,4820,-1, 4829,4842,4820,-1, 3959,4615,4790,-1, 393,4641,394,-1, 4819,4824,4844,-1, 
          1103,50,1102,-1, 4703,4845,4699,-1, 4819,4844,4846,-1, 4699,4847,4662,-1, 4661,4848,4656,-1, 4839,4671,4849,-1, 
          4844,4824,4834,-1, 4790,3940,3959,-1, 4823,1134,4834,-1, 1155,4834,1134,-1, 4671,4640,4850,-1, 1134,4823,1125,-1, 
          4662,4847,4661,-1, 4848,4661,4847,-1, 4851,4657,4848,-1, 4656,4848,4657,-1, 4598,4822,4790,-1, 4657,4851,4660,-1, 
          4849,4671,4850,-1, 4851,4825,4660,-1, 4846,4852,4853,-1, 4753,4851,4774,-1, 4852,4846,4844,-1, 326,4854,4855,-1, 
          4825,4851,4753,-1, 4772,4847,4804,-1, 4856,326,4855,-1, 4844,4834,4857,-1, 3941,3940,4790,-1, 305,50,1094,-1, 
          326,4856,4858,-1, 326,4858,4859,-1, 4688,4860,4673,-1, 4848,4847,4777,-1, 4848,4777,4776,-1, 50,1106,1107,-1, 
          1107,1108,50,-1, 1091,1092,50,-1, 1092,1094,50,-1, 1108,1091,50,-1, 1111,50,1103,-1, 4777,4847,4772,-1, 
          1110,50,1111,-1, 50,1110,1105,-1, 50,1105,1106,-1, 4775,4848,4776,-1, 4861,326,4862,-1, 4851,4848,4775,-1, 
          4851,4775,4774,-1, 1118,50,1119,-1, 4750,4863,4627,-1, 326,4864,202,-1, 326,4861,4864,-1, 1448,4726,1452,-1, 
          4863,4865,4670,-1, 4863,4670,4676,-1, 52,1069,1175,-1, 4863,4780,4865,-1, 4786,4865,4780,-1, 4863,4750,4779,-1, 
          4866,202,4867,-1, 4780,4863,4779,-1, 3968,3969,4832,-1, 3941,4832,3969,-1, 1175,1176,52,-1, 985,1069,52,-1, 
          4868,202,4869,-1, 4832,3941,4790,-1, 4783,4870,4782,-1, 202,4871,4872,-1, 4869,202,4872,-1, 4857,4852,4844,-1, 
          4782,4865,4786,-1, 4873,4874,202,-1, 4871,202,4874,-1, 4834,1156,4857,-1, 1167,4857,1156,-1, 4688,4875,4860,-1, 
          1156,4834,1155,-1, 4439,468,4066,-1, 4875,4688,4649,-1, 52,1176,1178,-1, 52,1178,1183,-1, 4873,202,4866,-1, 
          4627,4863,4676,-1, 4876,4877,1236,-1, 4790,4116,4832,-1, 4853,1235,4877,-1, 4674,4870,4675,-1, 4878,202,4868,-1, 
          4865,4669,4670,-1, 1164,50,1118,-1, 1102,50,1164,-1, 1120,1119,50,-1, 1184,1120,50,-1, 4674,4865,4870,-1, 
          4669,4865,4674,-1, 4879,200,4880,-1, 4865,4782,4870,-1, 4881,200,4882,-1, 4697,1451,4717,-1, 1183,1185,52,-1, 
          1185,1184,52,-1, 50,52,1184,-1, 4675,4870,4692,-1, 4186,4832,4148,-1, 4787,4870,4783,-1, 4755,4883,4717,-1, 
          4842,4829,4828,-1, 4726,4717,1452,-1, 4791,4884,4795,-1, 4885,4649,4697,-1, 4886,4828,4887,-1, 4649,4885,4875,-1, 
          4794,4888,4796,-1, 4887,4889,4886,-1, 4795,4888,4794,-1, 4828,4830,4887,-1, 4890,4891,202,-1, 4892,202,4891,-1, 
          4792,4884,4791,-1, 4697,4883,4885,-1, 4878,4890,202,-1, 4883,4697,4717,-1, 4893,4884,4792,-1, 4893,4792,4806,-1, 
          4894,4854,326,-1, 326,4859,4862,-1, 4867,202,4864,-1, 4829,4846,4830,-1, 4819,4846,4829,-1, 4185,4835,4186,-1, 
          4888,4690,4691,-1, 4895,4696,4692,-1, 4696,4895,4691,-1, 200,4896,4897,-1, 4897,4882,200,-1, 4835,3981,3982,-1, 
          4884,4687,4888,-1, 4690,4888,4687,-1, 4849,4843,4839,-1, 4884,4686,4687,-1, 4889,4898,4899,-1, 4900,3981,4835,-1, 
          4889,4876,4898,-1, 4895,4692,4870,-1, 4673,4901,4640,-1, 3982,3968,4835,-1, 4892,4902,202,-1, 4903,202,4902,-1, 
          4904,4905,202,-1, 4640,4901,4850,-1, 4793,4895,4787,-1, 4870,4787,4895,-1, 4889,4887,4876,-1, 141,4843,1058,-1, 
          4906,4904,202,-1, 4907,200,4905,-1, 200,202,4905,-1, 4896,200,4907,-1, 4881,4880,200,-1, 4903,4906,202,-1, 
          4830,4877,4887,-1, 4793,4796,4895,-1, 1058,4843,1057,-1, 4888,4691,4895,-1, 4876,4887,4877,-1, 4853,4830,4846,-1, 
          4877,4830,4853,-1, 4888,4895,4796,-1, 4884,4888,4795,-1, 4832,4186,4835,-1, 4184,4835,4185,-1, 4852,1238,4853,-1, 
          4860,4901,4673,-1, 4845,4709,4908,-1, 4860,4909,4901,-1, 4709,4845,4703,-1, 1237,4857,1167,-1, 1057,4843,4910,-1, 
          4847,4699,4845,-1, 4911,441,4912,-1, 4912,441,4913,-1, 4849,4914,4843,-1, 4884,4893,4689,-1, 4686,4884,4689,-1, 
          4914,4910,4843,-1, 4915,441,4916,-1, 4917,441,4915,-1, 4918,441,4911,-1, 4917,4913,441,-1, 4689,4893,4700,-1, 
          4850,4919,4849,-1, 4835,4184,4900,-1, 4908,4805,4845,-1, 4805,4908,4808,-1, 4847,4845,4804,-1, 4919,4850,4920,-1, 
          4901,4920,4850,-1, 4803,4845,4805,-1, 3981,4900,3980,-1, 4804,4845,4803,-1, 4901,4909,4920,-1, 4809,4893,4806,-1, 
          200,4921,4922,-1, 4908,4706,4893,-1, 4700,4893,4706,-1, 4908,4705,4706,-1, 4921,200,4923,-1, 4705,4908,4709,-1, 
          4885,4924,4875,-1, 4893,4809,4908,-1, 4808,4908,4809,-1, 3980,4900,3987,-1, 4925,423,4926,-1, 4927,4923,200,-1, 
          1238,4852,1237,-1, 4928,4929,836,-1, 4204,4900,4184,-1, 4849,4919,4914,-1, 1057,4910,1063,-1, 4927,200,4930,-1, 
          4931,145,4910,-1, 1063,4910,145,-1, 4929,4932,1230,-1, 4840,4930,200,-1, 145,4931,263,-1, 3986,4933,3988,-1, 
          4910,4934,4931,-1, 4879,4841,200,-1, 4935,423,4936,-1, 4935,4937,423,-1, 4937,4926,423,-1, 3988,4938,3990,-1, 
          4922,4916,200,-1, 441,200,4916,-1, 4910,4914,4934,-1, 4939,4936,423,-1, 4914,4919,4940,-1, 4208,4900,4204,-1, 
          4941,423,4942,-1, 4934,4914,4940,-1, 4933,3987,4900,-1, 3987,4933,3986,-1, 4685,4682,4943,-1, 806,4944,800,-1, 
          4942,423,4925,-1, 4938,3988,4933,-1, 4945,423,4946,-1, 800,4947,1483,-1, 4943,4880,4685,-1, 4207,4933,4208,-1, 
          4900,4208,4933,-1, 4948,238,4949,-1, 263,4931,1072,-1, 4931,4934,4950,-1, 4941,4946,423,-1, 4949,238,4945,-1, 
          4933,4207,4215,-1, 4951,4931,4950,-1, 1235,4853,1238,-1, 4214,4938,4215,-1, 4857,1237,4852,-1, 4694,4952,4693,-1, 
          4938,4933,4215,-1, 4053,4286,4055,-1, 4231,4055,4286,-1, 4953,238,4954,-1, 4940,4955,4956,-1, 4232,4005,4231,-1, 
          4055,4231,4005,-1, 1072,4951,275,-1, 4931,4951,1072,-1, 4220,4957,4219,-1, 3996,4219,4957,-1, 3996,4957,3997,-1, 
          4220,4225,4957,-1, 4224,3998,4225,-1, 4219,3996,4226,-1, 333,1080,513,-1, 4958,398,4959,-1, 4960,398,4961,-1, 
          4962,4963,398,-1, 4957,4225,3998,-1, 3997,4957,3998,-1, 513,1080,4951,-1, 275,4951,1080,-1, 4964,4965,1482,-1, 
          1239,1482,4965,-1, 3999,4223,4222,-1, 3999,4222,4000,-1, 4965,4966,1239,-1, 812,1239,4966,-1, 4951,4950,517,-1, 
          812,4966,806,-1, 4944,806,4966,-1, 4967,4961,398,-1, 513,4951,517,-1, 4947,800,4944,-1, 4930,4952,4927,-1, 
          4958,4967,398,-1, 517,4950,993,-1, 1483,4947,4898,-1, 284,283,4222,-1, 4876,1484,4898,-1, 1483,4898,1484,-1, 
          4959,398,4963,-1, 1484,4876,1236,-1, 4223,3999,4224,-1, 3998,4224,3999,-1, 398,237,4968,-1, 1236,4877,1235,-1, 
          4969,398,4970,-1, 4968,4970,398,-1, 4664,4693,4952,-1, 4503,4971,4778,-1, 1230,836,4929,-1, 4972,398,4969,-1, 
          4005,4232,4004,-1, 4237,4004,4232,-1, 4952,4973,4664,-1, 4974,4962,398,-1, 4974,398,4972,-1, 4840,4973,4930,-1, 
          4236,4006,4237,-1, 4004,4237,4006,-1, 4975,1234,1231,-1, 4976,4767,4770,-1, 4975,4977,1234,-1, 4971,4976,4770,-1, 
          4002,4226,3996,-1, 4952,4930,4973,-1, 4978,238,4953,-1, 4976,4542,4979,-1, 4226,4002,4236,-1, 4006,4236,4002,-1, 
          4971,4770,4778,-1, 4954,238,4948,-1, 4000,4222,283,-1, 4971,4542,4976,-1, 4980,238,4981,-1, 4971,4503,4531,-1, 
          4542,4971,4531,-1, 4664,4973,4665,-1, 4982,4983,4984,-1, 4985,4986,238,-1, 4943,4683,4973,-1, 987,1230,4932,-1, 
          4987,238,4978,-1, 4987,4981,238,-1, 4988,4989,238,-1, 4980,4988,238,-1, 423,4945,238,-1, 4290,4013,4257,-1, 
          1231,987,4990,-1, 4932,4990,987,-1, 4989,4985,238,-1, 1231,4990,4975,-1, 874,1234,4977,-1, 4973,4840,4841,-1, 
          237,238,4986,-1, 874,4977,4964,-1, 4964,1482,874,-1, 4976,4810,4767,-1, 4879,4943,4841,-1, 47,237,45,-1, 
          4991,237,4986,-1, 4258,4022,4270,-1, 4973,4841,4943,-1, 4992,4982,4993,-1, 61,45,237,-1, 4992,4755,4813,-1, 
          4257,4035,4258,-1, 4813,4755,4759,-1, 4683,4943,4682,-1, 47,63,237,-1, 4982,4992,4813,-1, 4665,4973,4683,-1, 
          4991,61,237,-1, 4983,4982,4813,-1, 82,4994,237,-1, 4994,4995,237,-1, 4995,4968,237,-1, 4810,4983,4813,-1, 
          63,83,237,-1, 4022,4025,4270,-1, 4880,4943,4879,-1, 84,237,83,-1, 4810,4979,4983,-1, 4810,4976,4979,-1, 
          84,81,237,-1, 81,82,237,-1, 4923,4927,4952,-1, 4996,4964,4997,-1, 4977,4997,4964,-1, 4022,4258,4035,-1, 
          4996,4965,4964,-1, 4858,4998,4859,-1, 4993,4982,4999,-1, 4993,4999,5000,-1, 4965,4996,5001,-1, 4270,4025,5002,-1, 
          4984,4999,4982,-1, 5003,422,5004,-1, 4279,5005,4280,-1, 5001,5006,4966,-1, 4983,4979,5007,-1, 4965,5001,4966,-1, 
          4983,5007,4984,-1, 5005,4030,4029,-1, 5006,4944,4966,-1, 4544,4979,4542,-1, 4894,5008,4854,-1, 4213,4938,4214,-1, 
          5007,4979,4544,-1, 5009,422,5010,-1, 4938,4213,5005,-1, 4280,5005,4213,-1, 5011,4944,5006,-1, 795,5000,4999,-1, 
          4899,4947,5011,-1, 4707,5012,4708,-1, 4998,4708,5012,-1, 5011,4947,4944,-1, 5013,4752,5014,-1, 4701,5014,4752,-1, 
          4947,4899,4898,-1, 4984,5015,819,-1, 5016,5017,422,-1, 5009,5016,422,-1, 5015,4984,5007,-1, 4708,4998,4704,-1, 
          791,5000,795,-1, 5018,4704,4998,-1, 4269,5002,4279,-1, 4999,4984,819,-1, 4702,5014,4701,-1, 819,795,4999,-1, 
          5003,5010,422,-1, 5002,4269,4270,-1, 5019,5004,422,-1, 4030,5005,5002,-1, 4704,5018,4702,-1, 4875,5020,4860,-1, 
          4860,5020,4909,-1, 5021,5022,5023,-1, 5012,4859,4998,-1, 4030,5002,4024,-1, 4924,5020,4875,-1, 4024,5002,4025,-1, 
          5024,4998,5025,-1, 4998,4858,5025,-1, 4856,5025,4858,-1, 602,5026,603,-1, 4885,4883,5027,-1, 5005,4279,5002,-1, 
          4992,5027,4883,-1, 4028,5005,4029,-1, 4883,4755,4992,-1, 4938,5005,4028,-1, 4938,4028,3990,-1, 4286,4053,4285,-1, 
          5028,5022,5021,-1, 5029,5028,5030,-1, 4909,5020,5031,-1, 4856,4855,5025,-1, 5032,5025,4855,-1, 5019,422,5033,-1, 
          5034,5033,422,-1, 5035,5034,422,-1, 5025,5032,5024,-1, 5014,5036,5013,-1, 5037,5035,422,-1, 4039,5038,4045,-1, 
          4306,4305,5038,-1, 4035,4257,4013,-1, 4885,5027,4924,-1, 5021,5039,5040,-1, 5037,422,236,-1, 5018,4998,5024,-1, 
          4013,4290,4012,-1, 5041,4924,5027,-1, 5027,4992,4993,-1, 4300,4012,4290,-1, 5027,4993,5041,-1, 4702,5032,5014,-1, 
          5036,5014,5032,-1, 4909,5031,5042,-1, 5036,5008,327,-1, 5037,236,5043,-1, 5043,236,5044,-1, 5038,4301,4306,-1, 
          5042,5031,5045,-1, 5008,4894,326,-1, 536,4928,1476,-1, 5008,5036,5032,-1, 5046,5020,4924,-1, 5031,5020,5046,-1, 
          4855,4854,5032,-1, 5046,4924,5041,-1, 4928,536,5047,-1, 567,5047,536,-1, 5032,4854,5008,-1, 5048,397,5049,-1, 
          5049,397,5050,-1, 5047,5051,4929,-1, 5052,397,5053,-1, 4047,4314,4046,-1, 4313,4046,4314,-1, 4929,4928,5047,-1, 
          5032,4702,5018,-1, 5054,397,5052,-1, 5055,5053,397,-1, 4045,5038,4305,-1, 5051,4932,4929,-1, 4301,4034,4300,-1, 
          5041,4993,5000,-1, 5051,5056,4932,-1, 5031,5057,5045,-1, 5032,5018,5024,-1, 5057,5031,5046,-1, 5056,4990,4932,-1, 
          4861,5058,4864,-1, 5056,5059,4990,-1, 5000,5060,5041,-1, 4859,5012,4862,-1, 4045,4305,4047,-1, 4314,4047,4305,-1, 
          845,5061,5045,-1, 5058,4861,5012,-1, 4862,5012,4861,-1, 1476,4928,836,-1, 5060,5046,5041,-1, 5046,5060,5057,-1, 
          5012,4707,4711,-1, 4012,4300,4034,-1, 4751,5058,4718,-1, 791,5060,5000,-1, 4301,5038,4034,-1, 4718,5058,4711,-1, 
          5038,4039,4036,-1, 5057,846,5045,-1, 5062,235,5063,-1, 4711,5058,5012,-1, 846,845,5045,-1, 4036,4034,5038,-1, 
          4874,5064,4871,-1, 846,5057,853,-1, 4873,5064,4874,-1, 853,5057,5060,-1, 4312,4051,4313,-1, 4046,4313,4051,-1, 
          5064,4873,5065,-1, 4866,5065,4873,-1, 853,5060,791,-1, 4285,4050,4312,-1, 4051,4312,4050,-1, 5054,5050,397,-1, 
          5066,397,5048,-1, 5067,397,5066,-1, 5068,397,5067,-1, 397,5068,5069,-1, 4285,4053,4050,-1, 4920,4955,4919,-1, 
          4867,5065,4866,-1, 4955,4940,4919,-1, 4955,4920,5042,-1, 4920,4909,5042,-1, 5065,4867,5058,-1, 4864,5058,4867,-1, 
          467,4066,468,-1, 5030,5070,5059,-1, 5044,236,5071,-1, 5070,5040,5072,-1, 4723,4868,4715,-1, 4869,4715,4868,-1, 
          4715,4869,4714,-1, 5059,5070,5072,-1, 4713,5064,4712,-1, 5073,5071,236,-1, 5040,4997,5072,-1, 4872,4714,4869,-1, 
          5074,236,5075,-1, 4871,5064,4713,-1, 4714,4872,4713,-1, 4871,4713,4872,-1, 5040,5076,4997,-1, 4955,5042,5061,-1, 
          4712,5064,4716,-1, 5075,236,5077,-1, 4956,4955,5061,-1, 4996,4997,5076,-1, 5077,236,5078,-1, 5045,5061,5042,-1, 
          5079,466,5080,-1, 4934,5081,4950,-1, 5081,4934,4940,-1, 5082,466,5083,-1, 5084,5083,466,-1, 4956,5081,4940,-1, 
          5059,4975,4990,-1, 4950,5081,993,-1, 5064,5065,4716,-1, 5079,5084,466,-1, 4716,5065,4724,-1, 5074,5085,236,-1, 
          5085,5073,236,-1, 5081,4956,999,-1, 5058,4751,5065,-1, 5078,236,5086,-1, 5059,5072,4975,-1, 4724,5065,4751,-1, 
          999,993,5081,-1, 1005,999,4956,-1, 5072,4997,4977,-1, 4868,4723,4878,-1, 4749,4878,4723,-1, 4975,5072,4977,-1, 
          1005,4956,5061,-1, 65,235,5087,-1, 4881,4737,4685,-1, 4881,4685,4880,-1, 845,1005,5061,-1, 5026,5088,603,-1, 
          5088,608,603,-1, 4737,4881,4756,-1, 4882,4756,4881,-1, 236,5089,5086,-1, 4757,4756,4882,-1, 236,235,5090,-1, 
          5089,236,5090,-1, 1089,4438,1084,-1, 4744,4768,5091,-1, 5028,5021,5070,-1, 5092,5090,235,-1, 5091,4902,4744,-1, 
          4892,4744,4902,-1, 4561,4522,5093,-1, 4902,5091,4903,-1, 5028,5070,5030,-1, 4906,4769,4904,-1, 5040,5070,5021,-1, 
          4906,5091,4769,-1, 4903,5091,4906,-1, 4768,4769,5091,-1, 4891,4743,4892,-1, 4744,4892,4743,-1, 5094,5092,235,-1, 
          5047,612,5088,-1, 608,5088,612,-1, 4882,4897,4757,-1, 612,5047,567,-1, 4522,4438,5095,-1, 4890,4771,4891,-1, 
          4743,4891,4771,-1, 5051,5047,5088,-1, 4438,1089,1090,-1, 5026,5096,5088,-1, 69,235,64,-1, 5029,5096,5026,-1, 
          4878,4749,4890,-1, 4771,4890,4749,-1, 4438,1090,5095,-1, 5082,5097,466,-1, 5098,466,5099,-1, 5029,5030,5096,-1, 
          4752,5013,327,-1, 5013,5036,327,-1, 326,327,5008,-1, 1097,5095,1090,-1, 5088,5096,5051,-1, 5100,5101,5102,-1, 
          4757,4897,4760,-1, 4896,4760,4897,-1, 5056,5096,5030,-1, 5101,5103,5102,-1, 4907,4761,4896,-1, 4760,4896,4761,-1, 
          4522,5095,5101,-1, 5051,5096,5056,-1, 4761,4907,4765,-1, 4905,4765,4907,-1, 78,235,5062,-1, 4904,4773,4905,-1, 
          5056,5030,5059,-1, 5103,5101,5095,-1, 4765,4905,4773,-1, 4773,4904,4769,-1, 80,5087,235,-1, 5063,235,5104,-1, 
          397,5104,235,-1, 80,235,78,-1, 65,64,235,-1, 4798,4800,5105,-1, 5069,5104,397,-1, 5095,1097,1096,-1, 
          5106,5094,235,-1, 69,5106,235,-1, 5095,1096,5103,-1, 1098,5103,1096,-1, 5105,4800,5107,-1, 5103,1098,1099,-1, 
          5004,5019,4926,-1, 5108,5105,5107,-1, 5109,5108,5107,-1, 5109,5107,5110,-1, 2067,5111,597,-1, 4789,5112,4788,-1, 
          2064,5111,2067,-1, 4925,4926,5019,-1, 2064,2059,5113,-1, 4817,5114,4789,-1, 2064,5113,5111,-1, 5103,1099,5115,-1, 
          1456,5115,1099,-1, 4788,5107,4800,-1, 2059,2061,5022,-1, 2059,5022,5113,-1, 5102,5115,5116,-1, 4937,5003,4926,-1, 
          5004,4926,5003,-1, 5026,1487,5111,-1, 597,5111,1487,-1, 4798,5105,4797,-1, 4937,5010,5003,-1, 1487,5026,602,-1, 
          5116,5117,5118,-1, 5033,4942,5019,-1, 5026,5111,5029,-1, 5115,5102,5103,-1, 5105,5108,5119,-1, 5109,5119,5108,-1, 
          5116,5115,5117,-1, 5111,5113,5029,-1, 4935,5120,4937,-1, 5115,1456,1455,-1, 5028,5113,5022,-1, 4802,4801,5121,-1, 
          5029,5113,5028,-1, 5122,2093,2091,-1, 5115,1455,5117,-1, 1195,5117,1455,-1, 5122,5123,2093,-1, 2091,2098,5124,-1, 
          5009,5120,5016,-1, 5093,5101,5100,-1, 5125,2098,2099,-1, 4921,5126,4922,-1, 2098,5125,5124,-1, 5120,5009,5010,-1, 
          18,466,5127,-1, 5100,5102,5128,-1, 5010,4937,5120,-1, 4913,5129,4912,-1, 5116,5128,5102,-1, 5110,5129,5109,-1, 
          4913,5109,5129,-1, 4838,2099,1909,-1, 5112,4789,5114,-1, 2099,4838,5125,-1, 4788,5112,5107,-1, 4911,5112,5114,-1, 
          4911,5114,4918,-1, 5130,5131,466,-1, 5132,5124,5125,-1, 5133,5124,5132,-1, 5125,5134,5132,-1, 5007,4544,5135,-1, 
          5016,4936,4939,-1, 4939,5017,5016,-1, 5129,5112,4911,-1, 5129,4911,4912,-1, 5136,4544,4543,-1, 5134,5125,4838,-1, 
          5129,5110,5112,-1, 5107,5112,5110,-1, 5136,5135,4544,-1, 4922,5121,4916,-1, 4543,5093,5136,-1, 5093,4543,4561,-1, 
          4935,4936,5120,-1, 5016,5120,4936,-1, 4797,5119,4801,-1, 5121,4801,5119,-1, 5007,5135,5015,-1, 4842,5134,4838,-1, 
          5132,5134,4886,-1, 5137,5015,5135,-1, 5105,5119,4797,-1, 5138,5127,466,-1, 5131,5138,466,-1, 5135,5136,5139,-1, 
          5134,4842,4828,-1, 4913,4917,5109,-1, 4916,5121,4915,-1, 5093,5100,5136,-1, 4886,5134,4828,-1, 5119,4915,5121,-1, 
          5140,18,5141,-1, 5139,5136,5100,-1, 5119,5109,4917,-1, 5127,5141,18,-1, 5119,4917,4915,-1, 4522,5101,5093,-1, 
          5017,4939,422,-1, 423,422,4939,-1, 4802,5121,4818,-1, 5126,4818,5121,-1, 5140,5142,18,-1, 5122,2091,5124,-1, 
          5137,5143,5144,-1, 5121,4922,5126,-1, 4925,5019,4942,-1, 5135,5139,5137,-1, 4941,5034,4946,-1, 5035,4946,5034,-1, 
          5143,5137,5139,-1, 4945,5037,4949,-1, 5043,4949,5037,-1, 5139,5100,5128,-1, 5145,18,5142,-1, 5128,5143,5139,-1, 
          4942,5033,4941,-1, 5034,4941,5033,-1, 4946,5035,4945,-1, 5037,4945,5035,-1, 4818,5126,4816,-1, 4923,5126,4921,-1, 
          4949,5043,4948,-1, 5146,5143,5128,-1, 5133,5122,5124,-1, 5147,18,5148,-1, 5148,18,5145,-1, 5149,5122,5133,-1, 
          819,5015,5150,-1, 5151,18,5147,-1, 5150,818,819,-1, 5137,5150,5015,-1, 5152,18,5151,-1, 4952,4694,5126,-1, 
          5071,4954,5044,-1, 4816,5126,4694,-1, 5044,4948,5043,-1, 5123,5149,5153,-1, 5149,5123,5122,-1, 5137,5144,5150,-1, 
          4952,5126,4923,-1, 5154,5153,5149,-1, 817,937,827,-1, 5149,5133,5155,-1, 5156,5157,287,-1, 5158,287,5157,-1, 
          5159,287,5158,-1, 4974,5160,4962,-1, 818,5161,817,-1, 5161,818,5150,-1, 4962,5162,4963,-1, 441,4918,5114,-1, 
          442,441,5114,-1, 4817,442,5114,-1, 5161,937,817,-1, 5144,5161,5150,-1, 5154,5163,5153,-1, 5161,5144,5164,-1, 
          5162,4962,5160,-1, 5165,5156,287,-1, 5161,5164,937,-1, 5155,5154,5149,-1, 5166,287,5167,-1, 5165,287,5168,-1, 
          5166,5168,287,-1, 5169,5133,5132,-1, 5049,5170,5048,-1, 5171,5160,5170,-1, 5144,5143,5172,-1, 5133,5169,5155,-1, 
          5050,5170,5049,-1, 5173,18,5152,-1, 5146,5172,5143,-1, 5050,5054,5170,-1, 5171,5170,5054,-1, 5116,5146,5128,-1, 
          4963,5162,4959,-1, 5171,5174,5162,-1, 5175,5174,5171,-1, 5176,937,5164,-1, 5055,5177,5178,-1, 5055,5178,5053,-1, 
          938,937,5176,-1, 5164,166,5176,-1, 5006,5163,5154,-1, 5001,5163,5006,-1, 5144,5172,5164,-1, 5006,5154,5011,-1, 
          166,5164,5172,-1, 5178,5179,5052,-1, 5053,5178,5052,-1, 5172,5146,5180,-1, 5154,5155,5011,-1, 5179,5181,5052,-1, 
          5011,5155,4899,-1, 5118,5146,5116,-1, 5182,4960,5183,-1, 4961,5183,4960,-1, 938,412,930,-1, 5169,5132,4886,-1, 
          4959,5174,4958,-1, 412,411,930,-1, 5183,5184,5182,-1, 5155,5169,4899,-1, 177,412,938,-1, 5169,4886,4889,-1, 
          4959,5162,5174,-1, 938,5176,177,-1, 4899,5169,4889,-1, 5171,5185,5175,-1, 5176,166,165,-1, 177,5176,165,-1, 
          4967,5179,5183,-1, 4967,5183,4961,-1, 2127,5186,2128,-1, 5172,5180,166,-1, 2127,2123,5187,-1, 5188,17,5189,-1, 
          167,166,5180,-1, 5187,5186,2127,-1, 72,167,5180,-1, 5118,5180,5146,-1, 2133,5187,2123,-1, 17,18,5189,-1, 
          5190,5189,18,-1, 72,5180,5118,-1, 5175,5179,5174,-1, 4958,5174,4967,-1, 70,5118,5117,-1, 5173,5191,18,-1, 
          5192,5190,18,-1, 5193,5192,18,-1, 5191,5193,18,-1, 5184,397,5182,-1, 5118,70,72,-1, 207,5194,5195,-1, 
          5196,207,5197,-1, 5117,1196,70,-1, 71,70,1196,-1, 1196,5117,1195,-1, 167,72,73,-1, 2128,5186,5023,-1, 
          5185,5171,5181,-1, 5181,5171,5054,-1, 5198,17,5199,-1, 5195,5197,207,-1, 5184,5183,5179,-1, 5200,5184,5179,-1, 
          5201,17,5198,-1, 5188,5199,17,-1, 17,5201,5202,-1, 5203,17,5202,-1, 2093,5123,2125,-1, 5177,5200,5179,-1, 
          5177,5179,5178,-1, 5123,2133,2125,-1, 5055,397,5177,-1, 5177,397,5200,-1, 5175,5185,5179,-1, 5181,5179,5185,-1, 
          5023,5186,5039,-1, 5204,5205,17,-1, 4967,5174,5179,-1, 5023,5039,5021,-1, 5200,397,5184,-1, 5186,5206,5039,-1, 
          5204,17,5207,-1, 5205,5208,17,-1, 5054,5052,5181,-1, 5209,5210,17,-1, 5186,5187,5206,-1, 287,17,5210,-1, 
          5210,5167,287,-1, 5187,2133,5211,-1, 5212,207,5213,-1, 5182,397,4960,-1, 398,4960,397,-1, 5208,5209,17,-1, 
          5206,5187,5211,-1, 5203,5207,17,-1, 5211,2133,5153,-1, 5194,207,5212,-1, 5214,5063,5215,-1, 5104,5215,5063,-1, 
          5153,2133,5123,-1, 5098,5130,466,-1, 5097,5099,466,-1, 5048,5160,5066,-1, 5171,5162,5160,-1, 5163,5211,5153,-1, 
          5048,5170,5160,-1, 5206,5076,5039,-1, 5062,5063,5214,-1, 5076,5040,5039,-1, 5216,378,5217,-1, 5211,5218,5206,-1, 
          5219,378,5220,-1, 5218,5076,5206,-1, 5221,5222,464,-1, 378,5216,5223,-1, 5211,5163,5218,-1, 5062,5214,78,-1, 
          5076,5218,4996,-1, 5001,5218,5163,-1, 4996,5218,5001,-1, 78,5214,79,-1, 2128,5023,2061,-1, 5224,464,5222,-1, 
          5214,82,79,-1, 2061,5023,5022,-1, 5225,378,5226,-1, 4995,5215,4968,-1, 5227,5226,378,-1, 5228,5221,464,-1, 
          5229,5228,464,-1, 5230,464,5231,-1, 82,5214,4994,-1, 5230,5229,464,-1, 5214,5215,4995,-1, 5214,4995,4994,-1, 
          4970,5232,4969,-1, 5232,4970,5215,-1, 4968,5215,4970,-1, 5233,205,5234,-1, 5069,5215,5104,-1, 5235,5236,5237,-1, 
          5232,5215,5069,-1, 5232,5069,5068,-1, 205,5233,5238,-1, 205,5238,5239,-1, 5160,4972,5232,-1, 4969,5232,4972,-1, 
          5240,205,5239,-1, 5241,205,5240,-1, 4972,5160,4974,-1, 5242,5227,205,-1, 5243,473,5237,-1, 5244,5235,473,-1, 
          5067,5232,5068,-1, 5232,5067,5160,-1, 5066,5160,5067,-1, 5245,5234,205,-1, 797,796,473,-1, 1045,473,796,-1, 
          4954,5071,4953,-1, 5073,4953,5071,-1, 5246,797,473,-1, 4948,5044,4954,-1, 5247,5246,473,-1, 4953,5073,4978,-1, 
          5085,4978,5073,-1, 5248,473,5243,-1, 5249,207,5196,-1, 5248,5247,473,-1, 4981,5075,4980,-1, 5077,4980,5075,-1, 
          5250,5231,464,-1, 5251,5250,464,-1, 4978,5085,4987,-1, 5074,4987,5085,-1, 5235,5237,473,-1, 4987,5074,4981,-1, 
          5075,4981,5074,-1, 5086,4989,5078,-1, 4988,5078,4989,-1, 5252,5244,473,-1, 0,1141,473,-1, 4980,5077,4988,-1, 
          5078,4988,5077,-1, 4989,5086,4985,-1, 5086,5089,4985,-1, 5253,4985,5089,-1, 4985,5253,4986,-1, 69,46,5106,-1, 
          60,5106,46,-1, 5254,207,5249,-1, 5106,60,5094,-1, 5087,62,65,-1, 79,62,5087,-1, 80,79,5087,-1, 
          5090,5253,5089,-1, 60,4991,5253,-1, 4986,5253,4991,-1, 5255,5256,205,-1, 5256,5245,205,-1, 4991,60,61,-1, 
          5241,5242,205,-1, 378,205,5227,-1, 5225,5220,378,-1, 5219,5217,378,-1, 5253,5092,60,-1, 5094,60,5092,-1, 
          5257,207,5254,-1, 5092,5253,5090,-1, 5258,207,5257,-1, 5259,205,5260,-1, 5261,205,5262,-1, 5263,205,5261,-1, 
          5262,205,5259,-1, 5264,205,5263,-1, 205,5264,5255,-1, 5265,5266,464,-1, 5258,5267,207,-1, 5260,205,5267,-1, 
          207,5267,205,-1, 5265,464,5268,-1, 5269,270,5270,-1, 5271,16,5272,-1, 5271,5268,16,-1, 5273,5272,16,-1, 
          5274,440,5275,-1, 5276,5275,440,-1, 5277,5278,16,-1, 5278,5273,16,-1, 219,221,852,-1, 5279,5277,16,-1, 
          5280,440,5274,-1, 5281,5282,16,-1, 16,5282,5283,-1, 16,5283,5284,-1, 5284,5279,16,-1, 5285,440,5280,-1, 
          5286,5276,440,-1, 5287,440,5285,-1, 5288,5289,288,-1, 5290,15,5291,-1, 5292,207,5293,-1, 5293,207,5294,-1, 
          440,5294,207,-1, 5295,288,5296,-1, 5297,207,5292,-1, 5288,288,5298,-1, 5299,288,5289,-1, 5300,288,5299,-1, 
          270,557,579,-1, 574,270,579,-1, 569,270,574,-1, 5301,5298,288,-1, 15,288,5291,-1, 5297,5213,207,-1, 
          5302,288,5300,-1, 5302,5296,288,-1, 270,569,583,-1, 852,270,583,-1, 5270,270,221,-1, 852,221,270,-1, 
          5287,5294,440,-1, 1139,473,1141,-1, 5281,16,5303,-1, 5304,204,5305,-1, 5306,16,5307,-1, 5308,473,1136,-1, 
          5252,473,5308,-1, 5306,5303,16,-1, 5309,15,5310,-1, 1136,473,1135,-1, 1135,473,1138,-1, 5311,15,5312,-1, 
          5311,5310,15,-1, 1138,473,1139,-1, 5307,16,5309,-1, 5313,5312,15,-1, 1141,0,1142,-1, 1170,1142,0,-1, 
          5314,5315,15,-1, 5316,5313,15,-1, 5315,5317,15,-1, 5317,5316,15,-1, 1146,0,1145,-1, 5318,5314,15,-1, 
          0,1146,1170,-1, 5305,204,5319,-1, 5320,15,5321,-1, 2,1150,0,-1, 5321,15,5290,-1, 5295,5291,288,-1, 
          5318,15,5320,-1, 15,5309,16,-1, 1166,1165,270,-1, 16,5268,464,-1, 5266,5251,464,-1, 5222,5079,5080,-1, 
          5222,5080,5224,-1, 1165,1163,270,-1, 1145,0,1148,-1, 5229,5082,5228,-1, 5083,5228,5082,-1, 5083,5084,5228,-1, 
          5082,5229,5097,-1, 5230,5097,5229,-1, 1161,1157,2,-1, 5079,5222,5084,-1, 5221,5084,5222,-1, 5221,5228,5084,-1, 
          1163,1161,2,-1, 5097,5230,5099,-1, 5231,5099,5230,-1, 2,270,1163,-1, 1148,0,1150,-1, 5322,5323,204,-1, 
          5099,5231,5098,-1, 5250,5098,5231,-1, 5251,5130,5250,-1, 5269,1166,270,-1, 5098,5250,5130,-1, 1154,1150,2,-1, 
          1157,1154,2,-1, 5080,466,5224,-1, 464,5224,466,-1, 5266,5131,5251,-1, 5130,5251,5131,-1, 5323,5319,204,-1, 
          5324,873,5325,-1, 5131,5266,5138,-1, 5268,5127,5265,-1, 5138,5266,5265,-1, 5138,5265,5127,-1, 5326,377,5327,-1, 
          5328,5327,377,-1, 5141,5127,5268,-1, 5325,1115,5324,-1, 5271,5141,5268,-1, 5235,1115,5236,-1, 5325,873,5236,-1, 
          5141,5271,5140,-1, 5329,377,5330,-1, 5140,5272,5142,-1, 5272,5140,5271,-1, 5273,5142,5272,-1, 5142,5273,5145,-1, 
          5248,5243,805,-1, 811,805,5243,-1, 5282,5173,5283,-1, 5278,5145,5273,-1, 5243,5237,811,-1, 873,811,5237,-1, 
          5145,5278,5148,-1, 5277,5148,5278,-1, 5279,5147,5277,-1, 5148,5277,5147,-1, 5237,5236,873,-1, 5147,5279,5151,-1, 
          5284,5151,5279,-1, 5331,206,5332,-1, 5244,1115,5235,-1, 5283,5152,5284,-1, 5151,5284,5152,-1, 801,5333,5246,-1, 
          797,5246,5333,-1, 5334,5300,5335,-1, 5299,5335,5300,-1, 798,1045,796,-1, 5333,798,797,-1, 5299,5336,5335,-1, 
          5337,206,5338,-1, 5289,5336,5299,-1, 5246,5247,801,-1, 799,801,5247,-1, 5339,5332,206,-1, 5331,5338,206,-1, 
          5290,5340,5321,-1, 798,1237,1045,-1, 206,5341,5339,-1, 5291,5340,5290,-1, 805,799,5248,-1, 5247,5248,799,-1, 
          5340,5291,5342,-1, 5295,5342,5291,-1, 5296,5342,5295,-1, 5343,206,5337,-1, 5344,206,5343,-1, 5300,5334,5302,-1, 
          5302,5334,5296,-1, 5342,5296,5334,-1, 801,1483,5333,-1, 5345,204,5346,-1, 5301,5347,5298,-1, 5244,5252,1115,-1, 
          5348,5346,204,-1, 5308,1115,5252,-1, 5308,1136,1115,-1, 5288,5349,5289,-1, 5333,1483,798,-1, 5334,5335,5165,-1, 
          5156,5165,5335,-1, 5350,5335,5336,-1, 5269,1115,1166,-1, 5156,5351,5157,-1, 5156,5335,5351,-1, 5350,5351,5335,-1, 
          5349,5298,5347,-1, 5298,5349,5288,-1, 5336,5289,5349,-1, 5159,5158,5347,-1, 288,287,5301,-1, 1115,5269,5270,-1, 
          5336,5349,5350,-1, 5351,5350,5349,-1, 5158,5349,5347,-1, 5349,5158,5351,-1, 5157,5351,5158,-1, 5352,5353,206,-1, 
          5354,206,5344,-1, 5347,5301,287,-1, 5355,5328,377,-1, 377,5326,5356,-1, 5356,5357,377,-1, 5357,5330,377,-1, 
          5341,206,5329,-1, 377,5329,206,-1, 5340,5342,5167,-1, 5210,5340,5167,-1, 5167,5342,5166,-1, 5334,5168,5342,-1, 
          5166,5342,5168,-1, 5358,204,5359,-1, 5159,5347,287,-1, 5168,5334,5165,-1, 5152,5283,5173,-1, 5358,5360,204,-1, 
          5360,5361,204,-1, 5282,5191,5173,-1, 988,986,5362,-1, 5282,5281,5191,-1, 5363,5364,206,-1, 5359,204,5364,-1, 
          204,206,5364,-1, 5365,5362,986,-1, 5191,5281,5193,-1, 5303,5193,5281,-1, 5366,5363,206,-1, 5193,5303,5192,-1, 
          5306,5192,5303,-1, 5367,206,5353,-1, 5365,5324,1115,-1, 5365,1115,5362,-1, 5189,5309,5188,-1, 5354,5352,206,-1, 
          5367,5368,206,-1, 5368,5366,206,-1, 5361,5348,204,-1, 5309,5189,5307,-1, 5369,988,5370,-1, 5310,5188,5309,-1, 
          5362,5370,988,-1, 5189,5190,5307,-1, 5192,5306,5190,-1, 5190,5306,5307,-1, 5371,439,5372,-1, 5369,989,988,-1, 
          439,5373,5372,-1, 5318,5374,5314,-1, 5320,5375,5318,-1, 5376,5312,5313,-1, 5377,439,5378,-1, 5377,5373,439,-1, 
          5311,5199,5310,-1, 5188,5310,5199,-1, 5379,439,5380,-1, 5381,5378,439,-1, 5379,5381,439,-1, 5202,5316,5203,-1, 
          5317,5203,5316,-1, 5370,1115,5369,-1, 5382,204,5383,-1, 5384,5376,5316,-1, 5313,5316,5376,-1, 204,5382,5380,-1, 
          5384,5316,5201,-1, 5202,5201,5316,-1, 5370,5362,1115,-1, 5199,5311,5376,-1, 5376,5384,5199,-1, 5198,5199,5384,-1, 
          5369,1115,1114,-1, 5312,5376,5311,-1, 204,5304,5383,-1, 5198,5384,5201,-1, 5207,5374,5204,-1, 5374,5315,5314,-1, 
          5315,5374,5207,-1, 5203,5317,5207,-1, 5315,5207,5317,-1, 5205,5204,5374,-1, 5374,5318,5375,-1, 5345,5322,204,-1, 
          5321,5375,5320,-1, 5375,5321,5340,-1, 439,204,5380,-1, 5340,5209,5375,-1, 5209,5340,5210,-1, 5375,5205,5374,-1, 
          5375,5208,5205,-1, 5208,5375,5209,-1, 380,354,375,-1, 5369,1114,989,-1, 991,989,1114,-1, 990,991,1114,-1, 
          990,1114,1113,-1, 5305,5213,5304,-1, 380,364,354,-1, 501,354,364,-1, 5213,5305,5212,-1, 375,354,360,-1, 
          1113,5385,837,-1, 837,990,1113,-1, 358,360,354,-1, 5212,5319,5194,-1, 5212,5305,5319,-1, 5323,5194,5319,-1, 
          531,354,530,-1, 5322,5195,5323,-1, 5345,5197,5322,-1, 5195,5322,5197,-1, 545,354,531,-1, 5194,5323,5195,-1, 
          832,834,5385,-1, 5197,5345,5196,-1, 506,354,505,-1, 837,5385,834,-1, 501,505,354,-1, 1127,833,832,-1, 
          5297,5304,5213,-1, 5386,5220,5357,-1, 5356,5386,5357,-1, 5326,5386,5356,-1, 5219,5220,5387,-1, 5386,5387,5220,-1, 
          5326,5387,5386,-1, 5327,5217,5326,-1, 5387,5326,5217,-1, 5387,5217,5219,-1, 506,530,354,-1, 5355,5223,5328,-1, 
          5216,5328,5223,-1, 5328,5216,5217,-1, 5328,5217,5327,-1, 588,22,553,-1, 5329,5227,5341,-1, 1127,220,543,-1, 
          1127,543,833,-1, 5330,5226,5329,-1, 5227,5329,5226,-1, 5225,5357,5220,-1, 5357,5225,5330,-1, 5226,5330,5225,-1, 
          5337,5233,5343,-1, 5234,5343,5233,-1, 5343,5234,5344,-1, 5245,5344,5234,-1, 852,544,220,-1, 5233,5337,5238,-1, 
          5338,5238,5337,-1, 5331,5239,5338,-1, 5238,5338,5239,-1, 592,22,596,-1, 219,852,220,-1, 5239,5331,5240,-1, 
          5332,5240,5331,-1, 5339,5241,5332,-1, 5240,5332,5241,-1, 5241,5339,5242,-1, 5341,5242,5339,-1, 617,22,592,-1, 
          596,22,588,-1, 5242,5341,5227,-1, 619,22,617,-1, 620,22,619,-1, 1115,1127,832,-1, 621,22,620,-1, 
          5256,5354,5245,-1, 5344,5245,5354,-1, 5354,5256,5352,-1, 5196,5345,5346,-1, 5348,5249,5346,-1, 5346,5249,5196,-1, 
          5249,5348,5254,-1, 5361,5254,5348,-1, 5368,5367,5388,-1, 5389,5388,5367,-1, 726,289,625,-1, 739,625,289,-1, 
          634,713,289,-1, 583,542,852,-1, 5353,5389,5367,-1, 630,289,628,-1, 289,630,718,-1, 5264,5389,5353,-1, 
          5261,5389,5263,-1, 1115,5270,221,-1, 726,628,289,-1, 5389,5390,5388,-1, 739,289,713,-1, 220,1115,221,-1, 
          5262,5259,5390,-1, 5324,986,873,-1, 5389,5261,5390,-1, 5262,5390,5261,-1, 5324,5365,986,-1, 5368,5388,5366,-1, 
          5391,5366,5388,-1, 5385,1115,832,-1, 5385,1113,1115,-1, 5388,5390,5391,-1, 5263,5389,5264,-1, 622,611,22,-1, 
          5392,5254,5361,-1, 788,22,611,-1, 5360,5392,5361,-1, 5325,5236,1115,-1, 5359,5393,5358,-1, 5392,5360,5358,-1, 
          5264,5353,5255,-1, 5352,5255,5353,-1, 794,782,22,-1, 22,788,789,-1, 5255,5352,5256,-1, 377,378,5223,-1, 
          377,5223,5355,-1, 5392,5257,5254,-1, 5392,5393,5258,-1, 5257,5392,5258,-1, 5258,5393,5267,-1, 5392,5358,5393,-1, 
          5364,5393,5359,-1, 5363,5391,5364,-1, 5267,5393,5260,-1, 759,22,782,-1, 760,21,759,-1, 5393,5364,5391,-1, 
          5363,5366,5391,-1, 5393,5391,5260,-1, 789,794,22,-1, 5260,5391,5259,-1, 810,21,809,-1, 5391,5390,5259,-1, 
          835,21,831,-1, 5294,5380,5293,-1, 820,21,835,-1, 5394,5280,5274,-1, 820,821,21,-1, 821,822,21,-1, 
          5274,5275,5377,-1, 5274,5377,5394,-1, 5378,5394,5377,-1, 5372,5276,5395,-1, 5373,5276,5372,-1, 5286,5395,5276,-1, 
          5372,5395,5371,-1, 5371,5395,439,-1, 440,439,5286,-1, 5377,5275,5373,-1, 5276,5373,5275,-1, 5381,5394,5378,-1, 
          5287,5379,5294,-1, 5380,5294,5379,-1, 5280,5394,5285,-1, 5381,5285,5394,-1, 5285,5381,5287,-1, 5379,5287,5381,-1, 
          809,21,814,-1, 5395,5286,439,-1, 5293,5380,5382,-1, 823,21,760,-1, 814,21,823,-1, 810,831,21,-1, 
          22,759,21,-1, 633,21,732,-1, 1004,21,1002,-1, 1004,732,21,-1, 634,289,633,-1, 1002,21,822,-1, 
          622,22,621,-1, 5293,5382,5292,-1, 5383,5292,5382,-1, 21,633,289,-1, 5304,5297,5383,-1, 553,354,545,-1, 
          354,553,22,-1, 5292,5383,5297,-1, 1242,1245,211,-1, 1242,211,1233,-1, 1245,1248,211,-1, 349,475,409,-1, 
          475,523,515,-1, 352,475,348,-1, 348,475,349,-1, 413,409,475,-1, 515,413,475,-1, 523,475,325,-1, 
          1249,211,1247,-1, 323,20,563,-1, 325,475,323,-1, 20,323,475,-1, 1250,211,1249,-1, 561,20,559,-1, 
          115,763,20,-1, 1251,1233,211,-1, 399,1251,211,-1, 211,1248,1247,-1, 1283,381,1287,-1, 578,587,20,-1, 
          1285,381,1366,-1, 381,209,1372,-1, 587,563,20,-1, 1318,381,1319,-1, 1366,381,1318,-1, 582,601,20,-1, 
          1379,209,1378,-1, 578,20,601,-1, 1377,209,1350,-1, 582,20,580,-1, 20,561,607,-1, 607,580,20,-1, 
          20,763,559,-1, 629,100,24,-1, 1375,1350,209,-1, 209,1339,1375,-1, 1377,1378,209,-1, 1371,1372,209,-1, 
          1339,209,1357,-1, 1250,1385,211,-1, 1396,209,1395,-1, 1395,209,1397,-1, 1396,1398,209,-1, 211,1401,209,-1, 
          1397,209,1407,-1, 1356,1357,209,-1, 1356,209,1384,-1, 1384,209,1398,-1, 1379,1371,209,-1, 1372,1319,381,-1, 
          1285,1287,381,-1, 1409,1403,211,-1, 1403,1401,211,-1, 1407,209,1404,-1, 1404,209,1401,-1, 211,1385,1409,-1
        ]
      }
      appearance Appearance
      {
        material Material
        {
	       ambientIntensity 0.2
	       diffuseColor 0.9 0.9 0.9
	       specularColor .1 .1 .1
	       shininess .5
        }
      }
    }
  ]
}
