<?xml version="1.0" encoding="UTF-8"?>
<!DOCTYPE X3D PUBLIC "ISO//Web3D//DTD X3D 3.1//EN" "http://www.web3d.org/specifications/x3d-3.1.dtd">
<X3D xmlns:xsd="http://www.w3.org/2001/XMLSchema-instance" profile="Immersive" version="3.1" xsd:noNamespaceSchemaLocation="http://www.web3d.org/specifications/x3d-3.1.xsd">
 <head>
  <meta content="adult_rat_brain_slicer_right_march2020_NIH3D.x3d" name="title"/>
  <meta content="Generated from Meshlab X3D Exported" name="description"/>
  <meta content="1 September 2023" name="created"/>
  <meta content="Meshlab X3D Exported, http://www.meshlab.net" name="generator"/>
 </head>
 <Scene>
  <Shape>
   <IndexedFaceSet solid="false" coordIndex="0 1 2 -1 0 2 3 -1 4 5 6 -1 4 6 7 -1 8 9 10 -1 11 12 13 -1 11 13 14 -1 15 9 16 -1 15 17 9 -1 18 9 17 -1 19 20 21 -1 19 21 22 -1 23 24 25 -1 23 25 26 -1 27 28 29 -1 27 29 30 -1 31 32 33 -1 31 33 34 -1 35 36 37 -1 35 37 38 -1 39 40 41 -1 39 41 42 -1 43 44 45 -1 43 45 46 -1 47 48 49 -1 47 49 50 -1 51 52 53 -1 51 53 54 -1 55 56 57 -1 58 59 60 -1 58 60 61 -1 62 63 64 -1 62 64 65 -1 66 67 68 -1 69 70 71 -1 69 71 72 -1 73 74 75 -1 73 75 76 -1 77 78 79 -1 77 79 80 -1 67 81 68 -1 82 83 84 -1 82 84 85 -1 86 87 88 -1 86 88 89 -1 90 91 92 -1 90 92 93 -1 94 95 96 -1 94 96 97 -1 98 99 100 -1 98 100 101 -1 102 103 104 -1 102 104 105 -1 106 107 108 -1 106 108 109 -1 110 63 111 -1 112 113 114 -1 112 114 115 -1 116 117 118 -1 116 118 119 -1 120 121 122 -1 123 124 125 -1 123 125 126 -1 127 128 129 -1 127 129 130 -1 131 132 133 -1 134 135 136 -1 134 136 137 -1 138 133 139 -1 138 139 140 -1 141 142 106 -1 133 143 131 -1 81 67 144 -1 145 107 106 -1 109 108 146 -1 143 147 131 -1 66 144 67 -1 143 133 138 -1 140 139 148 -1 149 150 151 -1 121 125 152 -1 122 121 152 -1 125 124 152 -1 124 118 152 -1 118 117 152 -1 117 114 152 -1 114 113 152 -1 113 129 152 -1 129 128 152 -1 128 104 152 -1 104 103 152 -1 103 100 152 -1 100 99 152 -1 99 96 152 -1 96 95 152 -1 95 92 152 -1 92 91 152 -1 91 136 152 -1 136 135 152 -1 135 88 152 -1 88 87 152 -1 87 84 152 -1 1 152 84 -1 1 84 83 -1 1 83 79 -1 1 79 78 -1 1 78 75 -1 1 75 74 -1 1 74 71 -1 1 71 70 -1 1 70 64 -1 1 64 63 -1 1 63 60 -1 1 60 59 -1 1 59 53 -1 1 53 52 -1 1 52 49 -1 1 49 48 -1 1 48 45 -1 1 45 44 -1 1 44 41 -1 1 41 40 -1 1 40 37 -1 1 37 36 -1 1 36 33 -1 1 33 32 -1 1 32 29 -1 1 29 28 -1 1 28 25 -1 1 25 24 -1 1 24 21 -1 1 21 20 -1 1 20 13 -1 1 13 12 -1 1 12 6 -1 1 6 5 -1 1 5 153 -1 1 153 154 -1 1 154 2 -1 55 155 56 -1 141 106 156 -1 157 155 55 -1 155 158 56 -1 151 159 149 -1 158 138 56 -1 149 160 150 -1 161 131 147 -1 138 147 143 -1 162 62 163 -1 138 161 147 -1 164 112 165 -1 166 167 168 -1 169 62 170 -1 171 166 168 -1 172 62 173 -1 170 62 162 -1 165 112 174 -1 175 131 176 -1 161 176 131 -1 177 178 144 -1 169 173 62 -1 178 177 179 -1 167 180 181 -1 181 182 183 -1 184 106 142 -1 106 184 145 -1 183 168 167 -1 181 183 167 -1 158 176 161 -1 158 161 138 -1 185 111 63 -1 186 187 63 -1 110 186 63 -1 188 58 61 -1 157 189 155 -1 180 190 181 -1 191 62 65 -1 192 193 194 -1 185 63 195 -1 196 197 198 -1 166 199 167 -1 158 200 175 -1 182 181 190 -1 158 175 176 -1 201 202 194 -1 203 202 201 -1 172 204 62 -1 205 62 204 -1 206 207 208 -1 209 208 207 -1 194 202 192 -1 210 192 202 -1 210 211 192 -1 208 209 212 -1 213 157 214 -1 215 197 216 -1 198 197 215 -1 217 218 112 -1 219 213 214 -1 213 189 157 -1 220 221 222 -1 203 223 202 -1 224 225 112 -1 223 226 202 -1 227 98 101 -1 155 228 158 -1 229 63 230 -1 189 228 155 -1 231 230 63 -1 228 232 200 -1 228 200 158 -1 229 195 63 -1 233 234 219 -1 113 112 225 -1 235 113 225 -1 236 113 235 -1 219 234 213 -1 164 237 112 -1 234 238 213 -1 239 240 241 -1 242 224 112 -1 213 238 189 -1 243 244 221 -1 245 228 189 -1 246 221 220 -1 247 114 248 -1 249 248 114 -1 246 250 221 -1 251 221 250 -1 238 245 189 -1 252 197 253 -1 244 222 221 -1 254 255 256 -1 257 131 258 -1 259 131 260 -1 245 259 260 -1 245 260 228 -1 261 62 262 -1 263 262 62 -1 264 5 265 -1 266 62 267 -1 62 268 267 -1 258 259 245 -1 228 260 232 -1 269 5 264 -1 270 271 272 -1 268 62 205 -1 273 274 275 -1 276 277 278 -1 279 231 63 -1 279 63 280 -1 281 282 283 -1 278 284 276 -1 276 284 285 -1 286 63 287 -1 288 289 290 -1 291 265 5 -1 292 283 293 -1 293 283 294 -1 295 296 290 -1 278 277 270 -1 297 63 286 -1 298 294 283 -1 299 283 282 -1 300 298 283 -1 299 300 283 -1 301 131 257 -1 193 302 256 -1 257 245 301 -1 303 301 245 -1 304 62 261 -1 287 63 305 -1 304 305 62 -1 193 192 302 -1 245 257 258 -1 266 306 62 -1 200 232 131 -1 307 131 301 -1 302 254 256 -1 306 263 62 -1 297 280 63 -1 62 305 63 -1 259 258 131 -1 308 309 310 -1 301 303 307 -1 311 312 5 -1 312 291 5 -1 5 4 311 -1 313 311 4 -1 314 315 64 -1 316 251 317 -1 250 317 251 -1 318 64 319 -1 320 313 4 -1 246 317 250 -1 319 64 321 -1 220 322 323 -1 324 270 272 -1 317 325 316 -1 270 284 278 -1 326 322 327 -1 220 222 322 -1 327 322 222 -1 328 234 233 -1 270 285 284 -1 233 329 328 -1 330 331 65 -1 332 330 65 -1 333 334 322 -1 334 323 322 -1 216 197 335 -1 220 323 246 -1 336 249 114 -1 246 337 317 -1 285 338 276 -1 339 340 6 -1 341 342 343 -1 334 337 323 -1 344 114 247 -1 345 272 255 -1 275 346 273 -1 346 341 347 -1 348 114 344 -1 349 350 6 -1 335 197 351 -1 254 345 255 -1 352 353 354 -1 354 353 329 -1 327 355 326 -1 345 324 272 -1 222 355 327 -1 244 355 222 -1 356 6 357 -1 325 283 316 -1 358 359 114 -1 360 358 114 -1 361 6 356 -1 343 347 341 -1 360 114 362 -1 362 114 363 -1 348 363 114 -1 364 322 326 -1 328 365 234 -1 364 366 322 -1 328 367 365 -1 368 343 342 -1 270 324 285 -1 338 285 324 -1 234 365 238 -1 211 302 192 -1 246 323 337 -1 238 303 245 -1 369 6 370 -1 371 325 337 -1 372 368 342 -1 373 372 342 -1 365 303 238 -1 361 370 6 -1 374 131 375 -1 376 131 377 -1 307 375 131 -1 303 375 307 -1 345 254 378 -1 329 379 328 -1 380 6 369 -1 381 382 6 -1 353 379 329 -1 377 131 383 -1 371 283 325 -1 337 334 333 -1 115 114 384 -1 385 7 386 -1 328 379 367 -1 324 387 338 -1 383 131 374 -1 388 389 115 -1 382 390 6 -1 7 6 390 -1 380 381 6 -1 367 391 365 -1 324 392 387 -1 244 243 355 -1 393 115 394 -1 394 115 384 -1 359 384 114 -1 386 7 390 -1 395 7 385 -1 355 364 326 -1 396 197 252 -1 397 197 396 -1 398 197 397 -1 365 391 303 -1 357 6 350 -1 303 374 375 -1 349 6 340 -1 391 383 374 -1 391 374 303 -1 371 337 399 -1 371 399 283 -1 400 401 402 -1 351 197 398 -1 367 403 391 -1 404 405 65 -1 391 377 383 -1 406 276 142 -1 355 243 407 -1 391 403 377 -1 408 276 409 -1 410 141 156 -1 409 276 411 -1 406 142 141 -1 407 292 355 -1 354 412 352 -1 413 414 415 -1 141 410 416 -1 293 366 355 -1 364 355 366 -1 417 404 65 -1 418 417 65 -1 331 418 65 -1 411 141 409 -1 416 408 141 -1 419 399 337 -1 141 411 406 -1 325 317 337 -1 420 421 412 -1 420 422 421 -1 414 413 423 -1 251 316 283 -1 352 412 424 -1 421 424 412 -1 251 283 221 -1 425 7 426 -1 321 64 315 -1 427 428 402 -1 314 64 429 -1 426 7 430 -1 431 353 352 -1 281 399 419 -1 281 419 282 -1 428 400 402 -1 432 379 353 -1 298 300 322 -1 400 433 401 -1 366 298 322 -1 333 322 300 -1 434 7 435 -1 401 433 410 -1 332 65 436 -1 333 300 299 -1 421 437 424 -1 366 294 298 -1 430 7 434 -1 395 435 7 -1 282 419 299 -1 337 299 419 -1 433 416 410 -1 389 438 115 -1 439 64 440 -1 441 64 442 -1 281 283 399 -1 333 299 337 -1 424 431 352 -1 409 141 408 -1 293 355 292 -1 438 443 115 -1 440 64 441 -1 294 366 293 -1 353 431 432 -1 444 445 115 -1 446 115 443 -1 447 367 379 -1 446 448 115 -1 449 450 65 -1 379 432 447 -1 65 450 451 -1 393 388 115 -1 452 65 451 -1 376 453 131 -1 454 428 455 -1 403 367 447 -1 318 442 64 -1 439 456 64 -1 457 447 432 -1 458 455 459 -1 460 461 462 -1 447 463 403 -1 464 64 456 -1 445 465 115 -1 462 461 466 -1 466 461 467 -1 468 64 469 -1 65 64 470 -1 470 471 65 -1 471 472 65 -1 472 473 65 -1 449 65 473 -1 269 264 356 -1 376 377 403 -1 452 436 65 -1 464 469 64 -1 468 470 64 -1 474 461 460 -1 195 475 185 -1 476 467 461 -1 477 475 195 -1 318 475 442 -1 478 111 475 -1 319 478 475 -1 477 442 475 -1 249 479 248 -1 480 248 479 -1 319 475 318 -1 111 478 110 -1 481 482 480 -1 248 480 247 -1 185 475 111 -1 110 478 186 -1 321 478 319 -1 483 432 431 -1 315 478 321 -1 479 249 484 -1 485 486 487 -1 172 173 330 -1 484 336 488 -1 489 490 491 -1 332 172 330 -1 432 483 457 -1 163 492 405 -1 336 484 249 -1 457 463 447 -1 163 405 404 -1 488 493 494 -1 493 488 336 -1 491 490 495 -1 495 490 496 -1 497 131 453 -1 163 404 162 -1 403 453 376 -1 361 498 370 -1 404 417 162 -1 463 497 453 -1 463 453 403 -1 369 498 380 -1 331 169 418 -1 498 369 370 -1 486 499 500 -1 162 417 170 -1 418 170 417 -1 501 131 502 -1 486 500 487 -1 170 418 169 -1 490 503 504 -1 504 505 490 -1 169 331 173 -1 330 173 331 -1 487 506 507 -1 380 508 381 -1 497 463 502 -1 509 501 463 -1 498 508 380 -1 510 511 507 -1 512 513 514 -1 515 186 478 -1 186 515 187 -1 516 187 515 -1 512 514 517 -1 429 515 314 -1 518 482 481 -1 314 515 315 -1 478 315 515 -1 482 518 514 -1 195 229 477 -1 517 514 518 -1 442 477 441 -1 519 477 230 -1 482 514 363 -1 482 363 348 -1 230 477 229 -1 520 194 193 -1 344 482 348 -1 519 440 477 -1 489 491 521 -1 247 480 482 -1 172 332 204 -1 436 204 332 -1 508 312 522 -1 523 499 486 -1 204 436 205 -1 452 205 436 -1 344 247 482 -1 268 451 267 -1 523 524 499 -1 205 452 268 -1 451 268 452 -1 279 519 231 -1 280 525 279 -1 456 439 519 -1 513 358 360 -1 230 231 519 -1 386 526 385 -1 441 477 440 -1 514 360 362 -1 440 519 439 -1 514 513 360 -1 390 522 386 -1 526 386 522 -1 506 487 500 -1 363 514 362 -1 510 507 506 -1 527 469 525 -1 527 525 297 -1 297 525 280 -1 506 528 510 -1 519 279 525 -1 382 522 390 -1 525 456 519 -1 529 521 491 -1 495 529 491 -1 510 201 511 -1 456 525 464 -1 267 450 266 -1 449 266 450 -1 381 508 382 -1 522 382 508 -1 263 530 262 -1 531 521 532 -1 263 306 530 -1 306 473 530 -1 472 530 473 -1 533 534 535 -1 532 521 529 -1 536 511 201 -1 262 530 261 -1 385 526 395 -1 266 449 306 -1 194 536 201 -1 306 449 473 -1 536 194 520 -1 450 267 451 -1 287 527 286 -1 537 424 437 -1 538 527 287 -1 464 525 469 -1 469 527 468 -1 286 527 297 -1 527 470 468 -1 531 539 540 -1 541 540 539 -1 261 538 304 -1 542 413 543 -1 304 538 305 -1 415 543 413 -1 305 538 287 -1 470 527 538 -1 538 471 470 -1 539 544 541 -1 496 505 544 -1 261 530 471 -1 472 471 530 -1 541 544 505 -1 538 261 471 -1 528 203 510 -1 532 544 539 -1 532 539 531 -1 545 413 546 -1 547 548 549 -1 264 265 498 -1 203 201 510 -1 544 532 529 -1 495 496 529 -1 544 529 496 -1 550 551 413 -1 508 498 291 -1 547 552 422 -1 541 474 460 -1 550 413 545 -1 549 552 547 -1 361 356 264 -1 553 70 554 -1 542 546 413 -1 421 422 437 -1 541 505 504 -1 555 511 556 -1 557 474 541 -1 424 558 431 -1 559 560 349 -1 555 507 511 -1 556 511 561 -1 536 561 511 -1 562 561 520 -1 536 520 561 -1 541 504 557 -1 498 361 264 -1 563 564 413 -1 413 565 563 -1 503 557 504 -1 562 520 193 -1 566 562 193 -1 193 256 566 -1 356 357 269 -1 503 490 557 -1 566 256 567 -1 552 437 422 -1 560 568 350 -1 569 567 255 -1 265 291 498 -1 570 571 572 -1 291 312 508 -1 558 424 537 -1 572 521 476 -1 389 573 438 -1 483 431 558 -1 565 413 574 -1 476 521 467 -1 575 438 573 -1 531 467 521 -1 576 573 577 -1 578 579 276 -1 577 573 580 -1 581 580 573 -1 320 526 313 -1 540 582 531 -1 581 242 580 -1 540 541 582 -1 541 460 582 -1 462 582 460 -1 522 311 313 -1 574 413 551 -1 582 466 531 -1 311 522 312 -1 575 573 576 -1 467 531 466 -1 466 582 462 -1 393 581 388 -1 583 413 584 -1 585 584 413 -1 388 573 389 -1 277 276 579 -1 585 413 586 -1 586 413 564 -1 578 587 588 -1 224 581 589 -1 242 581 224 -1 256 255 567 -1 573 388 581 -1 359 589 384 -1 590 526 320 -1 255 272 569 -1 513 235 589 -1 513 589 359 -1 513 359 358 -1 569 272 271 -1 522 313 526 -1 581 394 589 -1 384 589 394 -1 394 581 393 -1 270 588 271 -1 446 591 448 -1 474 557 490 -1 590 592 526 -1 526 592 395 -1 588 270 579 -1 277 579 270 -1 588 579 578 -1 446 443 575 -1 591 446 575 -1 461 474 490 -1 438 575 443 -1 592 435 395 -1 502 463 501 -1 448 591 444 -1 430 593 426 -1 426 593 594 -1 594 595 425 -1 596 597 485 -1 598 535 599 -1 218 600 601 -1 601 602 174 -1 576 603 575 -1 604 605 606 -1 606 607 604 -1 608 548 607 -1 523 609 610 -1 609 523 486 -1 607 606 608 -1 426 594 425 -1 609 486 485 -1 608 549 548 -1 165 591 164 -1 485 487 596 -1 611 425 595 -1 602 591 165 -1 602 165 174 -1 596 487 507 -1 591 602 444 -1 596 507 555 -1 612 509 613 -1 509 605 613 -1 237 591 575 -1 164 591 237 -1 237 575 603 -1 614 69 615 -1 434 593 430 -1 445 602 465 -1 434 592 593 -1 602 445 444 -1 602 600 465 -1 616 69 614 -1 592 617 593 -1 217 600 218 -1 596 555 597 -1 602 601 600 -1 597 555 556 -1 599 535 618 -1 435 592 434 -1 225 589 235 -1 235 513 236 -1 236 513 512 -1 619 618 535 -1 224 589 225 -1 620 117 621 -1 622 117 620 -1 623 117 622 -1 587 276 624 -1 625 626 12 -1 627 12 628 -1 624 597 587 -1 629 131 501 -1 630 117 631 -1 632 12 627 -1 624 633 597 -1 509 463 457 -1 634 131 635 -1 636 117 637 -1 629 501 509 -1 638 276 639 -1 624 276 633 -1 639 276 640 -1 597 639 640 -1 509 635 629 -1 640 276 641 -1 641 276 642 -1 643 117 636 -1 644 117 643 -1 645 117 644 -1 645 631 117 -1 621 117 630 -1 640 641 597 -1 641 642 597 -1 646 647 648 -1 649 650 651 -1 652 653 654 -1 655 653 652 -1 656 653 657 -1 658 659 653 -1 660 661 653 -1 653 413 662 -1 650 662 413 -1 650 647 646 -1 663 648 647 -1 663 664 665 -1 664 666 667 -1 666 668 667 -1 668 669 670 -1 669 671 672 -1 673 674 675 -1 676 675 674 -1 674 677 676 -1 678 676 677 -1 677 679 678 -1 680 678 679 -1 679 681 680 -1 682 680 681 -1 681 683 682 -1 684 682 683 -1 683 685 684 -1 686 684 685 -1 685 687 686 -1 688 686 687 -1 687 689 688 -1 690 688 689 -1 689 691 690 -1 692 690 691 -1 691 693 692 -1 694 692 693 -1 694 693 695 -1 694 695 696 -1 694 696 697 -1 694 697 698 -1 694 698 699 -1 694 699 700 -1 694 700 701 -1 694 701 702 -1 694 702 461 -1 694 461 490 -1 694 490 703 -1 694 703 704 -1 694 704 705 -1 694 705 706 -1 694 706 707 -1 694 707 708 -1 694 708 709 -1 694 709 710 -1 694 710 221 -1 694 221 283 -1 694 283 711 -1 694 711 712 -1 694 712 713 -1 694 713 714 -1 694 714 715 -1 694 715 716 -1 717 718 131 -1 718 719 131 -1 642 720 721 -1 12 722 628 -1 717 509 718 -1 642 721 597 -1 719 723 131 -1 723 724 131 -1 509 719 718 -1 721 725 597 -1 724 726 131 -1 12 727 722 -1 728 729 730 -1 730 729 694 -1 731 732 733 -1 734 732 731 -1 735 736 737 -1 738 736 739 -1 694 740 732 -1 741 742 743 -1 744 745 732 -1 745 746 732 -1 725 720 747 -1 509 723 719 -1 725 747 597 -1 726 748 131 -1 749 750 535 -1 750 751 535 -1 751 752 535 -1 752 533 535 -1 509 724 723 -1 747 753 597 -1 598 754 535 -1 754 755 535 -1 509 726 724 -1 753 756 597 -1 757 758 759 -1 509 748 726 -1 760 727 12 -1 761 762 597 -1 756 761 597 -1 763 535 764 -1 755 764 535 -1 765 766 116 -1 509 767 748 -1 768 597 769 -1 770 771 12 -1 771 760 12 -1 768 772 597 -1 509 773 767 -1 774 770 12 -1 694 732 775 -1 637 117 776 -1 772 777 597 -1 778 773 779 -1 780 12 781 -1 774 12 780 -1 782 781 11 -1 12 11 781 -1 783 610 597 -1 117 116 784 -1 116 766 785 -1 786 787 788 -1 786 789 787 -1 556 561 597 -1 790 791 11 -1 787 789 792 -1 509 606 605 -1 790 11 793 -1 509 608 606 -1 561 562 597 -1 509 549 608 -1 794 694 795 -1 794 796 694 -1 797 798 116 -1 799 797 116 -1 800 792 801 -1 562 566 597 -1 509 552 549 -1 788 802 803 -1 799 116 804 -1 805 69 616 -1 566 567 597 -1 509 437 552 -1 806 276 807 -1 765 116 798 -1 808 116 785 -1 791 809 11 -1 810 70 811 -1 509 537 437 -1 567 569 597 -1 553 811 70 -1 803 786 788 -1 509 558 537 -1 569 271 597 -1 809 812 11 -1 813 782 11 -1 483 558 509 -1 271 588 597 -1 814 804 116 -1 815 793 11 -1 816 817 11 -1 629 635 131 -1 818 276 819 -1 812 813 11 -1 509 457 483 -1 588 587 597 -1 817 815 11 -1 820 784 116 -1 784 776 117 -1 821 694 796 -1 633 276 806 -1 808 820 116 -1 792 795 801 -1 597 633 806 -1 789 794 795 -1 789 795 792 -1 806 807 597 -1 822 131 823 -1 823 131 634 -1 807 276 818 -1 803 824 786 -1 807 818 597 -1 635 509 634 -1 818 819 597 -1 509 823 634 -1 825 13 826 -1 819 276 827 -1 828 829 131 -1 822 828 131 -1 819 827 597 -1 509 822 823 -1 827 276 830 -1 789 821 796 -1 829 831 131 -1 789 796 794 -1 827 830 597 -1 509 828 822 -1 826 13 832 -1 833 834 835 -1 836 118 837 -1 830 276 638 -1 830 638 597 -1 509 829 828 -1 838 131 831 -1 638 639 597 -1 509 831 829 -1 721 720 725 -1 717 131 838 -1 747 720 753 -1 839 118 840 -1 509 838 831 -1 841 13 842 -1 841 843 13 -1 832 13 843 -1 756 720 761 -1 509 717 838 -1 748 767 131 -1 767 773 131 -1 844 845 118 -1 846 118 845 -1 769 597 762 -1 773 778 131 -1 847 848 849 -1 850 848 847 -1 851 840 118 -1 852 118 839 -1 852 844 118 -1 509 779 773 -1 853 854 70 -1 70 854 855 -1 855 554 70 -1 825 856 13 -1 851 118 857 -1 858 13 856 -1 859 860 509 -1 861 862 863 -1 509 864 859 -1 857 118 865 -1 862 866 867 -1 714 868 118 -1 869 69 870 -1 69 805 871 -1 871 870 69 -1 850 847 867 -1 872 13 873 -1 858 873 13 -1 874 875 650 -1 876 13 872 -1 877 878 13 -1 879 14 878 -1 880 70 881 -1 882 883 884 -1 885 650 886 -1 882 884 887 -1 876 877 13 -1 888 889 119 -1 890 119 891 -1 892 69 893 -1 894 69 895 -1 896 14 879 -1 897 14 896 -1 882 898 883 -1 899 69 869 -1 891 119 900 -1 901 119 902 -1 903 902 118 -1 836 903 118 -1 846 837 118 -1 880 853 70 -1 900 119 901 -1 904 905 906 -1 887 884 907 -1 906 908 909 -1 910 70 911 -1 604 912 907 -1 911 70 913 -1 914 913 69 -1 915 650 916 -1 917 650 915 -1 909 908 918 -1 890 888 119 -1 919 918 908 -1 893 69 894 -1 914 69 920 -1 892 920 69 -1 921 886 650 -1 922 923 119 -1 899 895 69 -1 924 70 910 -1 881 70 925 -1 924 925 70 -1 69 913 70 -1 926 916 650 -1 917 921 650 -1 884 613 907 -1 849 905 904 -1 906 759 908 -1 927 71 928 -1 929 928 71 -1 905 759 906 -1 930 119 889 -1 908 759 919 -1 931 932 933 -1 934 14 935 -1 758 919 759 -1 597 610 609 -1 922 119 930 -1 758 936 919 -1 485 597 609 -1 935 14 937 -1 938 14 897 -1 933 932 939 -1 919 936 802 -1 940 941 72 -1 942 14 943 -1 937 14 944 -1 923 945 119 -1 943 14 934 -1 944 14 938 -1 946 523 610 -1 118 902 119 -1 13 878 14 -1 620 865 622 -1 947 948 949 -1 949 950 946 -1 951 950 949 -1 952 932 953 -1 776 837 637 -1 946 524 523 -1 939 932 952 -1 946 950 524 -1 907 605 604 -1 839 645 852 -1 644 852 645 -1 954 775 732 -1 907 613 605 -1 840 631 839 -1 645 839 631 -1 851 630 840 -1 631 840 630 -1 628 722 826 -1 955 956 957 -1 958 955 957 -1 630 851 621 -1 959 960 961 -1 957 956 962 -1 627 628 832 -1 957 962 958 -1 954 960 775 -1 843 632 627 -1 636 846 845 -1 637 846 636 -1 963 694 775 -1 844 643 845 -1 636 845 643 -1 826 832 628 -1 963 775 960 -1 852 644 844 -1 643 844 644 -1 627 832 843 -1 964 953 932 -1 857 621 851 -1 951 948 965 -1 966 965 948 -1 621 857 620 -1 865 620 857 -1 951 965 967 -1 951 967 950 -1 968 415 969 -1 970 788 971 -1 972 874 969 -1 788 970 802 -1 801 795 694 -1 950 967 973 -1 959 971 787 -1 632 841 625 -1 798 974 765 -1 841 632 843 -1 972 414 975 -1 788 787 971 -1 976 72 977 -1 966 978 965 -1 765 979 766 -1 787 792 959 -1 841 842 625 -1 626 625 842 -1 792 960 959 -1 975 980 875 -1 981 977 72 -1 974 982 889 -1 983 694 963 -1 800 694 983 -1 801 694 800 -1 825 722 727 -1 825 727 856 -1 975 875 972 -1 960 983 963 -1 825 826 722 -1 984 71 985 -1 984 929 71 -1 888 974 889 -1 986 985 71 -1 983 960 800 -1 792 800 960 -1 987 783 597 -1 890 974 888 -1 727 760 856 -1 874 972 875 -1 936 803 802 -1 988 968 989 -1 874 989 968 -1 969 874 968 -1 71 990 991 -1 927 990 71 -1 947 777 992 -1 993 994 995 -1 760 771 858 -1 949 783 947 -1 770 774 872 -1 947 783 987 -1 995 909 918 -1 415 414 969 -1 996 997 998 -1 999 785 979 -1 858 856 760 -1 783 949 946 -1 423 975 414 -1 770 872 771 -1 873 771 872 -1 783 946 610 -1 998 970 996 -1 873 858 771 -1 890 979 974 -1 1000 1001 72 -1 1001 1002 72 -1 940 72 1002 -1 988 543 968 -1 785 999 808 -1 1003 1004 1005 -1 998 802 970 -1 941 981 72 -1 877 780 878 -1 781 878 780 -1 980 423 1006 -1 766 979 785 -1 753 720 756 -1 996 970 1007 -1 972 969 414 -1 891 979 890 -1 876 872 774 -1 1008 762 720 -1 876 774 877 -1 780 877 774 -1 1009 1007 971 -1 970 971 1007 -1 980 975 423 -1 1010 1008 720 -1 761 720 762 -1 891 900 979 -1 999 979 900 -1 813 896 782 -1 879 782 896 -1 762 1008 769 -1 998 918 919 -1 878 781 879 -1 782 879 781 -1 837 776 836 -1 836 776 1011 -1 784 1011 776 -1 1012 71 1013 -1 991 1014 71 -1 846 637 837 -1 1013 71 1014 -1 919 802 998 -1 896 813 897 -1 812 897 813 -1 820 1011 784 -1 897 812 938 -1 987 597 777 -1 943 817 942 -1 816 942 817 -1 1011 820 999 -1 808 999 820 -1 934 815 943 -1 817 943 815 -1 1015 72 1016 -1 1017 1016 72 -1 836 1011 903 -1 1010 1018 769 -1 1019 769 1018 -1 1008 1010 769 -1 954 732 1020 -1 1000 72 1021 -1 1022 793 815 -1 1023 1022 934 -1 901 999 900 -1 768 1024 772 -1 746 745 1025 -1 934 1022 815 -1 1023 934 935 -1 1011 999 902 -1 901 902 999 -1 1023 791 1022 -1 903 1011 902 -1 1026 1027 71 -1 1012 1026 71 -1 1009 971 959 -1 937 1023 935 -1 1009 959 961 -1 1028 72 1029 -1 1030 1029 71 -1 1031 860 1032 -1 1022 790 793 -1 1028 1033 72 -1 1033 1034 72 -1 1017 72 1034 -1 1015 1021 72 -1 960 1025 961 -1 790 1022 791 -1 937 944 1023 -1 1027 1030 71 -1 71 1029 72 -1 1020 1025 954 -1 960 954 1025 -1 1025 1020 746 -1 962 956 1035 -1 854 990 855 -1 942 816 1036 -1 962 1035 958 -1 855 927 554 -1 928 554 927 -1 791 1023 944 -1 554 928 553 -1 929 553 928 -1 799 982 797 -1 974 797 982 -1 1037 1031 958 -1 553 929 811 -1 984 811 929 -1 1038 1039 1040 -1 797 974 798 -1 979 765 974 -1 791 944 809 -1 938 809 944 -1 982 799 804 -1 809 938 812 -1 772 1024 777 -1 992 777 1024 -1 945 1041 1042 -1 777 947 987 -1 1041 945 923 -1 909 995 994 -1 898 1043 864 -1 1018 720 1044 -1 1010 720 1018 -1 982 930 889 -1 864 1045 898 -1 1018 1044 1019 -1 1044 720 1046 -1 930 982 922 -1 1047 1048 1049 -1 1044 1046 1019 -1 1041 982 804 -1 769 1019 1050 -1 1051 1052 1053 -1 1047 1054 1048 -1 1046 720 1055 -1 923 922 1041 -1 982 1041 922 -1 1056 1053 1052 -1 904 1049 1048 -1 1046 1055 1019 -1 1057 1041 814 -1 814 1041 804 -1 769 1050 768 -1 1053 752 1051 -1 1048 849 904 -1 1056 533 1053 -1 1035 956 1058 -1 1058 778 779 -1 768 1050 1024 -1 904 994 1049 -1 904 906 994 -1 1057 1059 1041 -1 994 906 909 -1 1060 1056 1052 -1 958 1035 779 -1 1058 779 1035 -1 1061 20 1062 -1 1063 124 1064 -1 1054 847 1048 -1 1054 867 847 -1 1065 124 1063 -1 1037 958 779 -1 1048 847 849 -1 860 1031 1037 -1 1065 1066 124 -1 124 1067 1068 -1 752 1053 533 -1 533 1056 1060 -1 1032 859 1043 -1 947 992 948 -1 1069 20 1061 -1 951 949 948 -1 1032 860 859 -1 864 1043 859 -1 1070 1071 1072 -1 1073 1019 1074 -1 1067 124 1075 -1 1075 124 1066 -1 883 898 1045 -1 1050 1019 1076 -1 612 884 883 -1 1077 534 1060 -1 1062 20 1078 -1 1019 1073 1076 -1 1045 612 883 -1 612 613 884 -1 1079 123 1080 -1 1081 1071 1082 -1 123 1083 124 -1 1084 1072 1071 -1 1085 1086 20 -1 124 1087 1088 -1 1064 124 1088 -1 1089 123 1090 -1 1091 992 1024 -1 1071 1081 1084 -1 992 1091 948 -1 1084 1054 1072 -1 1092 1078 20 -1 1091 966 948 -1 1037 779 509 -1 1091 1093 966 -1 871 940 870 -1 509 860 1037 -1 1092 20 1086 -1 1072 1054 1047 -1 863 1081 1094 -1 1045 864 509 -1 509 612 1045 -1 1081 862 1084 -1 1081 863 862 -1 1095 20 1096 -1 1084 862 867 -1 1084 867 1054 -1 1097 1098 1099 -1 1097 1099 1100 -1 1101 1102 1103 -1 1103 1104 1105 -1 20 19 1106 -1 1107 1106 19 -1 1108 20 1109 -1 1109 20 1106 -1 615 976 614 -1 1110 1111 1112 -1 1113 1114 1115 -1 805 941 871 -1 1104 1102 1116 -1 977 614 976 -1 1117 1118 615 -1 1099 1115 1119 -1 1114 1119 1115 -1 614 977 616 -1 981 616 977 -1 1120 1100 1099 -1 1112 1111 1121 -1 1110 565 1111 -1 616 981 805 -1 941 805 981 -1 940 871 941 -1 1122 1047 1123 -1 1116 1102 1124 -1 1072 1047 1122 -1 810 985 1125 -1 986 1125 985 -1 1104 1116 1126 -1 1123 1047 1049 -1 1124 1127 1116 -1 811 984 810 -1 985 810 984 -1 1123 1049 1128 -1 853 991 854 -1 990 854 991 -1 1104 1126 1105 -1 927 855 990 -1 993 1128 994 -1 1099 1119 1120 -1 1126 1129 1105 -1 991 853 1014 -1 1128 1049 994 -1 1130 20 1131 -1 870 1002 869 -1 1001 869 1002 -1 1119 1132 1133 -1 995 918 997 -1 869 1001 899 -1 1000 899 1001 -1 1134 20 1130 -1 1135 1116 1127 -1 1116 1136 1126 -1 1002 870 940 -1 1137 1100 1120 -1 918 998 997 -1 1116 1135 1136 -1 1133 1120 1119 -1 881 925 1012 -1 853 880 1014 -1 1095 1131 20 -1 881 1013 880 -1 1014 880 1013 -1 1013 881 1012 -1 1127 1138 1135 -1 1096 20 1108 -1 894 1015 893 -1 1016 893 1015 -1 920 892 1139 -1 892 1017 1139 -1 1034 1139 1017 -1 1135 1140 1136 -1 545 546 1111 -1 1033 1139 1034 -1 1028 914 1033 -1 1141 1142 1143 -1 895 1021 894 -1 1143 1114 1144 -1 1143 1132 1119 -1 1143 1119 1114 -1 1017 892 1016 -1 893 1016 892 -1 1015 894 1021 -1 899 1000 895 -1 1021 895 1000 -1 910 1027 924 -1 1145 1146 886 -1 911 1030 910 -1 1027 910 1030 -1 1026 924 1027 -1 746 1020 732 -1 1012 925 1026 -1 924 1026 925 -1 1030 911 1029 -1 913 1029 911 -1 1029 913 1028 -1 1145 921 1147 -1 1028 913 914 -1 1139 1033 914 -1 1141 1148 1142 -1 920 1139 914 -1 1093 1149 978 -1 1142 1132 1143 -1 1132 1150 1133 -1 744 1151 745 -1 1152 1153 19 -1 1080 123 1154 -1 1093 978 966 -1 1155 74 1156 -1 1157 1158 19 -1 1159 965 978 -1 1114 1113 1144 -1 1152 19 1160 -1 1153 1161 19 -1 1162 1101 1149 -1 1121 1147 1112 -1 1163 1164 19 -1 1141 1144 1165 -1 1103 1159 978 -1 1144 1141 1143 -1 1123 1151 1122 -1 1161 1107 19 -1 1128 1151 1123 -1 1166 720 1167 -1 1074 720 1166 -1 1055 720 1074 -1 1166 1167 1073 -1 1168 123 1079 -1 1090 123 1168 -1 1167 720 1169 -1 1151 1128 993 -1 1158 1160 19 -1 1167 1169 1073 -1 1166 1073 1074 -1 1055 1074 1019 -1 1170 19 1171 -1 1170 1163 19 -1 1134 1085 20 -1 1164 1157 19 -1 886 921 1145 -1 1172 73 1173 -1 1142 1174 1132 -1 1050 1076 1175 -1 1150 1132 1174 -1 1175 1024 1050 -1 1091 1024 1175 -1 1176 720 1177 -1 1169 720 1176 -1 1176 1177 1178 -1 1179 73 1180 -1 1180 73 1172 -1 732 1181 1182 -1 1182 1183 732 -1 744 732 1184 -1 1185 1186 720 -1 1181 1151 1182 -1 1178 1073 1176 -1 1169 1176 1073 -1 1181 732 1187 -1 1188 1187 732 -1 1181 1187 1151 -1 1076 1073 1189 -1 1190 74 1191 -1 1192 1193 74 -1 1073 1178 1189 -1 1191 74 1155 -1 1187 1188 1151 -1 1174 1142 1194 -1 1076 1189 1195 -1 1156 74 1196 -1 1188 732 1197 -1 1188 1197 1151 -1 1198 1199 1200 -1 1201 917 1202 -1 1197 1203 1151 -1 1076 1195 1175 -1 1148 1204 1142 -1 1175 1195 1093 -1 1203 732 1205 -1 1206 1202 1207 -1 1204 1148 1208 -1 1205 1151 1203 -1 1149 1093 1195 -1 1209 1210 1206 -1 1202 1206 1210 -1 564 1202 1210 -1 1194 1142 1204 -1 1174 1194 1211 -1 1212 1151 1205 -1 1213 123 1214 -1 1175 1093 1091 -1 1209 1215 1210 -1 1212 732 1216 -1 1177 720 1217 -1 1218 1178 1217 -1 1194 1219 1211 -1 1151 1212 1216 -1 1177 1217 1178 -1 1150 1174 1211 -1 1217 720 1220 -1 1218 1217 1220 -1 1208 1221 1204 -1 1178 1218 1222 -1 1213 1154 123 -1 1087 124 1083 -1 1089 1083 123 -1 1223 1194 1221 -1 1194 1204 1221 -1 1224 21 1225 -1 1219 1194 1223 -1 1222 1189 1178 -1 1110 921 1201 -1 1226 1225 21 -1 1189 1227 1195 -1 917 915 1202 -1 1189 1222 1227 -1 1228 1229 1151 -1 21 1230 1231 -1 1232 21 1233 -1 1227 1149 1195 -1 1215 1209 1206 -1 1220 720 1234 -1 1235 21 1232 -1 1235 1236 21 -1 21 1236 1226 -1 1231 1233 21 -1 1186 1237 1234 -1 1234 1218 1220 -1 1238 1223 1221 -1 1239 1240 125 -1 1241 1227 1222 -1 993 995 1151 -1 1112 921 1110 -1 1223 1238 1242 -1 1149 1227 1162 -1 1224 1243 21 -1 916 1206 1207 -1 995 997 1151 -1 1244 1245 21 -1 1246 126 1247 -1 1162 1227 1241 -1 1248 1247 125 -1 997 996 1151 -1 125 1247 126 -1 1249 126 1246 -1 660 653 656 -1 1250 1248 125 -1 1149 1101 978 -1 1251 660 1252 -1 1252 656 657 -1 125 1253 1250 -1 996 1007 1151 -1 1101 1103 978 -1 656 1252 660 -1 657 653 655 -1 916 926 1215 -1 1206 916 1215 -1 657 655 1252 -1 1253 125 1254 -1 1255 1251 1252 -1 1007 1009 1151 -1 1249 1256 126 -1 655 652 1252 -1 1241 1257 1258 -1 650 413 926 -1 1009 961 1151 -1 1241 1258 1162 -1 1243 1244 21 -1 1162 1102 1101 -1 961 1025 1151 -1 1259 1260 21 -1 1261 1262 22 -1 1261 21 1260 -1 1162 1258 1102 -1 1263 542 1264 -1 1264 542 988 -1 1104 1103 1102 -1 1245 1259 21 -1 1146 542 1263 -1 1184 1151 744 -1 1025 745 1151 -1 1113 1265 1144 -1 1184 732 1266 -1 1265 1165 1144 -1 1267 1268 1257 -1 1184 1266 1151 -1 415 968 543 -1 1257 1269 1258 -1 1266 732 1270 -1 654 653 1271 -1 1272 22 1273 -1 1257 1268 1269 -1 654 1271 1274 -1 1266 1270 1151 -1 1271 653 1275 -1 1271 1275 1274 -1 1270 732 1276 -1 1274 1252 654 -1 652 654 1252 -1 1234 720 1186 -1 1185 720 1277 -1 1270 1276 1151 -1 1185 1237 1186 -1 1218 1234 1237 -1 1276 732 1278 -1 1196 74 1279 -1 1280 1279 74 -1 1145 1147 1146 -1 1281 1282 22 -1 1276 1278 1151 -1 1185 1277 1237 -1 1237 1283 1218 -1 1278 732 1284 -1 1183 1285 732 -1 1147 546 1146 -1 1277 720 1286 -1 1278 1284 1151 -1 1277 1286 1237 -1 1284 732 1285 -1 1287 22 1288 -1 1284 1285 1151 -1 1218 1283 1222 -1 1241 1222 1283 -1 1289 73 1290 -1 1291 73 1289 -1 1292 73 1291 -1 1293 73 1292 -1 1285 1183 1151 -1 1290 73 1179 -1 1286 720 1294 -1 885 886 1146 -1 1183 1182 1151 -1 1295 1237 1294 -1 1286 1294 1237 -1 1294 720 1296 -1 1297 545 1298 -1 1299 1300 22 -1 1301 22 1302 -1 1296 1295 1294 -1 1111 1298 545 -1 1303 1304 732 -1 1305 1281 22 -1 1282 1299 22 -1 1287 1305 22 -1 1237 1295 1267 -1 1252 1306 1255 -1 1307 1308 1309 -1 1264 989 1263 -1 1197 732 1203 -1 1300 1302 22 -1 1252 1274 1306 -1 1237 1267 1283 -1 1255 1306 1165 -1 1283 1257 1241 -1 1205 732 1212 -1 1263 885 1146 -1 1288 22 1262 -1 1283 1267 1257 -1 885 1263 989 -1 1216 732 1304 -1 1264 988 989 -1 1255 1165 1265 -1 1310 1295 1311 -1 1296 1311 1295 -1 1216 1304 1151 -1 1312 1267 1295 -1 1275 653 662 -1 1313 1151 1303 -1 1304 1303 1151 -1 1151 1313 1314 -1 1315 1274 662 -1 1275 662 1274 -1 662 650 649 -1 1296 720 1311 -1 1316 1311 720 -1 1317 1318 720 -1 1301 1273 22 -1 1316 1318 1310 -1 1318 1316 720 -1 662 649 1315 -1 1318 1317 1310 -1 1112 1147 921 -1 1274 1315 1319 -1 1316 1310 1311 -1 21 1261 22 -1 1320 1075 1308 -1 917 1201 921 -1 1274 1319 1306 -1 1151 1229 1070 -1 1070 1122 1151 -1 1306 1321 1165 -1 1312 1295 1310 -1 1267 1312 1268 -1 1228 1322 1323 -1 1063 1064 1324 -1 1069 1325 1326 -1 1327 1323 1322 -1 1306 1319 1321 -1 1308 1065 1324 -1 1228 1323 1082 -1 1141 1165 1321 -1 1124 1102 1258 -1 1228 1082 1229 -1 916 1207 915 -1 1070 1229 1071 -1 1124 1258 1269 -1 1229 1082 1071 -1 1328 720 1329 -1 1317 720 1328 -1 1330 1310 1328 -1 1330 1328 1329 -1 1317 1328 1310 -1 1072 1122 1070 -1 1066 1065 1308 -1 1329 720 1331 -1 1207 1202 915 -1 1332 1333 1323 -1 649 651 1315 -1 1063 1324 1065 -1 1329 1331 1330 -1 1310 1330 1334 -1 720 241 1331 -1 1331 1335 1330 -1 1336 1215 926 -1 1312 1310 1334 -1 1319 1337 1321 -1 1303 732 1338 -1 1075 1066 1308 -1 1303 1338 1313 -1 1312 1339 1268 -1 1075 1320 1067 -1 1078 1092 1340 -1 1154 1341 1080 -1 1312 1334 1339 -1 1078 1340 1062 -1 1321 1337 1148 -1 1151 1314 1342 -1 1268 1339 1343 -1 1080 1341 1079 -1 1336 926 413 -1 1342 1344 1151 -1 1236 1235 1345 -1 1340 1345 1235 -1 1062 1340 1346 -1 1151 1344 1322 -1 563 565 1201 -1 1087 1347 1088 -1 1268 1343 1269 -1 1322 1228 1151 -1 1346 1340 1232 -1 574 1298 565 -1 1298 1111 565 -1 1269 1343 1127 -1 1340 1235 1232 -1 1090 1348 1089 -1 1349 1089 1348 -1 1062 1346 1061 -1 1338 732 1350 -1 1280 74 1351 -1 1110 1201 565 -1 1201 1202 563 -1 1233 1346 1232 -1 1350 1352 1313 -1 1353 1313 1352 -1 1354 1355 1208 -1 563 1202 564 -1 1338 1350 1313 -1 1346 1325 1069 -1 1337 1208 1148 -1 1088 1347 1064 -1 1297 1298 574 -1 1346 1233 1231 -1 1356 1342 1314 -1 1061 1346 1069 -1 1357 670 1358 -1 1359 73 1360 -1 1359 1361 73 -1 1342 1356 1344 -1 1362 1344 1356 -1 670 669 672 -1 1344 1327 1322 -1 1345 1340 1092 -1 550 545 1297 -1 1344 1362 1327 -1 670 672 1358 -1 551 1297 574 -1 1293 1363 73 -1 1348 1090 1168 -1 672 1364 1358 -1 988 542 543 -1 1269 1127 1124 -1 1083 1349 1087 -1 1365 1345 1085 -1 1248 1349 1247 -1 1323 1094 1082 -1 1366 1367 1368 -1 1323 1333 1094 -1 1369 1330 1370 -1 1335 1370 1330 -1 542 1146 546 -1 1371 1354 1368 -1 1094 1081 1082 -1 1368 1367 1371 -1 1225 1365 1224 -1 1121 1111 546 -1 1147 1121 546 -1 1372 1373 1374 -1 1089 1349 1083 -1 1086 1085 1345 -1 1355 1354 1371 -1 1297 551 550 -1 1347 1087 1349 -1 1225 1226 1365 -1 1345 1365 1226 -1 1375 1332 1376 -1 1349 1348 1247 -1 1208 1355 1221 -1 1334 1377 1339 -1 1064 1347 1324 -1 1378 1358 1364 -1 1248 1250 1349 -1 1347 1349 1250 -1 1333 1332 1379 -1 1375 1379 1332 -1 1347 1250 1253 -1 1333 1379 1380 -1 1345 1226 1236 -1 1333 1380 1094 -1 586 1210 585 -1 1215 585 1210 -1 584 1381 583 -1 863 1094 1380 -1 1092 1086 1345 -1 1246 1247 1348 -1 584 585 1381 -1 585 1215 1381 -1 1336 1381 1215 -1 1348 1249 1246 -1 1336 413 1381 -1 564 1210 586 -1 1375 1382 1379 -1 1253 1254 1347 -1 583 1381 413 -1 1383 1384 1385 -1 1238 1221 1355 -1 1134 1365 1085 -1 665 664 667 -1 651 650 646 -1 646 648 1386 -1 648 663 1387 -1 1213 1388 1154 -1 648 1387 1386 -1 1352 732 1389 -1 1352 1350 732 -1 646 1386 651 -1 1315 651 1386 -1 1390 1391 1392 -1 1154 1388 1341 -1 1352 1389 1353 -1 1393 1319 1315 -1 1389 732 1394 -1 1389 1394 1353 -1 1348 1168 1341 -1 1079 1341 1168 -1 1315 1386 1393 -1 1395 1351 74 -1 1313 1353 1396 -1 1397 1398 712 -1 1337 1319 1393 -1 1214 1399 1213 -1 1388 1213 1399 -1 1394 1400 1353 -1 1396 1314 1313 -1 1148 1141 1321 -1 1401 74 1402 -1 1402 74 1403 -1 1314 1396 1356 -1 1108 1404 1096 -1 1387 663 665 -1 667 668 1357 -1 1405 939 1406 -1 1366 1386 665 -1 1387 665 1386 -1 1096 1404 1095 -1 1260 1259 1108 -1 1109 1260 1108 -1 665 667 1366 -1 1386 1366 1368 -1 1407 1360 73 -1 1361 1408 73 -1 1409 73 1408 -1 1410 73 1409 -1 1261 1106 1262 -1 73 1363 1407 -1 1400 1411 1353 -1 1412 1353 1411 -1 1386 1368 1393 -1 1260 1109 1261 -1 1106 1261 1109 -1 1413 74 1410 -1 1403 74 1413 -1 1401 1395 74 -1 73 1410 74 -1 1337 1393 1354 -1 1348 1341 1249 -1 1161 1288 1107 -1 1354 1393 1368 -1 1414 1415 1416 -1 1337 1354 1208 -1 1107 1262 1106 -1 1362 1356 1376 -1 1417 1365 1130 -1 1358 1366 1357 -1 1357 1366 667 -1 1362 1376 1332 -1 1418 75 1419 -1 1358 1367 1366 -1 1362 1332 1327 -1 1332 1323 1327 -1 1394 732 1400 -1 1420 1411 732 -1 1420 732 1421 -1 1411 1400 732 -1 1134 1130 1365 -1 1420 1421 1412 -1 1421 732 1422 -1 1355 1371 1423 -1 1421 1422 1412 -1 1238 1355 1423 -1 1411 1420 1412 -1 1424 1425 1426 -1 1427 1426 1425 -1 1423 1428 1238 -1 1429 1396 1353 -1 1423 1430 1428 -1 1224 1365 1243 -1 1431 128 1432 -1 1243 1365 1417 -1 1353 1412 1429 -1 1433 1434 1397 -1 1435 1397 1434 -1 1396 1429 1436 -1 1437 956 1438 -1 1439 956 1437 -1 1439 1437 1440 -1 1441 1442 128 -1 1437 1438 1440 -1 1131 1095 1417 -1 1404 1417 1095 -1 1396 1436 1356 -1 1376 1356 1436 -1 1426 1427 1443 -1 1245 1404 1259 -1 1378 1440 1444 -1 1244 1417 1245 -1 1243 1417 1244 -1 1424 1426 764 -1 763 764 1426 -1 1443 763 1426 -1 1445 1446 76 -1 1447 128 1431 -1 1422 1448 1412 -1 1417 1130 1131 -1 1449 1450 76 -1 749 763 1451 -1 1404 1245 1417 -1 1412 1452 1429 -1 1446 1449 76 -1 1453 1454 76 -1 1454 1445 76 -1 1455 1419 75 -1 1456 1043 1430 -1 1424 755 1425 -1 1404 1108 1259 -1 1436 1457 1376 -1 1390 1392 1458 -1 1458 1392 1459 -1 1428 882 1238 -1 1242 1238 882 -1 1376 1457 1375 -1 882 887 1242 -1 732 1460 1461 -1 1448 732 1461 -1 1422 732 1448 -1 1438 956 1462 -1 1462 956 955 -1 1461 1463 1464 -1 1465 1272 1171 -1 1462 955 958 -1 1458 1459 1385 -1 1466 1415 1414 -1 1463 1461 1460 -1 1301 1170 1273 -1 1463 1467 1464 -1 1383 1385 1468 -1 1459 1468 1385 -1 1438 1462 1440 -1 958 1440 1462 -1 1171 1272 1273 -1 1412 1448 1464 -1 1461 1464 1448 -1 1171 1273 1170 -1 1444 1440 1031 -1 1440 958 1031 -1 1452 1412 1464 -1 1302 1163 1301 -1 1444 1031 1032 -1 1429 1452 1469 -1 1282 1158 1299 -1 1032 1456 1444 -1 1392 1391 1470 -1 1429 1469 1436 -1 1157 1299 1158 -1 1457 1436 1469 -1 1032 1043 1456 -1 1470 1391 1471 -1 1466 1472 1473 -1 1158 1282 1160 -1 1281 1160 1282 -1 1474 1475 732 -1 1476 1459 1392 -1 1477 127 1478 -1 1467 743 1464 -1 1430 898 1428 -1 1430 1043 898 -1 1152 1305 1153 -1 898 882 1428 -1 1288 1161 1287 -1 600 217 1466 -1 1439 1479 956 -1 1480 956 1479 -1 1481 673 1482 -1 675 1482 673 -1 1483 1484 1485 -1 1357 668 670 -1 1452 1486 1487 -1 1281 1152 1160 -1 1305 1152 1281 -1 1364 1488 1378 -1 1378 1488 1489 -1 1287 1153 1305 -1 1482 1485 1481 -1 1469 1490 1457 -1 1489 1480 1378 -1 1153 1287 1161 -1 1358 1378 1491 -1 1480 1479 1378 -1 1479 1439 1378 -1 1163 1302 1164 -1 1300 1164 1302 -1 1476 1392 1470 -1 1491 1367 1358 -1 1170 1301 1163 -1 1492 1371 1367 -1 1299 1157 1300 -1 1491 1492 1367 -1 1300 1157 1164 -1 1371 1492 1423 -1 1471 1493 1494 -1 1430 1423 1492 -1 1495 127 1496 -1 1497 127 1498 -1 1440 1378 1439 -1 1499 1500 1501 -1 1471 1494 1470 -1 1491 1378 1444 -1 1262 1107 1288 -1 1470 1502 1476 -1 1470 1494 1502 -1 1497 1496 127 -1 1491 1444 1456 -1 1503 1498 127 -1 127 1504 1503 -1 1505 1506 1499 -1 1505 1507 1506 -1 1508 1504 127 -1 1491 1456 1492 -1 1509 1510 127 -1 1492 1456 1430 -1 1511 1493 1512 -1 1499 1506 1500 -1 1513 1500 1506 -1 1508 127 1510 -1 1484 1481 1485 -1 1455 75 1514 -1 1515 1514 75 -1 1516 75 1517 -1 1518 1432 128 -1 1519 1520 1506 -1 1418 1517 75 -1 1453 76 1521 -1 1522 128 1523 -1 1524 76 1525 -1 1524 1521 76 -1 1526 1527 1528 -1 1529 127 1530 -1 1531 128 1532 -1 1507 1533 1519 -1 128 127 1534 -1 1534 1532 128 -1 1535 1534 127 -1 1495 1478 127 -1 1519 1506 1507 -1 1530 127 1477 -1 1513 1506 1520 -1 1531 1523 128 -1 1425 1536 1537 -1 1529 1535 127 -1 1533 1538 1519 -1 1533 1539 1538 -1 1522 1518 128 -1 1538 1540 1520 -1 1541 1542 1543 -1 1520 1519 1538 -1 1544 1545 1546 -1 1547 129 1548 -1 1549 129 1547 -1 1550 129 1549 -1 1551 129 1550 -1 1552 1538 1539 -1 1553 1554 1051 -1 1540 1538 1555 -1 1556 1557 1558 -1 1548 129 1559 -1 1560 1561 24 -1 1556 1558 1541 -1 1562 1563 24 -1 1564 1565 241 -1 1565 1370 241 -1 1566 129 1567 -1 1568 1569 1570 -1 1528 1569 1526 -1 1552 1539 1571 -1 1542 1541 1558 -1 1059 1570 1569 -1 1543 1542 1572 -1 1573 24 1574 -1 1059 1569 1528 -1 1571 1575 1552 -1 24 1573 1576 -1 1576 1560 24 -1 1543 1572 1577 -1 1552 1555 1538 -1 1567 129 1578 -1 1577 1391 1390 -1 1051 1554 1052 -1 1577 1572 1391 -1 1561 1562 24 -1 1579 1427 1537 -1 1580 1581 24 -1 1552 1575 1555 -1 1582 1555 1575 -1 1583 715 1584 -1 1557 1585 1558 -1 1586 130 1587 -1 130 1588 1587 -1 1589 1542 1558 -1 1590 130 1591 -1 939 1405 933 -1 1592 933 1405 -1 1586 1591 130 -1 1588 130 1593 -1 757 759 1594 -1 1572 1471 1391 -1 758 1595 936 -1 1558 1585 1589 -1 1406 952 1579 -1 953 1579 952 -1 24 23 1596 -1 757 1595 758 -1 1597 130 1590 -1 1595 1598 936 -1 1542 1599 1572 -1 1597 1600 130 -1 953 964 1579 -1 1542 1589 1599 -1 1601 1602 1595 -1 1427 1579 964 -1 1595 1602 1598 -1 1599 1471 1572 -1 1551 1578 129 -1 1580 24 1603 -1 1598 803 936 -1 1604 129 1566 -1 1605 1606 24 -1 1606 1607 24 -1 1607 1603 24 -1 1608 125 1609 -1 130 129 1610 -1 1594 1501 757 -1 1611 757 1501 -1 1589 1512 1599 -1 1427 964 1612 -1 1589 1613 1512 -1 1614 24 1596 -1 757 1601 1595 -1 1599 1512 1493 -1 1593 130 1615 -1 1611 1601 757 -1 1616 1617 130 -1 1512 1618 1511 -1 1619 126 1620 -1 1621 130 1610 -1 1622 1601 1611 -1 1623 129 1604 -1 1599 1493 1471 -1 1617 1615 130 -1 1619 1624 126 -1 1624 1625 126 -1 1626 126 1625 -1 1623 1627 129 -1 1627 1610 129 -1 1621 1616 130 -1 1628 1629 1630 -1 1592 931 933 -1 1611 1501 1500 -1 1405 1631 1592 -1 1500 1622 1611 -1 1632 1633 309 -1 1634 1632 309 -1 1635 309 1636 -1 1637 1638 23 -1 1639 75 1640 -1 1641 75 1516 -1 1642 1634 309 -1 1643 1551 1644 -1 1645 1646 23 -1 1647 1596 23 -1 1648 1647 23 -1 1638 1648 23 -1 1649 1583 1584 -1 1646 1637 23 -1 1650 76 1651 -1 1644 1431 1643 -1 1432 1643 1431 -1 1652 1645 23 -1 1653 1654 694 -1 1653 694 821 -1 1655 1651 76 -1 1656 76 1650 -1 1431 1644 1447 -1 1657 1441 1644 -1 1447 1644 1441 -1 1441 1657 1442 -1 1644 1549 1657 -1 1512 1613 1618 -1 803 1598 824 -1 1442 1657 1628 -1 1629 1628 1657 -1 1613 1658 1618 -1 1659 23 1660 -1 1661 1662 1649 -1 1663 23 1664 -1 1485 1364 1483 -1 1631 1665 1592 -1 789 786 1666 -1 1406 1665 1631 -1 1631 1405 1406 -1 952 1406 939 -1 786 824 1666 -1 1511 1667 1493 -1 1663 1660 23 -1 1668 23 1659 -1 23 1668 1652 -1 692 694 1669 -1 1654 1669 694 -1 789 1666 821 -1 1653 821 1666 -1 1670 1665 1406 -1 1614 1605 24 -1 1581 1574 24 -1 1649 1671 1661 -1 824 1672 1666 -1 1654 1653 1666 -1 1602 1673 1598 -1 1674 1675 25 -1 1511 1676 1667 -1 1598 1673 824 -1 1525 76 1677 -1 1677 76 1678 -1 1679 1680 1364 -1 1673 1672 824 -1 1681 1483 1364 -1 1680 1681 1364 -1 1682 1683 1684 -1 1672 692 1669 -1 1666 1672 1669 -1 1683 1685 1684 -1 1683 1686 1685 -1 1684 1557 1682 -1 1626 1625 1687 -1 1523 1688 1522 -1 1406 1689 1690 -1 1690 1691 1406 -1 1585 1557 1684 -1 690 1672 688 -1 1692 686 1672 -1 1672 690 692 -1 1666 1669 1654 -1 1691 1670 1406 -1 1693 1687 1694 -1 1695 1673 1602 -1 1688 1523 1696 -1 1673 1692 1672 -1 1697 1585 1684 -1 1698 1699 1700 -1 1701 1699 1702 -1 1625 1624 1687 -1 1703 1704 25 -1 1705 1703 25 -1 1697 1684 1685 -1 1674 25 1706 -1 1585 1697 1613 -1 688 1672 686 -1 1699 1707 1708 -1 1709 1699 1710 -1 1710 1699 1708 -1 1585 1613 1589 -1 1711 1592 1712 -1 1713 1712 1592 -1 1709 1700 1699 -1 1714 1687 1693 -1 1686 1715 1685 -1 1530 1477 1716 -1 1717 1602 1601 -1 1686 1718 1715 -1 1698 1702 1699 -1 1592 1665 1719 -1 1478 1617 1477 -1 1617 1616 1477 -1 1622 1717 1601 -1 1720 25 1721 -1 1722 1697 1685 -1 1723 1509 1724 -1 1722 1685 1715 -1 1717 1695 1602 -1 1670 1719 1665 -1 1725 1706 25 -1 1722 1658 1697 -1 1707 1726 1708 -1 1717 1727 1695 -1 1697 1658 1613 -1 1704 1721 25 -1 1725 25 1728 -1 1728 25 1720 -1 671 1729 672 -1 1679 1364 1730 -1 1688 1643 1518 -1 1688 1518 1522 -1 1518 1643 1432 -1 1695 1692 1673 -1 1730 1364 1729 -1 686 1692 684 -1 1500 1513 1731 -1 1691 599 1670 -1 1731 1622 1500 -1 1731 1732 1622 -1 1656 1678 76 -1 1733 26 1734 -1 1735 26 1733 -1 1732 1717 1622 -1 1641 1640 75 -1 1736 1734 26 -1 1503 1586 1498 -1 1737 1708 1726 -1 1732 1727 1717 -1 1738 1713 1739 -1 1739 1713 1719 -1 1727 1740 1695 -1 1741 1742 75 -1 1639 1741 75 -1 1592 1719 1713 -1 1695 1740 1692 -1 1692 682 684 -1 1743 26 1744 -1 1745 1746 76 -1 672 1729 1364 -1 1747 1723 1748 -1 1740 680 682 -1 1740 682 1692 -1 76 1746 1655 -1 1749 1731 1513 -1 1750 1698 1751 -1 1752 1713 1753 -1 1742 1754 75 -1 1754 1755 75 -1 76 75 1755 -1 1755 1745 76 -1 1550 1644 1551 -1 1279 1517 1196 -1 1700 1751 1698 -1 1644 1550 1549 -1 1196 1418 1156 -1 1548 1657 1547 -1 1455 1155 1419 -1 1698 1750 1756 -1 1698 1756 1702 -1 1712 1713 1752 -1 1547 1657 1549 -1 1756 1701 1702 -1 1418 1419 1156 -1 1757 1758 1732 -1 1156 1419 1155 -1 1559 1629 1548 -1 1738 1753 1713 -1 25 1759 1760 -1 1759 25 1675 -1 1732 1758 1727 -1 1761 25 1762 -1 1657 1548 1629 -1 1455 1514 1191 -1 1763 25 1761 -1 1744 26 1763 -1 1567 1688 1566 -1 1593 1495 1496 -1 1455 1191 1155 -1 1688 1567 1643 -1 1578 1643 1567 -1 1488 1364 1485 -1 598 599 1691 -1 1643 1578 1551 -1 1740 676 678 -1 1179 1453 1290 -1 1739 599 1738 -1 1740 678 680 -1 1737 1710 1708 -1 1593 1496 1588 -1 1513 1520 1749 -1 1521 1290 1453 -1 1732 1731 1757 -1 1764 1709 1737 -1 1710 1737 1709 -1 1749 1757 1731 -1 1586 1503 1591 -1 1504 1591 1503 -1 1765 1766 1767 -1 1768 1769 26 -1 1750 1751 1770 -1 1591 1504 1590 -1 1508 1590 1504 -1 1587 1498 1586 -1 1709 1764 1751 -1 1700 1709 1751 -1 1497 1588 1496 -1 1588 1497 1587 -1 1498 1587 1497 -1 1771 26 1769 -1 1772 26 1771 -1 1773 26 1772 -1 598 1691 754 -1 1774 1775 1776 -1 1727 1777 1740 -1 1756 1750 1778 -1 1758 1777 1727 -1 1510 1597 1508 -1 1489 1488 1485 -1 1690 754 1691 -1 1779 1780 1781 -1 1782 1780 1779 -1 1740 1777 676 -1 675 676 1777 -1 1597 1510 1600 -1 1509 1600 1510 -1 1783 1520 1540 -1 1590 1508 1597 -1 1778 309 1756 -1 1719 1670 599 -1 1739 1719 599 -1 1783 1749 1520 -1 1770 1784 1750 -1 1785 1786 1787 -1 1781 1774 1788 -1 599 618 1738 -1 1750 1784 1632 -1 1783 1789 1749 -1 1454 1180 1445 -1 1610 1627 1790 -1 1786 1791 1792 -1 1792 1793 1786 -1 1794 1786 1795 -1 1796 1786 1797 -1 1453 1179 1454 -1 1790 1627 1696 -1 1623 1696 1627 -1 1770 1764 1784 -1 1770 1751 1764 -1 755 754 1689 -1 1757 1749 1789 -1 1604 1696 1623 -1 1798 1799 26 -1 1800 1798 26 -1 1801 1786 1802 -1 1803 1804 1805 -1 1805 1806 1807 -1 1808 1809 1810 -1 1699 26 1811 -1 1757 1812 1758 -1 1566 1688 1604 -1 1696 1604 1688 -1 1593 1615 1495 -1 1789 1812 1757 -1 1735 1768 26 -1 1773 1800 26 -1 1799 1811 26 -1 1495 1615 1478 -1 1617 1478 1615 -1 956 1480 1485 -1 1716 1477 1616 -1 1813 732 1814 -1 732 1815 1816 -1 1817 1818 732 -1 1819 1820 732 -1 1821 1819 732 -1 1822 1823 1824 -1 1825 1785 1826 -1 1827 1828 1785 -1 1785 1829 1830 -1 1812 1831 1758 -1 1832 1449 1173 -1 120 122 1785 -1 1833 1834 1785 -1 1785 1835 1836 -1 1837 1785 1838 -1 1839 1840 1785 -1 1837 1839 1785 -1 1841 1828 1827 -1 1760 1762 25 -1 25 1763 26 -1 1736 26 1743 -1 1610 1790 1621 -1 1173 1449 1446 -1 1758 1831 1777 -1 1173 1446 1172 -1 1445 1172 1446 -1 1480 1489 1485 -1 1580 1675 1674 -1 1636 1633 1764 -1 1172 1445 1180 -1 1532 1534 1790 -1 1777 1482 675 -1 1180 1454 1179 -1 1696 1532 1790 -1 1485 1842 956 -1 1843 956 1842 -1 1532 1696 1531 -1 1831 1485 1482 -1 1831 1482 1777 -1 1190 1515 1192 -1 1191 1514 1190 -1 1515 1190 1514 -1 1531 1696 1523 -1 1844 1783 1540 -1 1280 1516 1279 -1 1517 1279 1516 -1 535 1752 619 -1 1418 1196 1517 -1 1540 1555 1844 -1 1726 310 1737 -1 1516 1280 1641 -1 1530 1716 1529 -1 1635 1636 1764 -1 1845 1846 1292 -1 1845 1292 1291 -1 1292 1846 1293 -1 1529 1716 1535 -1 1737 1635 1764 -1 1790 1535 1716 -1 1845 1524 1846 -1 1525 1846 1524 -1 1524 1845 1521 -1 1737 1847 1635 -1 1535 1790 1534 -1 1581 1580 1706 -1 1848 1849 1850 -1 1677 1846 1525 -1 1789 1851 1812 -1 1716 1616 1621 -1 1778 1750 1852 -1 1853 1852 1750 -1 1850 1854 1848 -1 1716 1621 1790 -1 1753 618 1752 -1 619 1752 618 -1 1750 1632 1853 -1 1634 1853 1632 -1 1855 1831 1812 -1 1753 1738 618 -1 1856 1363 1846 -1 1293 1846 1363 -1 1725 1728 1574 -1 1642 1852 1853 -1 1642 1853 1634 -1 1699 1701 309 -1 1642 309 1852 -1 1842 1831 1843 -1 1855 1843 1831 -1 1849 1857 1850 -1 1858 1857 1849 -1 1756 309 1701 -1 1831 1842 1485 -1 1850 1859 1854 -1 1852 309 1778 -1 1860 1782 1861 -1 1859 1862 1854 -1 1783 1863 1789 -1 1289 1845 1291 -1 1845 1289 1290 -1 1844 1863 1783 -1 1720 1721 1576 -1 1560 1721 1561 -1 1704 1561 1721 -1 1290 1521 1845 -1 1560 1576 1721 -1 1402 1741 1401 -1 1859 1850 1857 -1 1351 1641 1280 -1 1864 1844 1555 -1 1865 1866 1857 -1 1703 1562 1704 -1 1861 1782 1779 -1 1867 1868 1869 -1 1555 1582 1864 -1 1562 1703 1563 -1 1864 1870 1844 -1 1561 1704 1562 -1 1844 1870 1863 -1 1705 1563 1703 -1 1871 1872 1776 -1 1775 1871 1776 -1 931 1592 1711 -1 1865 1857 1858 -1 1780 1871 1775 -1 1780 1775 1781 -1 1866 1873 1857 -1 1874 1875 1876 -1 1580 1674 1706 -1 1872 1877 1776 -1 1876 1878 1575 -1 1857 1873 1859 -1 1780 1872 1871 -1 1574 1581 1725 -1 1706 1725 1581 -1 1879 135 1880 -1 1780 1877 1872 -1 1781 1775 1774 -1 1881 135 1882 -1 1573 1574 1728 -1 1728 1720 1573 -1 1883 1884 1869 -1 1885 1866 1886 -1 1881 1880 135 -1 1576 1573 1720 -1 1712 535 1711 -1 931 1711 535 -1 1887 1888 956 -1 1863 1851 1789 -1 1889 134 1890 -1 1888 1891 956 -1 1877 1780 1892 -1 1890 134 1893 -1 1843 1894 956 -1 1887 956 1894 -1 1895 1869 1896 -1 1812 1851 1855 -1 1897 1861 458 -1 1898 134 1899 -1 1900 1899 134 -1 1733 1901 1735 -1 1855 1894 1843 -1 1902 1903 1904 -1 1395 1640 1351 -1 1641 1351 1640 -1 1905 1903 1902 -1 1406 1906 1689 -1 1851 1863 1907 -1 1401 1639 1395 -1 1640 1395 1639 -1 1734 1901 1733 -1 1638 1901 1736 -1 1870 1907 1863 -1 1908 1900 134 -1 1869 1884 1909 -1 1909 1896 1869 -1 1869 1895 1910 -1 1407 1856 1360 -1 1907 1911 1851 -1 1904 1912 1913 -1 1690 1689 754 -1 1903 1912 1904 -1 1656 1650 1914 -1 461 135 1915 -1 1689 1906 755 -1 1916 1917 1907 -1 1361 1359 1918 -1 1914 1918 1359 -1 1907 1917 1911 -1 1734 1736 1901 -1 1851 1911 1855 -1 1855 1887 1894 -1 1919 1905 1920 -1 1921 1882 135 -1 1655 1918 1651 -1 1914 1651 1918 -1 1922 956 1891 -1 1655 1746 1918 -1 1743 1648 1736 -1 1911 1888 1887 -1 1911 1887 1855 -1 1651 1914 1650 -1 1920 1905 1902 -1 1923 135 1924 -1 1921 135 1923 -1 1870 1916 1907 -1 1406 1537 1536 -1 1914 1359 1360 -1 1914 1360 1856 -1 1647 1744 1596 -1 1848 1925 1912 -1 1678 1856 1677 -1 1761 1614 1763 -1 1656 1856 1678 -1 1914 1856 1656 -1 1926 1927 134 -1 1928 134 1927 -1 1363 1856 1407 -1 1911 1891 1888 -1 1898 1893 134 -1 1647 1743 1744 -1 1846 1677 1856 -1 1763 1596 1744 -1 1403 1742 1402 -1 1919 1929 1905 -1 1911 1922 1891 -1 1413 1754 1403 -1 1742 1403 1754 -1 1596 1763 1614 -1 1930 1931 1932 -1 1741 1402 1742 -1 1639 1401 1741 -1 1425 1537 1427 -1 1924 135 1933 -1 1582 1575 1878 -1 1754 1413 1755 -1 1410 1755 1413 -1 1409 1745 1410 -1 1934 1935 135 -1 1361 1918 1408 -1 1408 1918 1746 -1 1931 1936 1932 -1 1937 1932 1936 -1 1878 1938 1582 -1 1755 1410 1745 -1 1745 1409 1746 -1 1408 1746 1409 -1 1451 1443 1427 -1 1849 1912 1903 -1 1878 1939 1940 -1 1849 1848 1912 -1 1878 1940 1938 -1 1582 1938 1864 -1 1864 1941 1870 -1 1938 1941 1864 -1 1605 1762 1606 -1 1760 1606 1762 -1 1916 1870 1941 -1 1942 1930 1932 -1 1606 1760 1607 -1 1759 1607 1760 -1 1943 1929 1919 -1 1944 135 1945 -1 1946 1903 1905 -1 1947 1932 1948 -1 1762 1605 1761 -1 1614 1761 1605 -1 1897 1383 1949 -1 1876 1950 1878 -1 1939 1878 1950 -1 1934 135 1951 -1 1944 1951 135 -1 1383 1468 1949 -1 1929 1946 1905 -1 1897 1860 1861 -1 1946 1849 1903 -1 135 134 1945 -1 1949 1860 1897 -1 1952 1945 134 -1 1946 1858 1849 -1 1946 1953 1858 -1 1459 1476 1468 -1 1553 1954 1554 -1 1603 1607 1675 -1 1603 1675 1580 -1 1759 1675 1607 -1 1932 1955 1948 -1 1932 1947 1942 -1 1950 1956 1939 -1 1647 1648 1743 -1 1957 1958 134 -1 1943 1959 1960 -1 1959 1961 1960 -1 1958 1952 134 -1 1959 1962 1961 -1 1956 1963 1939 -1 1943 1960 1929 -1 1964 134 1965 -1 1964 1957 134 -1 1929 1953 1946 -1 1929 1960 1953 -1 1659 1966 1668 -1 1967 134 1968 -1 1969 1970 1782 -1 1800 1773 1971 -1 1922 1972 956 -1 1968 134 1928 -1 1771 1971 1772 -1 764 755 1424 -1 1889 1926 134 -1 1772 1971 1773 -1 1935 1933 135 -1 134 1967 1973 -1 1973 1965 134 -1 1780 1970 1892 -1 1974 1735 1901 -1 1468 1476 1975 -1 1537 1406 1579 -1 1949 1468 1976 -1 1768 1646 1769 -1 1960 1961 1977 -1 1978 78 1979 -1 1910 1955 1980 -1 1981 1982 1916 -1 1916 1982 1917 -1 1901 1638 1974 -1 1980 1983 1867 -1 1960 1977 1953 -1 1984 956 1972 -1 1978 1985 78 -1 1953 1865 1858 -1 1917 1972 1922 -1 1917 1922 1911 -1 1953 1977 1865 -1 1930 1986 1931 -1 1971 1668 1966 -1 1987 136 1988 -1 1938 1989 1941 -1 1769 1645 1771 -1 1940 1989 1938 -1 1947 1990 1942 -1 1427 1612 1554 -1 1941 1981 1916 -1 1769 1646 1645 -1 77 1991 1992 -1 1993 136 1994 -1 1988 136 1993 -1 1884 1883 1936 -1 1994 136 1995 -1 1646 1768 1637 -1 1735 1974 1768 -1 1989 1981 1941 -1 490 1996 136 -1 1974 1637 1768 -1 1637 1974 1638 -1 1997 1981 1989 -1 1998 137 1999 -1 1981 2000 1982 -1 1997 2000 1981 -1 137 1998 2001 -1 1948 1990 1947 -1 1638 1736 1648 -1 1536 1906 1406 -1 1917 1984 1972 -1 1971 1652 1668 -1 2002 2003 2004 -1 1971 1771 1652 -1 1645 1652 1771 -1 1955 1910 1948 -1 2005 1984 1982 -1 1917 1982 1984 -1 2006 1052 1554 -1 137 2007 2008 -1 137 2001 2007 -1 2006 1554 2009 -1 2008 2010 137 -1 2011 1989 1940 -1 2012 77 2013 -1 2010 2014 137 -1 1660 1966 1659 -1 1995 136 1996 -1 2011 1997 1989 -1 1983 1980 1955 -1 2002 2004 2015 -1 1664 2016 1663 -1 2017 77 2012 -1 2018 2019 2011 -1 2011 2019 1997 -1 1990 1948 1910 -1 1966 1660 2016 -1 136 1987 2020 -1 2002 2015 2021 -1 2021 1919 1920 -1 2022 136 2023 -1 1443 1451 763 -1 2020 2023 136 -1 2015 1919 2021 -1 1660 1663 2016 -1 2024 2025 78 -1 2025 2026 78 -1 1985 2024 78 -1 2027 2028 2004 -1 2016 1811 1799 -1 2029 2030 956 -1 1896 1909 1986 -1 1798 1966 1799 -1 2031 137 2032 -1 2000 2029 2033 -1 2000 2033 1982 -1 1799 1966 2016 -1 1986 1930 1942 -1 1800 1966 1798 -1 2031 2034 137 -1 2034 2035 137 -1 2035 1999 137 -1 2015 1943 1919 -1 2036 78 2037 -1 1966 1800 1971 -1 1942 1990 1986 -1 1979 78 2038 -1 1909 1931 1986 -1 2030 2029 2000 -1 1982 2033 2005 -1 2022 2039 136 -1 2040 77 1992 -1 1931 1909 1936 -1 1884 1936 1909 -1 1451 1427 2041 -1 2042 2041 1427 -1 1937 1936 1883 -1 2043 2044 2045 -1 2043 2045 2046 -1 2039 2047 136 -1 2017 1991 77 -1 2046 2045 2027 -1 2036 2038 78 -1 2042 1427 1554 -1 2048 2049 28 -1 2050 956 2051 -1 1896 1986 1895 -1 1990 1895 1986 -1 2046 2027 2003 -1 2004 2003 2027 -1 2052 136 2053 -1 1990 1910 1895 -1 2047 2054 136 -1 2053 136 2054 -1 751 1553 752 -1 1553 1051 752 -1 2055 137 2052 -1 2051 956 2056 -1 2057 2037 78 -1 2058 2057 78 -1 2027 2059 2028 -1 1553 751 1954 -1 2000 2051 2056 -1 2000 2056 2030 -1 2042 1554 2060 -1 1954 2060 1554 -1 2059 2045 2061 -1 1932 1937 1869 -1 1883 1869 1937 -1 2027 2045 2059 -1 2062 77 2063 -1 2041 749 1451 -1 2064 77 2065 -1 2066 137 2067 -1 2068 2063 77 -1 848 2069 849 -1 2059 2070 2028 -1 2059 2071 2070 -1 749 2041 2042 -1 2060 750 2042 -1 749 2042 750 -1 2072 2058 78 -1 2004 2073 2015 -1 2074 2067 137 -1 2004 2028 2073 -1 1975 1976 1468 -1 2075 2032 137 -1 850 2076 848 -1 750 2060 1954 -1 750 1954 751 -1 1949 1976 2077 -1 2015 2073 1943 -1 850 2078 2076 -1 1976 2079 2077 -1 2080 2074 137 -1 2066 2075 137 -1 848 2081 2069 -1 671 28 2082 -1 1949 2077 1860 -1 755 1906 1536 -1 1536 1425 755 -1 2071 2059 2061 -1 2083 137 2055 -1 136 2052 137 -1 2083 2080 137 -1 848 2076 2081 -1 2084 28 2049 -1 2069 2081 1501 -1 1499 1501 2081 -1 1975 1476 2085 -1 1502 2085 1476 -1 2028 2086 2073 -1 2085 2087 1975 -1 2069 1501 1594 -1 2028 2070 2086 -1 2073 2086 1959 -1 2087 1976 1975 -1 2088 2089 28 -1 2087 2079 1976 -1 2073 1959 1943 -1 2090 28 2091 -1 2092 1882 2093 -1 2081 2076 1505 -1 1988 2093 1987 -1 2009 1554 1612 -1 2092 2093 1988 -1 2092 1988 1993 -1 1499 2081 1505 -1 2071 2094 2095 -1 2084 2088 28 -1 2096 28 2089 -1 2091 28 2096 -1 2097 2093 1923 -1 1923 2093 1921 -1 1987 2093 2020 -1 2097 2020 2093 -1 535 1712 1752 -1 1881 2092 1880 -1 1880 2098 1879 -1 2071 2095 2070 -1 932 931 535 -1 2070 2095 2099 -1 2100 78 2101 -1 866 862 861 -1 2072 78 2100 -1 2102 78 2103 -1 867 866 850 -1 2104 2105 2106 -1 2107 77 2108 -1 2086 2070 2099 -1 2109 2106 2105 -1 1995 2098 1994 -1 2086 1962 1959 -1 2107 2110 77 -1 2103 77 2110 -1 2078 850 866 -1 2098 1995 1996 -1 2086 2099 1962 -1 2040 2068 77 -1 2062 2065 77 -1 2111 2105 2112 -1 1915 1879 2098 -1 2094 2113 2114 -1 861 2115 866 -1 2095 2094 2116 -1 1921 2093 1882 -1 861 2117 2115 -1 2092 1881 1882 -1 866 2115 2078 -1 2098 1880 2092 -1 2064 2108 77 -1 2101 78 2102 -1 77 2103 78 -1 1994 2092 1993 -1 2118 2078 2115 -1 2098 2092 1994 -1 2099 2119 1962 -1 2111 2120 2105 -1 2120 2121 2105 -1 2122 2123 2124 -1 1860 1969 1782 -1 1889 1890 1999 -1 2104 2112 2105 -1 2077 1969 1860 -1 2125 2126 2127 -1 1892 1776 1877 -1 2035 1889 1999 -1 1999 1890 1998 -1 1893 1998 1890 -1 1898 2001 1893 -1 1998 1893 2001 -1 2128 2129 79 -1 2130 647 2131 -1 2132 2133 2134 -1 2135 2136 2132 -1 1898 2007 2001 -1 2117 2137 2115 -1 1899 2007 1898 -1 2138 2139 2140 -1 2117 2141 2137 -1 2142 2128 79 -1 1900 2008 1899 -1 2007 1899 2008 -1 2118 2115 2137 -1 2138 2143 2139 -1 2008 1900 2010 -1 1908 2010 1900 -1 2139 2143 2144 -1 1767 2014 1908 -1 2145 647 2130 -1 1923 1924 2097 -1 2146 2136 2135 -1 1892 2147 1776 -1 2124 2144 2122 -1 2076 2078 2148 -1 1848 1854 2149 -1 1782 1970 1780 -1 2020 2097 2023 -1 2150 647 2151 -1 2148 2078 2118 -1 1933 2097 1924 -1 2152 2153 1776 -1 2154 1776 2153 -1 2155 2152 1776 -1 2155 1776 2147 -1 1505 2076 2148 -1 2150 2131 647 -1 2156 647 2157 -1 2145 2157 647 -1 1968 2075 1967 -1 2066 1967 2075 -1 2158 647 2159 -1 2160 2161 2162 -1 2163 2162 2161 -1 2034 1926 2035 -1 1926 2034 1927 -1 2031 1927 2034 -1 2164 2165 2140 -1 2032 1928 2031 -1 1927 2031 1928 -1 2166 80 2167 -1 1928 2032 1968 -1 2075 1968 2032 -1 2168 2162 2169 -1 2156 2159 647 -1 2170 2171 27 -1 1889 2035 1926 -1 2141 2172 2173 -1 2165 2138 2140 -1 1951 2174 1934 -1 2175 2176 2177 -1 2023 2097 2022 -1 2166 2178 80 -1 2179 2162 2168 -1 2174 2047 2180 -1 2137 2141 2173 -1 2179 2160 2162 -1 2181 80 2182 -1 2183 2184 80 -1 2180 1935 1934 -1 2137 2185 2118 -1 2178 2182 80 -1 2097 1933 2180 -1 1935 2180 1933 -1 2181 2183 80 -1 2137 2173 2185 -1 2180 2022 2097 -1 2142 79 2186 -1 2118 2185 2187 -1 2144 2134 2122 -1 2180 2039 2022 -1 2188 79 2189 -1 2190 2136 2146 -1 2191 2186 79 -1 2143 2132 2134 -1 2143 2134 2144 -1 2191 79 2188 -1 2118 2187 2148 -1 2169 2162 2192 -1 2192 2162 2193 -1 2148 1507 1505 -1 2194 79 2195 -1 2148 2187 1507 -1 2196 2138 2165 -1 2039 2180 2047 -1 2172 2197 2173 -1 2174 1944 2198 -1 1944 1945 2198 -1 1944 2174 1951 -1 2180 1934 2174 -1 1970 2155 2147 -1 2147 1892 1970 -1 2174 2198 2053 -1 2174 2053 2054 -1 2199 2177 2176 -1 2053 2198 2052 -1 2143 2146 2135 -1 2047 2174 2054 -1 2200 1969 2077 -1 2143 2135 2132 -1 28 2201 2202 -1 2203 2204 2190 -1 2079 2200 2077 -1 1952 2198 1945 -1 2200 2205 1969 -1 2206 2149 1854 -1 2179 2104 2207 -1 2106 2207 2104 -1 2208 2199 2176 -1 2055 2052 2198 -1 2206 1854 1862 -1 2161 2207 2163 -1 2109 2163 2207 -1 2109 2207 2106 -1 1380 2209 2210 -1 2149 2206 2165 -1 2211 2212 2200 -1 2200 2212 2205 -1 2213 2214 27 -1 2112 2104 2168 -1 2179 2168 2104 -1 2206 2196 2165 -1 1973 1967 2215 -1 863 1380 2210 -1 2216 80 2217 -1 2218 80 2216 -1 861 863 2210 -1 2218 2167 80 -1 2219 2213 27 -1 2111 2112 2169 -1 2112 2168 2169 -1 2120 2111 2169 -1 2066 2215 1967 -1 2220 2204 2203 -1 2067 2215 2066 -1 2221 2209 2222 -1 2138 2223 2143 -1 2160 2207 2161 -1 2224 79 2225 -1 2196 2223 2138 -1 2207 2160 2179 -1 2209 2221 2226 -1 2143 2223 2146 -1 2190 2146 2223 -1 2225 79 2227 -1 2215 2228 1973 -1 2229 27 2230 -1 2129 2195 79 -1 2228 2231 1973 -1 2231 1965 1973 -1 2209 2226 2210 -1 2232 27 2229 -1 2210 2226 2117 -1 2206 2233 2196 -1 1964 1965 2234 -1 2231 2234 1965 -1 2117 2226 2141 -1 2228 2234 2231 -1 1862 2233 2206 -1 2162 2163 2105 -1 2109 2105 2163 -1 2210 2117 861 -1 2235 2236 2237 -1 2228 2215 2234 -1 2067 2074 2215 -1 2234 2215 2074 -1 2238 2239 2240 -1 2196 2241 2223 -1 2242 1957 2234 -1 1964 2234 1957 -1 2234 2080 2242 -1 1980 1867 1869 -1 2243 80 2244 -1 2233 2241 2196 -1 2234 2074 2080 -1 2245 2217 80 -1 2237 2246 2220 -1 2247 2248 2235 -1 2249 27 2250 -1 2232 2250 27 -1 2251 2219 27 -1 27 2249 2252 -1 1957 2242 1958 -1 2245 80 2253 -1 2254 2121 2193 -1 2198 1952 2242 -1 2241 2220 2203 -1 2241 2203 2223 -1 2253 80 2255 -1 2080 2083 2242 -1 2120 2192 2121 -1 1969 2205 1970 -1 2055 2242 2083 -1 1958 2242 1952 -1 1970 2152 2155 -1 2120 2169 2192 -1 2055 2198 2242 -1 2237 2220 2241 -1 2193 2121 2192 -1 2205 2153 2152 -1 2205 2152 1970 -1 2223 2203 2190 -1 2087 2256 2079 -1 1859 2257 1862 -1 2170 27 2214 -1 28 27 2258 -1 2240 2259 2260 -1 1873 2257 1859 -1 650 12 647 -1 2259 2261 2262 -1 2200 2079 2211 -1 2259 2262 2260 -1 2257 2263 1862 -1 2240 2260 2221 -1 663 20 664 -1 2256 2211 2079 -1 2221 2264 2226 -1 2221 2260 2264 -1 2226 2264 2141 -1 666 24 668 -1 1862 2263 2233 -1 2265 2266 2267 -1 2266 2268 2267 -1 2259 2269 2261 -1 2263 2270 2233 -1 2271 2201 28 -1 2259 2239 2269 -1 2272 2261 2269 -1 2205 2154 2153 -1 2233 2270 2241 -1 2273 28 2274 -1 2275 28 2273 -1 2275 2276 28 -1 2258 2274 28 -1 2268 2277 2267 -1 2278 2267 2277 -1 1824 2279 2247 -1 2280 2154 2212 -1 2205 2212 2154 -1 2241 2235 2237 -1 2202 2048 28 -1 2260 2262 2281 -1 736 738 1822 -1 2270 2247 2235 -1 2241 2270 2235 -1 2271 28 2276 -1 2260 2281 2264 -1 1873 2282 2257 -1 2264 2172 2141 -1 2252 2251 27 -1 2264 2281 2172 -1 2171 2258 27 -1 2283 2272 2269 -1 2284 2285 2286 -1 2287 2286 2285 -1 2286 2287 2288 -1 2212 2289 2290 -1 2261 2291 2262 -1 2212 2290 2280 -1 2261 2272 2291 -1 1824 2270 1822 -1 2292 1822 2270 -1 2270 1824 2247 -1 2293 2294 2286 -1 2284 2286 2294 -1 2295 29 2296 -1 1667 1494 1493 -1 1502 1494 2297 -1 1494 1667 2297 -1 70 689 64 -1 1502 2297 2085 -1 2298 2293 2299 -1 2281 2300 2172 -1 2301 2085 2297 -1 2302 2303 1925 -1 2085 2301 2304 -1 2302 2164 2305 -1 1925 2164 2302 -1 2266 2265 2288 -1 2197 2172 2300 -1 2286 2288 2267 -1 2085 2304 2087 -1 2173 2197 2306 -1 2256 2087 2304 -1 2285 2307 2287 -1 2266 2287 2307 -1 2266 2307 2268 -1 2140 2305 2164 -1 2284 2307 2285 -1 2197 2308 2306 -1 2309 2310 29 -1 2197 2311 2308 -1 2294 2277 2284 -1 2307 2284 2277 -1 2307 2277 2268 -1 2173 2306 2185 -1 1913 1912 1925 -1 2187 2185 2312 -1 2287 2266 2288 -1 1848 2149 1925 -1 2313 29 2314 -1 2265 2267 2288 -1 2278 2277 2293 -1 1925 2149 2164 -1 29 2315 2314 -1 2294 2293 2277 -1 2316 2301 2297 -1 2149 2165 2164 -1 2312 2185 2306 -1 2278 2293 2298 -1 2187 2312 1533 -1 2317 2318 2176 -1 2312 1539 1533 -1 2296 29 2319 -1 2312 2320 1539 -1 2187 1533 1507 -1 2315 29 2310 -1 2313 2321 29 -1 2321 2319 29 -1 2322 2302 2305 -1 2323 2324 2325 -1 2326 2151 647 -1 2300 2327 2311 -1 2328 2329 2330 -1 2300 2311 2197 -1 2324 2331 2332 -1 2331 2330 2329 -1 701 700 87 -1 2212 2211 2333 -1 461 702 135 -1 2127 2126 2334 -1 2306 2308 2320 -1 2194 2227 79 -1 2335 2336 2337 -1 2336 2338 2337 -1 2339 2337 2338 -1 2340 2335 2337 -1 2341 79 2342 -1 2343 2342 79 -1 2344 2340 2337 -1 2312 2306 2320 -1 2345 2346 2334 -1 2347 2348 80 -1 2347 80 2349 -1 2348 2244 80 -1 2350 2351 2352 -1 2350 2352 2353 -1 2255 80 2243 -1 2127 2334 2346 -1 2144 2124 2346 -1 2134 2354 2122 -1 2224 2343 79 -1 2341 2349 79 -1 79 2349 80 -1 2140 2355 2305 -1 2036 2356 2038 -1 2038 2357 1979 -1 2129 2357 2195 -1 2355 2140 2139 -1 2358 2352 2359 -1 2128 2357 2129 -1 2360 2355 2139 -1 2357 2128 2361 -1 2124 2362 2125 -1 2139 2144 2360 -1 2360 2144 2346 -1 1571 1539 2320 -1 2358 2363 2352 -1 2364 2352 2363 -1 2359 2352 2351 -1 2346 2125 2127 -1 2333 2289 2212 -1 2125 2346 2124 -1 2365 2320 2308 -1 2366 663 2367 -1 2339 2350 2368 -1 2353 2368 2350 -1 1667 1676 2369 -1 2308 2370 2365 -1 2363 2340 2364 -1 2320 2365 1571 -1 2369 2297 1667 -1 2369 2316 2297 -1 2371 2372 2373 -1 2340 2363 2358 -1 2340 2358 2335 -1 2371 2374 2372 -1 2359 2336 2358 -1 2336 2335 2358 -1 2375 2376 2370 -1 2336 2359 2338 -1 2372 2377 2373 -1 2370 2376 2378 -1 1676 2379 2380 -1 2351 2338 2359 -1 2381 2382 207 -1 2350 2339 2351 -1 2378 2365 2370 -1 2316 2369 2383 -1 2365 1874 1571 -1 2338 2351 2339 -1 2344 2364 2340 -1 2365 2378 1874 -1 1874 1575 1571 -1 2344 2337 2364 -1 2384 1920 2374 -1 2385 2304 2301 -1 2352 2364 2337 -1 2301 2316 2385 -1 2374 1902 2372 -1 2374 1920 1902 -1 1902 1904 2372 -1 2385 2386 2304 -1 2387 2388 30 -1 2372 1904 2377 -1 2389 663 2390 -1 2391 2392 2393 -1 1904 1913 2377 -1 1876 1575 1874 -1 2377 1913 2303 -1 1913 1925 2303 -1 2386 2256 2304 -1 2394 2395 2396 -1 2386 2397 2256 -1 2375 2311 2327 -1 2398 2391 2393 -1 2375 2327 2396 -1 2256 2397 2211 -1 2370 2311 2375 -1 2399 663 2400 -1 2401 2402 2393 -1 2398 2393 2402 -1 2403 2404 2393 -1 2404 2401 2393 -1 2400 663 2405 -1 2405 663 2406 -1 2370 2308 2311 -1 2396 2395 2407 -1 2389 2406 663 -1 2334 2408 2345 -1 2345 1828 1841 -1 2397 2333 2211 -1 1840 2409 1827 -1 2289 2333 2410 -1 2396 2407 2411 -1 2322 2412 2302 -1 2413 2322 2305 -1 2414 2415 2416 -1 2396 2411 2375 -1 2417 2410 2333 -1 2375 2411 2376 -1 2305 2355 2413 -1 2418 2413 2355 -1 2419 2420 2385 -1 2355 2360 2418 -1 2421 2422 2423 -1 2420 2386 2385 -1 2418 2360 2424 -1 2425 2411 2407 -1 2426 2376 2411 -1 2427 2422 2428 -1 2388 2429 30 -1 2429 2430 30 -1 2430 2431 30 -1 2432 2422 2427 -1 2424 2346 2409 -1 2386 2433 2397 -1 2432 2423 2422 -1 2360 2346 2424 -1 2434 2428 2422 -1 2367 663 2435 -1 2436 2387 30 -1 2437 2436 30 -1 2438 2437 30 -1 2439 2333 2397 -1 1841 2409 2345 -1 2346 2345 2409 -1 2440 663 2399 -1 2435 663 2440 -1 2441 2442 2434 -1 2409 1841 1827 -1 2443 2390 663 -1 29 2295 2444 -1 2281 2262 2445 -1 2446 2333 2447 -1 2439 2447 2333 -1 2448 2438 30 -1 2262 2291 2445 -1 2333 2446 2417 -1 2449 2392 2450 -1 2300 2281 2445 -1 2415 2328 2416 -1 2272 2283 2451 -1 2452 2451 2283 -1 2316 2383 2419 -1 2453 2404 2403 -1 2272 2451 2454 -1 2316 2419 2385 -1 2272 2454 2291 -1 2455 2382 2456 -1 2456 2382 2457 -1 2291 2454 2394 -1 2458 30 2459 -1 2361 1978 2357 -1 1979 2357 1978 -1 2460 2423 2432 -1 2291 2394 2445 -1 2445 2327 2300 -1 2461 2382 2462 -1 2463 30 2464 -1 2448 30 2463 -1 2142 2361 2128 -1 2445 2394 2327 -1 2458 2464 30 -1 2409 2465 2424 -1 2452 2466 2451 -1 2457 2382 2461 -1 1827 1785 1840 -1 2409 1840 2465 -1 1839 2465 1840 -1 2377 2467 2373 -1 2468 2382 2469 -1 2469 2382 2455 -1 2462 2382 2381 -1 14 2470 2382 -1 1978 2361 1985 -1 2377 2303 2467 -1 2422 2421 2393 -1 2467 2303 2412 -1 2303 2302 2412 -1 199 166 2366 -1 2396 2327 2394 -1 171 2366 166 -1 2471 2460 2427 -1 2361 2142 2186 -1 2472 29 2473 -1 2474 2451 2466 -1 2451 2475 2454 -1 2186 2476 2361 -1 2191 2476 2186 -1 2451 2474 2475 -1 1985 2361 2024 -1 2476 2024 2361 -1 180 167 199 -1 2454 2395 2394 -1 2453 2421 2477 -1 2421 2423 2477 -1 2454 2475 2395 -1 2478 2166 2017 -1 2403 2393 2453 -1 1991 2017 2166 -1 2479 2402 2401 -1 2480 2481 2482 -1 2483 29 2444 -1 2167 1991 2166 -1 2401 2477 2479 -1 2466 2484 2474 -1 199 2366 2326 -1 2485 29 2483 -1 1991 2167 1992 -1 2474 2486 2475 -1 1992 2167 2218 -1 2473 29 2487 -1 2485 2487 29 -1 207 206 2381 -1 2474 2484 2486 -1 2488 2482 2489 -1 2477 2423 2460 -1 2475 2486 2490 -1 2491 2479 2477 -1 29 2472 30 -1 2475 2490 2395 -1 2488 2489 2492 -1 2471 2479 2491 -1 2460 2491 2477 -1 2459 30 2472 -1 2492 2384 2493 -1 2407 2395 2490 -1 2489 2384 2492 -1 206 2318 2381 -1 2493 2384 2374 -1 2479 2398 2402 -1 2201 2494 2202 -1 2420 2433 2386 -1 2202 2494 2048 -1 2398 2471 2391 -1 2484 2495 2486 -1 2493 2374 2371 -1 2471 2398 2479 -1 2494 2296 2496 -1 2490 2497 2407 -1 2481 2003 2482 -1 2296 2494 2295 -1 1786 122 152 -1 2432 2427 2460 -1 2460 2471 2491 -1 2046 2003 2481 -1 2482 2003 2002 -1 2433 2439 2397 -1 2428 2450 2427 -1 2376 2426 2498 -1 2499 2500 2501 -1 2482 2002 2489 -1 2439 2502 2447 -1 2489 2002 2021 -1 885 989 650 -1 2434 2450 2428 -1 2489 2021 2384 -1 2498 2378 2376 -1 2310 2503 2315 -1 2391 2471 2450 -1 2378 2498 1875 -1 2502 2439 2504 -1 2505 2504 2439 -1 2450 2392 2391 -1 2384 2021 1920 -1 2471 2427 2450 -1 2453 2477 2404 -1 2378 1875 1874 -1 2309 2506 2310 -1 2477 2401 2404 -1 2507 2508 2383 -1 2509 2426 2425 -1 2314 2315 2503 -1 2453 2393 2421 -1 2426 2509 2510 -1 2296 2319 2496 -1 2510 2498 2426 -1 2319 2321 2496 -1 2419 2511 2420 -1 2512 2513 2514 -1 2096 2503 2091 -1 2515 1875 2498 -1 2096 2089 2503 -1 2516 2510 2509 -1 2517 2439 2433 -1 2518 2519 2513 -1 2514 2513 2519 -1 2501 197 2499 -1 2520 2518 2513 -1 2521 664 1326 -1 20 1069 1326 -1 2090 2091 2503 -1 2522 2520 2513 -1 2439 2523 2505 -1 2524 2522 2513 -1 2407 2497 2425 -1 2506 2090 2503 -1 2497 2525 2526 -1 2497 2526 2425 -1 2090 2506 2082 -1 2426 2411 2425 -1 2527 2528 2529 -1 2530 2528 2531 -1 2531 2528 2532 -1 2525 2497 2533 -1 2503 2310 2506 -1 2532 2528 2534 -1 2183 2535 2184 -1 2309 2536 2506 -1 21 666 1230 -1 2537 2534 2528 -1 2013 2538 2535 -1 2418 2424 2465 -1 2425 2526 2509 -1 2539 2314 2503 -1 2540 2528 2530 -1 2478 2012 2535 -1 2013 2535 2012 -1 2049 2048 2496 -1 2494 2496 2048 -1 2049 2496 2084 -1 2012 2478 2017 -1 1325 2521 1326 -1 2541 2525 2542 -1 2535 2181 2478 -1 2182 2478 2181 -1 2178 2478 2182 -1 2496 2539 2084 -1 2322 2465 2412 -1 2478 2178 2166 -1 2539 2503 2089 -1 2537 2527 2514 -1 2413 2465 2322 -1 2314 2539 2313 -1 2181 2535 2183 -1 2514 2527 2512 -1 2531 2543 2530 -1 2522 2530 2543 -1 2522 2543 2520 -1 2532 2543 2531 -1 2088 2084 2539 -1 2413 2418 2465 -1 2188 2476 2191 -1 2024 2476 2025 -1 2534 2518 2532 -1 2539 2089 2088 -1 2524 2540 2522 -1 2530 2522 2540 -1 2533 2490 2486 -1 2357 2038 2356 -1 2496 2321 2539 -1 2313 2539 2321 -1 2486 2495 2533 -1 2195 2356 2194 -1 2533 2497 2490 -1 2195 2357 2356 -1 1230 1325 1231 -1 2037 2356 2036 -1 2543 2532 2518 -1 2495 2542 2533 -1 2519 2534 2537 -1 2495 2544 2542 -1 2533 2542 2525 -1 2524 2513 2540 -1 2465 1839 1837 -1 2520 2543 2518 -1 2069 905 849 -1 2519 2537 2514 -1 2069 1594 905 -1 2518 2534 2519 -1 2219 2448 2213 -1 905 1594 759 -1 1838 1785 2545 -1 2219 2438 2448 -1 2528 2540 2513 -1 2463 2213 2448 -1 2222 1379 1382 -1 1718 2546 2547 -1 1379 2209 1380 -1 2464 2214 2213 -1 2464 2213 2463 -1 2548 1785 2549 -1 2550 1785 2548 -1 2551 1785 2552 -1 2545 1785 2553 -1 2222 2209 1379 -1 2465 2548 2549 -1 2549 1785 2554 -1 2554 1785 2555 -1 2547 1715 1718 -1 2556 2435 2557 -1 1382 2240 2222 -1 2549 2554 2465 -1 2222 2240 2221 -1 2558 2559 2560 -1 2561 2560 2559 -1 2399 2557 2440 -1 2554 2555 2465 -1 2562 2560 2561 -1 2555 1785 2563 -1 2555 2563 2465 -1 2563 2564 2465 -1 1511 1618 2379 -1 1490 1469 1487 -1 2565 2566 2560 -1 2564 1785 2567 -1 2458 2170 2464 -1 2562 2565 2560 -1 1457 1490 1382 -1 2564 2567 2465 -1 2214 2464 2170 -1 2568 2558 2560 -1 1490 2569 2238 -1 1490 2238 1382 -1 2567 2570 2465 -1 1457 1382 1375 -1 2570 1785 2571 -1 2400 2556 2399 -1 2570 2571 2465 -1 2379 1618 2572 -1 2571 2573 2465 -1 1490 1487 2569 -1 1676 1511 2379 -1 2574 2569 1487 -1 2575 2576 2577 -1 2459 2171 2458 -1 1346 1231 1325 -1 2572 2578 2379 -1 2579 2576 2575 -1 2572 2580 2578 -1 2581 2582 2465 -1 2583 2576 2579 -1 2379 2578 2380 -1 2582 2584 2465 -1 1676 2585 2369 -1 1382 2238 2240 -1 2584 2480 2465 -1 1676 2380 2585 -1 1230 2586 1325 -1 2480 2488 2465 -1 2488 2492 2465 -1 2587 2577 2576 -1 2492 2493 2465 -1 2588 2569 2574 -1 2589 2587 2576 -1 2580 2590 2578 -1 2493 2371 2465 -1 2557 2399 2556 -1 2371 2373 2465 -1 2591 2566 2589 -1 2590 2592 2578 -1 2380 2578 2592 -1 2373 2467 2465 -1 743 1467 1460 -1 1475 1460 732 -1 2507 2585 2380 -1 2467 2412 2465 -1 2405 2145 2400 -1 2558 2579 2575 -1 2558 2575 2559 -1 1464 743 2593 -1 2406 2157 2405 -1 2577 2561 2575 -1 2559 2575 2561 -1 2594 2593 743 -1 2400 2130 2556 -1 2561 2577 2562 -1 2587 2562 2577 -1 2594 1809 2593 -1 2131 2556 2130 -1 2595 1658 1722 -1 1464 2593 1486 -1 2565 2562 2587 -1 2589 2565 2587 -1 2568 2583 2558 -1 2579 2558 2583 -1 2440 2557 2435 -1 1722 2596 2595 -1 2131 2150 2556 -1 2593 2597 1486 -1 1658 2595 2572 -1 1464 1486 1452 -1 2598 2595 2596 -1 2568 2560 2583 -1 1469 1452 1487 -1 2595 2598 2580 -1 2580 2572 2595 -1 2130 2400 2145 -1 1658 2572 1618 -1 2599 2494 2201 -1 1467 1463 1460 -1 2576 2583 2560 -1 2216 2040 2218 -1 2593 1808 2600 -1 2040 2216 2068 -1 2217 2068 2216 -1 2145 2405 2157 -1 2444 2494 2599 -1 2593 1809 1808 -1 1992 2218 2040 -1 2068 2217 2063 -1 1808 2601 2600 -1 2597 2593 2600 -1 2443 2158 2159 -1 2443 2159 2390 -1 2602 668 1563 -1 2225 2072 2224 -1 2276 2603 2271 -1 2057 2356 2037 -1 2604 2605 2606 -1 2271 2599 2201 -1 2194 2356 2227 -1 2356 2057 2227 -1 2058 2227 2057 -1 2389 2156 2406 -1 2601 2607 2600 -1 2227 2058 2225 -1 2072 2225 2058 -1 2367 2326 2366 -1 2596 2608 2598 -1 1486 2574 1487 -1 2100 2224 2072 -1 2605 2609 2606 -1 2255 2065 2253 -1 1486 2597 2574 -1 2243 2064 2255 -1 2065 2255 2064 -1 2435 2556 2151 -1 2108 2064 2610 -1 2611 2600 2607 -1 2064 2243 2610 -1 2435 2151 2367 -1 2244 2610 2243 -1 2348 2610 2244 -1 2556 2150 2151 -1 2348 2107 2610 -1 2157 2406 2156 -1 2159 2156 2390 -1 2389 2390 2156 -1 2245 2063 2217 -1 2063 2245 2062 -1 2253 2062 2245 -1 1837 1838 2465 -1 2612 2613 2606 -1 2613 2614 2606 -1 2062 2253 2065 -1 2604 2606 2614 -1 2615 2612 2606 -1 2102 2342 2101 -1 2343 2101 2342 -1 2103 2341 2102 -1 2342 2102 2341 -1 2326 2367 2151 -1 2597 2616 2574 -1 1838 2545 2465 -1 2101 2343 2100 -1 2224 2100 2343 -1 2438 2251 2437 -1 2158 2443 647 -1 2617 1785 2551 -1 2545 2553 2618 -1 2597 2619 2616 -1 2341 2103 2349 -1 663 647 2443 -1 2574 2616 2588 -1 2369 2585 2383 -1 2108 2610 2107 -1 2347 2107 2348 -1 2110 2349 2103 -1 2250 2387 2249 -1 2569 2239 2238 -1 2349 2110 2347 -1 2107 2347 2110 -1 2569 2588 2239 -1 2259 2240 2239 -1 2437 2252 2436 -1 2249 2436 2252 -1 2380 2592 2507 -1 2616 2620 2588 -1 2252 2437 2251 -1 2588 2269 2239 -1 2621 188 2622 -1 2588 2620 2269 -1 2507 2383 2585 -1 2251 2438 2219 -1 2623 2622 188 -1 2624 83 2625 -1 2626 2602 1705 -1 2627 83 2624 -1 2620 2283 2269 -1 2628 2629 188 -1 2630 2623 188 -1 2430 2230 2431 -1 2620 2631 2283 -1 2629 2630 188 -1 2383 2511 2419 -1 2508 2511 2383 -1 1868 2431 2230 -1 2631 2452 2283 -1 2632 82 2633 -1 2634 2420 2511 -1 2631 2635 2452 -1 2636 2433 2420 -1 2637 82 2638 -1 2638 82 2632 -1 2639 82 2640 -1 2641 2622 2623 -1 2429 2229 2430 -1 2634 2636 2420 -1 2545 2618 2553 -1 2545 2553 2465 -1 2635 2642 2466 -1 2230 2430 2229 -1 83 2643 2644 -1 2553 1785 2617 -1 2635 2466 2452 -1 83 2627 2643 -1 2636 2517 2433 -1 2229 2429 2232 -1 2388 2232 2429 -1 2553 2617 2465 -1 2232 2388 2250 -1 2387 2250 2388 -1 2645 2646 2199 -1 2623 2630 2641 -1 2625 83 2647 -1 2436 2249 2387 -1 2617 2551 2465 -1 2648 2646 2645 -1 2177 2199 2646 -1 2552 1785 2550 -1 2551 2552 2465 -1 2517 2649 2523 -1 2517 2523 2439 -1 2650 2651 2642 -1 2647 83 2652 -1 2653 2652 83 -1 2170 2458 2171 -1 2630 2654 2641 -1 2552 2550 2465 -1 2472 2258 2459 -1 2655 2629 2628 -1 2650 2642 2635 -1 2177 2646 2175 -1 2655 2654 2629 -1 2656 82 2657 -1 2658 2642 2651 -1 2642 2658 2659 -1 2295 2494 2444 -1 2642 2659 2466 -1 2639 2657 82 -1 2660 1786 2661 -1 2661 1786 2662 -1 2483 2444 2599 -1 2661 2662 2663 -1 2648 2645 2455 -1 2637 2640 82 -1 2656 2664 82 -1 2090 2082 28 -1 2662 1786 2665 -1 2665 1786 2666 -1 2662 2665 2663 -1 2599 2271 2603 -1 2660 2661 2663 -1 2175 2646 2667 -1 2171 2459 2258 -1 2258 2472 2274 -1 2473 2274 2472 -1 2517 2668 2649 -1 2669 83 2670 -1 2603 2273 2487 -1 2473 2487 2273 -1 2274 2473 2273 -1 2456 2671 2648 -1 29 1729 2309 -1 2653 83 2672 -1 2485 2603 2487 -1 2673 2674 2675 -1 2641 2675 2674 -1 2676 2536 1729 -1 2667 2677 2175 -1 2669 2672 83 -1 2622 2641 2674 -1 2678 2608 2679 -1 2603 2485 2599 -1 2275 2603 2276 -1 2680 83 2681 -1 2679 2682 2678 -1 2674 2673 2613 -1 2608 2678 2683 -1 2614 2613 2673 -1 2275 2273 2603 -1 2651 2684 2658 -1 2685 2317 2667 -1 2675 2641 2654 -1 2483 2599 2485 -1 2683 2598 2608 -1 2686 82 2687 -1 2688 2580 2598 -1 2598 2683 2688 -1 2082 2506 2689 -1 2580 2688 2590 -1 2659 2484 2466 -1 2690 2687 82 -1 2665 2666 2663 -1 2691 2692 32 -1 2693 2694 2663 -1 2695 2506 2536 -1 2696 82 2664 -1 2695 2689 2506 -1 2614 2673 2604 -1 2697 82 2696 -1 2654 2604 2673 -1 2675 2654 2673 -1 2590 2688 2698 -1 2684 2699 2658 -1 2700 2701 2655 -1 2604 2654 2605 -1 2655 2605 2654 -1 2605 2655 2609 -1 2630 2629 2654 -1 2646 2671 2667 -1 2702 83 2703 -1 2704 2484 2659 -1 2615 2705 2612 -1 2674 2612 2705 -1 2498 2510 2515 -1 2510 2706 2515 -1 2612 2674 2613 -1 2707 82 2708 -1 2686 2708 82 -1 2709 82 2707 -1 2457 2671 2456 -1 1876 1875 1950 -1 2692 2710 32 -1 2710 2711 32 -1 32 2711 2712 -1 32 2712 2713 -1 2714 32 2713 -1 1875 2515 1950 -1 2646 2648 2671 -1 2674 2705 2621 -1 2697 2690 82 -1 83 82 2703 -1 2702 2681 83 -1 2680 2670 83 -1 2709 2703 82 -1 2621 2622 2674 -1 2615 2606 2705 -1 2715 84 2716 -1 2698 2688 2683 -1 2705 2606 2621 -1 2706 2510 2516 -1 2515 2706 2717 -1 2621 2606 188 -1 2718 84 2719 -1 2592 2590 2698 -1 2706 2720 2717 -1 2592 2698 2507 -1 2515 2717 1950 -1 2721 2722 1679 -1 2723 2724 2721 -1 2717 1956 1950 -1 1940 1939 1963 -1 2677 2667 2317 -1 2725 2722 2726 -1 2706 2516 2727 -1 2461 2685 2457 -1 2671 2457 2685 -1 2720 2706 2727 -1 2728 2729 197 -1 2730 191 2731 -1 2729 2499 197 -1 2732 191 2733 -1 2734 191 2730 -1 1956 2735 1963 -1 2736 2731 191 -1 2550 2548 2465 -1 2734 2733 191 -1 1836 2573 1785 -1 2323 2668 2698 -1 2517 2698 2668 -1 2563 1785 2564 -1 2737 85 2738 -1 2739 2738 85 -1 85 2740 2739 -1 2462 2381 2685 -1 2567 1785 2570 -1 2698 2324 2323 -1 2462 2685 2461 -1 2737 2741 85 -1 835 2742 833 -1 2571 1785 2573 -1 2743 2744 2745 -1 2746 2747 2748 -1 2749 239 197 -1 2750 239 2749 -1 2751 2746 2752 -1 2667 2671 2685 -1 2753 2754 84 -1 2755 2753 84 -1 2756 2465 1836 -1 2573 1836 2465 -1 2030 2056 956 -1 2033 2029 956 -1 197 2698 2749 -1 2757 239 2750 -1 2758 239 2757 -1 1940 1963 2011 -1 2465 2756 2759 -1 2645 2199 2760 -1 2698 2750 2749 -1 2761 239 2758 -1 2208 2760 2199 -1 2720 1956 2717 -1 2698 2757 2750 -1 2762 239 2761 -1 2718 2716 84 -1 2754 2719 84 -1 2763 2742 2764 -1 2765 2742 835 -1 2698 2758 2757 -1 2766 2764 2742 -1 2767 2766 2742 -1 2698 2761 2758 -1 65 405 2742 -1 2765 2767 2742 -1 2698 2762 2761 -1 2735 2018 1963 -1 2732 835 834 -1 2698 2768 2762 -1 1836 1835 2756 -1 2645 2760 2769 -1 2770 31 2771 -1 2772 85 2773 -1 2698 2774 2768 -1 2759 2775 2465 -1 1963 2018 2011 -1 2730 2731 2766 -1 2775 2581 2465 -1 2773 85 2776 -1 2764 2766 2731 -1 2777 2774 2698 -1 2767 2778 2766 -1 2208 2176 2760 -1 2779 31 2780 -1 2730 2766 2734 -1 2778 2734 2766 -1 2769 2176 2468 -1 2781 85 2772 -1 2740 85 2781 -1 2733 2734 2782 -1 2778 2782 2734 -1 2780 31 2770 -1 2783 31 2779 -1 2456 2648 2455 -1 2765 2782 2778 -1 2765 2778 2767 -1 2784 2785 2050 -1 2455 2645 2469 -1 2733 2782 2732 -1 2782 2765 2732 -1 835 2732 2765 -1 2698 2786 2787 -1 1997 2788 2000 -1 2771 31 2789 -1 2736 2763 2731 -1 2764 2731 2763 -1 2790 2791 2792 -1 32 2714 2725 -1 2382 2468 2176 -1 2019 2788 1997 -1 2698 2678 2682 -1 2736 191 2763 -1 2715 2793 84 -1 2469 2645 2468 -1 2769 2468 2645 -1 2793 2794 84 -1 2698 2683 2678 -1 2742 2763 191 -1 2788 2050 2051 -1 2788 2051 2000 -1 2760 2176 2769 -1 2795 2796 2797 -1 2798 84 2799 -1 2050 2788 2784 -1 2800 2784 2788 -1 2801 84 2802 -1 2685 2381 2318 -1 2794 2802 84 -1 2803 2728 197 -1 2804 2018 2805 -1 2698 2508 2507 -1 32 2806 2691 -1 2019 2018 2807 -1 2698 2511 2508 -1 2808 2797 2809 -1 2018 2804 2807 -1 2810 2811 45 -1 2812 2810 45 -1 2813 2797 2808 -1 2800 2785 2784 -1 2698 2634 2511 -1 2807 2814 2019 -1 2815 2816 197 -1 2812 2817 2810 -1 2317 2685 2318 -1 2019 2814 2788 -1 2698 2636 2634 -1 48 2818 2819 -1 2820 85 2821 -1 2776 85 2820 -1 2797 2822 2823 -1 2823 2809 2797 -1 2813 2795 2797 -1 2698 2517 2636 -1 2824 2821 85 -1 2825 2826 31 -1 2827 1956 2720 -1 2828 2829 2830 -1 2831 2832 31 -1 2827 2735 1956 -1 2747 2745 2744 -1 2833 84 2834 -1 2324 2698 2331 -1 2835 2836 2837 -1 2838 2829 2839 -1 2698 2330 2331 -1 2801 2799 84 -1 2828 2840 2829 -1 2840 2839 2829 -1 2698 2416 2330 -1 2798 2834 84 -1 2841 85 2842 -1 2827 2805 2735 -1 2744 2748 2747 -1 2825 31 2832 -1 2843 2805 2827 -1 2844 2829 2845 -1 2838 2845 2829 -1 2698 2846 2416 -1 72 1118 2829 -1 2748 2752 2746 -1 2735 2805 2018 -1 2847 2848 2756 -1 2698 2849 2846 -1 2824 85 2850 -1 2851 2756 2848 -1 1835 2847 2756 -1 2809 2823 2839 -1 2756 2851 2852 -1 2698 2853 2849 -1 2854 2831 31 -1 2838 2839 2823 -1 2842 85 2833 -1 84 2833 85 -1 2841 2850 85 -1 2759 2756 2852 -1 2809 2840 2808 -1 2716 2652 2715 -1 2855 2854 31 -1 2839 2840 2809 -1 2718 2647 2716 -1 2652 2716 2647 -1 2759 2856 2775 -1 2698 2501 2853 -1 2759 2852 2856 -1 2625 2647 2718 -1 2718 2719 2625 -1 2698 197 2501 -1 2754 2624 2719 -1 2768 239 2762 -1 2625 2719 2624 -1 2774 239 2768 -1 2777 239 2774 -1 2581 2857 2858 -1 2753 2627 2754 -1 2859 288 2860 -1 2808 2840 2813 -1 2828 2813 2840 -1 2858 2582 2581 -1 2813 2828 2795 -1 2830 2795 2828 -1 2800 2788 2861 -1 2814 2861 2788 -1 2845 2862 2844 -1 2582 2858 2584 -1 2863 2785 2861 -1 2862 2845 2823 -1 2864 2865 2860 -1 2866 2867 2837 -1 2822 2862 2823 -1 2838 2823 2845 -1 2781 2639 2740 -1 2777 2698 2868 -1 2869 2868 2698 -1 2772 2657 2781 -1 2866 2819 2818 -1 2720 2870 2827 -1 2862 2797 2844 -1 2861 2785 2800 -1 2829 2844 2797 -1 2797 2862 2822 -1 2871 2872 32 -1 2806 32 2872 -1 2584 2481 2480 -1 2584 2873 2481 -1 2871 32 2874 -1 2698 2875 2786 -1 2480 2482 2488 -1 2876 2877 32 -1 2741 2633 2878 -1 2682 2875 2698 -1 2848 2847 1785 -1 2879 2874 32 -1 2739 2637 2738 -1 2880 2848 1785 -1 1835 1785 2847 -1 2880 2851 2848 -1 2881 2882 2883 -1 2737 2632 2741 -1 32 31 2876 -1 2826 2876 31 -1 2880 1785 2884 -1 2855 31 2783 -1 2105 2885 31 -1 2880 2884 2851 -1 2884 1785 2886 -1 2633 2741 2632 -1 2884 2886 2851 -1 2886 2887 2851 -1 2638 2738 2637 -1 2879 32 2877 -1 2881 2888 2882 -1 2889 2883 2882 -1 2740 2640 2739 -1 2637 2739 2640 -1 2546 1718 2890 -1 2890 2891 2546 -1 2740 2639 2640 -1 2882 2892 2889 -1 2893 2894 33 -1 2738 2638 2737 -1 2888 2895 2882 -1 2896 2897 33 -1 2814 2863 2861 -1 2638 2632 2737 -1 2627 2753 2643 -1 2755 2643 2753 -1 2624 2754 2627 -1 2898 33 2722 -1 2643 2755 2644 -1 2857 2581 2775 -1 2679 2547 2546 -1 2653 2715 2652 -1 2857 2775 2856 -1 2715 2653 2793 -1 2672 2793 2653 -1 2793 2672 2794 -1 2596 1715 2547 -1 2899 2900 2901 -1 33 1679 2722 -1 2639 2781 2657 -1 2773 2656 2772 -1 2902 52 2903 -1 2596 1722 1715 -1 2904 2900 2899 -1 2657 2772 2656 -1 2656 2773 2664 -1 2776 2664 2773 -1 2664 2776 2696 -1 2820 2696 2776 -1 2891 2905 2906 -1 2907 2906 2905 -1 2908 2901 2900 -1 2891 2906 2909 -1 2814 2910 2863 -1 2898 2911 33 -1 2912 33 2911 -1 2893 33 2897 -1 2896 33 2912 -1 2670 2802 2669 -1 2794 2669 2802 -1 2903 2913 2902 -1 2546 2891 2909 -1 2669 2794 2672 -1 2909 2679 2546 -1 2541 2542 2914 -1 2915 664 2916 -1 20 1326 664 -1 2799 2917 2798 -1 2801 2917 2799 -1 2909 2875 2679 -1 2682 2679 2875 -1 2918 2526 2525 -1 2873 2584 2858 -1 2547 2679 2608 -1 2917 2801 2680 -1 2680 2801 2670 -1 2919 60 2920 -1 2547 2608 2596 -1 2802 2670 2801 -1 2921 2509 2526 -1 2922 2851 2887 -1 2906 2875 2909 -1 2824 2923 2690 -1 2824 2690 2821 -1 2920 2924 2919 -1 2690 2923 2687 -1 2906 2786 2875 -1 2687 2923 2686 -1 2925 664 2926 -1 2708 2686 2927 -1 2923 2927 2686 -1 2852 2928 2856 -1 516 2929 63 -1 187 516 63 -1 2923 2930 2931 -1 2923 2931 2927 -1 2526 2918 2921 -1 2850 2930 2824 -1 2918 2932 2933 -1 2824 2930 2923 -1 2918 2933 2921 -1 2934 2935 689 -1 2850 2841 2930 -1 2931 2930 2841 -1 689 2935 64 -1 2936 2908 2900 -1 429 64 2935 -1 2937 2707 2927 -1 2931 2937 2927 -1 2921 2516 2509 -1 515 429 2938 -1 2936 2900 2939 -1 2940 2926 664 -1 2696 2820 2697 -1 2821 2697 2820 -1 2935 2938 429 -1 2934 2938 2935 -1 2697 2821 2690 -1 2786 2906 2907 -1 2787 2786 2907 -1 2888 2939 2895 -1 2938 516 515 -1 2941 2833 2834 -1 516 2938 2929 -1 2798 2917 2834 -1 2917 2680 2681 -1 691 70 2942 -1 2932 2943 2933 -1 2904 2899 2892 -1 1125 2942 70 -1 2941 2834 2917 -1 2944 664 2925 -1 810 1125 70 -1 2945 34 2946 -1 2702 2941 2681 -1 2681 2941 2917 -1 2921 2947 2516 -1 2948 2940 664 -1 2915 2949 664 -1 2921 2933 2947 -1 2883 2889 2950 -1 2889 2899 2950 -1 2901 2950 2899 -1 2951 2952 693 -1 2953 239 2954 -1 2954 239 2868 -1 2949 2948 664 -1 2947 2727 2516 -1 2941 2702 2703 -1 2856 2955 2857 -1 986 71 2952 -1 71 693 2952 -1 2709 2937 2703 -1 1125 986 2942 -1 2952 2942 986 -1 2941 2842 2833 -1 2956 2953 2869 -1 2857 2957 2858 -1 2958 2932 2959 -1 2937 2931 2841 -1 2858 2957 2873 -1 2043 2873 2957 -1 2708 2927 2707 -1 2953 2954 2869 -1 2873 2046 2481 -1 2707 2937 2709 -1 695 74 1193 -1 2873 2043 2046 -1 2941 2703 2937 -1 240 2956 2869 -1 1190 1192 74 -1 2960 2961 34 -1 2941 2937 2842 -1 2859 2860 2962 -1 2842 2937 2841 -1 2963 2962 2860 -1 1515 75 2964 -1 1961 2965 1977 -1 2966 2967 2968 -1 2969 2964 75 -1 1192 2964 1193 -1 1977 2965 1886 -1 2969 1193 2964 -1 2865 2963 2860 -1 2969 2970 1193 -1 2964 1192 1515 -1 2971 2960 34 -1 2945 2971 34 -1 2968 2972 2973 -1 2974 2975 87 -1 1865 1977 1886 -1 2976 2864 2860 -1 2977 2946 34 -1 2978 87 2975 -1 1865 1886 1866 -1 697 78 2979 -1 2980 2976 2860 -1 1866 2981 1873 -1 1885 2981 1866 -1 2026 2979 78 -1 2525 2541 2918 -1 2981 2282 1873 -1 2954 2868 2869 -1 2982 87 2978 -1 2967 2869 2698 -1 2983 2984 2950 -1 2984 2881 2950 -1 2883 2950 2881 -1 2985 2979 2026 -1 2698 2968 2967 -1 2950 2901 2983 -1 2908 2983 2901 -1 2936 2888 2984 -1 2698 2972 2968 -1 2025 2476 2026 -1 2985 2026 2476 -1 2936 2984 2983 -1 2936 2983 2908 -1 2698 2787 2972 -1 2189 2986 2985 -1 2189 2985 2188 -1 2476 2188 2985 -1 2987 2988 2989 -1 2990 33 2991 -1 2992 86 2993 -1 2991 33 2894 -1 2644 2994 83 -1 2965 2995 2996 -1 253 197 239 -1 2914 2987 2959 -1 2755 84 2997 -1 2998 34 2999 -1 2965 2996 1886 -1 1885 1886 3000 -1 2996 3000 1886 -1 2914 2959 2541 -1 22 1272 3001 -1 3002 3003 3004 -1 2541 2932 2918 -1 3005 2994 2997 -1 2644 2997 2994 -1 1885 3006 2981 -1 2997 2644 2755 -1 3003 241 3007 -1 3008 34 3009 -1 2541 2959 2932 -1 3010 86 3011 -1 3000 3006 1885 -1 3003 3007 3004 -1 3012 3013 3001 -1 2993 86 3014 -1 2999 34 3008 -1 3015 3014 86 -1 3010 3015 86 -1 3004 2967 2966 -1 3016 3017 87 -1 2987 2989 3018 -1 3019 2995 3020 -1 2982 3016 87 -1 701 87 3017 -1 3021 87 3022 -1 3016 3023 3017 -1 2905 3024 2907 -1 3024 3025 2907 -1 3009 34 3026 -1 3027 3022 87 -1 2974 87 3021 -1 3028 703 3029 -1 3007 241 240 -1 3007 240 3004 -1 2869 3004 240 -1 3030 3026 34 -1 2967 3004 2869 -1 2996 2995 3031 -1 2966 2968 2973 -1 2995 3019 3031 -1 2972 3025 2973 -1 3032 3033 2947 -1 3025 2972 2787 -1 3019 3034 3031 -1 3025 2787 2907 -1 3019 3035 3034 -1 3036 3037 3038 -1 3039 1127 1343 -1 3040 3041 3042 -1 2889 2892 2899 -1 3043 34 3044 -1 3045 3038 3029 -1 3046 86 2992 -1 3047 86 3046 -1 3039 1138 1127 -1 1140 1135 1138 -1 3048 3006 3000 -1 3049 666 3050 -1 3051 3052 1138 -1 3051 1138 3039 -1 3048 3053 3054 -1 1138 1682 1140 -1 3055 87 3056 -1 1138 3052 1682 -1 3057 3058 666 -1 1140 1557 1556 -1 87 3055 3027 -1 1140 1682 1557 -1 3059 666 3060 -1 3061 3062 3063 -1 3062 2989 2988 -1 3064 3060 666 -1 3065 3066 33 -1 2990 3065 33 -1 3067 3052 3051 -1 3062 3061 2989 -1 1682 3052 1683 -1 3064 666 3068 -1 3067 1683 3052 -1 3069 2895 2939 -1 2987 3070 2959 -1 2977 34 2998 -1 33 3044 34 -1 2996 3031 3000 -1 3071 3000 3031 -1 3072 1686 3067 -1 3071 3048 3000 -1 2987 3018 3070 -1 3072 1718 1686 -1 3073 33 3066 -1 3073 3074 33 -1 3044 33 3074 -1 3030 34 3043 -1 2939 2888 2936 -1 2958 2959 3070 -1 3067 1686 1683 -1 2881 2984 2888 -1 2900 2904 2882 -1 3075 3068 666 -1 3059 3050 666 -1 3058 2586 666 -1 2892 2882 2904 -1 3076 86 3077 -1 3078 86 3076 -1 1339 3079 1343 -1 2691 2894 2692 -1 2893 2692 2894 -1 1339 1377 3079 -1 2943 2932 2958 -1 2894 2691 2991 -1 2806 2991 2691 -1 2933 2943 3032 -1 2692 2893 2710 -1 3039 1343 3079 -1 3047 3080 86 -1 3081 86 3080 -1 2721 2726 2722 -1 3071 3031 3082 -1 289 3083 3001 -1 3032 2947 2933 -1 3034 3082 3031 -1 3082 3053 3071 -1 2898 2714 2911 -1 2727 2947 3033 -1 3084 86 3081 -1 3012 3001 3085 -1 3086 3001 3083 -1 3087 3001 3013 -1 1377 3088 3089 -1 2714 2898 2725 -1 2722 2725 2898 -1 3082 3090 3053 -1 2727 3033 2870 -1 3071 3053 3048 -1 2711 2896 2712 -1 2912 2712 2896 -1 3086 3085 3001 -1 2911 2713 2912 -1 2712 2912 2713 -1 1377 3089 3079 -1 2870 2720 2727 -1 3091 3056 87 -1 2911 2714 2713 -1 3079 3089 3051 -1 2843 2827 2870 -1 2893 2897 2710 -1 3092 3001 3093 -1 2896 2711 2897 -1 2710 2897 2711 -1 3087 3093 3001 -1 3089 3094 3051 -1 3079 3051 3039 -1 3095 3034 3035 -1 2999 2855 2998 -1 3082 3034 3096 -1 3095 3096 3034 -1 3097 86 3098 -1 3099 87 3097 -1 3100 87 3099 -1 3100 3091 87 -1 2998 2783 2977 -1 86 3084 3101 -1 3089 3088 3102 -1 3096 3090 3082 -1 3101 3077 86 -1 3078 3098 86 -1 86 3097 87 -1 3089 3102 3094 -1 3008 2854 2999 -1 3103 3104 3105 -1 2855 2999 2854 -1 1335 1331 241 -1 1370 1335 241 -1 1565 1564 1369 -1 3106 3054 3053 -1 1564 3107 1369 -1 3108 3109 2916 -1 1370 1565 1369 -1 3110 1334 1330 -1 1330 1369 3110 -1 3009 2831 3008 -1 3110 1377 1334 -1 2854 3008 2831 -1 3096 3111 3090 -1 1564 241 3107 -1 3112 1369 3113 -1 3112 3113 3114 -1 3107 3113 1369 -1 3114 241 3115 -1 2783 2998 2855 -1 3114 3115 3112 -1 1369 3112 3116 -1 2779 2977 2783 -1 3115 3117 3112 -1 2961 2885 3118 -1 3119 1961 1962 -1 3120 88 3121 -1 1369 3116 3110 -1 2771 2960 2971 -1 3122 3121 88 -1 3110 3088 1377 -1 1962 2119 3119 -1 3123 3124 3057 -1 3110 3116 3088 -1 2965 1961 3119 -1 2771 2971 2770 -1 2945 2770 2971 -1 3125 3112 3126 -1 3117 3126 3112 -1 2946 2780 2945 -1 2977 2779 2946 -1 3125 3127 3112 -1 3128 3129 3123 -1 3122 88 3130 -1 2771 2789 2960 -1 2814 3131 2910 -1 2119 3132 3020 -1 2960 2789 2961 -1 2885 2961 2789 -1 3133 3088 3116 -1 3119 2119 3020 -1 2962 3083 2859 -1 3119 2995 2965 -1 2995 3119 3020 -1 2770 2945 2780 -1 3102 3088 3133 -1 2780 2946 2779 -1 3134 3102 3133 -1 3102 3135 3094 -1 3102 3134 3135 -1 3136 89 3137 -1 3138 3137 89 -1 2990 2872 3065 -1 3094 3067 3051 -1 3139 3140 3141 -1 289 2859 3083 -1 2958 3070 3131 -1 2859 289 288 -1 3133 3142 3134 -1 2943 2958 3131 -1 2991 2806 2990 -1 3032 2943 3131 -1 3142 3143 3134 -1 3144 3145 3146 -1 3033 3032 3131 -1 3033 3131 2870 -1 493 336 114 -1 3135 3072 3067 -1 3135 3067 3094 -1 3147 3148 3149 -1 3146 3149 3148 -1 3150 3151 89 -1 3136 3152 89 -1 3153 89 3154 -1 3152 3154 89 -1 2832 2831 3026 -1 3146 3145 3149 -1 2094 2114 2116 -1 3009 3026 2831 -1 2114 3155 2116 -1 2114 3156 3155 -1 3130 88 3157 -1 3158 3023 88 -1 3134 3159 3135 -1 88 3023 3157 -1 3134 3143 3159 -1 3160 2099 2095 -1 2832 3026 2825 -1 3030 2825 3026 -1 3161 3162 3141 -1 3163 3161 3141 -1 3135 3159 2890 -1 3072 3135 2890 -1 3164 3165 2785 -1 2825 3030 2826 -1 3072 2890 1718 -1 3166 3131 3164 -1 3165 3167 2785 -1 3168 3129 3147 -1 2095 2116 3160 -1 3120 3169 88 -1 3170 3141 3162 -1 3147 3149 3168 -1 3131 3165 3164 -1 3044 2876 3043 -1 2826 3043 2876 -1 3141 3170 3171 -1 3131 3167 3165 -1 3074 2877 3044 -1 2876 3044 2877 -1 3172 88 3169 -1 1628 1630 128 -1 2877 3074 2879 -1 3173 3174 2785 -1 3167 3173 2785 -1 3159 2905 2890 -1 3131 3173 3167 -1 3175 241 3176 -1 3117 241 3126 -1 3126 241 3175 -1 3115 241 3117 -1 3113 241 3114 -1 3074 3073 2879 -1 3177 2785 3174 -1 3175 3176 3125 -1 3176 241 3178 -1 1442 1628 128 -1 1447 1441 128 -1 2879 3073 2874 -1 3066 2874 3073 -1 3131 3174 3173 -1 3144 3179 3145 -1 3176 3178 3125 -1 3151 3138 89 -1 3171 3139 3141 -1 3126 3175 3125 -1 3131 3177 3174 -1 3116 3112 3127 -1 129 283 1559 -1 2871 3065 2872 -1 3131 3180 3177 -1 2872 2990 2806 -1 3181 3182 2785 -1 3133 3116 3127 -1 3181 3180 3131 -1 2874 3066 2871 -1 3065 2871 3066 -1 3150 89 3183 -1 3127 3142 3133 -1 3146 3148 3184 -1 3185 3184 3148 -1 3043 2826 3030 -1 3178 241 3186 -1 3186 241 3187 -1 3186 3187 3188 -1 88 3172 3189 -1 3188 3125 3186 -1 3178 3186 3125 -1 2099 3160 2119 -1 3190 407 3191 -1 3192 3193 36 -1 3194 3127 3125 -1 3195 3196 1003 -1 3191 1629 1559 -1 3194 3125 3188 -1 3197 3196 3198 -1 3142 3127 3194 -1 3199 3196 3200 -1 3200 3196 3197 -1 3201 3202 3168 -1 3129 3168 3202 -1 1915 570 461 -1 1879 1915 135 -1 3195 3198 3196 -1 3203 3196 3199 -1 2790 36 3204 -1 3205 241 3206 -1 3205 3206 3207 -1 3208 3204 36 -1 3209 88 3210 -1 3211 88 3212 -1 3206 3213 3207 -1 3212 88 3214 -1 2116 3215 3160 -1 3216 3217 3129 -1 3185 3129 3217 -1 3185 3148 3129 -1 3148 3147 3129 -1 3207 3188 3205 -1 3187 3205 3188 -1 2116 3155 3215 -1 3218 3194 3188 -1 489 3219 490 -1 3220 1003 1005 -1 3218 3188 3207 -1 3194 3218 3221 -1 2098 1996 571 -1 3219 571 1996 -1 3222 3223 89 -1 3131 2843 2870 -1 3194 3221 3142 -1 3224 2785 3225 -1 3221 3143 3142 -1 3193 3226 36 -1 3226 3208 36 -1 3131 2805 2843 -1 3217 3216 3050 -1 3160 3215 3132 -1 3213 3227 3207 -1 3131 2804 2805 -1 3228 3207 3227 -1 1915 2098 571 -1 3229 3203 3199 -1 3230 89 3231 -1 3231 89 3232 -1 3131 2807 2804 -1 3163 3233 3161 -1 3230 3222 89 -1 3218 3234 3221 -1 1915 571 570 -1 3059 3184 3217 -1 3235 89 3236 -1 3236 89 3223 -1 154 153 653 -1 2807 3131 2814 -1 5 413 153 -1 413 653 153 -1 3237 2785 3224 -1 3238 2785 3237 -1 3239 3225 2785 -1 3183 89 3240 -1 3227 241 3241 -1 3213 241 3227 -1 3206 241 3213 -1 3187 241 3205 -1 3185 3217 3184 -1 3239 2910 3131 -1 3225 3239 3131 -1 3235 3240 89 -1 3227 3241 3228 -1 3189 3214 88 -1 3241 241 3242 -1 3242 241 3002 -1 3131 3224 3225 -1 3228 3241 3242 -1 6 12 650 -1 3243 2785 3238 -1 3207 3228 3244 -1 3210 88 3211 -1 3245 89 3209 -1 3131 3237 3224 -1 88 3209 89 -1 3243 3246 2785 -1 13 20 663 -1 3247 35 3248 -1 3207 3244 3218 -1 3131 3238 3237 -1 3232 89 3245 -1 3249 35 3250 -1 3246 3251 2785 -1 3234 3218 3244 -1 3144 3146 3252 -1 669 28 671 -1 3131 3243 3238 -1 3143 3221 3024 -1 3253 3254 3233 -1 3131 3246 3243 -1 1729 32 1730 -1 3250 35 3255 -1 3141 3233 3163 -1 3251 3256 2785 -1 3221 3234 3024 -1 3255 35 3257 -1 3143 3024 2905 -1 3131 3251 3246 -1 3143 2905 3159 -1 3256 3166 2785 -1 3166 3164 2785 -1 2891 2890 2905 -1 3258 3132 3215 -1 3131 3256 3251 -1 35 2267 3248 -1 3160 3132 2119 -1 3121 2974 3120 -1 3131 3166 3256 -1 3259 35 3247 -1 3002 3228 3242 -1 3004 3228 3002 -1 3122 2975 3121 -1 3004 2966 3228 -1 3228 2966 3244 -1 3177 3180 2785 -1 3260 3261 2267 -1 3259 3257 35 -1 3146 3262 3252 -1 3244 2973 3234 -1 3244 2966 2973 -1 3180 3181 2785 -1 2792 1680 2790 -1 3234 3025 3024 -1 3263 3215 3155 -1 3234 2973 3025 -1 677 52 679 -1 120 1785 3264 -1 3021 3120 2974 -1 3262 3265 3252 -1 3266 3267 3264 -1 3131 3182 3181 -1 3132 3268 3020 -1 2974 3121 2975 -1 3132 3258 3268 -1 3042 3182 3131 -1 3130 2978 3122 -1 2975 3122 2978 -1 3019 3020 3268 -1 2982 2978 3130 -1 3269 3270 3265 -1 687 685 63 -1 3130 3157 2982 -1 3131 3271 3272 -1 3273 3269 3265 -1 3258 3274 3275 -1 3270 3252 3265 -1 3276 3262 3146 -1 3277 3192 36 -1 70 691 689 -1 3138 3278 3137 -1 3279 36 3280 -1 3258 3275 3268 -1 3281 3282 3283 -1 3268 3035 3019 -1 3284 3063 3285 -1 3280 36 3286 -1 78 697 696 -1 3279 3277 36 -1 3284 3061 3063 -1 3268 3275 3035 -1 3287 3129 3202 -1 3288 3289 3281 -1 3288 3290 3289 -1 3281 3289 3282 -1 3291 3282 3289 -1 3292 2949 2915 -1 92 95 704 -1 707 706 99 -1 3197 3198 3293 -1 2989 3061 3131 -1 3294 3137 3278 -1 3018 2989 3131 -1 3131 3070 3018 -1 3278 3138 3151 -1 3162 3161 3295 -1 3254 3295 3161 -1 3274 3296 3297 -1 3254 3298 3295 -1 3299 3300 3042 -1 713 712 117 -1 3162 3295 3170 -1 3137 3294 3136 -1 3171 3170 3301 -1 3300 2785 3302 -1 3274 3297 3275 -1 114 117 712 -1 3303 3304 35 -1 3300 3302 3042 -1 3275 3305 3035 -1 3275 3297 3305 -1 3198 3301 3293 -1 3299 3042 3041 -1 3152 3136 3294 -1 3305 3095 3035 -1 715 714 124 -1 3195 3220 3198 -1 125 121 716 -1 3301 3170 3295 -1 711 283 113 -1 490 91 703 -1 3294 3306 3152 -1 3307 3272 3271 -1 1776 132 1 -1 1 0 1776 -1 131 1 132 -1 3152 3306 3154 -1 3295 3298 3301 -1 3298 3293 3301 -1 3294 3015 3306 -1 3308 3303 35 -1 3285 3309 3310 -1 3311 3308 35 -1 0 3 720 -1 3310 3284 3285 -1 3305 3312 3095 -1 3306 3011 1039 -1 3154 3306 3153 -1 1039 3153 3306 -1 35 3313 3311 -1 14 2382 11 -1 2176 11 2382 -1 3014 3294 2993 -1 2860 19 22 -1 2860 22 3001 -1 3156 3314 3315 -1 26 1699 23 -1 309 23 1699 -1 2992 3278 3046 -1 1869 27 30 -1 3302 3182 3042 -1 2105 31 34 -1 2105 34 2162 -1 2993 3278 2992 -1 3315 3155 3156 -1 1003 3220 3195 -1 2267 35 38 -1 3263 3155 3315 -1 3131 3272 3042 -1 2352 39 42 -1 3316 1039 3011 -1 3301 3198 3220 -1 3317 3315 3314 -1 46 2422 43 -1 3294 3014 3015 -1 3131 3310 3271 -1 3278 2993 3294 -1 2576 51 54 -1 3310 3131 3284 -1 3263 3258 3215 -1 65 2742 191 -1 3105 3318 3103 -1 3131 3061 3284 -1 3306 3010 3011 -1 3171 3301 3220 -1 73 76 2900 -1 3010 3306 3015 -1 3290 3319 3320 -1 3103 3318 3129 -1 77 80 3196 -1 3321 3103 3129 -1 3290 3320 3289 -1 3322 2495 2484 -1 3323 3324 97 -1 3291 3289 3325 -1 3320 3325 3289 -1 1005 3140 3220 -1 3326 102 105 -1 3171 3220 3139 -1 3325 3327 3291 -1 112 115 1416 -1 3023 3016 3157 -1 3328 36 3329 -1 3321 3129 3287 -1 3330 3329 36 -1 3023 3158 3017 -1 3322 2704 3331 -1 3319 3332 3320 -1 3328 3286 36 -1 2982 3157 3016 -1 3333 127 130 -1 3322 3331 2544 -1 3321 3287 3104 -1 134 137 3334 -1 3200 3293 3254 -1 3197 3293 3200 -1 3332 3325 3320 -1 3298 3254 3293 -1 3169 3022 3172 -1 3253 3229 3254 -1 3200 3254 3229 -1 3200 3229 3199 -1 2495 3322 2544 -1 3335 35 3336 -1 3055 3189 3027 -1 3172 3027 3189 -1 3254 3161 3233 -1 3027 3172 3022 -1 3022 3169 3021 -1 3120 3021 3169 -1 3337 3338 3339 -1 3336 35 3304 -1 3203 3229 3196 -1 3229 3253 3196 -1 3141 3196 3253 -1 3253 3233 3141 -1 3278 3340 3046 -1 3249 3341 35 -1 3313 35 3341 -1 3150 3340 3151 -1 3342 3343 3344 -1 3343 3345 3331 -1 3343 3331 3344 -1 3331 3346 2544 -1 35 3335 36 -1 3183 3340 3150 -1 3331 3345 3346 -1 3149 3179 3168 -1 3337 3347 3348 -1 2914 2544 3346 -1 3183 3349 3340 -1 3350 3351 3352 -1 2988 3346 3345 -1 3278 3151 3340 -1 3346 2988 2987 -1 3346 2987 2914 -1 3353 36 3335 -1 3353 3330 36 -1 2914 2542 2544 -1 3354 3355 3351 -1 3314 3356 3317 -1 3345 3343 3063 -1 3350 3357 3351 -1 3357 3358 3351 -1 3315 3317 3359 -1 3240 3349 3183 -1 3360 3351 3361 -1 3360 3352 3351 -1 3062 3345 3063 -1 3362 3361 3351 -1 3317 3363 3359 -1 3345 3062 2988 -1 560 5 568 -1 568 5 269 -1 3315 3359 3263 -1 560 559 5 -1 3364 3365 3366 -1 3263 3274 3258 -1 3367 37 3368 -1 3340 3047 3046 -1 3263 3359 3274 -1 3368 37 3369 -1 3047 3340 3080 -1 3369 37 3370 -1 3370 37 3371 -1 3273 3265 3372 -1 3356 3373 3317 -1 3374 5 3375 -1 559 3375 5 -1 3374 3376 5 -1 3356 3377 3373 -1 3056 3212 3214 -1 3269 3378 3270 -1 3056 3214 3055 -1 3363 3317 3373 -1 3379 3365 3380 -1 3381 3382 3383 -1 3212 3056 3091 -1 3363 3296 3359 -1 3384 3365 3385 -1 3386 3385 3365 -1 3380 3365 3364 -1 3372 3378 3273 -1 3387 3386 3365 -1 3379 3387 3365 -1 85 2878 3365 -1 3388 3381 3383 -1 3389 590 4 -1 3358 3364 3354 -1 3189 3055 3214 -1 3296 3274 3359 -1 3390 37 2791 -1 590 320 4 -1 3362 3384 3385 -1 3362 3385 3361 -1 617 3389 4 -1 3391 617 4 -1 3348 3338 3337 -1 3360 3386 3352 -1 3387 3352 3386 -1 3338 3392 3339 -1 3379 3393 3387 -1 3209 3097 3245 -1 3350 3387 3393 -1 3352 3387 3350 -1 3103 3321 3104 -1 3380 3393 3379 -1 3210 3099 3209 -1 37 3394 3395 -1 3350 3393 3396 -1 3350 3396 3357 -1 3380 3396 3393 -1 3211 3100 3210 -1 3364 3358 3380 -1 3397 3398 4 -1 3212 3091 3211 -1 3396 3380 3358 -1 3063 3399 3285 -1 3283 3348 3400 -1 4 3398 3391 -1 3366 3354 3364 -1 3357 3396 3358 -1 3388 2785 3040 -1 3401 3394 37 -1 3371 37 3395 -1 3390 3401 37 -1 3360 3361 3386 -1 3385 3386 3361 -1 3179 2948 3292 -1 3384 3362 3365 -1 3351 3365 3362 -1 3388 3040 3381 -1 3042 3381 3040 -1 86 3402 3316 -1 3403 3404 3402 -1 3405 3316 3402 -1 3381 3272 3307 -1 3381 3042 3272 -1 3406 3402 3407 -1 3408 339 6 -1 3232 3078 3231 -1 3307 3271 3309 -1 3231 3076 3230 -1 3404 3405 3402 -1 3271 3310 3309 -1 3076 3231 3078 -1 3409 3402 3410 -1 3340 3349 3080 -1 3383 3382 2785 -1 3411 2785 3412 -1 3081 3080 3349 -1 3413 3402 3406 -1 3413 3410 3402 -1 3409 3403 3402 -1 3363 3414 3296 -1 3415 3407 3402 -1 3416 7 3417 -1 3412 3418 3411 -1 3419 3411 3418 -1 3235 3349 3240 -1 3417 7 611 -1 3420 2785 3382 -1 3412 2785 3420 -1 3349 3236 3081 -1 3412 3420 3418 -1 3236 3349 3235 -1 3418 3421 3419 -1 2257 2282 3422 -1 3202 3104 3287 -1 2282 3423 3422 -1 3424 38 3425 -1 2257 3422 2263 -1 3426 3427 3428 -1 3416 3429 7 -1 3210 3100 3099 -1 3430 3427 3431 -1 2263 2292 2270 -1 3100 3211 3091 -1 3201 3168 3179 -1 3432 2286 3433 -1 7 3429 932 -1 3223 3084 3236 -1 3399 3343 3342 -1 3422 2292 2263 -1 3434 3427 1040 -1 3222 3101 3223 -1 3084 3223 3101 -1 3435 3427 3434 -1 1814 732 1816 -1 3077 3101 3230 -1 3428 3427 3435 -1 1822 2292 736 -1 3431 3427 3426 -1 3222 3230 3101 -1 3420 3382 3418 -1 3381 3418 3382 -1 89 1038 3427 -1 3418 3381 3307 -1 3436 3437 38 -1 3418 3307 3421 -1 3230 3076 3077 -1 3438 3270 3378 -1 1816 736 2292 -1 3421 3309 3439 -1 2981 3006 3440 -1 3421 3307 3309 -1 3439 3285 3399 -1 3440 2282 2981 -1 38 3441 3442 -1 3442 3425 38 -1 3424 3436 38 -1 3439 3309 3285 -1 3269 3273 3378 -1 3078 3232 3098 -1 3245 3098 3232 -1 3440 3423 2282 -1 3399 3063 3343 -1 3236 3084 3081 -1 3041 2785 3299 -1 3388 3383 2785 -1 3209 3099 3097 -1 3443 2684 2694 -1 3098 3245 3097 -1 2699 2684 3443 -1 3146 3444 3445 -1 3446 3376 3447 -1 3448 3449 3450 -1 2704 2659 2658 -1 2658 2699 2704 -1 3450 3449 3451 -1 3426 3452 3453 -1 3454 3453 3452 -1 3426 3453 3431 -1 3322 2484 2704 -1 3453 3455 3430 -1 3453 3430 3431 -1 3454 3455 3453 -1 3456 3457 3264 -1 3458 3459 3264 -1 3457 3458 3264 -1 3454 3460 3427 -1 3455 3454 3427 -1 3430 3455 3427 -1 3461 3451 3462 -1 3045 703 3463 -1 3464 3399 3342 -1 3443 3342 2699 -1 2699 3344 2704 -1 2699 3342 3344 -1 349 340 559 -1 3344 3331 2704 -1 3465 3452 3466 -1 3467 3448 3450 -1 3468 1786 3469 -1 2666 1786 3468 -1 2785 3470 1786 -1 3146 3445 3276 -1 3468 3469 3471 -1 3469 1786 3472 -1 3466 3473 3465 -1 3376 3374 3408 -1 3474 3448 3467 -1 3475 3476 3445 -1 3469 3472 3471 -1 3468 3471 2666 -1 2663 2666 3471 -1 3466 3477 3473 -1 3435 3473 3477 -1 3435 3477 3428 -1 3276 3476 3478 -1 350 349 560 -1 3476 3276 3445 -1 2693 2663 3471 -1 3443 2694 2693 -1 3146 3184 3479 -1 340 3375 559 -1 3459 3480 3264 -1 3480 3481 3264 -1 3451 3456 3462 -1 340 339 3375 -1 3464 3443 2693 -1 3477 3452 3426 -1 3428 3477 3426 -1 3477 3466 3452 -1 3374 3375 339 -1 3470 2785 3482 -1 3472 1786 3470 -1 3449 3457 3456 -1 3449 3456 3451 -1 3470 3482 3419 -1 3482 2785 3483 -1 3411 3483 2785 -1 3460 3454 3452 -1 3392 3474 3339 -1 339 3408 3374 -1 3482 3483 3419 -1 3484 91 3485 -1 3419 3471 3470 -1 3472 3470 3471 -1 3474 3392 3486 -1 3487 91 3484 -1 3488 3463 91 -1 3488 91 3487 -1 3489 38 3490 -1 2693 3471 3491 -1 269 357 568 -1 3474 3486 3448 -1 357 350 568 -1 3491 3471 3419 -1 3434 3492 3435 -1 3464 2693 3491 -1 3493 3494 38 -1 3448 3495 3449 -1 593 3391 3398 -1 3491 3439 3464 -1 3492 3434 1040 -1 3494 3490 38 -1 3486 3495 3448 -1 3464 3342 3443 -1 3496 38 3489 -1 3497 90 3498 -1 3499 38 3496 -1 3481 3500 3264 -1 3495 3459 3458 -1 3495 3458 3449 -1 3419 3483 3411 -1 3498 90 3501 -1 3421 3491 3419 -1 3473 3435 3492 -1 3421 3439 3491 -1 3480 3459 3495 -1 3452 3406 3502 -1 3407 3502 3406 -1 3449 3458 3457 -1 3479 3184 3059 -1 617 592 3389 -1 3503 37 3504 -1 3505 3506 3392 -1 3415 3502 3407 -1 3464 3439 3399 -1 3502 3402 3460 -1 3415 3402 3502 -1 1460 741 743 -1 3506 3486 3392 -1 3389 592 590 -1 3479 3444 3146 -1 3427 3460 3402 -1 3507 90 3508 -1 3501 90 3507 -1 3413 3452 3410 -1 1809 2594 3509 -1 3509 1810 1809 -1 1810 3510 1808 -1 2600 2611 3511 -1 3486 3512 3495 -1 3513 90 3514 -1 1806 3511 2611 -1 3465 3473 3410 -1 3409 3410 3473 -1 3515 3516 3478 -1 3513 3508 90 -1 90 3517 3514 -1 3403 3473 3492 -1 3403 3409 3473 -1 611 595 3417 -1 3511 1806 1805 -1 3481 3495 3500 -1 3512 3500 3495 -1 2600 3511 2619 -1 3518 3519 3520 -1 3495 3481 3480 -1 3511 3521 2619 -1 3318 3123 3129 -1 3511 3522 3521 -1 3403 3492 3404 -1 3523 3520 3524 -1 3519 3524 3520 -1 2292 3422 3525 -1 2600 2619 2597 -1 3460 3452 3502 -1 3520 3523 3526 -1 3527 38 3499 -1 3441 38 3527 -1 3465 3410 3452 -1 3423 3525 3422 -1 3518 594 3519 -1 3406 3452 3413 -1 3528 3529 3522 -1 1813 3530 732 -1 3529 1786 3531 -1 3532 3504 37 -1 3525 1813 1814 -1 2292 3525 1814 -1 3529 3531 3522 -1 3522 3511 3528 -1 1805 3528 3511 -1 1817 732 3530 -1 3523 594 3526 -1 3530 1813 3525 -1 2292 1814 1816 -1 2619 3521 3533 -1 3534 3535 37 -1 3536 3416 595 -1 3417 595 3416 -1 3536 3518 3520 -1 3520 3537 3536 -1 2619 3533 2616 -1 3538 3539 3540 -1 3129 3128 3541 -1 3533 2620 2616 -1 1786 3542 3543 -1 3531 1786 3543 -1 3544 3545 37 -1 3546 3525 3423 -1 3542 3547 3543 -1 3531 3543 3522 -1 3525 1817 3530 -1 3493 38 3535 -1 38 37 3535 -1 3545 3534 37 -1 3524 3519 594 -1 3536 594 3518 -1 3525 3546 1817 -1 3548 3540 3539 -1 595 594 3536 -1 3549 3440 3006 -1 3524 594 3523 -1 3367 3532 37 -1 3503 3544 37 -1 3541 3216 3129 -1 3370 3277 3369 -1 3279 3369 3277 -1 593 3526 594 -1 3549 3006 3048 -1 3369 3279 3368 -1 3279 3280 3368 -1 2631 2620 3533 -1 3549 3550 3440 -1 3542 1786 3551 -1 3050 3216 3541 -1 3522 3543 3547 -1 3551 3547 3542 -1 3277 3370 3192 -1 3371 3192 3370 -1 3552 3520 3553 -1 3554 3553 3520 -1 3551 1786 3555 -1 3551 3555 3547 -1 3348 3283 3556 -1 3522 3547 3557 -1 3558 3338 3348 -1 3555 1786 3559 -1 3555 3559 3547 -1 3560 3517 90 -1 3556 3558 3348 -1 3059 3060 3444 -1 3561 2792 2791 -1 3558 3505 3338 -1 3562 3539 3563 -1 3390 3204 3401 -1 3522 3557 3521 -1 3204 3390 2790 -1 2791 2790 3390 -1 3564 3485 91 -1 3521 3565 3533 -1 3338 3505 3392 -1 3557 3565 3521 -1 3479 3059 3444 -1 3193 3395 3226 -1 3394 3226 3395 -1 3565 2631 3533 -1 3401 3208 3394 -1 3226 3394 3208 -1 3283 3282 3556 -1 3559 1786 1801 -1 3282 3566 3556 -1 3401 3204 3208 -1 1801 1802 3567 -1 3568 3563 3539 -1 3416 3536 3537 -1 3564 91 3569 -1 3566 3558 3556 -1 1802 3570 3567 -1 3571 3539 3562 -1 3554 3520 3572 -1 3567 3547 1801 -1 3559 1801 3547 -1 3558 3573 3505 -1 3395 3193 3371 -1 3192 3371 3193 -1 3526 3572 3520 -1 3547 3574 3557 -1 3566 3573 3558 -1 3573 3575 3505 -1 3547 3567 3574 -1 3440 3550 3423 -1 3557 3574 2650 -1 3553 3554 3397 -1 3572 3397 3554 -1 3576 3539 3577 -1 3505 3575 3506 -1 3526 3398 3572 -1 3526 593 3398 -1 3397 3572 3398 -1 3557 2650 3565 -1 3341 3578 3313 -1 3565 2635 2631 -1 3282 3579 3566 -1 2635 3565 2650 -1 3123 3057 3128 -1 3249 3578 3341 -1 3580 3573 3566 -1 3581 91 3582 -1 1802 1786 3570 -1 3128 3049 3541 -1 3050 3541 3049 -1 3581 3569 91 -1 3583 3567 3584 -1 3583 3584 3585 -1 3391 593 617 -1 3570 3584 3567 -1 3586 3311 3578 -1 3587 1786 2660 -1 3585 3588 3583 -1 3567 3583 3589 -1 3313 3578 3311 -1 3588 1786 3587 -1 3588 3587 3583 -1 3590 3591 3264 -1 3592 3593 3264 -1 3550 3546 3423 -1 3548 3539 3594 -1 3567 3589 3574 -1 2650 3574 2651 -1 3595 3550 3549 -1 3248 3437 3247 -1 3436 3247 3437 -1 3506 3512 3486 -1 3550 3596 3546 -1 3437 3248 3433 -1 3500 3590 3264 -1 3574 3589 2651 -1 3476 3068 3515 -1 3515 3478 3476 -1 3590 3500 3512 -1 1821 732 1818 -1 3597 3592 3264 -1 626 3598 647 -1 3577 3539 3571 -1 3576 3594 3539 -1 3546 1818 1817 -1 2663 3583 2660 -1 3587 2660 3583 -1 3591 3597 3264 -1 3512 3597 3591 -1 3512 3591 3590 -1 3599 647 3600 -1 3048 3054 3549 -1 3583 2694 3589 -1 2663 2694 3583 -1 3441 3250 3442 -1 3589 2694 2684 -1 3600 647 3598 -1 647 12 626 -1 3589 2684 2651 -1 3527 3578 3249 -1 3527 3249 3441 -1 3250 3441 3249 -1 3584 1786 3585 -1 3585 1786 3588 -1 3570 1786 3584 -1 3442 3255 3425 -1 3059 3217 3050 -1 3512 3506 3601 -1 632 625 12 -1 3060 3475 3445 -1 3575 3601 3506 -1 3593 3602 3264 -1 3602 3603 3264 -1 3054 3595 3549 -1 497 502 131 -1 1058 956 778 -1 131 778 956 -1 3512 3601 3597 -1 3592 3597 3601 -1 3595 3596 3550 -1 3593 3592 3601 -1 3476 3475 3068 -1 3604 3605 132 -1 3606 3607 132 -1 148 139 132 -1 200 131 175 -1 232 260 131 -1 3595 3608 3596 -1 3255 3442 3250 -1 3257 3425 3255 -1 3609 3515 3068 -1 11 3610 3611 -1 3259 3424 3257 -1 3257 3424 3425 -1 3546 1821 1818 -1 3611 816 11 -1 3612 3613 3575 -1 3614 2414 2416 -1 2329 2332 2331 -1 2290 2289 3615 -1 2330 2416 2328 -1 2154 2280 1776 -1 2500 3616 2853 -1 3617 2803 197 -1 2816 3617 197 -1 2868 239 2777 -1 2956 239 2953 -1 240 239 2956 -1 3002 241 3003 -1 3107 241 3113 -1 3436 3424 3259 -1 3575 3613 3601 -1 3247 3436 3259 -1 3601 3602 3593 -1 3603 3618 3264 -1 3516 3265 3262 -1 3265 3516 3372 -1 3602 3601 3603 -1 3613 3603 3601 -1 3291 3579 3282 -1 3328 3619 3286 -1 3262 3276 3516 -1 3276 3478 3516 -1 3291 3327 3579 -1 3620 3621 90 -1 3622 90 3621 -1 3623 3624 3625 -1 3625 3624 3516 -1 3372 3516 3624 -1 3579 3580 3566 -1 3626 3280 3286 -1 3609 3516 3515 -1 3626 3368 3280 -1 3627 3625 3609 -1 3516 3609 3625 -1 3573 3612 3575 -1 3368 3626 3367 -1 3049 3128 3057 -1 3628 3629 3630 -1 3580 3612 3573 -1 3596 1819 1821 -1 3596 1821 3546 -1 3532 3367 3626 -1 3053 3090 3106 -1 3631 3629 3628 -1 3632 3633 3629 -1 3630 3629 3633 -1 3054 3634 3595 -1 3499 3578 3527 -1 3106 3634 3054 -1 3445 3444 3060 -1 3635 732 1820 -1 3578 3499 3586 -1 3064 3475 3060 -1 3618 3603 3613 -1 93 3636 3629 -1 3637 3638 3639 -1 3496 3586 3499 -1 3634 3608 3595 -1 3638 3640 3641 -1 3579 3642 3580 -1 3643 732 3635 -1 3608 3635 1820 -1 3608 1820 3596 -1 3327 3642 3579 -1 3642 3644 3580 -1 3632 3629 3645 -1 3580 3644 3612 -1 3643 3635 3608 -1 3637 3646 3638 -1 3647 3648 663 -1 3649 3646 3637 -1 3489 3586 3496 -1 3596 1820 1819 -1 3548 3650 3540 -1 3612 3651 3613 -1 3646 3640 3638 -1 3586 3489 3652 -1 3490 3652 3489 -1 3644 3651 3612 -1 3653 3654 3640 -1 3494 3655 3490 -1 3652 3490 3655 -1 3538 3540 1199 -1 3656 3657 3264 -1 3475 3064 3068 -1 3651 3658 3659 -1 3651 3659 3613 -1 3493 3655 3494 -1 3627 3609 3075 -1 3068 3075 3609 -1 3651 3656 3658 -1 3660 732 3661 -1 3651 3657 3656 -1 3303 3308 3662 -1 3586 3662 3308 -1 3608 3661 3643 -1 3613 3659 3618 -1 666 664 3075 -1 3608 3660 3661 -1 3646 3663 3640 -1 3303 3662 3304 -1 3655 3304 3662 -1 3663 3653 3640 -1 3664 3662 3586 -1 3327 3665 3642 -1 3664 3655 3662 -1 3666 3667 3668 -1 3642 3669 3644 -1 3668 3670 3666 -1 2044 3666 3670 -1 3671 90 3497 -1 3642 3665 3669 -1 3672 1199 3540 -1 3652 3664 3586 -1 2061 2045 2044 -1 3673 3649 3674 -1 3675 2071 2061 -1 3676 3582 91 -1 3674 3677 3673 -1 3678 3651 3644 -1 3674 3679 3677 -1 3646 3649 3673 -1 2071 3675 2094 -1 3663 3646 3673 -1 3652 3655 3664 -1 3657 3651 3680 -1 3678 3680 3651 -1 3663 3681 3653 -1 3682 3676 91 -1 3311 3586 3308 -1 3683 3682 91 -1 1199 3672 1200 -1 3683 91 3684 -1 3684 91 3685 -1 3686 3687 3688 -1 3144 3252 3179 -1 3149 3145 3179 -1 3689 3335 3336 -1 2044 3670 2061 -1 3690 3691 3686 -1 3673 3677 3692 -1 3690 3693 3691 -1 3270 3438 3252 -1 3686 3694 3687 -1 3673 3692 3663 -1 3655 3493 3689 -1 3694 3283 3687 -1 3681 3663 3695 -1 3692 3695 3663 -1 3687 3283 3400 -1 3695 3696 3681 -1 3335 3689 3353 -1 3353 3689 3697 -1 3648 842 663 -1 2916 3104 2915 -1 3679 3698 3699 -1 3626 3286 3619 -1 3629 3700 3539 -1 3679 3699 3677 -1 3701 3702 3703 -1 3353 3697 3330 -1 3697 3619 3329 -1 13 663 842 -1 3703 3704 3668 -1 3329 3330 3697 -1 3619 3328 3329 -1 3703 3702 3704 -1 3705 3670 3704 -1 3292 2915 3104 -1 3697 3544 3619 -1 3670 3668 3704 -1 3626 3619 3504 -1 3626 3504 3532 -1 3670 3705 3675 -1 3504 3619 3503 -1 3304 3655 3336 -1 3706 3707 3708 -1 3670 3675 2061 -1 3535 3689 3493 -1 3706 3709 3710 -1 3706 3708 3709 -1 3702 3711 3704 -1 3710 3709 3690 -1 3689 3336 3655 -1 3705 3704 3712 -1 3711 3712 3704 -1 3292 3104 3713 -1 3104 3202 3713 -1 3201 3713 3202 -1 3534 3689 3535 -1 3705 3712 2113 -1 3710 3690 3714 -1 3545 3697 3534 -1 3689 3534 3697 -1 3714 3686 3688 -1 3715 2113 3712 -1 3690 3686 3714 -1 3705 2113 3675 -1 209 2382 2470 -1 3713 3179 3292 -1 3544 3697 3545 -1 3675 2113 2094 -1 3503 3619 3544 -1 3201 3179 3713 -1 3716 3709 3708 -1 3717 3712 3711 -1 2949 3292 2948 -1 3708 3718 3716 -1 3568 3539 3700 -1 2940 2948 3179 -1 3712 3719 3715 -1 3720 40 3721 -1 3720 3722 40 -1 2470 14 3723 -1 3723 14 1036 -1 3724 3711 3702 -1 3724 3725 3717 -1 3694 3686 3691 -1 942 1036 14 -1 3724 3717 3711 -1 3568 3700 3563 -1 3726 3727 3728 -1 207 2382 209 -1 3729 3730 40 -1 3728 3731 3726 -1 2887 1785 1834 -1 2886 1785 2887 -1 1834 1833 2922 -1 3732 3727 3726 -1 40 3722 3733 -1 3734 40 3733 -1 3735 3727 3732 -1 3693 3736 3691 -1 2926 2940 3737 -1 1834 2922 2887 -1 3735 3637 3639 -1 3693 3738 3736 -1 3732 3637 3735 -1 3179 3737 2940 -1 3739 2852 2851 -1 3691 3736 3288 -1 2851 2922 3739 -1 2926 3737 2925 -1 3691 3288 3694 -1 3694 3281 3283 -1 3740 39 3741 -1 2928 2852 3739 -1 3726 3742 3732 -1 3694 3288 3281 -1 2856 2928 2955 -1 3378 3737 3743 -1 2928 3667 2955 -1 3744 3571 3745 -1 3746 3736 3738 -1 3743 3737 3179 -1 3290 3288 3736 -1 2957 2857 2955 -1 3747 90 3748 -1 2955 3666 2957 -1 3438 3378 3743 -1 3749 90 3750 -1 3751 3742 3726 -1 3742 3649 3732 -1 1833 3752 2922 -1 3622 3750 90 -1 3438 3743 3179 -1 2922 3753 3739 -1 3709 3716 3693 -1 3747 3620 90 -1 3732 3649 3637 -1 3179 3252 3438 -1 3754 3748 90 -1 3671 3754 90 -1 39 3755 3741 -1 2928 3739 3756 -1 3693 3716 3738 -1 3709 3693 3690 -1 3667 2928 3756 -1 3647 183 182 -1 3755 39 3757 -1 2925 3737 3378 -1 3757 39 3758 -1 3666 2955 3667 -1 3674 3742 3759 -1 3716 3718 3760 -1 40 3761 1483 -1 3730 3761 40 -1 3742 3674 3649 -1 2043 2957 2044 -1 3666 2044 2957 -1 3718 3762 3760 -1 3734 3729 40 -1 3738 3716 3760 -1 2925 3378 3763 -1 3667 3703 3668 -1 3764 3765 3700 -1 1785 3766 3767 -1 1785 3767 3752 -1 3752 1833 1785 -1 3624 3378 3372 -1 3767 3766 3768 -1 3766 1785 3769 -1 3766 3769 3768 -1 3770 3771 3772 -1 3629 3631 3764 -1 3378 3624 3763 -1 2922 3752 3768 -1 3767 3768 3752 -1 3773 3721 40 -1 3774 3775 40 -1 3776 3773 40 -1 3749 3777 90 -1 91 90 3685 -1 3777 3685 90 -1 3778 3772 3731 -1 3762 3779 3760 -1 2925 3763 2944 -1 3760 3780 3738 -1 3753 2922 3768 -1 3756 3739 3753 -1 3778 3731 3728 -1 3769 1785 3781 -1 3779 3762 3782 -1 3771 3770 3783 -1 3745 3562 3563 -1 3769 3781 3768 -1 3700 3765 3563 -1 3768 3784 3753 -1 3785 3037 704 -1 3772 3786 3731 -1 3765 3787 3745 -1 3772 3771 3786 -1 3731 3786 3751 -1 3703 3667 3756 -1 3765 3628 3788 -1 3630 3788 3628 -1 3780 3760 3779 -1 842 3648 3789 -1 3790 3789 3648 -1 3738 3780 3746 -1 3781 1785 3791 -1 3787 3765 3788 -1 3751 3726 3731 -1 3768 3781 3792 -1 3791 3792 3781 -1 3791 1785 3793 -1 3736 3746 3290 -1 3745 3787 3744 -1 3788 3744 3787 -1 3791 3793 3792 -1 3784 3768 3792 -1 3630 3633 3788 -1 3771 3794 3786 -1 3647 3795 3648 -1 3796 3782 3797 -1 3782 3798 3779 -1 3786 3799 3751 -1 3753 3701 3756 -1 3753 3784 3701 -1 3782 3796 3798 -1 3631 3628 3764 -1 3765 3764 3628 -1 3779 3798 3800 -1 3703 3756 3701 -1 3801 39 3802 -1 3765 3745 3563 -1 3794 3771 3803 -1 3779 3800 3780 -1 3799 3786 3794 -1 3740 3804 39 -1 3805 3792 3793 -1 190 3599 3806 -1 3795 3806 3599 -1 3804 3802 39 -1 3780 3807 3746 -1 3806 182 190 -1 3808 92 3809 -1 3800 3807 3780 -1 3784 3810 3811 -1 3746 3807 3319 -1 3784 3811 3701 -1 3776 40 3775 -1 3812 3809 92 -1 3623 3763 3624 -1 3806 3647 182 -1 3811 3702 3701 -1 3746 3319 3290 -1 3795 3599 3790 -1 3599 3600 3790 -1 3789 3790 3600 -1 3813 1785 3814 -1 3793 1785 3805 -1 1785 3815 3816 -1 3594 3650 3548 -1 3817 3812 92 -1 3792 3805 3818 -1 3813 3818 3805 -1 3796 3819 3820 -1 3806 3795 3647 -1 3790 3648 3795 -1 3805 1785 3813 -1 3796 3820 3798 -1 3818 3813 3814 -1 3821 3822 39 -1 3792 3818 3810 -1 3598 3789 3600 -1 3823 3817 92 -1 3576 1200 3594 -1 3650 3594 1200 -1 3818 3824 3810 -1 3818 3825 3824 -1 626 842 3789 -1 626 3789 3598 -1 664 2944 3763 -1 3800 3826 3827 -1 3784 3792 3810 -1 3037 3828 704 -1 3672 3540 3650 -1 3800 3827 3807 -1 664 3763 3623 -1 3625 664 3623 -1 212 209 2470 -1 3744 3788 3633 -1 3751 3759 3742 -1 3627 3075 664 -1 3632 3744 3633 -1 40 39 3822 -1 3723 3610 2470 -1 3562 3745 3571 -1 704 3828 92 -1 212 2470 3610 -1 3814 1785 3816 -1 3829 3830 1785 -1 3831 92 3828 -1 92 3831 3823 -1 3816 3815 3825 -1 3571 3744 3577 -1 3625 3627 664 -1 3815 3830 3825 -1 3825 3818 3816 -1 3814 3816 3818 -1 3610 3723 3611 -1 1036 3611 3723 -1 3832 3708 3707 -1 3611 1036 816 -1 3810 3833 3811 -1 3751 3799 3759 -1 3810 3824 3833 -1 3811 3833 3724 -1 3832 3834 3718 -1 3794 3803 3835 -1 3702 3811 3724 -1 3832 3718 3708 -1 3815 1785 3830 -1 3803 3836 3835 -1 2860 1465 19 -1 3744 3632 1200 -1 3794 3835 3837 -1 3830 3829 3825 -1 1465 1171 19 -1 3838 3839 3840 -1 3839 3838 3841 -1 3842 40 3843 -1 3840 3839 3834 -1 2864 3087 3844 -1 2865 2864 3844 -1 1465 2860 296 -1 3085 3845 3012 -1 3844 3012 3845 -1 3844 3845 2963 -1 3844 2963 2865 -1 3839 3846 3834 -1 3847 3848 39 -1 3849 3821 39 -1 3850 40 3822 -1 3849 39 3848 -1 288 296 2860 -1 3832 3840 3834 -1 3645 1200 3632 -1 3636 1198 3645 -1 3012 3844 3013 -1 289 3001 290 -1 3801 3847 39 -1 3850 3843 40 -1 3842 3774 40 -1 3794 3837 3799 -1 1200 3577 3744 -1 3851 3852 3841 -1 3853 3841 3852 -1 3725 3724 3833 -1 3799 3854 3759 -1 295 3001 1272 -1 3841 3853 3855 -1 3799 3837 3854 -1 3725 3856 3857 -1 3650 1200 3672 -1 3759 3854 3679 -1 3725 3857 3717 -1 290 3001 295 -1 3858 41 3859 -1 3855 3839 3841 -1 3679 3854 3698 -1 1200 3576 3577 -1 3712 3717 3719 -1 3759 3679 3674 -1 3846 3839 3855 -1 3834 3846 3762 -1 3086 3845 3085 -1 290 296 288 -1 41 3860 3859 -1 3861 41 3858 -1 3715 2114 2113 -1 3083 2962 3086 -1 3845 3086 2962 -1 2963 3845 2962 -1 3834 3762 3718 -1 3013 3844 3087 -1 3764 3700 3629 -1 3087 2864 3093 -1 2976 3093 2864 -1 296 295 1465 -1 2980 3092 3093 -1 2980 3093 2976 -1 1272 1465 295 -1 3862 3863 3853 -1 2980 2860 3092 -1 3864 93 3865 -1 3001 3092 2860 -1 3855 3863 3797 -1 23 309 1664 -1 3857 3866 3719 -1 3857 3719 3717 -1 3846 3855 3797 -1 3867 3715 3719 -1 3846 3782 3762 -1 3868 93 3869 -1 3719 3866 3867 -1 3870 3871 3324 -1 3846 3797 3782 -1 3872 3873 93 -1 3715 3867 3156 -1 308 1664 309 -1 3853 3852 3862 -1 3874 3875 42 -1 3862 3852 3876 -1 3715 3156 2114 -1 42 3875 3877 -1 3873 3869 93 -1 3864 3872 93 -1 3862 3878 3863 -1 3879 3865 93 -1 3855 3853 3863 -1 3880 3881 3856 -1 3882 3874 42 -1 3883 42 3884 -1 3866 3885 3886 -1 3883 3887 42 -1 3882 42 3887 -1 3867 3866 3886 -1 1707 1699 3888 -1 3877 2352 42 -1 3314 3156 3867 -1 3888 1699 1811 -1 3889 3890 41 -1 3891 3889 41 -1 3868 3892 93 -1 3893 3894 3862 -1 3893 3862 3876 -1 3645 3629 3636 -1 3860 41 3890 -1 3878 3862 3894 -1 3895 3870 3324 -1 3863 3896 3797 -1 3867 3886 3314 -1 3863 3878 3896 -1 1726 308 310 -1 3796 3797 3896 -1 3808 3897 92 -1 3886 3898 3356 -1 3899 41 3900 -1 3861 3900 41 -1 3901 3895 3324 -1 3886 3356 3314 -1 3902 3901 3324 -1 3894 3893 3903 -1 3904 3902 3324 -1 3905 3904 3324 -1 1726 1707 3888 -1 3906 92 3907 -1 3377 3898 3908 -1 3897 3907 92 -1 3898 3377 3356 -1 1811 2016 3888 -1 3909 3910 3911 -1 3878 3912 3896 -1 3819 3796 3896 -1 3881 3885 3866 -1 3881 3866 3857 -1 3913 42 3914 -1 3913 3884 42 -1 3915 132 3916 -1 3917 3916 1776 -1 308 1726 1664 -1 2016 1664 1726 -1 3911 3917 3918 -1 1726 3888 2016 -1 3919 3920 41 -1 3919 41 3899 -1 3921 3323 3922 -1 3922 3323 3923 -1 3924 3925 3926 -1 3927 42 3928 -1 3929 3930 3931 -1 3923 3323 3932 -1 3933 93 3934 -1 3931 3935 3936 -1 3885 3881 3937 -1 309 1847 310 -1 1868 2230 1869 -1 3938 3937 3881 -1 3939 3928 42 -1 3885 3937 3898 -1 3936 3935 3940 -1 3935 3941 3940 -1 3885 3898 3886 -1 3909 3942 3910 -1 3932 3323 3943 -1 27 1869 2230 -1 3944 3939 42 -1 3911 3916 3917 -1 1910 1980 1869 -1 3929 3688 3930 -1 3910 3916 3911 -1 3688 3687 3930 -1 3945 3323 3946 -1 3653 3925 3924 -1 1983 1932 3947 -1 3681 3925 3653 -1 3931 3347 3935 -1 1776 3916 132 -1 3943 3323 3945 -1 3930 3347 3931 -1 3938 3948 3937 -1 3949 3937 3948 -1 3337 3950 3347 -1 3935 3347 3950 -1 3337 3339 3950 -1 3908 3898 3937 -1 3937 3949 3908 -1 1932 30 2431 -1 3951 668 3952 -1 3953 3942 3909 -1 3947 1932 2431 -1 41 3954 3955 -1 3926 3942 3953 -1 3687 3400 3930 -1 41 3955 42 -1 3956 3957 3958 -1 3959 668 3960 -1 3930 3400 3347 -1 3956 3958 3948 -1 3400 3348 3347 -1 1932 1983 1955 -1 3942 3926 3961 -1 3947 1867 1983 -1 3870 3946 3871 -1 2431 1868 3947 -1 3962 3954 41 -1 3962 41 3963 -1 3964 41 3920 -1 3915 3965 132 -1 3966 668 3959 -1 3967 3968 3264 -1 3604 132 3965 -1 3969 3960 668 -1 3857 3856 3881 -1 3916 3910 3915 -1 1867 3947 1868 -1 3964 3963 41 -1 3970 3952 668 -1 3951 3969 668 -1 3696 3925 3681 -1 3971 42 3927 -1 3880 3938 3881 -1 3925 3696 3972 -1 3880 3973 3938 -1 3902 3904 3974 -1 3904 3922 3974 -1 3971 3914 42 -1 3925 3972 3926 -1 3975 668 3976 -1 3973 3977 3956 -1 3879 93 3978 -1 3944 42 3955 -1 3902 3974 3901 -1 3973 3956 3948 -1 3979 3901 3974 -1 3980 3979 3974 -1 3973 3948 3938 -1 3974 3923 3980 -1 3829 1785 3981 -1 3982 3983 3984 -1 3985 3978 93 -1 1636 309 1633 -1 1847 309 1635 -1 3981 3986 3829 -1 3825 3829 3986 -1 3987 3983 3967 -1 3988 93 3933 -1 3985 93 3988 -1 3981 1785 3989 -1 3721 3900 3720 -1 3861 3720 3900 -1 3932 3943 3980 -1 3990 3264 3991 -1 2254 3992 2105 -1 3981 3989 3986 -1 2121 2254 2105 -1 3968 3991 3264 -1 3825 3986 3993 -1 3729 3890 3730 -1 3921 3922 3905 -1 3968 3967 3983 -1 3992 2885 2105 -1 3889 3730 3890 -1 3825 3993 3824 -1 2789 31 2885 -1 3890 3729 3860 -1 3994 3833 3824 -1 3730 3889 3761 -1 3972 3961 3926 -1 3824 3993 3994 -1 3722 3858 3733 -1 3859 3733 3858 -1 3725 3833 3994 -1 3995 2193 2162 -1 3733 3859 3734 -1 3860 3734 3859 -1 1787 3996 1785 -1 3961 3997 3942 -1 3901 3979 3895 -1 3729 3734 3860 -1 3998 3986 3996 -1 3989 3996 3986 -1 3858 3722 3861 -1 3720 3861 3722 -1 3989 1785 3996 -1 3942 3997 3910 -1 3996 1787 3998 -1 3741 3884 3740 -1 3913 3740 3884 -1 3986 3998 3999 -1 1787 4000 3998 -1 3910 3965 3915 -1 4001 132 3605 -1 3874 4002 3875 -1 3997 3604 3965 -1 3997 3965 3910 -1 3986 3999 3993 -1 3993 3999 4003 -1 4004 3875 4002 -1 3983 3991 3968 -1 3905 3323 3921 -1 3923 3974 3922 -1 3993 4003 3994 -1 3983 3990 3991 -1 3994 3856 3725 -1 3980 3923 3932 -1 3994 4003 3856 -1 3972 4005 3961 -1 1787 1786 4000 -1 3118 2162 2961 -1 3995 2162 3118 -1 3882 3758 3874 -1 4006 3998 4000 -1 4007 669 4008 -1 4002 3874 3758 -1 3904 3905 3922 -1 3758 3882 3757 -1 4009 3936 3940 -1 34 2961 2162 -1 3883 3755 3887 -1 3757 3887 3755 -1 4010 4011 3941 -1 3887 3757 3882 -1 3997 4001 3605 -1 3997 3605 3604 -1 3941 4012 4010 -1 4013 4014 1776 -1 3884 3741 3883 -1 3755 3883 3741 -1 2254 2193 3995 -1 3891 3761 3889 -1 3880 3856 4003 -1 3945 3895 3943 -1 4010 4012 4015 -1 4016 4017 3891 -1 3979 3980 3943 -1 4018 4019 1786 -1 4020 1786 4021 -1 4000 1786 4020 -1 4020 4021 4006 -1 4022 4015 4023 -1 4021 1786 4024 -1 3979 3943 3895 -1 4023 3982 4022 -1 4025 4008 669 -1 4026 4025 669 -1 4021 4024 4006 -1 4000 4020 4006 -1 3919 3776 3920 -1 3941 4027 4012 -1 4028 4029 669 -1 3998 4030 3999 -1 3773 3899 3721 -1 3776 3919 3773 -1 3899 3773 3919 -1 3998 4006 4030 -1 3721 3899 3900 -1 3999 4031 4003 -1 3946 3870 3945 -1 3895 3945 3870 -1 669 4029 4026 -1 3775 3920 3776 -1 4030 4031 3999 -1 3774 3964 3775 -1 4032 4033 1776 -1 4003 4031 3880 -1 3323 3905 3324 -1 4024 1786 4019 -1 3740 3913 3804 -1 4019 4018 4034 -1 2254 3995 3992 -1 4035 4036 4037 -1 4018 4038 4034 -1 3971 3802 3914 -1 3802 3971 3801 -1 3118 3992 3995 -1 4034 4006 4019 -1 4024 4019 4006 -1 3804 3914 3802 -1 1705 25 669 -1 4006 4039 4030 -1 2885 3992 3118 -1 3987 3967 3264 -1 3927 3801 3971 -1 4040 4041 3266 -1 3975 4042 3970 -1 4039 4006 4034 -1 4030 4039 3977 -1 3976 4043 3975 -1 3928 4044 3927 -1 4044 3847 3927 -1 3801 3927 3847 -1 3847 4044 3848 -1 4012 4023 4015 -1 4030 3977 4031 -1 3848 4044 3849 -1 3939 3849 4044 -1 3939 4044 3928 -1 4031 3973 3880 -1 4022 3982 3984 -1 4031 3977 3973 -1 3849 3939 3821 -1 4045 92 3906 -1 3987 3264 3267 -1 3248 2267 3261 -1 1847 1737 310 -1 4046 4034 4047 -1 4046 4047 4048 -1 4038 4047 4034 -1 3984 3983 4041 -1 4048 1786 4049 -1 2298 3260 2267 -1 2278 2298 2267 -1 4048 4049 4046 -1 4034 4046 4050 -1 3914 3804 3913 -1 2293 2286 2299 -1 3267 4041 3987 -1 3983 3987 4041 -1 4041 3267 3266 -1 4049 4051 4046 -1 3950 3941 3935 -1 4052 4053 4054 -1 3950 4027 3941 -1 4007 3970 4042 -1 3821 3944 3822 -1 3955 3822 3944 -1 4050 4039 4034 -1 3944 3821 3939 -1 4050 4055 4039 -1 4012 3467 4023 -1 3952 3970 4008 -1 4056 92 4057 -1 38 3433 2286 -1 4027 3467 4012 -1 4007 4008 3970 -1 4058 93 4056 -1 3822 3955 3850 -1 3954 3850 3955 -1 3462 3264 3461 -1 4039 4055 3977 -1 4059 4057 92 -1 3850 3954 3843 -1 3962 3843 3954 -1 3437 3433 38 -1 3432 2299 2286 -1 4008 4025 3952 -1 4045 4059 92 -1 4023 3450 3982 -1 3977 4055 3956 -1 4025 3951 3952 -1 3432 3260 2299 -1 3467 3450 4023 -1 4026 4060 4025 -1 3433 3248 3261 -1 4051 4061 4046 -1 4062 4063 4053 -1 2298 2299 3260 -1 3960 4060 3959 -1 4029 3959 4060 -1 4029 4060 4026 -1 3450 3451 3982 -1 3969 4060 3960 -1 3260 3432 3261 -1 3433 3261 3432 -1 3982 3451 3983 -1 4054 4053 4064 -1 4065 4064 4053 -1 3842 3843 3962 -1 3462 3456 3264 -1 3951 4025 3969 -1 3969 4025 4060 -1 4066 4004 2337 -1 4028 3966 3959 -1 4028 3959 4029 -1 3934 93 4067 -1 3963 3842 3962 -1 3983 3451 3990 -1 3461 3990 3451 -1 4002 39 4004 -1 3339 4027 3950 -1 3842 3963 3774 -1 3964 3774 3963 -1 4068 4069 1776 -1 4027 3474 3467 -1 39 2337 4004 -1 3920 3775 3964 -1 3957 3956 4055 -1 4027 3339 3474 -1 2339 2368 2337 -1 4070 4071 44 -1 2368 4066 2337 -1 4002 3758 39 -1 4068 1776 4033 -1 4028 668 3966 -1 3095 3312 3096 -1 4072 3096 3312 -1 4032 4073 4033 -1 4072 3111 3096 -1 4067 93 4074 -1 4075 4076 44 -1 4076 4077 44 -1 669 668 4028 -1 44 4071 4078 -1 44 4078 4075 -1 3312 4079 4072 -1 4080 4053 4063 -1 1632 1784 1633 -1 4081 93 4058 -1 3877 2353 2352 -1 4052 4082 4053 -1 4074 93 4081 -1 4082 4062 4053 -1 4080 4083 4053 -1 1784 1764 1633 -1 3877 4066 2353 -1 2368 2353 4066 -1 4066 3877 4004 -1 3875 4004 3877 -1 4084 4085 4073 -1 4068 4033 4073 -1 4086 3297 3296 -1 4087 4088 4089 -1 4009 4087 3936 -1 43 2393 4090 -1 4091 227 4092 -1 4093 4092 227 -1 43 4094 4095 -1 4096 43 4095 -1 4097 4098 4099 -1 3414 4086 3296 -1 92 4056 93 -1 4100 3297 4086 -1 2449 4090 2393 -1 4101 227 4102 -1 2392 2449 2393 -1 4093 227 4101 -1 4035 4103 4036 -1 4100 3305 3297 -1 4104 4036 4103 -1 4100 3312 3305 -1 4105 4106 4107 -1 4108 43 4109 -1 4084 4073 4104 -1 4110 227 4111 -1 2441 2434 2422 -1 4087 4089 3929 -1 3414 4112 4086 -1 4102 227 4110 -1 4113 43 4114 -1 4069 4073 4085 -1 4073 4069 4068 -1 4100 4086 4115 -1 3929 3931 4087 -1 4087 3931 3936 -1 4094 43 4113 -1 4114 43 4108 -1 4116 4117 3414 -1 4090 4109 43 -1 2441 2422 4118 -1 2817 1481 4119 -1 4120 4107 4098 -1 4121 4122 4111 -1 44 4077 4123 -1 4112 3414 4117 -1 4123 4119 44 -1 4098 4097 4120 -1 4124 671 4125 -1 4126 3828 4127 -1 3037 3036 3828 -1 4127 3828 3036 -1 4107 4120 4105 -1 4125 671 4128 -1 4115 4086 4112 -1 4129 4121 4111 -1 4130 4112 4117 -1 4127 3036 3463 -1 3463 3036 3045 -1 3038 3045 3036 -1 2449 2450 2442 -1 4112 4130 4131 -1 4132 4089 4106 -1 4122 4121 4080 -1 4112 4131 4115 -1 4127 3463 4126 -1 4133 671 4124 -1 2441 4118 2442 -1 4100 4134 3312 -1 4132 4106 4105 -1 4100 4115 4134 -1 4132 3929 4089 -1 4134 4079 3312 -1 4065 4135 4064 -1 2450 2434 2442 -1 4132 3688 3929 -1 4128 671 4136 -1 4054 4137 4052 -1 2442 4090 2449 -1 4138 43 4139 -1 4140 4141 4142 -1 4097 3706 4120 -1 4117 4143 4130 -1 43 4096 4144 -1 4145 4070 44 -1 4097 3707 3706 -1 4140 4146 4141 -1 4120 3706 3710 -1 4120 3710 4105 -1 4147 44 4148 -1 4115 4131 4149 -1 4141 4146 4150 -1 4146 4151 4152 -1 4146 4152 4150 -1 4105 3714 4132 -1 4105 3710 3714 -1 4115 4149 4134 -1 4132 3714 3688 -1 4151 4037 4152 -1 4149 4153 4134 -1 4154 4137 4155 -1 4093 4137 4154 -1 4093 4154 4092 -1 3639 3638 4140 -1 4154 4156 4091 -1 4154 4091 4092 -1 4155 4156 4154 -1 4140 3638 3641 -1 4140 3641 4146 -1 4053 227 4065 -1 3641 3654 4146 -1 4157 4130 4143 -1 4158 4052 4137 -1 3808 3569 3897 -1 4131 4159 4149 -1 4160 1729 4161 -1 1776 2280 3615 -1 3908 4162 3377 -1 2537 2528 2527 -1 3377 4162 4163 -1 3373 3377 4163 -1 4164 4106 4165 -1 4052 4158 4082 -1 4164 4107 4106 -1 4166 4167 3615 -1 4165 4106 4089 -1 4089 4088 4165 -1 4168 4169 4152 -1 4170 4088 4087 -1 50 2529 2528 -1 3363 4116 3414 -1 4032 1776 4171 -1 4172 4082 4158 -1 4087 4009 4170 -1 4152 4173 4168 -1 4009 3940 4011 -1 44 4174 4175 -1 4102 4172 4176 -1 4102 4176 4101 -1 3569 3808 3564 -1 3908 4177 4162 -1 3564 3809 3485 -1 3940 3941 4011 -1 4178 4176 4172 -1 4158 4178 4172 -1 4162 4179 4163 -1 3809 3564 3808 -1 3266 3264 4040 -1 2529 2512 2527 -1 4137 4054 4064 -1 3373 4163 4116 -1 4180 4181 3823 -1 3823 4181 3817 -1 4178 4158 4137 -1 4176 4137 4093 -1 4101 4176 4093 -1 4178 4137 4176 -1 3373 4116 3363 -1 4175 4182 44 -1 4137 4064 4135 -1 4135 4155 4137 -1 4183 1729 4184 -1 4181 3484 3817 -1 3812 3817 3484 -1 4135 227 4155 -1 4135 4065 227 -1 227 4091 4156 -1 4185 4162 4177 -1 4082 4172 4062 -1 3485 3809 3812 -1 4186 1729 4187 -1 4183 4187 1729 -1 4122 4080 4063 -1 4162 4185 4179 -1 4180 3823 4188 -1 3831 4188 3823 -1 4163 4179 4189 -1 4190 4188 3831 -1 4191 43 4138 -1 4192 44 4182 -1 4193 44 4192 -1 4194 4161 1729 -1 4160 4184 1729 -1 4163 4189 4116 -1 4174 43 4195 -1 4195 43 4191 -1 4139 43 4144 -1 4110 4122 4102 -1 4196 4197 4040 -1 4198 2560 2566 -1 4145 44 4147 -1 44 43 4174 -1 4193 4148 44 -1 2560 4198 51 -1 4199 4179 4185 -1 3831 4200 4190 -1 4179 4201 4189 -1 2591 2589 2576 -1 4179 4199 4201 -1 4111 4122 4110 -1 3828 4126 4200 -1 3828 4200 3831 -1 4117 4116 4189 -1 4122 4063 4062 -1 4202 2591 2576 -1 4188 3487 4180 -1 2695 4203 4204 -1 4122 4062 4172 -1 3485 3812 3484 -1 4172 4102 4122 -1 4165 4197 4164 -1 4156 4155 227 -1 4205 45 4206 -1 4207 4206 45 -1 4197 4165 4088 -1 2565 2589 2566 -1 3463 3488 4126 -1 3487 3484 4180 -1 2591 4198 2566 -1 4201 4143 4189 -1 4200 3488 4190 -1 4188 4190 3487 -1 3487 4190 3488 -1 4200 4126 3488 -1 2591 4202 4198 -1 4181 4180 3484 -1 4208 4209 46 -1 4189 4143 4117 -1 4210 4211 4202 -1 4212 4213 3326 -1 2701 2606 2609 -1 4214 3326 4215 -1 4199 4216 4217 -1 4014 4171 1776 -1 4218 1776 3615 -1 4219 3326 4214 -1 4217 4216 4220 -1 4221 3264 4222 -1 4223 3264 4224 -1 4224 3264 4221 -1 4225 3264 4226 -1 4227 3264 4225 -1 4196 3264 4227 -1 1785 4228 3264 -1 3326 4213 4229 -1 3326 4229 4215 -1 4222 4197 4221 -1 4222 3264 4230 -1 4230 3264 4231 -1 4232 3326 4233 -1 4222 4230 4197 -1 4161 4234 4160 -1 4194 4235 4234 -1 4194 4234 4161 -1 4230 4231 4197 -1 4233 3326 4219 -1 4236 4104 4237 -1 4231 3264 4238 -1 4177 4239 4185 -1 1729 671 4194 -1 4231 4238 4197 -1 4240 4118 46 -1 4238 4241 4197 -1 4241 3264 4242 -1 4242 4197 4241 -1 4216 4185 4239 -1 4243 4244 4167 -1 4216 4239 4245 -1 4013 1776 4218 -1 4185 4216 4199 -1 4246 4197 4242 -1 4247 4240 46 -1 4248 4208 46 -1 4237 4244 4243 -1 4197 4246 4249 -1 4250 4197 4251 -1 4209 4247 46 -1 2422 46 4118 -1 4252 4197 4250 -1 4253 4254 4255 -1 2811 4256 45 -1 4257 4258 4259 -1 4260 4261 732 -1 2594 743 4262 -1 4263 732 4264 -1 4264 732 3660 -1 3661 732 3643 -1 4207 45 4256 -1 4265 45 4266 -1 4254 4267 4255 -1 4264 3660 3608 -1 4244 4013 4218 -1 4244 4218 4167 -1 4268 3106 3090 -1 4265 4269 45 -1 4268 3090 3111 -1 4270 4259 4271 -1 4187 4272 4186 -1 4268 4273 3106 -1 4040 3264 4196 -1 3111 4274 4268 -1 4088 4170 4197 -1 61 4275 188 -1 2628 188 4275 -1 4276 4277 4255 -1 4278 4259 4279 -1 4278 4280 4259 -1 3106 4273 3634 -1 4170 4009 4197 -1 4281 46 4282 -1 4283 4282 46 -1 4273 4284 3634 -1 4009 4011 4197 -1 4272 4187 4183 -1 4285 4283 46 -1 4248 46 4281 -1 4286 4287 46 -1 4011 4010 4197 -1 4013 4244 4014 -1 4171 4014 4244 -1 4226 3264 4288 -1 4205 4266 45 -1 4235 4194 671 -1 4280 4271 4259 -1 4289 4279 4259 -1 4167 4218 3615 -1 2700 2655 2628 -1 3634 4284 3608 -1 4010 4015 4197 -1 4037 4173 4152 -1 4290 45 4291 -1 3608 4284 4264 -1 4263 4264 4284 -1 4015 4022 4197 -1 4253 4277 3879 -1 4291 45 4269 -1 4022 3984 4197 -1 4285 46 4287 -1 4292 4204 4293 -1 4293 4204 4294 -1 3984 4041 4197 -1 4253 3978 4254 -1 3498 4255 3497 -1 2609 2655 2701 -1 4227 4197 4196 -1 4041 4040 4197 -1 4173 4037 4036 -1 3879 3978 4253 -1 4227 4225 4197 -1 4289 4259 4258 -1 4173 4036 4236 -1 2700 2628 4275 -1 4284 4260 4263 -1 4225 4226 4197 -1 4036 4104 4236 -1 4276 4295 4277 -1 4277 4253 4255 -1 4261 4260 4284 -1 4260 732 4263 -1 4226 4288 4197 -1 4072 4079 4296 -1 3111 4072 4296 -1 4288 4297 4197 -1 4244 4237 4073 -1 4104 4073 4237 -1 4288 3264 4297 -1 4298 3264 4223 -1 4295 4276 4299 -1 4297 4298 4197 -1 4274 3111 4296 -1 4297 3264 4298 -1 2701 2700 4300 -1 4171 4244 4032 -1 4073 4032 4244 -1 4261 1474 732 -1 742 4262 743 -1 4298 4223 4197 -1 4277 4295 3865 -1 4301 4273 4268 -1 4299 3865 4295 -1 4268 4274 4301 -1 4223 4224 4197 -1 4257 1374 4232 -1 4224 4221 4197 -1 4302 3864 4303 -1 3865 4303 3864 -1 4301 4304 4273 -1 4246 3264 4249 -1 4249 3264 4305 -1 4255 3498 4276 -1 3501 4276 3498 -1 4242 3264 4246 -1 4294 4204 4272 -1 4204 4186 4272 -1 4306 4301 4274 -1 4238 3264 4241 -1 191 834 492 -1 163 62 492 -1 4301 4307 4304 -1 3879 4277 3865 -1 4306 4307 4301 -1 191 492 62 -1 3865 4299 4303 -1 4308 46 4309 -1 4273 4304 4284 -1 4279 4215 4278 -1 4229 4278 4215 -1 2732 834 191 -1 4310 4204 4136 -1 4289 4311 4279 -1 4304 1474 4261 -1 4304 4261 4284 -1 4249 4305 4197 -1 4305 3264 4312 -1 2695 4204 4310 -1 4313 2695 4310 -1 4303 3508 4302 -1 4251 4197 4312 -1 4305 4312 4197 -1 4280 4314 4271 -1 4128 4136 4292 -1 4204 4292 4136 -1 3508 3513 4302 -1 4276 3508 4303 -1 4315 4302 3513 -1 4296 4316 4274 -1 4278 4229 4280 -1 4314 4280 4229 -1 833 2742 405 -1 4213 4314 4229 -1 4315 3513 4317 -1 4271 4314 4270 -1 4213 4212 4314 -1 4318 4317 3514 -1 4293 4319 4292 -1 4316 4306 4274 -1 4320 45 4321 -1 834 833 492 -1 3514 4317 3513 -1 4197 4322 4323 -1 4272 4183 4319 -1 4323 4164 4197 -1 492 833 405 -1 4272 4319 4294 -1 4303 4299 4276 -1 4293 4294 4319 -1 4324 4325 4326 -1 4125 4128 4319 -1 4128 4292 4319 -1 4327 4321 45 -1 4328 46 4320 -1 4329 4327 45 -1 4330 45 4290 -1 4326 4325 4099 -1 4262 3509 2594 -1 2601 1808 4331 -1 3326 4259 4212 -1 4308 4332 46 -1 4286 46 4332 -1 4326 4099 4322 -1 4307 1460 1475 -1 4307 1475 4304 -1 45 4320 46 -1 4099 4098 4322 -1 4323 4322 4098 -1 4323 4098 4107 -1 4311 4289 4258 -1 2796 1117 2797 -1 4323 4107 4164 -1 4330 4329 45 -1 4309 46 4328 -1 4205 4078 4266 -1 4071 4266 4078 -1 741 1460 4307 -1 4333 4334 1785 -1 4070 4265 4071 -1 4335 4319 4184 -1 4304 1475 1474 -1 4077 4256 4123 -1 2811 4123 4256 -1 69 2797 1117 -1 4256 4077 4207 -1 1117 615 69 -1 4078 4205 4075 -1 4206 4075 4205 -1 4228 1785 4334 -1 4336 4306 4316 -1 4207 4076 4206 -1 4312 3264 4228 -1 4075 4206 4076 -1 4076 4207 4077 -1 4337 4338 4318 -1 4312 4228 4251 -1 4339 4340 4235 -1 4113 4341 4094 -1 4233 4257 4232 -1 4234 4235 4340 -1 4197 4252 4342 -1 4095 4094 4343 -1 3507 4276 3501 -1 4184 4340 4335 -1 4160 4340 4184 -1 4342 4324 4197 -1 4257 4233 4258 -1 4096 4095 4282 -1 4343 4282 4095 -1 4307 4262 742 -1 4324 4326 4197 -1 4307 742 741 -1 4160 4234 4340 -1 1118 72 976 -1 4317 4318 3873 -1 4326 4322 4197 -1 4151 4146 3654 -1 3510 4331 1808 -1 4331 1807 2601 -1 4270 4212 4259 -1 4281 4343 4248 -1 4079 4134 4153 -1 4344 2829 1118 -1 4079 4345 4296 -1 4317 3872 4315 -1 4334 4333 4251 -1 4346 4251 4333 -1 4153 4345 4079 -1 4228 4334 4251 -1 2830 2829 4344 -1 4345 4316 4296 -1 3508 4276 3507 -1 4283 4096 4282 -1 4251 4346 4347 -1 3872 4317 3873 -1 4270 4314 4212 -1 4282 4343 4281 -1 4251 4347 4250 -1 2795 2830 2796 -1 4344 2796 2830 -1 3864 4302 3872 -1 4240 4348 4118 -1 4340 4124 4349 -1 4125 4349 4124 -1 4302 4315 3872 -1 4109 4090 2442 -1 4340 4350 4335 -1 4252 4351 4342 -1 2442 4118 4348 -1 4215 4279 4214 -1 4311 4214 4279 -1 4214 4311 4352 -1 4214 4352 4219 -1 4319 4335 4350 -1 4108 4348 4114 -1 2796 4344 1117 -1 4341 4348 4247 -1 4209 4341 4247 -1 4349 4350 4340 -1 976 615 1118 -1 4099 4325 4353 -1 4319 4183 4184 -1 4149 4159 4153 -1 4247 4348 4240 -1 1117 4344 1118 -1 4325 4354 4353 -1 4311 4258 4352 -1 4318 3514 4337 -1 4097 4099 4353 -1 4109 4348 4108 -1 3517 4337 3514 -1 4258 4233 4352 -1 4350 4349 4319 -1 4125 4319 4349 -1 2442 4348 4109 -1 4124 4340 4339 -1 4124 4339 4133 -1 4341 4114 4348 -1 4337 3517 4355 -1 4219 4352 4233 -1 4345 4356 4316 -1 4357 4355 3517 -1 4357 3517 3560 -1 4151 4358 4037 -1 4354 4359 4360 -1 4361 4360 4359 -1 4354 4360 4362 -1 3654 4358 4151 -1 4114 4341 4113 -1 4355 4338 4337 -1 4208 4341 4209 -1 73 4363 1832 -1 4316 4356 4336 -1 4037 4358 4035 -1 4354 4362 4353 -1 4343 4094 4341 -1 4353 3707 4097 -1 73 2882 4363 -1 4343 4341 4208 -1 4248 4343 4208 -1 4353 4362 3707 -1 4123 2811 4119 -1 2810 4119 2811 -1 4119 2810 2817 -1 4291 4147 4290 -1 2895 4363 2882 -1 1832 1173 73 -1 4265 4070 4269 -1 4069 4085 1776 -1 4364 1776 4085 -1 4147 4291 4145 -1 4269 4145 4291 -1 4145 4269 4070 -1 4365 3509 4262 -1 4365 4262 4307 -1 2939 2900 3069 -1 2607 2601 1807 -1 4266 4071 4265 -1 4035 4358 3953 -1 4361 4366 4360 -1 3838 4360 4366 -1 4035 3909 4103 -1 4139 4287 4138 -1 3953 3909 4035 -1 4362 4360 3840 -1 4144 4285 4139 -1 4287 4139 4285 -1 4138 4286 4191 -1 4360 3838 3840 -1 4367 4368 4153 -1 4362 3840 3832 -1 1450 3069 2900 -1 3873 4318 4338 -1 3832 3707 4362 -1 4096 4283 4144 -1 4285 4144 4283 -1 4103 4084 4104 -1 3838 4366 3841 -1 2900 76 1450 -1 3918 1776 4369 -1 4364 4369 1776 -1 3869 3873 4338 -1 4370 4371 4372 -1 4153 4368 4345 -1 4364 4085 4084 -1 4148 4290 4147 -1 2611 2607 1807 -1 2895 3069 4363 -1 4373 4374 1785 -1 4375 4376 1785 -1 4333 1785 4377 -1 4193 4330 4148 -1 4368 4356 4345 -1 3641 3640 3654 -1 4377 1785 4378 -1 4286 4138 4287 -1 3653 3924 3654 -1 4333 4377 4346 -1 4332 4379 4286 -1 4377 4378 4346 -1 4191 4286 4379 -1 3924 4358 3654 -1 1450 4363 3069 -1 4378 4380 4346 -1 4358 3924 3953 -1 4308 4381 4332 -1 3924 3926 3953 -1 1806 2611 1807 -1 4379 4332 4381 -1 4351 4252 4250 -1 4307 4306 4365 -1 671 4133 4339 -1 4191 4379 4195 -1 4381 4195 4379 -1 4250 4347 4351 -1 4336 4365 4306 -1 1449 1832 1450 -1 4382 4342 4351 -1 4309 4381 4308 -1 4339 4235 671 -1 4383 4324 4342 -1 4384 4371 4370 -1 1832 4363 1450 -1 4365 1810 3509 -1 4342 4382 4383 -1 3909 3911 4103 -1 4328 4195 4381 -1 4328 4381 4309 -1 4383 4325 4324 -1 4084 4103 3911 -1 4084 4369 4364 -1 4380 4385 4346 -1 4386 4346 4385 -1 1776 3918 3917 -1 4195 4328 4174 -1 4328 4320 4174 -1 4369 4084 3918 -1 3911 3918 4084 -1 4174 4320 4175 -1 4338 3868 3869 -1 77 3141 4387 -1 2538 77 4387 -1 2013 77 2538 -1 4175 4320 4321 -1 4388 4371 4384 -1 4365 4336 4389 -1 4175 4321 4182 -1 4327 4182 4321 -1 4383 4354 4325 -1 4182 4327 4192 -1 4329 4192 4327 -1 1807 1803 1805 -1 4375 1785 4374 -1 4365 3510 1810 -1 4387 3141 3140 -1 4192 4329 4193 -1 4330 4193 4329 -1 4385 1785 4376 -1 4380 1785 4385 -1 4378 1785 4380 -1 4376 4375 4386 -1 3510 4365 4331 -1 4389 4331 4365 -1 4290 4148 4330 -1 4375 4374 4386 -1 4390 4372 4371 -1 4385 4376 4386 -1 3196 80 1004 -1 4201 4391 4143 -1 4392 4347 4346 -1 4391 4157 4143 -1 1004 1003 3196 -1 2184 1004 80 -1 4393 4394 1730 -1 4395 1730 4394 -1 4346 4386 4392 -1 4347 4392 4396 -1 4388 4397 4371 -1 4398 4131 4130 -1 3139 3220 3140 -1 4130 4157 4398 -1 4396 4351 4347 -1 4159 4131 4398 -1 4399 4351 4396 -1 4367 4153 4159 -1 4400 4401 1416 -1 4382 4351 4399 -1 1415 4400 1416 -1 3140 1005 4387 -1 4391 4402 4403 -1 4359 4382 4399 -1 3560 4404 4405 -1 4406 4407 48 -1 2535 2538 1005 -1 4399 4361 4359 -1 4391 4403 4157 -1 4357 3560 4405 -1 4157 4403 4408 -1 4382 4359 4383 -1 4387 1005 2538 -1 4359 4354 4383 -1 4409 1416 4410 -1 4411 1416 4409 -1 4157 4408 4398 -1 4374 4373 4386 -1 4398 4412 4159 -1 4413 4410 1416 -1 4414 1730 4415 -1 4416 4413 1416 -1 2184 1005 1004 -1 2535 1005 2184 -1 4412 4367 4159 -1 4417 4418 4367 -1 4396 4392 4419 -1 2512 4420 2513 -1 82 3351 3355 -1 4421 4393 1730 -1 4399 4396 4422 -1 4423 1730 4424 -1 3358 3354 3351 -1 3355 2633 82 -1 4399 4422 4361 -1 1416 4401 4416 -1 32 2725 1730 -1 4414 4424 1730 -1 4423 4421 1730 -1 1785 4425 4373 -1 4425 4426 4427 -1 4426 4425 1785 -1 2878 85 2741 -1 4426 4428 4427 -1 3366 3365 2878 -1 3354 3366 3355 -1 2878 3355 3366 -1 4386 4373 4427 -1 4425 4427 4373 -1 4367 4412 4417 -1 3355 2878 2633 -1 4338 4355 4357 -1 4357 4405 4338 -1 4386 4429 4392 -1 4400 1415 1466 -1 4386 4427 4429 -1 4418 4368 4367 -1 4419 4392 4429 -1 4430 47 4420 -1 4429 4431 4419 -1 4432 47 4433 -1 4368 4434 4356 -1 4433 47 4430 -1 4418 4434 4368 -1 4422 4396 4419 -1 3316 3011 86 -1 4428 4426 1785 -1 4435 4428 1785 -1 4356 4436 4336 -1 2723 2721 1679 -1 4437 4427 4435 -1 4428 4435 4427 -1 4436 4356 4434 -1 4435 1785 4438 -1 3153 1038 89 -1 1040 3427 1038 -1 4437 4435 4438 -1 4427 4437 4439 -1 3897 3581 3907 -1 4436 4389 4336 -1 4439 4429 4427 -1 4432 4440 47 -1 4441 4442 3727 -1 4431 4429 4439 -1 3728 3727 4442 -1 3492 1040 1039 -1 2513 4420 47 -1 4441 3727 3735 -1 3528 1805 1804 -1 3529 3528 1804 -1 3153 1039 1038 -1 4441 3735 4443 -1 4419 4444 4422 -1 4389 1807 4331 -1 1039 3405 3492 -1 4445 1679 4446 -1 4443 3639 4142 -1 4447 48 4448 -1 4419 4431 4444 -1 4390 4449 4372 -1 4443 3735 3639 -1 4422 4444 4366 -1 4372 4450 4370 -1 2818 48 4447 -1 4140 4142 3639 -1 4422 4366 4361 -1 4449 4451 4450 -1 4406 48 4452 -1 3405 3404 3492 -1 3405 1039 3316 -1 4453 4448 48 -1 4453 48 4407 -1 4454 4438 1785 -1 4449 4450 4372 -1 4455 4456 4454 -1 4454 4437 4438 -1 4457 4370 4450 -1 4458 4457 4450 -1 4437 4459 4439 -1 4371 1416 4390 -1 4439 4460 4431 -1 4461 4452 48 -1 4439 4459 4460 -1 4462 4142 4141 -1 4389 1803 1807 -1 4462 4141 4463 -1 4463 4150 4169 -1 4141 4150 4463 -1 4450 4409 4464 -1 4410 4464 4409 -1 4465 47 4440 -1 4150 4152 4169 -1 4398 4408 4412 -1 4444 3851 4366 -1 4464 4458 4450 -1 4173 4466 4168 -1 4455 1785 4467 -1 4454 1785 4455 -1 4467 4456 4455 -1 4437 4454 4456 -1 4173 4236 4466 -1 4404 3539 3538 -1 4457 4458 4468 -1 4469 4468 4464 -1 4464 4410 4469 -1 4413 4469 4410 -1 4467 1785 4470 -1 4409 4450 4451 -1 4409 4451 4411 -1 4467 4470 4456 -1 4459 4437 4456 -1 1416 4411 4451 -1 4471 1679 4472 -1 4470 1785 4473 -1 4449 4390 1416 -1 4474 48 4475 -1 4470 4473 4456 -1 4473 4476 4456 -1 4458 4464 4468 -1 3581 3897 3569 -1 4416 4469 4413 -1 3582 3907 3581 -1 3560 90 4404 -1 4474 4461 48 -1 3906 3676 4045 -1 3906 3907 3582 -1 3676 3906 3582 -1 3539 4404 90 -1 4477 1786 4478 -1 4431 4479 4444 -1 4370 4457 4468 -1 4370 4468 4384 -1 3676 3682 4045 -1 4431 4460 4479 -1 4480 1679 4471 -1 3851 4444 4479 -1 4481 3748 4482 -1 4483 4472 1679 -1 4484 3747 4481 -1 3748 4481 3747 -1 3851 3841 4366 -1 4445 4485 1679 -1 4485 4483 1679 -1 3636 93 3892 -1 4486 4446 1679 -1 4487 4456 4476 -1 4389 4488 1803 -1 3538 1199 4489 -1 4459 4490 4460 -1 4471 4414 4480 -1 4491 4492 4493 -1 4494 4388 4468 -1 4384 4468 4388 -1 4460 4490 4495 -1 2280 2290 3615 -1 2724 2723 4415 -1 4496 4497 47 -1 4498 48 4497 -1 4479 4460 4495 -1 3852 3851 4479 -1 3852 4479 4495 -1 4499 4167 4166 -1 4500 4466 4236 -1 4501 4404 4502 -1 4404 3538 4502 -1 4489 4502 3538 -1 4236 4237 4500 -1 4500 4237 4243 -1 4503 4504 4505 -1 4505 4506 4503 -1 4445 4446 4393 -1 4490 4507 4495 -1 4501 4405 4404 -1 3876 3852 4495 -1 3876 4495 4507 -1 4220 4216 4245 -1 4401 4494 4416 -1 4508 4509 48 -1 4475 48 4509 -1 4421 4485 4393 -1 4462 4510 4511 -1 4201 4199 4512 -1 4508 48 4513 -1 4485 4421 4483 -1 4400 4494 4401 -1 4512 4391 4201 -1 4445 4393 4485 -1 4494 4400 1466 -1 4468 4469 4494 -1 4469 4416 4494 -1 4514 3620 3747 -1 4451 4449 1416 -1 4245 4515 4220 -1 4514 3747 4484 -1 4486 4395 4446 -1 4515 4516 4220 -1 4397 4494 1473 -1 4494 4397 4388 -1 4514 4517 3620 -1 1466 1473 4494 -1 1679 1730 4486 -1 4512 4199 4217 -1 4514 3934 4517 -1 3621 3620 4517 -1 4394 4393 4446 -1 1568 1570 4518 -1 3933 3934 4484 -1 3622 3621 4517 -1 4220 4519 4217 -1 4516 4519 4220 -1 4217 4519 4520 -1 4482 3933 4481 -1 4217 4520 4512 -1 4512 4402 4391 -1 4512 4520 4402 -1 4067 4521 3934 -1 3933 4482 3988 -1 4484 4481 3933 -1 4514 4484 3934 -1 4074 4522 4067 -1 3671 3497 4255 -1 4507 4523 3893 -1 3748 3754 4482 -1 4524 4525 3754 -1 4513 48 4526 -1 4507 3893 3876 -1 4502 1198 4501 -1 4527 4528 47 -1 4496 47 4528 -1 4526 48 4498 -1 4523 4529 3893 -1 4489 1199 1198 -1 4489 1198 4502 -1 4530 47 4531 -1 4531 47 4532 -1 4473 1785 4476 -1 4533 4534 1785 -1 4535 4532 47 -1 4525 4524 4536 -1 47 4530 4527 -1 4465 4537 47 -1 4535 47 4537 -1 4534 4487 4476 -1 4534 4476 1785 -1 4538 4442 4539 -1 4487 4534 4533 -1 47 4497 48 -1 4539 4441 4540 -1 4456 4487 4541 -1 4539 4442 4441 -1 4540 4441 4443 -1 4540 4443 4511 -1 4456 4541 4459 -1 4511 4142 4462 -1 4541 4490 4459 -1 4542 49 4543 -1 4533 1785 4544 -1 4545 4544 1785 -1 1830 4546 1785 -1 4511 4443 4142 -1 4544 4545 4547 -1 4545 1785 4546 -1 4545 4546 4547 -1 4547 4487 4544 -1 4533 4544 4487 -1 4548 1568 4518 -1 4487 4549 4541 -1 4412 4488 4417 -1 1200 3645 1198 -1 4547 4549 4487 -1 4541 4549 4550 -1 4394 4446 4395 -1 4551 4518 4552 -1 3988 4482 4525 -1 4536 3988 4525 -1 3892 1198 3636 -1 4541 4550 4490 -1 4553 3988 4536 -1 4554 4518 4555 -1 4524 3671 4255 -1 4556 4555 4518 -1 4507 4490 4550 -1 3671 4524 3754 -1 4557 4547 1830 -1 4557 1830 1829 -1 4546 1830 4547 -1 4558 4559 4518 -1 1829 1785 4560 -1 4267 4561 4255 -1 4424 4414 4472 -1 1829 4560 4557 -1 4547 4557 4562 -1 4255 4561 4524 -1 4563 4524 4561 -1 4488 4412 4408 -1 4560 1785 1825 -1 4560 1825 4557 -1 4559 4548 4518 -1 4547 4562 4549 -1 4554 4552 4518 -1 4551 4558 4518 -1 4338 4405 1198 -1 4549 4564 4550 -1 4482 3754 4525 -1 4417 4488 4418 -1 4501 1198 4405 -1 4553 4536 4524 -1 4562 4564 4549 -1 3868 4338 3892 -1 1198 3892 4338 -1 4563 4553 4524 -1 4564 4523 4550 -1 4488 4434 4418 -1 4550 4523 4507 -1 1786 3529 1804 -1 3988 4563 3985 -1 4553 4563 3988 -1 4561 3985 4563 -1 4565 4557 1826 -1 1825 1826 4557 -1 4483 4423 4472 -1 4566 1527 4567 -1 4267 3978 4561 -1 3985 4561 3978 -1 4478 1786 1804 -1 4568 4569 50 -1 2529 50 4569 -1 4567 1527 1526 -1 4562 4570 4564 -1 4415 4480 4414 -1 4571 4564 4570 -1 4572 94 4573 -1 4574 3319 3807 -1 4575 50 4576 -1 4478 4488 4477 -1 3324 3871 94 -1 3807 3827 4574 -1 4539 4510 4538 -1 3332 3319 4574 -1 4488 4577 4477 -1 4471 4472 4414 -1 4568 50 4578 -1 4540 4510 4539 -1 3332 4579 3325 -1 4580 4576 50 -1 4578 50 4575 -1 4423 4483 4421 -1 4540 4511 4510 -1 4581 1527 4582 -1 4583 1786 4584 -1 4585 4584 1786 -1 4586 1786 4583 -1 4587 1786 4586 -1 4588 1786 4587 -1 4589 4590 1786 -1 4424 4472 4423 -1 4582 1527 4591 -1 4566 4592 1527 -1 4586 4488 4587 -1 4593 4594 49 -1 4510 4462 4463 -1 4595 49 2867 -1 4596 1527 4581 -1 3827 4597 4574 -1 4589 1786 4588 -1 4574 4597 4598 -1 49 4594 4599 -1 4488 4588 4587 -1 4595 4593 49 -1 4597 4600 4598 -1 4488 4589 4588 -1 49 4542 4601 -1 4591 1527 4592 -1 4574 4598 3332 -1 4579 3332 4602 -1 4598 4602 3332 -1 4395 4486 1730 -1 4488 4590 4589 -1 4267 4254 3978 -1 4488 1791 4590 -1 4601 4603 49 -1 4604 3871 3946 -1 119 4605 1527 -1 4488 1792 1791 -1 3871 4604 4573 -1 4606 1786 4607 -1 4488 1793 1792 -1 4580 50 4608 -1 4600 4602 4598 -1 4488 4607 1793 -1 4609 4610 50 -1 4599 4543 49 -1 4606 4607 4488 -1 4611 49 4603 -1 4083 4612 98 -1 4613 49 4611 -1 1569 1568 4548 -1 3325 4579 4614 -1 4615 4510 4499 -1 4614 3327 3325 -1 4616 4581 4617 -1 4582 4617 4581 -1 4618 50 4619 -1 4614 3665 3327 -1 4129 4111 227 -1 4614 4620 3665 -1 4621 49 4622 -1 4499 4166 2505 -1 2504 2505 4166 -1 2447 2502 3615 -1 2446 2447 3615 -1 2417 2446 3615 -1 2410 2417 3615 -1 4623 49 4624 -1 4623 4622 49 -1 49 4613 4624 -1 4510 2414 3614 -1 4625 50 4626 -1 4625 4619 50 -1 4621 4626 49 -1 2505 2523 4499 -1 4615 4499 2523 -1 101 4627 227 -1 3614 4628 4510 -1 4628 3616 4510 -1 3669 3678 3644 -1 2523 2649 4615 -1 3616 2500 4510 -1 4059 3683 4057 -1 3684 4057 3683 -1 3669 4629 3678 -1 4080 4121 4083 -1 2500 2499 4510 -1 3683 4059 3682 -1 4045 3682 4059 -1 2649 2668 4630 -1 4631 694 4632 -1 4627 4121 4129 -1 2499 2729 4510 -1 3678 4632 3680 -1 4058 3777 4081 -1 4614 4579 4633 -1 4056 3685 4058 -1 4579 4602 4633 -1 2729 2728 4510 -1 4057 3684 4056 -1 102 3326 4634 -1 4232 1373 3326 -1 4633 4620 4614 -1 2728 2803 4510 -1 4620 4635 3665 -1 2803 3617 4510 -1 3665 4635 3669 -1 3685 4056 3684 -1 3777 4058 3685 -1 4636 4637 4510 -1 4521 3622 4517 -1 4637 4638 4510 -1 4635 4629 3669 -1 4638 4639 4510 -1 4517 3934 4521 -1 4631 4640 694 -1 4629 4640 4631 -1 4629 4631 3678 -1 4521 4067 4522 -1 4641 4642 694 -1 4629 4643 4640 -1 4629 4644 4643 -1 3678 4631 4632 -1 3750 4522 3749 -1 4522 4074 3749 -1 4081 3749 4074 -1 3622 4521 3750 -1 4522 3750 4521 -1 4463 4169 4510 -1 2289 2410 3615 -1 4169 4168 4510 -1 3777 3749 4081 -1 4168 4466 4510 -1 4488 4519 4516 -1 4488 4520 4519 -1 4466 4500 4510 -1 4488 4402 4520 -1 4629 4641 4644 -1 4500 4243 4510 -1 4618 4645 50 -1 4646 4609 50 -1 4646 50 4645 -1 4243 4167 4510 -1 4610 4608 50 -1 49 4626 50 -1 4167 4499 4510 -1 4647 4601 4648 -1 4615 4630 4649 -1 4615 4649 4630 -1 4615 4630 4510 -1 4543 4648 4542 -1 4452 4648 4406 -1 4630 4650 4510 -1 4647 4648 4452 -1 4650 2325 4510 -1 2325 2332 4510 -1 4406 4648 4407 -1 4407 4648 4651 -1 2332 2329 4510 -1 4648 4543 4651 -1 4599 4651 4543 -1 4166 3615 2504 -1 2329 2328 4510 -1 2502 2504 3615 -1 4652 4620 4633 -1 2328 2415 4510 -1 2415 2414 4510 -1 4653 4654 95 -1 4600 4655 4602 -1 2332 2325 2324 -1 4630 4615 2649 -1 4602 4656 4633 -1 4650 4630 2668 -1 4657 95 4658 -1 4655 4656 4602 -1 4652 4633 4656 -1 2325 4650 2323 -1 4655 4600 4659 -1 4660 4659 4600 -1 4661 4510 3617 -1 4659 4662 4655 -1 4510 4661 4636 -1 95 4657 4663 -1 4659 4664 4662 -1 4655 4662 4656 -1 4656 4665 4652 -1 4662 4665 4656 -1 4666 95 4667 -1 4668 95 4663 -1 4669 4538 4510 -1 4660 4670 4659 -1 4671 4659 4670 -1 4664 4659 4671 -1 4662 4672 4665 -1 4673 4674 4675 -1 4407 4651 4453 -1 4453 4651 4448 -1 4594 4651 4599 -1 1372 1374 4259 -1 1374 4257 4259 -1 4556 4676 4555 -1 4677 4442 4538 -1 105 4678 4259 -1 4580 4465 4576 -1 4518 1527 4556 -1 4608 4537 4580 -1 4465 4580 4537 -1 4679 4675 4674 -1 4232 1374 1373 -1 4679 4680 4681 -1 4569 4420 2529 -1 4679 4674 4680 -1 4488 4403 4402 -1 94 4682 4683 -1 4681 4680 3778 -1 4684 1680 4685 -1 4488 4408 4403 -1 4662 4664 4672 -1 4680 3772 3778 -1 4677 4681 3778 -1 1472 217 4371 -1 4686 4687 1680 -1 4688 1680 4684 -1 4677 3778 3728 -1 4677 3728 4442 -1 217 112 4371 -1 4488 4436 4434 -1 4674 3770 4680 -1 4685 1680 4687 -1 36 2790 1680 -1 1472 4371 1473 -1 4397 1473 4371 -1 1680 4688 4689 -1 4488 4389 4436 -1 694 4640 4643 -1 4641 694 4644 -1 4686 1680 4690 -1 3772 4680 3770 -1 4691 94 4692 -1 493 114 4693 -1 4694 1786 4577 -1 4620 4695 4635 -1 2668 2323 4650 -1 1804 1803 4488 -1 4477 4577 1786 -1 94 4691 4682 -1 4488 4478 1804 -1 1398 4693 114 -1 114 712 1398 -1 1433 1397 712 -1 2816 4661 3617 -1 4694 4696 1786 -1 4652 4695 4620 -1 4695 4697 4635 -1 4577 4488 4694 -1 4510 4639 4698 -1 4698 4669 4510 -1 4572 4692 94 -1 1416 115 4699 -1 4635 4697 4629 -1 465 4699 115 -1 4699 1414 1416 -1 4661 2815 4700 -1 4573 94 3871 -1 448 444 115 -1 2816 2815 4661 -1 4701 4637 4636 -1 4637 4701 4702 -1 4638 4637 4702 -1 4638 4675 4639 -1 4638 4702 4675 -1 4639 4675 4698 -1 4679 4698 4675 -1 4596 4581 4703 -1 4698 4679 4681 -1 4698 4681 4669 -1 4703 4676 1527 -1 4669 4677 4538 -1 4669 4681 4677 -1 4628 3614 2846 -1 4555 4616 4554 -1 4704 4554 4616 -1 2815 4705 4700 -1 4554 4704 4552 -1 2416 2846 3614 -1 4705 4706 4700 -1 4552 4707 4551 -1 4661 4700 4708 -1 4700 4709 4710 -1 4700 4710 4708 -1 4661 4708 4636 -1 4711 4704 4616 -1 4707 4552 4704 -1 4636 4708 4701 -1 4712 4704 4711 -1 4617 4711 4616 -1 4707 4704 4712 -1 4617 4582 4713 -1 4711 4617 4712 -1 4713 4712 4617 -1 4591 4713 4582 -1 4706 4714 4700 -1 4714 2745 4700 -1 4551 4707 4558 -1 4592 4713 4591 -1 4708 4715 4701 -1 4566 4716 4592 -1 4676 4616 4555 -1 4676 4703 4616 -1 4676 4556 1527 -1 4616 4703 4581 -1 4702 4717 4673 -1 4596 4703 1527 -1 4702 4673 4675 -1 4718 4719 4720 -1 4718 4720 3783 -1 3770 4718 3783 -1 4712 4716 4707 -1 4592 4716 4713 -1 4585 1786 4696 -1 4488 4696 4694 -1 1398 4721 4693 -1 4722 4723 4724 -1 4720 4724 4723 -1 4668 4667 95 -1 4725 705 4666 -1 4488 4585 4696 -1 2512 2529 4420 -1 494 4693 4721 -1 4726 4727 1681 -1 3783 3803 3771 -1 4721 1398 1435 -1 1397 1435 1398 -1 4488 4584 4585 -1 494 493 4693 -1 4653 95 4728 -1 4420 4569 4430 -1 4568 4430 4569 -1 600 1466 1414 -1 4488 4583 4584 -1 4654 4658 95 -1 4720 4729 3783 -1 4488 4586 4583 -1 4578 4433 4568 -1 4430 4568 4433 -1 1472 1466 217 -1 4720 4723 4729 -1 1791 1786 4590 -1 4433 4578 4432 -1 4432 4578 4575 -1 3783 4729 3803 -1 1793 4607 1786 -1 4576 4440 4575 -1 4699 600 1414 -1 4432 4575 4440 -1 465 600 4699 -1 4730 694 4731 -1 4642 4731 694 -1 4465 4440 4576 -1 4697 4642 4641 -1 4697 4641 4629 -1 4448 4732 4447 -1 4559 4716 4548 -1 4732 4448 4651 -1 4606 4488 4733 -1 4734 4733 4488 -1 4559 4558 4716 -1 4695 4652 4735 -1 4593 4732 4594 -1 4651 4594 4732 -1 4726 1681 4736 -1 4665 4735 4652 -1 4488 4737 4738 -1 4739 1057 116 -1 2866 2818 4732 -1 4447 4732 2818 -1 4740 4737 4488 -1 1098 1097 4723 -1 1098 4723 4722 -1 4741 4742 1681 -1 4736 1681 4742 -1 1570 4739 4518 -1 4735 4743 4695 -1 4723 4744 4729 -1 4745 4740 4488 -1 4595 4732 4593 -1 4723 1097 4744 -1 116 4518 4739 -1 1057 814 116 -1 4732 4595 2866 -1 2867 2866 4595 -1 4729 4744 3836 -1 4746 4747 4735 -1 4542 4648 4601 -1 4727 4748 1681 -1 4748 4749 1681 -1 4735 4747 4743 -1 1526 1569 4567 -1 4748 4690 4749 -1 4695 4743 4697 -1 4474 4647 4461 -1 4729 3836 3803 -1 1797 1786 1794 -1 4750 4647 4474 -1 4697 4731 4642 -1 868 714 1544 -1 1797 1794 4734 -1 4750 4611 4647 -1 4751 694 4752 -1 4730 4752 694 -1 4753 1115 1098 -1 1569 4548 4716 -1 4743 4730 4731 -1 4743 4731 4697 -1 4753 1113 1115 -1 1794 1795 4734 -1 4601 4647 4603 -1 4567 4716 4566 -1 4754 118 868 -1 4688 4684 4755 -1 1796 1797 4734 -1 1115 1099 1098 -1 4755 4756 4689 -1 4755 4689 4688 -1 4567 1569 4716 -1 865 118 4754 -1 4757 4756 4755 -1 4452 4461 4647 -1 1100 4744 1097 -1 4558 4707 4716 -1 4665 4746 4735 -1 4712 4713 4716 -1 4610 4535 4608 -1 4537 4608 4535 -1 4665 4672 4746 -1 4727 4686 4748 -1 4609 4532 4610 -1 4535 4610 4532 -1 2846 2849 4628 -1 3616 4628 2849 -1 2849 2853 3616 -1 1042 4605 119 -1 4709 4700 2745 -1 945 1042 119 -1 1528 1527 4605 -1 4690 4748 4686 -1 3990 3461 3264 -1 3618 3659 3264 -1 3659 3658 3264 -1 3658 3656 3264 -1 3657 3680 3264 -1 3680 4632 3264 -1 694 3264 4632 -1 4643 4644 694 -1 2853 2501 2500 -1 4726 4687 4686 -1 4726 4686 4727 -1 4758 4737 4740 -1 2745 2747 4709 -1 4509 4750 4475 -1 4743 4752 4730 -1 4474 4475 4750 -1 4751 4752 4747 -1 4743 4747 4752 -1 4611 4750 4613 -1 622 4754 623 -1 4715 4708 4710 -1 4603 4647 4611 -1 4685 4687 4726 -1 1544 1546 868 -1 4684 4736 4742 -1 4531 4646 4530 -1 623 868 1546 -1 4717 4702 4701 -1 4645 4530 4646 -1 4759 4746 4672 -1 4754 622 865 -1 868 623 4754 -1 4717 4701 4715 -1 4530 4760 4527 -1 4761 4527 4760 -1 1059 1042 1041 -1 4762 4760 4645 -1 4760 4530 4645 -1 4515 4763 4516 -1 4618 4762 4645 -1 4606 4733 1786 -1 4764 4765 4766 -1 1059 4605 1042 -1 159 4766 4765 -1 4767 159 4765 -1 196 4768 2815 -1 197 196 2815 -1 1528 4605 1059 -1 4747 4769 4770 -1 1795 1786 4733 -1 4747 4770 4751 -1 4528 4527 4761 -1 4771 4765 4764 -1 1795 4733 4734 -1 2747 2746 4709 -1 4619 4762 4618 -1 4734 4488 4738 -1 4772 4773 4765 -1 4760 4774 4761 -1 4765 4771 178 -1 178 179 4765 -1 4715 4710 4775 -1 4739 1570 1059 -1 4619 4625 4762 -1 4715 4776 4717 -1 4751 4770 694 -1 4528 4774 4496 -1 4528 4761 4774 -1 4715 4775 4776 -1 4488 4777 4745 -1 4739 1059 1057 -1 4760 4762 4774 -1 4763 4777 4488 -1 694 121 120 -1 3264 694 120 -1 4488 4516 4763 -1 4672 4664 4778 -1 179 177 4772 -1 4673 4719 4674 -1 159 151 4766 -1 4497 4496 4774 -1 4718 3770 4674 -1 694 4769 4779 -1 4770 4769 694 -1 4780 4764 4766 -1 4778 4759 4672 -1 274 4781 2751 -1 4709 2746 4781 -1 4774 4762 4625 -1 2751 4781 2746 -1 4782 4783 4778 -1 4778 4783 4759 -1 4784 4498 4774 -1 4497 4774 4498 -1 4710 4709 4785 -1 144 178 81 -1 4784 4774 4626 -1 4775 4710 4785 -1 4767 149 159 -1 4746 4786 4747 -1 4626 4774 4625 -1 4759 4786 4746 -1 4717 4776 4719 -1 4787 4788 694 -1 4498 4784 4526 -1 4786 4779 4769 -1 4786 4769 4747 -1 4621 4784 4626 -1 4789 4790 95 -1 4717 4719 4673 -1 4791 4513 4784 -1 4784 4621 4622 -1 4788 4792 694 -1 4718 4674 4719 -1 4787 4779 4786 -1 4776 4775 4793 -1 4794 4795 95 -1 4796 95 4797 -1 4526 4784 4513 -1 4776 4724 4719 -1 4793 4724 4776 -1 4508 4513 4791 -1 4724 4720 4719 -1 4798 94 4799 -1 4706 4705 4768 -1 4768 2743 4714 -1 4508 4791 4509 -1 4750 4509 4791 -1 274 273 4781 -1 4714 4706 4768 -1 2752 4800 2751 -1 4613 4750 4624 -1 273 347 4781 -1 4709 4781 4785 -1 347 343 4781 -1 4741 4757 4742 -1 4786 4792 4788 -1 4786 4788 4787 -1 4726 4736 4685 -1 2745 4714 2743 -1 343 368 4801 -1 4685 4736 4684 -1 274 2751 4800 -1 4800 275 274 -1 368 372 4801 -1 4757 4755 4742 -1 4684 4742 4755 -1 4801 4781 343 -1 4781 4802 4785 -1 4781 4801 4802 -1 4785 4802 4803 -1 4756 4757 1680 -1 1680 4757 4741 -1 4689 4756 1680 -1 1681 1680 4741 -1 3820 4804 3826 -1 3826 4805 3827 -1 4785 4803 4775 -1 3826 4804 4805 -1 4775 4803 4793 -1 4805 4597 3827 -1 372 373 4801 -1 4504 4503 4515 -1 1584 715 4806 -1 1068 4807 124 -1 4804 4808 4809 -1 4806 124 4807 -1 4810 1483 4811 -1 4503 4763 4515 -1 4804 4809 4805 -1 4504 4515 4245 -1 4805 4812 4597 -1 4805 4809 4812 -1 4767 160 149 -1 1214 123 4813 -1 4810 4814 1483 -1 4815 1483 4814 -1 1694 4816 123 -1 4765 160 4767 -1 4745 4777 4506 -1 4771 81 178 -1 3912 3819 3896 -1 4793 4722 4724 -1 4503 4506 4777 -1 123 4765 1693 -1 4816 4813 123 -1 4777 4763 4503 -1 4817 4818 373 -1 179 4772 4765 -1 1693 1694 123 -1 4819 4802 4801 -1 4492 4491 4820 -1 3819 4821 3820 -1 4819 4822 4802 -1 4492 4820 4823 -1 3826 3800 3798 -1 4824 1723 1724 -1 3826 3798 3820 -1 1309 125 1307 -1 4822 4803 4802 -1 4803 4822 4825 -1 3912 4826 3819 -1 1240 1307 125 -1 4803 4825 4793 -1 4821 3819 4826 -1 4825 4722 4793 -1 4791 4784 4622 -1 4791 4622 4623 -1 4804 3820 4821 -1 716 1609 125 -1 1661 1609 716 -1 4819 4818 4827 -1 4750 4791 4624 -1 1662 1661 716 -1 4758 4828 4829 -1 4822 4819 4830 -1 4823 1786 1796 -1 4791 4623 4624 -1 4822 4753 4825 -1 4823 4820 1786 -1 4831 1724 4832 -1 4532 4609 4531 -1 4646 4531 4609 -1 1239 125 1608 -1 4734 4492 1796 -1 4823 1796 4492 -1 4830 4753 4822 -1 4492 4738 4833 -1 4826 4834 4835 -1 4825 4753 1098 -1 4836 4832 1724 -1 4825 1098 4722 -1 4821 4826 4835 -1 4734 4738 4492 -1 4833 4738 4737 -1 1254 125 1309 -1 373 653 4817 -1 4837 4817 653 -1 4837 4838 4818 -1 4833 4737 4758 -1 4839 1724 4840 -1 4841 4840 1724 -1 4838 4837 653 -1 653 659 4838 -1 4842 1620 126 -1 4808 4804 4821 -1 4831 4841 1724 -1 4843 52 4844 -1 4801 373 4818 -1 4837 4818 4817 -1 4819 4801 4818 -1 4845 126 1256 -1 658 653 661 -1 4758 4740 4828 -1 659 658 1251 -1 4845 4846 126 -1 4828 4745 4506 -1 658 661 1251 -1 4808 4847 4848 -1 4828 4740 4745 -1 4808 4848 4809 -1 1251 4818 659 -1 4838 659 4818 -1 4846 4849 126 -1 4849 4842 126 -1 4850 3333 1748 -1 4818 1251 4827 -1 4819 4827 4830 -1 4812 4600 4597 -1 4851 4852 51 -1 4827 1265 4830 -1 1255 1265 4827 -1 3957 4853 3958 -1 3949 3948 4854 -1 3958 4854 3948 -1 661 660 1251 -1 1584 4806 1649 -1 4177 3908 3949 -1 3949 4854 4177 -1 4827 1251 1255 -1 4847 4855 4856 -1 4807 1671 4806 -1 4847 4856 4848 -1 4857 3333 4858 -1 4830 1265 1113 -1 4809 4848 4859 -1 4830 1113 4753 -1 3692 4860 3695 -1 4853 4861 4854 -1 4809 4859 4812 -1 4854 3958 4853 -1 4862 4863 3695 -1 4660 4600 4812 -1 4854 4861 4239 -1 4859 4660 4812 -1 4861 4245 4239 -1 3695 4863 3696 -1 1324 1309 1308 -1 4854 4239 4177 -1 4847 4864 4855 -1 4862 4865 4866 -1 4211 51 4198 -1 1671 1068 1320 -1 4862 4860 4865 -1 1239 1320 1240 -1 1308 1240 1320 -1 4866 4867 4862 -1 1608 1320 1239 -1 4868 4866 4865 -1 4853 4505 4861 -1 4504 4861 4505 -1 4866 4869 4867 -1 4868 4869 4866 -1 4861 4504 4245 -1 4862 4867 4863 -1 4870 4871 4872 -1 1609 1671 1608 -1 1320 1608 1671 -1 4851 51 4873 -1 51 4874 4873 -1 1240 1308 1307 -1 4874 51 4875 -1 4856 4876 4877 -1 4878 4859 4848 -1 1661 1671 1609 -1 4875 51 4211 -1 4856 4855 4876 -1 4869 55 4867 -1 2903 52 4843 -1 4879 4844 52 -1 1649 4806 1671 -1 4868 214 4869 -1 4879 52 4880 -1 4881 94 4798 -1 1483 4882 4811 -1 4883 214 4868 -1 4884 4799 94 -1 214 157 4869 -1 4885 52 4886 -1 4807 1068 1671 -1 4887 4886 52 -1 4869 157 55 -1 1068 1067 1320 -1 1256 1249 1341 -1 219 214 4883 -1 1324 1347 1254 -1 1254 1309 1324 -1 4808 4821 4835 -1 4888 1484 4889 -1 1214 4813 1399 -1 4858 3333 4890 -1 4891 4892 4834 -1 4893 4894 1484 -1 4895 4896 4897 -1 4834 4892 4864 -1 1399 4898 1620 -1 4899 3333 4857 -1 1620 4842 1399 -1 4896 4900 4897 -1 4901 4893 1484 -1 4902 1484 4894 -1 1388 1399 4849 -1 4842 4849 1399 -1 4834 4864 4835 -1 4846 1388 4849 -1 4835 4847 4808 -1 4846 4845 1388 -1 1341 1388 4845 -1 4903 3333 4904 -1 4835 4864 4847 -1 4890 3333 4903 -1 1256 1341 4845 -1 4882 4905 4906 -1 4905 4888 4906 -1 4889 4906 4888 -1 4907 3333 4850 -1 4902 4906 4889 -1 4904 3333 4907 -1 4894 4811 4902 -1 4906 4902 4811 -1 130 1600 3333 -1 4893 4810 4894 -1 4882 4906 4811 -1 1687 4898 1694 -1 1694 4898 4816 -1 4811 4894 4810 -1 4871 4908 4872 -1 4897 3698 3854 -1 4909 4870 4872 -1 4814 4910 4815 -1 4816 4898 4813 -1 1399 4813 4898 -1 4892 4911 4912 -1 1624 1619 4898 -1 4814 4810 4910 -1 1619 1620 4898 -1 4810 4893 4910 -1 4901 4910 4893 -1 4860 3692 3677 -1 4815 4910 1483 -1 3677 3699 4860 -1 1624 4898 1687 -1 4862 3695 4860 -1 3957 4055 4913 -1 1748 4824 4850 -1 1483 4910 4901 -1 4897 4900 3698 -1 4914 94 4915 -1 4857 4832 4836 -1 4901 1484 1483 -1 4915 94 4916 -1 127 1724 1509 -1 4917 4872 4918 -1 4908 4918 4872 -1 3699 4865 4860 -1 4919 4920 4872 -1 4832 4857 4921 -1 4832 4921 4831 -1 4839 4824 1724 -1 44 4119 1481 -1 4683 4916 94 -1 4914 4884 94 -1 4922 4841 4921 -1 4913 4920 4923 -1 1747 3333 1600 -1 1748 3333 1747 -1 4924 1481 4925 -1 4925 1481 4926 -1 3698 4927 3699 -1 4795 4728 95 -1 4796 4794 95 -1 3698 4900 4927 -1 4913 4928 3957 -1 4929 51 4930 -1 4865 3699 4927 -1 4853 3957 4928 -1 4931 4932 95 -1 4933 4934 95 -1 4789 95 4934 -1 4790 4797 95 -1 4932 4933 95 -1 95 94 4931 -1 4931 94 4881 -1 4935 96 4936 -1 4824 1748 1723 -1 4937 4900 4896 -1 4885 4880 52 -1 4938 1481 4924 -1 4896 4939 4937 -1 4940 1786 4941 -1 4900 4937 4942 -1 4943 4926 1481 -1 1723 1747 1509 -1 4944 1481 4938 -1 4945 4887 52 -1 4831 4921 4841 -1 4940 4941 4946 -1 4892 4912 4864 -1 4941 1786 4947 -1 1600 1509 1747 -1 4900 4942 4927 -1 4948 4945 52 -1 4947 4946 4941 -1 4864 4912 4855 -1 1908 134 1767 -1 4927 4942 4949 -1 134 4950 1767 -1 4951 96 4952 -1 4951 4953 96 -1 4954 96 4953 -1 1766 3334 2014 -1 4927 4949 4865 -1 4868 4865 4949 -1 4955 4952 96 -1 96 706 4955 -1 137 2014 3334 -1 2014 1767 1766 -1 4841 4922 4840 -1 2010 1908 2014 -1 4956 673 4957 -1 4958 52 4959 -1 4948 52 4958 -1 1785 122 1786 -1 4840 4907 4839 -1 4928 4960 4505 -1 4961 4957 673 -1 4962 52 4963 -1 4928 4505 4853 -1 4959 52 4964 -1 989 874 650 -1 4947 1786 4493 -1 4493 1786 4491 -1 4965 51 4966 -1 4967 4966 51 -1 4492 4946 4493 -1 190 180 647 -1 4839 4850 4824 -1 4968 4969 673 -1 4946 4947 4493 -1 4969 4961 673 -1 4970 51 4971 -1 4833 4946 4492 -1 183 3647 663 -1 2366 171 663 -1 4857 4836 4899 -1 4972 2812 673 -1 51 4929 4973 -1 4973 4971 51 -1 4967 51 4970 -1 4895 3835 4974 -1 4946 4833 4975 -1 2812 4972 4976 -1 4975 4833 4758 -1 4977 4895 4974 -1 4921 4857 4858 -1 4978 4979 97 -1 4975 4758 4829 -1 4976 4972 4943 -1 4956 4943 4972 -1 4852 4930 51 -1 4921 4890 4922 -1 4957 4926 4943 -1 4960 4829 4828 -1 4957 4943 4956 -1 4903 4922 4890 -1 4962 4964 52 -1 4965 4963 51 -1 51 4963 52 -1 4924 4980 4938 -1 4960 4506 4505 -1 4926 4957 4925 -1 4890 4921 4858 -1 4960 4828 4506 -1 4974 4981 4977 -1 2916 664 3108 -1 4982 1786 4983 -1 4908 1786 4918 -1 4870 1786 4871 -1 4918 1786 4984 -1 4969 4968 4938 -1 4984 4982 4917 -1 4985 53 4986 -1 4983 1786 4940 -1 4969 4938 4980 -1 4982 4983 4917 -1 4987 4988 97 -1 4961 4980 4957 -1 4989 664 2521 -1 4918 4984 4917 -1 4895 4977 4896 -1 4919 4872 4917 -1 4922 4903 4904 -1 3108 664 4989 -1 4920 4919 4923 -1 4969 4980 4961 -1 4981 4990 4977 -1 4925 4957 4980 -1 4925 4980 4924 -1 4981 4991 4990 -1 1724 3333 4836 -1 4913 4923 4928 -1 4977 4990 4939 -1 4922 4904 4840 -1 4907 4840 4904 -1 4960 4928 4923 -1 4992 4993 54 -1 4994 4995 54 -1 4938 4968 4944 -1 4977 4939 4896 -1 673 1481 4968 -1 1481 4944 4968 -1 4983 4940 4917 -1 4946 4917 4940 -1 4917 4946 4975 -1 4850 4839 4907 -1 4917 4975 4919 -1 2586 1230 666 -1 4899 4836 3333 -1 4923 4919 4829 -1 4919 4975 4829 -1 4996 3836 4744 -1 4923 4829 4960 -1 4997 4987 97 -1 4744 1100 4996 -1 4982 4984 1786 -1 4820 4491 1786 -1 3049 3057 666 -1 4210 4202 54 -1 3836 4996 4974 -1 4998 4999 3318 -1 4996 4981 4974 -1 1765 1767 4950 -1 3318 4999 5000 -1 4908 4871 1786 -1 1786 4870 4909 -1 4051 1786 4061 -1 4909 4061 1786 -1 4051 4049 1786 -1 4038 1786 4047 -1 4048 4047 1786 -1 1786 4038 4018 -1 2576 54 4202 -1 4872 4046 4909 -1 4061 4909 4046 -1 3835 3836 4974 -1 2521 1325 4989 -1 3109 4989 1325 -1 5001 97 4979 -1 4046 4920 4050 -1 5002 674 5003 -1 3058 3109 2586 -1 4046 4872 4920 -1 5004 674 5002 -1 3835 4895 3837 -1 5005 97 5001 -1 4998 3109 4999 -1 4050 4913 4055 -1 4050 4920 4913 -1 5006 4997 97 -1 3837 4895 4897 -1 1786 152 2785 -1 1 131 2785 -1 5005 5006 97 -1 3837 4897 3854 -1 5007 4950 5008 -1 4993 5009 54 -1 1984 2005 956 -1 2005 2033 956 -1 956 2050 2785 -1 3239 2785 2910 -1 2863 2910 2785 -1 2785 3182 3302 -1 3300 3299 2785 -1 3041 3040 2785 -1 131 956 2785 -1 5010 4950 5011 -1 4705 2815 4768 -1 4998 3318 3105 -1 1100 1137 4996 -1 4995 4992 54 -1 5009 4210 54 -1 4989 3109 3108 -1 5012 5011 4950 -1 4981 4996 1137 -1 5013 53 5014 -1 3104 2916 3109 -1 5015 53 2913 -1 5016 1137 1120 -1 5017 5018 653 -1 5019 2913 53 -1 3109 3105 3104 -1 5020 4950 5021 -1 5007 5021 4950 -1 5022 674 5004 -1 5015 5014 53 -1 5013 4986 53 -1 1120 1133 5016 -1 5000 4999 3109 -1 3105 3109 4998 -1 1137 5016 4991 -1 3124 3123 3318 -1 3323 97 4604 -1 5000 5023 3318 -1 48 2819 674 -1 5024 5003 674 -1 5010 5008 4950 -1 4988 4604 97 -1 1137 4991 4981 -1 5025 1765 4950 -1 5026 53 5027 -1 4950 5020 5025 -1 1325 2586 3109 -1 4604 3946 3323 -1 53 5028 5027 -1 5023 5000 3058 -1 3109 3058 5000 -1 5023 3124 3318 -1 4994 54 5029 -1 5030 3334 1766 -1 5023 3058 3124 -1 3057 3124 3058 -1 4935 5031 96 -1 4985 5028 53 -1 5032 2 5033 -1 5034 3334 5030 -1 5035 5033 653 -1 5036 4937 4939 -1 5037 5038 53 -1 5026 5037 53 -1 2835 677 5039 -1 5040 5039 677 -1 5041 5040 677 -1 5042 4942 4937 -1 5036 5042 4937 -1 5043 4942 5042 -1 5042 5044 5043 -1 3976 668 2602 -1 5045 3334 5046 -1 4942 5043 4949 -1 4868 4949 4883 -1 5043 4883 4949 -1 24 1563 668 -1 5031 5047 96 -1 5048 677 5049 -1 3975 3970 668 -1 3893 4529 3903 -1 5050 5049 677 -1 5048 5041 677 -1 3894 3903 5051 -1 5036 5052 5053 -1 5036 5053 5042 -1 3903 5054 5055 -1 5056 5057 3334 -1 5058 2836 5024 -1 5057 5046 3334 -1 5051 3878 3894 -1 5044 5042 5053 -1 5024 2836 5059 -1 5024 5059 5003 -1 3912 3878 5051 -1 5044 4883 5043 -1 5055 5051 3903 -1 5060 5056 3334 -1 3334 5034 5061 -1 5051 5062 3912 -1 5052 5036 5063 -1 2836 2835 5064 -1 5039 5064 2835 -1 5065 54 5066 -1 5052 5063 5067 -1 5061 5060 3334 -1 5068 2836 5064 -1 5059 2836 5068 -1 5052 5069 5053 -1 5052 5070 5069 -1 5071 53 5038 -1 5030 1766 1765 -1 5041 5072 5040 -1 5072 5073 5040 -1 5065 5074 54 -1 3903 4529 5054 -1 5075 5054 4529 -1 5076 5073 5072 -1 5068 5064 5073 -1 5040 5073 5064 -1 5077 5057 5010 -1 5044 5078 4883 -1 5076 5059 5073 -1 5079 5080 53 -1 5012 5045 5077 -1 5012 5077 5011 -1 5078 219 4883 -1 5081 5076 5072 -1 5082 53 5071 -1 5072 5004 5081 -1 5002 5081 5004 -1 5067 5070 5052 -1 5062 5051 5055 -1 5083 54 5074 -1 5039 5040 5064 -1 3912 5062 4826 -1 5010 5056 5008 -1 5060 5008 5056 -1 5068 5073 5059 -1 5076 5081 5059 -1 5003 5059 5081 -1 5003 5081 5002 -1 4826 5062 4834 -1 5008 5060 5007 -1 5053 5084 5044 -1 5007 5085 5021 -1 5053 5069 5084 -1 5048 5072 5041 -1 1705 669 2626 -1 5078 5044 5086 -1 5084 5086 5044 -1 5087 54 5088 -1 653 5089 5090 -1 5072 5091 5004 -1 5086 233 5078 -1 5083 5088 54 -1 5087 5029 54 -1 5072 5048 5091 -1 5049 5092 5048 -1 233 5086 329 -1 5022 5004 5091 -1 5093 53 5082 -1 5093 5079 53 -1 54 53 5080 -1 5080 5094 54 -1 5094 5066 54 -1 5055 5095 4891 -1 5078 233 219 -1 4985 4885 5028 -1 5062 5055 4891 -1 4885 4985 4880 -1 4986 4880 4985 -1 4844 5014 4843 -1 5096 5054 5075 -1 4880 4986 4879 -1 5013 4879 4986 -1 5091 5048 5092 -1 4043 669 4042 -1 5097 96 5098 -1 5095 5055 5054 -1 653 5090 5099 -1 5100 5099 5090 -1 4879 5013 4844 -1 4007 4042 669 -1 5095 5054 5096 -1 5050 5092 5049 -1 5101 5084 5069 -1 4043 2626 669 -1 4873 4992 4851 -1 4851 4995 4852 -1 4994 4852 4995 -1 354 5086 5084 -1 5050 677 5092 -1 4043 3976 2626 -1 4930 4852 4994 -1 329 5086 354 -1 5021 5085 5020 -1 5062 4891 4834 -1 653 5099 5102 -1 5103 4990 4991 -1 4198 4202 4211 -1 5057 5077 5046 -1 1133 1150 5104 -1 5056 5010 5057 -1 4042 3975 4043 -1 5011 5077 5010 -1 5096 5105 5095 -1 5104 5016 1133 -1 5046 5077 5045 -1 5095 5106 4891 -1 5095 5105 5106 -1 5107 4991 5016 -1 4892 4891 5106 -1 4950 3334 5012 -1 5108 5035 653 -1 2626 3976 2602 -1 5109 5110 97 -1 4875 4211 4210 -1 5085 5007 5060 -1 5111 5106 5105 -1 5104 5107 5016 -1 1563 1705 2602 -1 5061 5034 5085 -1 4991 5107 5103 -1 5112 97 5113 -1 5113 97 5114 -1 96 5115 5114 -1 5009 4875 4210 -1 5106 4911 4892 -1 5061 5085 5060 -1 5106 5111 4911 -1 4875 5009 4874 -1 4993 4874 5009 -1 4874 4993 4873 -1 4992 4873 4993 -1 5018 5108 653 -1 4848 4856 4878 -1 4995 4851 4992 -1 4856 4877 4878 -1 5045 5012 3334 -1 5014 4844 5013 -1 4939 4990 5063 -1 5015 4843 5014 -1 4990 5103 5063 -1 4660 4859 4670 -1 4843 5015 2903 -1 5063 5036 4939 -1 2913 2903 5015 -1 4859 4878 4670 -1 5019 2902 2913 -1 4136 671 4310 -1 677 674 5091 -1 4885 4886 5028 -1 5028 4886 5027 -1 4887 5027 4886 -1 5091 5092 677 -1 4978 97 5116 -1 4945 5026 4887 -1 5027 4887 5026 -1 5104 5117 5107 -1 5022 5091 674 -1 5107 5118 5103 -1 4912 4911 5119 -1 5029 4930 4994 -1 5116 97 5110 -1 5107 5117 5118 -1 5087 4929 5029 -1 4930 5029 4929 -1 4313 4310 671 -1 2082 2689 671 -1 4954 4936 96 -1 4929 5087 4973 -1 4313 671 2689 -1 5088 4973 5087 -1 5047 5098 96 -1 4948 4958 5038 -1 653 5033 2 -1 5037 4948 5038 -1 5120 5017 653 -1 5121 5104 1150 -1 4948 5037 4945 -1 4945 5037 5026 -1 96 5097 5115 -1 5074 4970 5083 -1 5121 1150 1211 -1 5109 97 5112 -1 5065 4967 5074 -1 4970 5074 4967 -1 5034 5025 5020 -1 5117 5104 5121 -1 4966 4967 5122 -1 4967 5065 5122 -1 2536 2309 1729 -1 96 5114 97 -1 5020 5085 5034 -1 5066 5122 5065 -1 5123 5089 653 -1 4203 2676 1729 -1 4203 1729 4186 -1 653 5124 5123 -1 5094 5122 5066 -1 5122 5094 4965 -1 4966 5122 4965 -1 5125 653 5102 -1 5126 5124 653 -1 5082 4964 5093 -1 5127 5128 5129 -1 4654 5129 5128 -1 5103 5118 5067 -1 4878 4877 5130 -1 5071 4959 5082 -1 4964 5082 4959 -1 5131 5118 5117 -1 4959 5071 4958 -1 5038 4958 5071 -1 4877 5132 5130 -1 4877 5133 5132 -1 5118 5131 5134 -1 5130 4670 4878 -1 5118 5134 5067 -1 1765 5025 5030 -1 2536 2676 2695 -1 5103 5067 5063 -1 5034 5030 5025 -1 5135 4671 4670 -1 5130 5135 4670 -1 4936 5127 5136 -1 4936 5136 5137 -1 4963 5079 4962 -1 5093 4962 5079 -1 5080 4965 5094 -1 1211 1219 5138 -1 5127 4936 5128 -1 276 1776 0 -1 4965 5080 4963 -1 5079 4963 5080 -1 2689 2695 4313 -1 5135 5139 4671 -1 4962 5093 4964 -1 5126 653 5140 -1 5141 679 5142 -1 5136 5127 5143 -1 5129 5143 5127 -1 5140 653 5144 -1 5121 1211 5138 -1 4876 5133 4877 -1 4186 4204 4203 -1 5083 4971 5088 -1 4973 5088 4971 -1 4654 4653 5129 -1 5121 5138 5145 -1 653 342 5144 -1 4203 2695 2676 -1 4971 5083 4970 -1 406 411 276 -1 5146 5147 276 -1 5148 1776 5149 -1 5150 1776 5151 -1 1788 1774 1776 -1 276 5149 1776 -1 4935 5152 5153 -1 4935 4936 5137 -1 5137 5152 4935 -1 5138 5154 5145 -1 5121 5145 5117 -1 720 642 276 -1 587 578 276 -1 5135 5155 5139 -1 5136 5143 5137 -1 5131 5117 5145 -1 5156 223 203 -1 5125 5120 653 -1 5143 5129 4653 -1 4671 5139 4664 -1 5157 5158 5156 -1 5067 5134 5070 -1 5157 5159 5158 -1 2724 1730 2726 -1 730 694 4792 -1 5139 4778 4664 -1 4415 1730 2724 -1 2726 1730 2725 -1 4728 5143 4653 -1 5160 679 5161 -1 5152 5143 5153 -1 5138 5162 5154 -1 5152 5137 5143 -1 5135 5130 5163 -1 5156 5158 5164 -1 4480 2723 1679 -1 5130 5132 5163 -1 4654 5128 4658 -1 5158 5165 5164 -1 4480 4415 2723 -1 5158 5166 5165 -1 4936 4954 5128 -1 5155 5135 5163 -1 5164 223 5156 -1 5167 5134 5131 -1 2726 2721 2724 -1 223 5164 226 -1 427 226 5164 -1 5134 5168 5070 -1 4658 5128 4657 -1 5155 4782 5139 -1 5169 4663 5128 -1 5159 5170 5166 -1 5168 5134 5167 -1 4657 5128 4663 -1 5171 5070 5168 -1 5128 4953 5169 -1 4951 5169 4953 -1 4690 1680 5172 -1 5172 1680 2792 -1 4952 5169 4951 -1 5168 420 5171 -1 5159 5166 5158 -1 5069 5070 5171 -1 4749 3561 1681 -1 4953 5128 4954 -1 4782 4778 5139 -1 5101 5069 5171 -1 4663 5169 4668 -1 3561 2791 1681 -1 5173 730 4792 -1 5101 354 5084 -1 2791 37 1681 -1 427 5164 5174 -1 5165 5174 5164 -1 5169 4952 5175 -1 4955 5175 4952 -1 5174 428 427 -1 5176 5168 5167 -1 420 5168 5176 -1 5177 58 5178 -1 4749 4690 5172 -1 5179 5175 4955 -1 5180 5181 5170 -1 5169 5175 4667 -1 5169 4667 4668 -1 4667 5175 4666 -1 5171 412 5101 -1 5170 5182 5166 -1 5171 420 412 -1 4749 5172 3561 -1 2792 3561 5172 -1 354 5101 412 -1 4786 4759 5183 -1 5170 5181 5182 -1 5184 58 5185 -1 4300 2606 2701 -1 5166 5186 5165 -1 5176 422 420 -1 5166 5182 5186 -1 5145 5187 5131 -1 5188 4905 1483 -1 4017 5188 1483 -1 4017 1483 3761 -1 4783 5183 4759 -1 4905 4882 1483 -1 5131 5187 5167 -1 5184 5178 58 -1 4016 3891 1484 -1 4978 4915 4979 -1 728 730 5189 -1 58 2606 4300 -1 4300 5185 58 -1 5190 58 5177 -1 5174 459 455 -1 41 1484 3891 -1 5191 4016 1484 -1 5183 5173 4792 -1 5183 4792 4786 -1 5174 455 428 -1 5192 59 5193 -1 4888 5191 1484 -1 4902 4889 1484 -1 5191 5188 4016 -1 4017 4016 5188 -1 5192 5194 59 -1 2924 59 5194 -1 5188 5191 4905 -1 4888 4905 5191 -1 3761 3891 4017 -1 5195 5193 59 -1 5196 5195 59 -1 5173 5183 5189 -1 728 5189 5183 -1 4979 4916 5001 -1 4976 1481 2817 -1 5001 4916 4683 -1 4943 1481 4976 -1 5187 5197 5167 -1 5198 5199 720 -1 5187 5200 5197 -1 5197 5176 5167 -1 5197 548 547 -1 5155 5201 4782 -1 5202 59 5203 -1 5204 5203 59 -1 45 673 2812 -1 4956 4972 673 -1 2817 2812 4976 -1 607 5205 604 -1 5206 720 5207 -1 5205 607 5200 -1 548 5197 5200 -1 5024 674 5058 -1 5058 674 2819 -1 5200 607 548 -1 5208 5199 5198 -1 5176 5197 547 -1 5209 5210 4783 -1 49 677 2867 -1 547 422 5176 -1 4987 4997 4692 -1 4572 4987 4692 -1 1219 1223 5211 -1 1223 1242 5211 -1 4783 5210 5183 -1 2837 2867 677 -1 5162 5138 1219 -1 5212 58 5213 -1 1219 5211 5162 -1 2835 2837 677 -1 5196 59 5214 -1 2866 2837 2836 -1 5161 679 5215 -1 5141 5215 679 -1 5183 729 728 -1 2819 2866 5058 -1 2836 5058 2866 -1 5006 4691 4997 -1 5145 5154 5187 -1 52 2902 679 -1 5216 5142 679 -1 5216 679 5217 -1 1242 887 5211 -1 5204 59 5218 -1 4692 4997 4691 -1 5219 5218 59 -1 5162 5211 912 -1 5220 5221 5222 -1 4691 5006 4682 -1 5211 887 912 -1 5154 5162 5205 -1 5217 679 2902 -1 5005 4682 5006 -1 5132 5223 5163 -1 5205 5162 912 -1 5154 5205 5200 -1 5163 5201 5155 -1 5005 4683 4682 -1 5154 5200 5187 -1 53 681 5019 -1 5224 5201 5163 -1 887 907 912 -1 5001 4683 5005 -1 5225 681 5226 -1 5227 58 5228 -1 5229 4782 5201 -1 912 604 5205 -1 4988 4573 4604 -1 5230 681 5225 -1 2902 5019 5217 -1 5231 5217 5019 -1 5198 720 5232 -1 3972 3696 5233 -1 5234 683 2924 -1 5235 681 5236 -1 681 5235 5226 -1 4573 4988 4572 -1 5233 3696 4863 -1 5237 5236 681 -1 5233 4005 3972 -1 5238 59 5239 -1 459 5174 5186 -1 5186 5174 5165 -1 5230 5240 681 -1 4987 4572 4988 -1 5241 5234 2920 -1 2924 2920 5234 -1 5242 5228 58 -1 3606 132 4001 -1 3961 5243 3997 -1 5244 58 16 -1 4005 5243 3961 -1 5240 5231 681 -1 5231 5019 681 -1 63 2929 687 -1 3997 5243 4001 -1 3606 4001 5243 -1 58 5244 5245 -1 5242 58 5245 -1 5246 58 5227 -1 5173 5189 730 -1 5240 5216 5231 -1 58 5212 16 -1 148 132 5247 -1 3607 5247 132 -1 5217 5231 5216 -1 5243 3607 3606 -1 5243 5247 3607 -1 5230 5248 5240 -1 740 694 729 -1 5216 5248 5142 -1 5249 58 5190 -1 4795 5250 4728 -1 2942 5251 691 -1 5216 5240 5248 -1 5214 59 5202 -1 733 732 740 -1 5235 5215 5226 -1 5141 5226 5215 -1 5252 140 4005 -1 140 5243 4005 -1 4935 5153 5031 -1 5251 5253 691 -1 5226 5141 5225 -1 5254 5239 59 -1 5181 5255 5256 -1 5243 140 5247 -1 5143 4728 5250 -1 4863 4867 57 -1 5248 5225 5141 -1 5248 5141 5142 -1 4863 57 5233 -1 5153 5143 5257 -1 5225 5248 5230 -1 4005 5233 5252 -1 5232 720 5258 -1 5259 5258 720 -1 5260 5259 720 -1 2942 2952 5251 -1 2951 5251 2952 -1 5249 5213 58 -1 5161 5215 5236 -1 5250 5257 5143 -1 5252 5233 57 -1 5235 5236 5215 -1 5181 5256 5182 -1 695 1193 2970 -1 5261 59 5246 -1 5261 5254 59 -1 5238 5219 59 -1 58 5246 59 -1 56 5252 57 -1 5182 5256 5262 -1 5161 5236 5160 -1 5237 5160 5236 -1 5252 138 140 -1 56 138 5252 -1 75 696 2969 -1 139 133 132 -1 148 5247 140 -1 5182 5262 5186 -1 5257 5031 5153 -1 55 57 4867 -1 459 5186 1384 -1 5262 1384 5186 -1 5031 5263 5047 -1 681 679 5237 -1 1384 458 459 -1 5264 5265 5047 -1 5160 5237 679 -1 79 698 2189 -1 5266 683 5234 -1 1458 5256 5255 -1 5255 1390 1458 -1 5267 5031 5257 -1 5263 5031 5267 -1 5256 1385 5262 -1 5268 61 5269 -1 5256 1458 1385 -1 5270 683 5271 -1 5271 683 5272 -1 5264 4796 5265 -1 5262 1385 1384 -1 5273 699 2994 -1 1383 1897 1384 -1 59 2924 683 -1 5274 683 5275 -1 5276 683 5270 -1 2997 84 3005 -1 1384 1897 458 -1 5277 720 5278 -1 5264 5047 5263 -1 5266 5272 683 -1 5276 5275 683 -1 5279 499 524 -1 2920 685 5241 -1 2994 3005 5273 -1 4794 5250 4795 -1 4796 5250 4794 -1 5278 720 5206 -1 241 720 5277 -1 5199 5207 720 -1 5280 701 3017 -1 499 5279 5281 -1 4796 5264 5250 -1 5264 5263 5250 -1 5267 5250 5263 -1 5281 500 499 -1 5282 685 5283 -1 5284 5285 685 -1 5286 685 5285 -1 5282 5284 685 -1 5287 506 500 -1 5209 4783 4782 -1 500 5281 5287 -1 5288 5283 685 -1 5286 5241 685 -1 5257 5250 5267 -1 5209 4782 5229 -1 5287 528 506 -1 5286 5266 5241 -1 5241 5266 5234 -1 5285 5272 5266 -1 5285 5266 5286 -1 5270 5289 5276 -1 5282 5276 5289 -1 5282 5289 5284 -1 5271 5289 5270 -1 4932 5114 5115 -1 5271 5285 5289 -1 5279 5290 5281 -1 5284 5289 5285 -1 5272 5285 5271 -1 4275 61 5291 -1 5290 5279 5292 -1 5281 5290 5293 -1 5210 740 729 -1 5210 729 5183 -1 5282 5283 5276 -1 5275 5276 5283 -1 5288 5274 5275 -1 5288 5275 5283 -1 5294 5097 5295 -1 4933 5115 5296 -1 5296 5115 5294 -1 5287 5281 5293 -1 5097 5294 5115 -1 5288 685 683 -1 5288 683 5274 -1 5287 5157 528 -1 2929 5297 687 -1 5293 5157 5287 -1 5294 4789 5296 -1 5298 687 5297 -1 528 5156 203 -1 5157 5156 528 -1 5299 5291 61 -1 5300 5299 61 -1 5301 687 5302 -1 5210 733 740 -1 5303 687 5301 -1 5304 687 5303 -1 5305 687 5304 -1 5098 5306 5097 -1 5295 5097 5306 -1 5290 5307 5293 -1 5298 5302 687 -1 2934 689 5308 -1 5159 5157 5293 -1 5309 5300 61 -1 5310 4912 5119 -1 973 524 950 -1 5309 61 5268 -1 5311 5098 5265 -1 5306 5098 5311 -1 5098 5047 5265 -1 5119 5312 5313 -1 5308 689 5314 -1 5314 689 5315 -1 5119 5313 5310 -1 5316 5317 60 -1 5279 524 973 -1 4855 4912 5310 -1 5311 4790 5306 -1 5318 689 5319 -1 5318 5315 689 -1 5310 4876 4855 -1 5320 967 965 -1 5321 5316 60 -1 5322 5321 60 -1 5323 5319 689 -1 685 2920 60 -1 5322 60 2919 -1 2929 2938 5297 -1 5324 5297 2938 -1 5320 965 1159 -1 2938 2934 5324 -1 5308 5324 2934 -1 4790 4789 5295 -1 5294 5295 4789 -1 5320 5325 967 -1 5297 5324 5298 -1 4934 5296 4789 -1 5326 60 5327 -1 5296 4934 4933 -1 5324 5308 5328 -1 5314 5328 5308 -1 5329 60 5326 -1 5330 5327 60 -1 967 5325 973 -1 5324 5328 5331 -1 5324 5331 5332 -1 973 5325 5292 -1 5310 5222 4876 -1 5295 5306 4790 -1 5310 5313 5222 -1 5222 5133 4876 -1 5314 5315 5328 -1 5333 5269 61 -1 5302 5298 5332 -1 5324 5332 5298 -1 973 5292 5279 -1 5317 5330 60 -1 5265 4797 5311 -1 4790 5311 4797 -1 4797 5265 4796 -1 5334 5303 5335 -1 5301 5335 5303 -1 5336 60 5337 -1 5337 60 5329 -1 5110 4884 5116 -1 5335 5338 5334 -1 5339 5292 5325 -1 8 61 5340 -1 5341 5342 5312 -1 5301 5302 5335 -1 88 702 3158 -1 5313 5220 5222 -1 5343 5344 702 -1 5133 5222 5221 -1 5344 5280 3158 -1 4884 5110 4799 -1 3017 3158 5280 -1 5338 5345 5334 -1 5318 5334 5345 -1 5318 5345 5315 -1 5331 5345 5338 -1 5331 5338 5332 -1 5332 5335 5302 -1 5335 5332 5338 -1 5331 5328 5345 -1 5345 5328 5315 -1 5111 5346 5347 -1 5323 5348 5319 -1 5334 5319 5348 -1 3028 5349 703 -1 91 3463 703 -1 5319 5334 5318 -1 5346 5350 5347 -1 5113 4931 4881 -1 5347 4911 5111 -1 3029 703 3045 -1 5303 5334 5351 -1 5303 5351 5304 -1 4799 5109 4798 -1 5348 5351 5334 -1 5347 5119 4911 -1 5109 4799 5110 -1 5351 5305 5304 -1 5114 4931 5113 -1 704 5352 3785 -1 5112 4798 5109 -1 5323 689 5348 -1 5113 4881 5112 -1 4798 5112 4881 -1 5351 5348 687 -1 5305 5351 687 -1 689 687 5348 -1 5116 4884 4914 -1 5353 5354 5355 -1 4914 4978 5116 -1 5353 5356 5354 -1 5357 691 5253 -1 3028 3785 5349 -1 5358 691 5359 -1 3038 3037 3785 -1 3029 3038 3785 -1 3029 3785 3028 -1 5360 691 5358 -1 4916 4979 4915 -1 5357 5359 691 -1 4915 4978 4914 -1 5361 705 4725 -1 5114 4932 4931 -1 5362 5363 693 -1 4932 5115 4933 -1 5346 5364 5365 -1 5366 693 5363 -1 5367 2743 5368 -1 5350 5346 5365 -1 5179 4955 706 -1 5369 5179 706 -1 5362 693 5370 -1 5371 5370 693 -1 5090 2744 5100 -1 5372 5371 693 -1 5366 2951 693 -1 5373 5374 5369 -1 5366 5253 2951 -1 5251 2951 5253 -1 5175 5179 5374 -1 5369 5374 5179 -1 5357 5253 5375 -1 5253 5366 5375 -1 5363 5375 5366 -1 5347 5312 5119 -1 5374 4725 5175 -1 4666 5175 4725 -1 5312 5347 5350 -1 4725 5374 5361 -1 5376 5377 61 -1 5357 5375 5359 -1 5375 5362 5359 -1 5370 5359 5362 -1 5378 5379 5353 -1 5362 5375 5363 -1 5380 60 5381 -1 5336 5381 60 -1 5370 5371 5359 -1 5358 5359 5371 -1 5382 5383 5367 -1 5384 5385 707 -1 5360 5358 5372 -1 5371 5372 5358 -1 5355 5354 5365 -1 5386 5387 99 -1 691 5360 693 -1 5372 693 5360 -1 5100 2744 5383 -1 5388 695 5389 -1 5390 5389 695 -1 5390 695 5391 -1 5392 5290 5292 -1 99 5387 5393 -1 5394 5395 5396 -1 5292 5339 5392 -1 5397 695 2970 -1 5397 5391 695 -1 5398 695 5388 -1 5384 5399 5385 -1 5396 5385 5399 -1 5307 5290 5392 -1 5400 5341 5350 -1 5401 5402 696 -1 5350 5341 5312 -1 5403 99 5404 -1 5404 99 5405 -1 5393 5405 99 -1 5383 5382 5100 -1 5313 5312 5342 -1 5293 5307 5159 -1 5406 709 5407 -1 5401 696 5408 -1 5339 5409 5392 -1 5313 5342 5220 -1 5408 696 5410 -1 5392 5409 5180 -1 5409 5411 5180 -1 707 99 5412 -1 696 5413 5414 -1 5414 5410 696 -1 5402 2969 696 -1 5392 5180 5307 -1 5403 5412 99 -1 5307 5170 5159 -1 2970 2969 5402 -1 5307 5180 5170 -1 707 5412 5384 -1 2970 5402 5397 -1 5401 5397 5402 -1 5133 5221 5223 -1 5223 5132 5133 -1 5224 5163 5223 -1 5408 5391 5401 -1 5397 5401 5391 -1 5409 5415 5411 -1 5416 5417 710 -1 5418 5416 710 -1 5411 5181 5180 -1 5320 1159 5419 -1 1159 1103 5419 -1 5420 5320 5419 -1 5419 5421 5420 -1 5422 5416 5407 -1 5418 5407 5416 -1 5423 5390 5408 -1 5410 5423 5408 -1 5325 5320 5420 -1 5391 5408 5390 -1 5325 5420 5339 -1 5388 5423 5414 -1 5420 5424 5339 -1 5377 5340 61 -1 5410 5414 5423 -1 5389 5423 5388 -1 1105 5419 1103 -1 5389 5390 5423 -1 1434 711 1435 -1 5388 5414 5413 -1 5413 5398 5388 -1 5421 5419 1105 -1 5424 5420 5421 -1 61 8 10 -1 61 10 18 -1 695 5398 696 -1 5413 696 5398 -1 17 61 18 -1 5425 61 17 -1 5339 5424 5409 -1 5425 5333 61 -1 5426 60 5427 -1 1105 1129 5421 -1 5428 697 2979 -1 5429 60 5380 -1 1545 713 1546 -1 5426 5430 61 -1 5430 5376 61 -1 5429 5427 60 -1 61 60 5426 -1 5330 5214 5327 -1 5421 5431 5424 -1 5202 5327 5214 -1 243 221 5432 -1 5421 1129 5431 -1 5433 697 5434 -1 5317 5196 5330 -1 5424 5431 5415 -1 5435 5436 98 -1 5436 5437 98 -1 5431 5438 5415 -1 5210 5439 733 -1 5440 697 5441 -1 5196 5317 5195 -1 5316 5195 5317 -1 5424 5415 5409 -1 5214 5330 5196 -1 5321 5193 5316 -1 128 1630 221 -1 5177 5442 5190 -1 5440 5434 697 -1 5443 5441 697 -1 5443 697 5428 -1 5444 1129 1126 -1 5268 5269 5445 -1 2986 2189 698 -1 5446 98 5447 -1 1126 1136 5444 -1 5445 5249 5190 -1 1129 5444 5448 -1 5447 98 5449 -1 5437 5449 98 -1 5333 5445 5269 -1 2986 698 5450 -1 5448 5431 1129 -1 5450 698 5451 -1 5448 5438 5431 -1 2700 4275 5291 -1 5415 5438 5452 -1 5453 5454 698 -1 5454 5451 698 -1 5415 5452 5411 -1 5455 5453 698 -1 5411 5255 5181 -1 5411 5452 5255 -1 5450 5456 2986 -1 5439 5221 5220 -1 1136 1140 1556 -1 5223 5221 5439 -1 5428 5456 5443 -1 1556 5444 1136 -1 5456 5428 2985 -1 2979 2985 5428 -1 5223 5439 5224 -1 5456 5457 5443 -1 5441 5443 5457 -1 1541 5448 5444 -1 2700 5291 5458 -1 1556 1541 5444 -1 5448 1541 1543 -1 5432 221 5459 -1 2985 2986 5456 -1 1543 5438 5448 -1 5458 5185 2700 -1 5459 221 1630 -1 5460 98 4612 -1 5435 98 5460 -1 4053 4083 98 -1 5452 5438 1577 -1 5456 5450 5461 -1 5451 5461 5450 -1 1543 1577 5438 -1 5462 5457 5456 -1 5452 1577 1390 -1 5456 5461 5462 -1 5452 1390 5255 -1 5291 5299 5458 -1 5463 732 5464 -1 1815 732 5465 -1 5466 1816 1815 -1 5467 736 5466 -1 5468 736 5467 -1 737 736 5468 -1 184 142 276 -1 5146 276 408 -1 4300 2700 5185 -1 5467 5439 5468 -1 400 5469 433 -1 3190 3191 283 -1 5440 5470 5434 -1 5439 737 5468 -1 3191 1559 283 -1 5471 736 735 -1 292 3190 283 -1 5439 735 737 -1 5472 5473 5434 -1 5149 276 5147 -1 5474 736 5475 -1 5475 736 5471 -1 416 5146 408 -1 5439 5471 735 -1 407 243 5432 -1 428 454 400 -1 5439 5475 5471 -1 5476 5472 5470 -1 5477 736 5478 -1 5478 736 5474 -1 5469 400 454 -1 5439 5474 5475 -1 5469 5479 433 -1 5472 5434 5470 -1 5442 5458 5300 -1 5442 5300 5309 -1 5469 5480 5479 -1 5439 5478 5474 -1 5481 5480 5469 -1 433 5479 416 -1 5300 5458 5299 -1 5441 5457 5470 -1 5440 5441 5470 -1 5433 5434 5473 -1 416 5147 5146 -1 407 5459 1629 -1 5476 5482 5472 -1 5477 5478 5439 -1 5185 5458 5184 -1 5453 5482 5454 -1 5479 5149 5147 -1 5479 5147 416 -1 5472 5482 5453 -1 5458 5442 5178 -1 5458 5178 5184 -1 455 5483 454 -1 5178 5442 5177 -1 407 5432 5459 -1 5482 5476 5462 -1 5457 5462 5476 -1 5476 5470 5457 -1 455 458 5483 -1 5454 5482 5461 -1 5454 5461 5451 -1 5445 5190 5442 -1 5483 5481 454 -1 5462 5461 5482 -1 5442 5268 5445 -1 5268 5442 5309 -1 5469 454 5481 -1 1630 1629 5459 -1 5195 5316 5193 -1 5472 5484 5473 -1 5322 5192 5321 -1 5193 5321 5192 -1 5485 99 5486 -1 2919 5194 5322 -1 5192 5322 5194 -1 5455 5484 5453 -1 5472 5453 5484 -1 5194 2919 2924 -1 1776 5148 5487 -1 5151 1776 5487 -1 5488 99 5489 -1 5490 99 5488 -1 5455 698 5484 -1 5480 5487 5148 -1 5480 5148 5479 -1 98 5491 99 -1 5484 698 5473 -1 5327 5202 5326 -1 5203 5326 5202 -1 292 407 3190 -1 5433 5473 697 -1 5486 99 5491 -1 5439 5341 5400 -1 1629 3191 407 -1 5480 5151 5487 -1 697 5473 698 -1 5204 5329 5203 -1 5326 5203 5329 -1 5249 5445 5213 -1 15 5213 5445 -1 5480 5150 5151 -1 5213 15 5212 -1 5479 5148 5149 -1 5439 5342 5341 -1 1861 5483 458 -1 5425 15 5333 -1 476 461 572 -1 5492 699 5493 -1 570 572 461 -1 5212 15 16 -1 5493 699 5494 -1 5439 5220 5342 -1 5483 1779 5481 -1 5483 1861 1779 -1 3219 1996 490 -1 5495 699 5496 -1 5496 699 5492 -1 5445 5333 15 -1 505 496 490 -1 17 15 5425 -1 1779 1781 5481 -1 1781 5480 5481 -1 5219 5336 5218 -1 5337 5218 5336 -1 5494 699 5273 -1 5497 699 5495 -1 521 571 489 -1 5218 5337 5204 -1 5329 5204 5337 -1 489 571 3219 -1 5150 1788 1776 -1 5381 5336 5219 -1 521 572 571 -1 5498 5499 98 -1 5491 98 5499 -1 83 2994 699 -1 5150 5480 1788 -1 1781 1788 5480 -1 9 8 5244 -1 5245 5244 8 -1 5340 5245 8 -1 84 700 3005 -1 5377 5242 5340 -1 5245 5340 5242 -1 210 202 226 -1 2 154 653 -1 5228 5242 5376 -1 5500 211 210 -1 210 226 5500 -1 5439 5201 5224 -1 5377 5376 5242 -1 5501 98 5502 -1 5503 5504 700 -1 211 5500 5505 -1 5506 5503 700 -1 5439 5229 5201 -1 5228 5376 5227 -1 5507 5508 700 -1 5508 5506 700 -1 211 5505 5509 -1 5380 5239 5429 -1 5439 5209 5229 -1 5381 5238 5380 -1 5239 5380 5238 -1 700 5510 5507 -1 5504 3005 700 -1 5511 732 734 -1 5500 226 402 -1 427 402 226 -1 5381 5219 5238 -1 3005 5504 5273 -1 402 401 5500 -1 10 9 18 -1 21 24 666 -1 5209 5439 5210 -1 5503 5494 5504 -1 5504 5494 5273 -1 5430 5227 5376 -1 5500 401 5505 -1 5494 5503 5493 -1 5506 5493 5503 -1 5426 5246 5430 -1 5464 732 5512 -1 401 410 5505 -1 5508 5513 5506 -1 5261 5427 5254 -1 5429 5254 5427 -1 5505 410 156 -1 5227 5430 5246 -1 731 733 5439 -1 734 731 5439 -1 338 387 276 -1 25 28 669 -1 5508 5507 5513 -1 5507 5495 5513 -1 5492 5513 5496 -1 302 5509 254 -1 5514 98 5501 -1 5498 98 5514 -1 5446 5502 98 -1 5246 5426 5261 -1 5426 5427 5261 -1 29 32 1729 -1 5492 5506 5513 -1 5493 5506 5492 -1 302 211 5509 -1 5490 5386 99 -1 5496 5513 5495 -1 5239 5254 5429 -1 5439 5511 734 -1 1679 36 1680 -1 5485 5489 99 -1 5510 5497 5507 -1 5512 732 5511 -1 16 9 5244 -1 5497 5495 5507 -1 5439 5512 5511 -1 33 36 1679 -1 5509 378 254 -1 5465 732 5463 -1 387 392 276 -1 146 108 276 -1 5510 700 5497 -1 378 109 345 -1 5439 5464 5512 -1 1681 40 1483 -1 37 40 1681 -1 5515 100 5516 -1 156 378 5509 -1 699 5497 700 -1 378 106 109 -1 5439 5463 5464 -1 156 106 378 -1 345 109 324 -1 146 276 392 -1 108 107 276 -1 673 48 674 -1 5439 5465 5463 -1 107 145 276 -1 145 184 276 -1 41 44 1484 -1 1484 44 1481 -1 45 48 673 -1 324 109 392 -1 146 392 109 -1 5439 1815 5465 -1 5517 701 5518 -1 5519 5520 100 -1 49 52 677 -1 5439 5466 1815 -1 5505 156 5509 -1 53 59 681 -1 681 59 683 -1 5521 701 5522 -1 5439 5467 5466 -1 63 685 60 -1 739 736 5477 -1 5523 701 5524 -1 74 693 71 -1 5367 5368 5382 -1 5524 701 5517 -1 5519 100 5525 -1 5280 5518 701 -1 701 5523 5522 -1 5526 100 5527 -1 695 693 74 -1 4768 5528 2743 -1 5525 100 5526 -1 78 696 75 -1 5344 3158 702 -1 83 698 79 -1 708 5399 5529 -1 698 83 699 -1 5439 739 5477 -1 5529 5527 100 -1 5529 100 708 -1 87 700 84 -1 739 5439 738 -1 5530 738 5439 -1 705 704 95 -1 99 706 96 -1 5343 702 5531 -1 5532 5531 702 -1 5439 5533 5534 -1 709 708 103 -1 221 710 128 -1 100 103 708 -1 128 710 104 -1 5535 5532 702 -1 5536 5535 702 -1 5356 5353 5379 -1 124 714 118 -1 121 694 716 -1 5537 5365 5354 -1 5365 5400 5350 -1 129 113 283 -1 88 135 702 -1 5537 5400 5365 -1 136 91 490 -1 152 1 2785 -1 5538 5536 702 -1 5368 5528 5382 -1 276 0 720 -1 5344 5518 5280 -1 5537 5354 5439 -1 5439 5400 5537 -1 2236 2235 2248 -1 5539 101 5540 -1 7 932 4 -1 535 4 932 -1 5531 5541 5343 -1 2248 2247 2279 -1 5532 5541 5531 -1 2248 2279 5530 -1 5540 101 5542 -1 30 1932 1869 -1 2279 1824 1823 -1 5538 5543 5536 -1 2279 1823 5530 -1 38 2286 2267 -1 5522 5536 5543 -1 2337 39 2352 -1 5543 5521 5522 -1 43 2422 2393 -1 50 2528 47 -1 2513 47 2528 -1 2560 51 2576 -1 5544 4627 101 -1 5545 5544 101 -1 2606 58 188 -1 4129 227 4627 -1 5539 5545 101 -1 2829 2797 72 -1 69 72 2797 -1 73 2900 2882 -1 5520 5516 100 -1 3141 77 3196 -1 85 3365 82 -1 3351 82 3365 -1 3402 86 89 -1 3402 89 3427 -1 93 3629 90 -1 3539 90 3629 -1 94 97 3324 -1 98 227 4053 -1 5546 5547 5548 -1 105 4259 3326 -1 5549 100 5550 -1 112 1416 4371 -1 5550 100 5515 -1 1823 1822 738 -1 1527 4518 119 -1 116 119 4518 -1 5343 5518 5344 -1 126 160 123 -1 4765 123 160 -1 3333 1724 127 -1 5343 5541 5518 -1 5517 5518 5541 -1 4950 134 3334 -1 5551 100 5552 -1 100 5553 5552 -1 100 5549 5553 -1 1823 738 5530 -1 5535 5524 5532 -1 5541 5532 5524 -1 5554 100 5555 -1 5551 5555 100 -1 101 100 5554 -1 5535 5536 5524 -1 5523 5524 5536 -1 5439 5534 5530 -1 5523 5536 5522 -1 5439 5548 5533 -1 5556 101 5557 -1 5517 5541 5524 -1 5439 5379 5548 -1 5439 5356 5379 -1 5558 101 5559 -1 5521 5543 701 -1 702 701 5543 -1 5538 702 5543 -1 5439 5354 5356 -1 4571 4523 4564 -1 5560 5559 101 -1 5558 5542 101 -1 5561 2 5032 -1 5562 5560 101 -1 5556 5563 101 -1 5563 5562 101 -1 5554 5557 101 -1 4529 4523 4571 -1 5412 5529 5384 -1 5386 5516 5387 -1 5520 5387 5516 -1 5516 5386 5515 -1 5490 5515 5386 -1 5387 5520 5393 -1 5349 5564 703 -1 5519 5393 5520 -1 5565 2 5566 -1 5405 5525 5404 -1 5526 5404 5525 -1 5404 5526 5403 -1 5527 5403 5526 -1 5529 5412 5527 -1 5567 5568 2 -1 3 2 5568 -1 4571 5569 5075 -1 5393 5519 5405 -1 5525 5405 5519 -1 5527 5412 5403 -1 5399 5384 5529 -1 5570 5075 5569 -1 5571 5572 3 -1 5449 5573 5447 -1 4571 5075 4529 -1 5574 3 5568 -1 5575 5576 703 -1 5577 703 5576 -1 5558 5559 5578 -1 5565 5567 2 -1 5579 5575 703 -1 5447 5578 5446 -1 5580 2362 5581 -1 5560 5578 5559 -1 5260 720 5572 -1 5561 5566 2 -1 5574 5582 3 -1 720 3 5572 -1 5582 5571 3 -1 5564 5579 703 -1 5583 5570 5569 -1 5539 5584 5545 -1 5585 5105 5096 -1 5460 5586 5435 -1 5540 5584 5539 -1 5368 2743 5528 -1 5542 5573 5540 -1 5584 5436 5435 -1 5578 5447 5573 -1 5436 5584 5437 -1 5587 704 5588 -1 5589 704 5587 -1 5573 5437 5584 -1 5588 704 5590 -1 5585 5591 5592 -1 5593 5592 5591 -1 5573 5449 5437 -1 5585 5592 5594 -1 5595 5590 704 -1 5584 5540 5573 -1 5558 5578 5573 -1 5596 5597 5382 -1 5598 5596 5382 -1 5573 5542 5558 -1 5594 5105 5585 -1 5599 5382 5597 -1 5352 704 5589 -1 5111 5105 5594 -1 5600 5595 704 -1 5544 5586 4627 -1 5601 413 5602 -1 5586 4612 4121 -1 5603 413 5601 -1 4121 4627 5586 -1 423 413 5603 -1 4083 4121 4612 -1 5604 5605 5593 -1 4612 5586 5460 -1 5352 5349 3785 -1 5598 4768 5596 -1 5602 413 3446 -1 5586 5545 5584 -1 5590 5575 5588 -1 5606 5588 5575 -1 5579 5606 5575 -1 5586 5544 5545 -1 5584 5435 5586 -1 5490 5488 5550 -1 5606 5587 5588 -1 5515 5490 5550 -1 5549 5489 5553 -1 5590 5595 5575 -1 3376 3446 5 -1 5550 5488 5549 -1 5589 5564 5352 -1 413 5 3446 -1 5583 5569 5607 -1 5587 5606 5589 -1 5564 5589 5606 -1 5564 5606 5579 -1 5489 5549 5488 -1 5595 5576 5575 -1 5608 5583 5607 -1 5600 5577 5595 -1 5576 5595 5577 -1 5583 5591 5570 -1 5349 5352 5564 -1 5486 5609 5485 -1 5600 704 5577 -1 5553 5489 5609 -1 5485 5609 5489 -1 5570 5096 5075 -1 5553 5609 5552 -1 704 703 5577 -1 5486 5610 5609 -1 5610 5555 5609 -1 5608 5611 5612 -1 5552 5609 5551 -1 3397 4 5613 -1 5612 5583 5608 -1 5491 5610 5486 -1 5528 5598 5382 -1 4 535 5614 -1 5614 5613 4 -1 5591 5583 5612 -1 5551 5609 5555 -1 5615 705 5616 -1 534 5614 535 -1 5570 5591 5096 -1 5585 5096 5591 -1 95 4666 705 -1 5617 705 5618 -1 5514 5619 5498 -1 763 749 535 -1 5620 705 5621 -1 5622 5562 5563 -1 5623 5624 650 -1 5622 5619 5514 -1 5501 5622 5514 -1 5618 705 5615 -1 5563 5556 5619 -1 5611 5604 5612 -1 5622 5563 5619 -1 5612 5593 5591 -1 5619 5556 5557 -1 5616 705 5361 -1 5528 4768 5598 -1 5612 5604 5593 -1 5554 5555 5610 -1 5621 705 5617 -1 5554 5610 5557 -1 5610 5491 5499 -1 5625 2124 2123 -1 5580 2125 2362 -1 2362 2124 5625 -1 5498 5619 5499 -1 5625 2123 5581 -1 2123 2122 2354 -1 5626 2134 5627 -1 3447 3408 6 -1 5499 5619 5610 -1 2123 2354 5581 -1 5610 5619 5557 -1 5625 5581 2362 -1 5562 5622 5560 -1 5578 5560 5622 -1 875 5623 650 -1 6 650 3447 -1 5624 3447 650 -1 5501 5502 5622 -1 2009 932 2006 -1 5373 5369 706 -1 5502 5578 5622 -1 5628 5629 5608 -1 5502 5446 5578 -1 5630 103 5631 -1 5608 5629 5611 -1 5628 5608 5607 -1 2354 2134 5626 -1 5626 5627 5632 -1 5633 5382 5599 -1 5627 2134 2133 -1 5627 2133 5632 -1 5634 103 5635 -1 215 216 5599 -1 5632 5581 5626 -1 2354 5626 5581 -1 5407 709 5422 -1 5629 5581 5636 -1 5581 5632 5636 -1 5637 5635 103 -1 5633 5638 5382 -1 5611 5629 5636 -1 932 1612 964 -1 5631 103 5634 -1 5422 709 5639 -1 5640 5611 5636 -1 5641 932 5642 -1 2133 2132 5643 -1 5643 2136 5644 -1 2136 5645 5644 -1 5644 5632 5643 -1 2133 5643 5632 -1 5646 5636 5632 -1 5632 5644 5646 -1 5647 706 5648 -1 5640 5636 5646 -1 5649 102 5650 -1 5651 5648 706 -1 5652 5653 102 -1 5654 5651 706 -1 5373 706 5647 -1 5642 932 3429 -1 5640 5604 5611 -1 5655 102 5656 -1 5657 5644 5645 -1 5658 5654 706 -1 425 611 7 -1 5652 102 5655 -1 5659 102 5653 -1 5660 5656 102 -1 2006 932 5641 -1 1373 4634 3326 -1 5661 5604 5640 -1 1612 932 2009 -1 5604 5661 5605 -1 5593 5605 5592 -1 5662 5592 5605 -1 5660 102 4634 -1 5364 5594 5592 -1 5623 875 980 -1 5592 5662 5364 -1 5630 5639 103 -1 5346 5594 5364 -1 5663 5664 103 -1 5665 5666 5667 -1 5624 5623 5668 -1 5664 5637 103 -1 5648 5651 5666 -1 5651 5667 5666 -1 5346 5111 5594 -1 5662 5605 5353 -1 1006 5623 980 -1 5605 5378 5353 -1 5669 5663 103 -1 5651 5654 5667 -1 5670 5667 5654 -1 5662 5353 5355 -1 5671 5669 103 -1 5654 5672 5670 -1 5658 5672 5654 -1 5364 5662 5355 -1 5668 5673 5624 -1 5624 5673 3447 -1 5623 1006 5674 -1 5674 5668 5623 -1 5355 5365 5364 -1 5675 5676 102 -1 5676 5677 102 -1 103 102 5677 -1 5678 103 5677 -1 5659 5650 102 -1 5679 5680 102 -1 5680 5675 102 -1 5679 102 5649 -1 216 335 5633 -1 5633 335 5638 -1 5666 5647 5648 -1 5681 103 5678 -1 5681 5671 103 -1 5682 5647 5666 -1 5633 5599 216 -1 2246 2237 2236 -1 5683 2246 2236 -1 5647 5682 5373 -1 5667 5684 5665 -1 5685 104 5686 -1 104 5687 5688 -1 5601 5668 5674 -1 5673 5668 5601 -1 104 5688 5689 -1 104 5689 5690 -1 5690 5686 104 -1 104 710 5417 -1 5687 104 5417 -1 5618 5691 5617 -1 5618 5692 5691 -1 5684 5691 5692 -1 5665 5684 5692 -1 3446 3447 5673 -1 5674 1006 5603 -1 3408 3447 3376 -1 5691 5621 5617 -1 2236 2248 5683 -1 5530 5683 2248 -1 5693 5683 5534 -1 5383 2744 5367 -1 5602 5673 5601 -1 5534 5683 5530 -1 5693 5534 5533 -1 397 5199 5694 -1 3446 5673 5602 -1 5693 5533 5547 -1 5674 5603 5601 -1 423 5603 1006 -1 5665 5682 5666 -1 5695 104 5685 -1 5533 5548 5547 -1 335 351 5638 -1 5546 5548 5379 -1 5546 5379 5378 -1 5696 105 5697 -1 5698 2190 5699 -1 5700 105 5701 -1 5702 5701 105 -1 5698 5699 5703 -1 5704 105 5700 -1 5699 2190 2204 -1 2204 2220 5705 -1 1372 4259 4678 -1 5692 5682 5665 -1 5641 1052 2006 -1 5699 2204 5703 -1 105 5704 5706 -1 5616 5682 5615 -1 5706 4678 105 -1 5692 5618 5682 -1 5615 5682 5618 -1 5684 5667 5670 -1 1052 5641 5642 -1 5707 5670 5672 -1 5646 5708 5709 -1 5658 706 5672 -1 5691 5670 5621 -1 5640 5709 5661 -1 5710 104 5711 -1 5684 5670 5691 -1 5712 104 5710 -1 104 5713 105 -1 5714 105 5715 -1 5697 105 5714 -1 5696 5716 105 -1 5707 5620 5670 -1 5621 5670 5620 -1 5705 2220 2246 -1 5716 5702 105 -1 5672 706 5707 -1 5374 5373 5682 -1 5703 5705 5683 -1 2246 5683 5705 -1 5705 5703 2204 -1 5703 5683 5693 -1 5695 5711 104 -1 5713 104 5717 -1 5382 5694 5198 -1 5715 105 5718 -1 5703 5693 5708 -1 5718 105 5719 -1 5682 5616 5374 -1 5616 5361 5374 -1 5708 5547 5709 -1 5708 5693 5547 -1 5620 5707 705 -1 5709 5546 5661 -1 5717 104 5712 -1 5719 105 5713 -1 5709 5547 5546 -1 705 5707 706 -1 5661 5378 5605 -1 5661 5546 5378 -1 5657 2190 5698 -1 5645 2190 5657 -1 5643 2132 2136 -1 2136 2190 5645 -1 5657 5698 5644 -1 5417 5639 5687 -1 5385 5395 707 -1 5703 5644 5698 -1 5703 5708 5644 -1 5644 5708 5646 -1 5709 5640 5646 -1 5690 5635 5686 -1 5720 707 5721 -1 1826 1785 5722 -1 5722 1785 1828 -1 5722 1828 4565 -1 5723 2345 2408 -1 1828 5723 4565 -1 1826 5722 4565 -1 5721 707 5724 -1 533 1060 534 -1 4562 4557 5725 -1 5695 5663 5711 -1 5669 5711 5663 -1 5710 5711 5669 -1 5642 3429 3537 -1 5725 4557 4565 -1 4570 4562 5725 -1 1077 1060 1052 -1 4678 4634 1372 -1 5697 5649 5696 -1 1816 5466 736 -1 3537 1052 5642 -1 2408 2334 5726 -1 1828 2345 5723 -1 5727 4565 2408 -1 5727 2408 5726 -1 3537 3429 3416 -1 5723 2408 4565 -1 5700 5655 5704 -1 5726 2334 2126 -1 5728 707 5729 -1 5726 2126 5727 -1 4565 5727 5628 -1 707 5728 5724 -1 2126 2125 5730 -1 5730 2125 5580 -1 2126 5730 5727 -1 5731 5729 707 -1 5664 5685 5637 -1 4565 5628 5725 -1 5732 3537 3552 -1 5725 5607 4570 -1 5686 5637 5685 -1 5395 5731 707 -1 3520 3552 3537 -1 3537 5732 5733 -1 5725 5628 5607 -1 4570 5607 5569 -1 3553 5613 3552 -1 4570 5569 4571 -1 5635 5637 5686 -1 5732 5614 5733 -1 5581 5727 5580 -1 5730 5580 5727 -1 5630 5688 5687 -1 5630 5687 5639 -1 5628 5727 5629 -1 5689 5634 5690 -1 5635 5690 5634 -1 5732 3552 5613 -1 5581 5629 5727 -1 1077 3537 5734 -1 252 253 5206 -1 5416 5422 5417 -1 5396 5399 708 -1 5688 5631 5689 -1 5733 5734 3537 -1 5639 5417 5422 -1 1052 3537 1077 -1 5688 5630 5631 -1 5634 5689 5631 -1 5685 5664 5695 -1 5663 5695 5664 -1 252 5206 5207 -1 5614 5732 5613 -1 5735 708 5736 -1 3553 3397 5613 -1 534 5734 5614 -1 5734 5733 5614 -1 5734 534 1077 -1 5650 5696 5649 -1 5714 5679 5697 -1 5701 5652 5700 -1 5656 5704 5655 -1 708 5735 5394 -1 5656 5706 5704 -1 5696 5650 5716 -1 5737 5736 708 -1 5738 5737 708 -1 5655 5700 5652 -1 5396 708 5394 -1 5652 5701 5653 -1 5702 5653 5701 -1 5739 5738 708 -1 5716 5650 5659 -1 5716 5659 5702 -1 5653 5702 5659 -1 1373 1372 4634 -1 5706 5660 4678 -1 4634 4678 5660 -1 5660 5706 5656 -1 2326 647 199 -1 647 3599 190 -1 199 647 180 -1 5712 5681 5717 -1 5710 5671 5712 -1 5738 5740 5737 -1 5720 5738 5739 -1 5715 5680 5714 -1 212 2176 208 -1 206 208 2176 -1 397 396 5199 -1 2318 206 2176 -1 5208 5694 5199 -1 5724 5740 5721 -1 5738 5721 5740 -1 5713 5677 5719 -1 5721 5738 5720 -1 5671 5710 5669 -1 5739 708 5720 -1 707 5720 708 -1 5717 5678 5713 -1 5740 5728 5736 -1 5678 5717 5681 -1 5681 5712 5671 -1 5649 5697 5679 -1 5729 5736 5728 -1 5679 5714 5680 -1 5736 5737 5740 -1 5677 5713 5678 -1 5728 5740 5724 -1 5718 5675 5715 -1 5680 5715 5675 -1 5719 5676 5718 -1 5675 5718 5676 -1 5676 5719 5677 -1 212 3610 2176 -1 11 2176 3610 -1 479 113 480 -1 2677 2317 2176 -1 481 480 113 -1 484 113 479 -1 488 113 484 -1 488 494 113 -1 5735 5731 5394 -1 2175 2677 2176 -1 5731 5735 5729 -1 5736 5729 5735 -1 5394 5731 5395 -1 1435 711 4721 -1 4721 113 494 -1 5385 5396 5395 -1 242 112 580 -1 183 663 168 -1 168 663 171 -1 512 517 113 -1 5741 709 5406 -1 113 518 481 -1 236 512 113 -1 517 518 113 -1 5742 5743 709 -1 5744 709 5743 -1 5745 709 5746 -1 5746 709 5747 -1 5745 5742 709 -1 5741 5747 709 -1 103 5639 709 -1 112 577 580 -1 577 112 576 -1 601 174 112 -1 237 603 112 -1 576 112 603 -1 5418 710 5748 -1 112 218 601 -1 5749 5750 710 -1 5751 710 5752 -1 5753 710 5754 -1 5754 710 5750 -1 5752 710 5755 -1 5755 710 5753 -1 5751 5748 710 -1 5748 5406 5418 -1 5582 5382 5571 -1 5574 5382 5582 -1 5382 5574 5568 -1 5755 5756 5752 -1 5752 5756 5751 -1 5751 5741 5748 -1 5407 5418 5406 -1 5747 5756 5746 -1 5756 5755 5746 -1 5744 5757 5749 -1 5750 5749 5757 -1 5743 5757 5744 -1 5742 5757 5743 -1 5757 5742 5754 -1 5745 5754 5742 -1 5745 5746 5754 -1 5753 5754 5746 -1 5750 5757 5754 -1 5753 5746 5755 -1 5751 5756 5741 -1 5406 5748 5741 -1 346 5140 341 -1 5144 341 5140 -1 5747 5741 5756 -1 5749 710 5744 -1 5126 275 5124 -1 709 5744 710 -1 275 5126 346 -1 5140 346 5126 -1 342 341 5144 -1 5758 711 1434 -1 347 273 346 -1 5759 711 5760 -1 5761 711 5762 -1 5760 711 5763 -1 653 373 342 -1 5762 711 5759 -1 5567 5382 5568 -1 5763 711 5758 -1 5764 711 5761 -1 5765 711 5764 -1 113 4721 711 -1 5565 5382 5567 -1 5382 5561 5032 -1 5561 5382 5566 -1 5566 5382 5565 -1 5033 5382 5032 -1 5766 5767 712 -1 5260 5382 5259 -1 5572 5382 5260 -1 5035 5382 5033 -1 5768 5769 712 -1 5769 5770 712 -1 5770 5766 712 -1 712 5771 5768 -1 5767 1433 712 -1 5571 5382 5572 -1 5108 5382 5035 -1 1434 1433 5758 -1 5758 1433 5767 -1 5764 5772 5765 -1 5773 5765 5772 -1 5018 5382 5108 -1 5759 5774 5762 -1 5017 5382 5018 -1 5772 5775 5773 -1 5120 5382 5017 -1 5760 5770 5759 -1 5125 5382 5120 -1 5769 5774 5770 -1 5102 5382 5125 -1 5759 5770 5774 -1 5099 5382 5102 -1 5771 5775 5768 -1 5775 5772 5768 -1 5761 5772 5764 -1 5773 5775 712 -1 5771 712 5775 -1 5099 5100 5382 -1 5762 5774 5761 -1 5768 5761 5774 -1 5769 5768 5774 -1 5758 5767 5763 -1 5766 5763 5767 -1 5770 5760 5766 -1 5763 5766 5760 -1 5768 5772 5761 -1 5776 5382 5638 -1 5765 5773 712 -1 712 711 5765 -1 5694 5382 5776 -1 5208 5198 5694 -1 5777 713 1545 -1 5198 5232 5382 -1 5232 5258 5382 -1 1546 713 623 -1 5258 5259 5382 -1 5778 713 5779 -1 5779 713 5780 -1 5781 713 5782 -1 215 5599 5597 -1 5783 5782 713 -1 5780 713 5781 -1 5784 713 5778 -1 5783 713 5777 -1 117 623 713 -1 2743 5367 2744 -1 5785 1544 714 -1 5786 5787 714 -1 5788 5785 714 -1 5789 714 5790 -1 5791 714 5792 -1 5787 5792 714 -1 5788 714 5789 -1 5278 5206 253 -1 5791 5790 714 -1 5277 5278 239 -1 253 239 5278 -1 5785 1545 1544 -1 5277 239 241 -1 5788 5777 5785 -1 396 252 5207 -1 5781 5791 5780 -1 5793 5780 5791 -1 5207 5199 396 -1 5787 5793 5792 -1 5786 5784 5787 -1 351 398 5776 -1 5792 5793 5791 -1 5089 2748 5090 -1 5781 5782 5791 -1 2748 5089 2752 -1 5782 5789 5790 -1 5793 5779 5780 -1 5779 5793 5778 -1 5787 5778 5793 -1 5778 5787 5784 -1 5124 4800 5123 -1 5790 5791 5782 -1 198 215 5597 -1 5596 196 5597 -1 198 5597 196 -1 5789 5783 5788 -1 5596 4768 196 -1 5777 5788 5783 -1 5783 5789 5782 -1 1545 5785 5777 -1 5786 714 5784 -1 714 713 5784 -1 5694 5776 398 -1 4779 4787 694 -1 2744 5090 2748 -1 5123 2752 5089 -1 5776 5638 351 -1 5794 715 5795 -1 5795 715 1583 -1 2752 5123 4800 -1 4800 5124 275 -1 5694 398 397 -1 4773 1714 4765 -1 1714 1693 4765 -1 5796 715 5794 -1 5797 715 5798 -1 5799 715 5800 -1 5800 715 5797 -1 715 5799 5801 -1 5796 5802 715 -1 5798 715 5802 -1 124 4806 715 -1 5803 716 5804 -1 1662 716 5803 -1 5805 160 1626 -1 5806 160 5807 -1 5808 716 5809 -1 5810 716 5811 -1 5812 716 5808 -1 5813 716 5812 -1 5814 5811 716 -1 5810 5809 716 -1 5815 5816 716 -1 5815 716 5817 -1 5813 5817 716 -1 716 5816 5804 -1 126 1626 160 -1 160 5818 5819 -1 5818 160 5820 -1 5821 160 5822 -1 5819 5822 160 -1 5823 160 5821 -1 5824 5825 160 -1 5826 160 5827 -1 5828 160 5806 -1 5820 160 5825 -1 5824 160 5826 -1 5807 160 5805 -1 5827 160 5828 -1 5829 5795 1583 -1 5829 1583 1649 -1 1649 5803 5829 -1 5804 5829 5803 -1 5803 1649 1662 -1 5830 1626 1687 -1 5805 5830 5807 -1 177 5830 4772 -1 5805 1626 5830 -1 4772 5830 4773 -1 1714 4773 5830 -1 1687 1714 5830 -1 5797 5831 5800 -1 5831 5799 5800 -1 5802 5832 5798 -1 5796 5832 5802 -1 5798 5833 5797 -1 5834 5831 5833 -1 5835 5834 5833 -1 5836 5835 5833 -1 5831 5797 5833 -1 5835 5837 5834 -1 5799 5831 5837 -1 5834 5837 5831 -1 5799 5837 5801 -1 5837 5835 5836 -1 5798 5832 5833 -1 5833 5808 5836 -1 5837 5836 5810 -1 5809 5810 5836 -1 5837 5838 5801 -1 5839 5838 5837 -1 5840 5833 5832 -1 5796 5794 5841 -1 5832 5796 5841 -1 5795 5829 5794 -1 5841 5794 5829 -1 5832 5841 5840 -1 5840 5842 5833 -1 5813 5812 5842 -1 5841 5842 5840 -1 5841 5817 5842 -1 715 5801 716 -1 716 5801 5838 -1 5809 5836 5808 -1 5811 5814 5843 -1 5839 5843 5814 -1 5843 5837 5810 -1 5843 5810 5811 -1 5837 5843 5839 -1 5833 5812 5808 -1 5839 716 5838 -1 5833 5842 5812 -1 5839 5814 716 -1 5815 5841 5816 -1 5829 5816 5841 -1 5829 5804 5816 -1 5841 5815 5817 -1 5813 5842 5817 -1 5825 5844 5820 -1 5824 5844 5825 -1 5826 5844 5824 -1 5807 5830 5806 -1 151 5821 5845 -1 5845 5821 5822 -1 5845 5819 5818 -1 5845 5822 5819 -1 5827 144 5826 -1 151 150 5821 -1 5823 5821 150 -1 4780 4766 151 -1 151 5846 4780 -1 68 4764 4780 -1 68 4780 5846 -1 5847 5846 151 -1 5847 151 5845 -1 66 68 5844 -1 5844 5826 66 -1 5818 68 5845 -1 5847 5845 68 -1 68 5846 5847 -1 144 66 5826 -1 5828 177 5827 -1 144 5827 177 -1 150 160 5823 -1 5818 5820 68 -1 5820 5844 68 -1 68 81 4764 -1 4771 4764 81 -1 5830 177 5806 -1 177 5828 5806 -1">
    <Coordinate point="-74.2 -9.1 -3.05176e-06 -56.2 -9.1 -3.05176e-06 -60.7 -14.698 -3.05176e-06 -74.2 -14.698 -3.05176e-06 -74.2 -15.003 -3.05176e-06 -60.7 -15.003 -3.05176e-06 -60.7 -15.498 -3.05176e-06 -74.2 -15.498 -3.05176e-06 -67.7972 -24.298 5.15796 -68.206 -24.253 5.304 -68.1931 -24.298 5.29499 -74.2 -15.803 -3.05176e-06 -60.7 -15.803 -3.05176e-06 -60.7 -16.298 -3.05176e-06 -74.2 -16.298 -3.05176e-06 -69.112 -24.154 5.888 -68.2973 -23.803 5.47826 -69.0752 -24.298 5.84419 -68.2128 -24.298 5.3018 -74.2 -16.603 -3.05176e-06 -60.7 -16.603 -3.05176e-06 -60.7 -17.098 -3.05176e-06 -74.2 -17.098 -3.05176e-06 -74.2 -17.403 -3.05176e-06 -60.7 -17.403 -3.05176e-06 -60.7 -17.898 -3.05176e-06 -74.2 -17.898 -3.05176e-06 -74.2 -18.2 -3.05176e-06 -60.7 -18.2 -3.05176e-06 -60.7 -18.698 -3.05176e-06 -74.2 -18.698 -3.05176e-06 -74.2 -19.003 -3.05176e-06 -60.7 -19.003 -3.05176e-06 -60.7 -19.498 -3.05176e-06 -74.2 -19.498 -3.05176e-06 -74.2 -19.803 -3.05176e-06 -60.7 -19.803 -3.05176e-06 -60.7 -20.298 -3.05176e-06 -74.2 -20.298 -3.05176e-06 -74.2 -20.603 -3.05176e-06 -60.7 -20.603 -3.05176e-06 -60.7 -21.098 -3.05176e-06 -74.2 -21.098 -3.05176e-06 -74.2 -21.403 -3.05176e-06 -60.7 -21.403 -3.05176e-06 -60.7 -21.898 -3.05176e-06 -74.2 -21.898 -3.05176e-06 -74.2 -22.2 -3.05176e-06 -60.7 -22.2 -3.05176e-06 -60.7 -22.698 -3.05176e-06 -74.2 -22.698 -3.05176e-06 -74.2 -23.003 -3.05176e-06 -60.7 -23.003 -3.05176e-06 -60.7 -23.498 -3.05176e-06 -74.2 -23.498 -3.05176e-06 -59.353 -9.749 13.174 -59.353 -9.66 12.842 -59.7 -9.721 13.184 -74.2 -23.803 -3.05176e-06 -60.7 -23.803 -3.05176e-06 -60.7 -24.298 -3.05176e-06 -74.2 -24.298 -3.05176e-06 -74.2 -24.603 -3.05176e-06 -60.7 -24.603 -3.05176e-06 -60.7 -25.098 -3.05176e-06 -74.2 -25.098 -3.05176e-06 -68.9561 -36.0204 12.078 -69.007 -35.9806 12.0778 -68.964 -36.02 12.125 -74.2 -25.403 -3.05176e-06 -60.7 -25.403 -3.05176e-06 -60.7 -25.898 -3.05176e-06 -74.2 -25.898 -3.05176e-06 -74.2 -26.2 -3.05176e-06 -60.7 -26.2 -3.05176e-06 -60.7 -26.698 -3.05176e-06 -74.2 -26.698 -3.05176e-06 -74.2 -27.003 -3.05176e-06 -60.7 -27.003 -3.05176e-06 -60.7 -27.498 -3.05176e-06 -74.2 -27.498 -3.05176e-06 -69.185 -35.8415 12.0779 -74.2 -27.803 -3.05176e-06 -60.7 -27.803 -3.05176e-06 -60.7 -28.298 -3.05176e-06 -74.2 -28.298 -3.05176e-06 -74.2 -28.603 -3.05176e-06 -60.7 -28.603 -3.05176e-06 -60.7 -29.098 -3.05176e-06 -74.2 -29.098 -3.05176e-06 -74.2 -30.2 -3.05176e-06 -60.7 -30.2 -3.05176e-06 -60.7 -30.698 -3.05176e-06 -74.2 -30.698 -3.05176e-06 -74.2 -31.003 -3.05176e-06 -60.7 -31.003 -3.05176e-06 -60.7 -31.498 -3.05176e-06 -74.2 -31.498 -3.05176e-06 -74.2 -31.803 -3.05176e-06 -60.7 -31.803 -3.05176e-06 -60.7 -32.298 -3.05176e-06 -74.2 -32.298 -3.05176e-06 -74.2 -32.603 -3.05176e-06 -60.7 -32.603 -3.05176e-06 -60.7 -33.098 -3.05176e-06 -74.2 -33.098 -3.05176e-06 -71.664 -10.451 12.5 -71.664 -10.4513 12.497 -71.8462 -10.6335 12.497 -71.849 -10.636 12.5 -61.7739 -24.603 7.87942 -61.8321 -24.603 7.76178 -74.2 -34.2 -3.05176e-06 -60.7 -34.2 -3.05176e-06 -60.7 -34.698 -3.05176e-06 -74.2 -34.698 -3.05176e-06 -74.2 -35.003 -3.05176e-06 -60.7 -35.003 -3.05176e-06 -60.7 -35.498 -3.05176e-06 -74.2 -35.498 -3.05176e-06 -74.2 -36.603 -3.05176e-06 -60.7 -36.603 -3.05176e-06 -74.2 -47.6 -3.05176e-06 -74.2 -35.803 -3.05176e-06 -60.7 -35.803 -3.05176e-06 -60.7 -36.298 -3.05176e-06 -74.2 -36.298 -3.05176e-06 -74.2 -33.403 -3.05176e-06 -60.7 -33.403 -3.05176e-06 -60.7 -33.898 -3.05176e-06 -74.2 -33.898 -3.05176e-06 -56.2 -9.1 12.497 -60.7 -9.1 12.497 -59.353 -9.63026 12.497 -74.2 -29.403 -3.05176e-06 -60.7 -29.403 -3.05176e-06 -60.7 -29.898 -3.05176e-06 -74.2 -29.898 -3.05176e-06 -59.353 -9.63 12.5 -59.697 -9.60053 12.497 -59.7 -9.6 12.5 -71.45 -10.301 12.5 -71.56 -10.3784 12.497 -59.3506 -9.6309 12.497 -68.964 -36.02 12.031 -71.6632 -10.4507 12.497 -71.849 -10.6362 12.497 -59.3499 -9.63109 12.497 -59.7 -9.60026 12.497 -69.0512 -35.951 12.497 -68.9657 -36.02 12.497 -68.966 -36.02 12.435 -56.2 -47.6 -3.05176e-06 -60.7 -15 -3.05176e-06 -60.7 -14.7 -3.05176e-06 -59.016 -9.749 12.826 -71.664 -10.468 12.7 -59.016 -9.834 13.143 -59.016 -9.721 12.5 -69.2347 -35.803 12.425 -74.2 -36.298 12.497 -59.272 -9.65213 12.497 -71.2773 -24.603 8.80569 -71.5336 -24.603 9.64668 -69.3825 -34.2 8.37824 -69.5019 -34.2 8.54079 -63.2975 -16.2351 10.9802 -63.3317 -16.2241 10.791 -63.2539 -16.298 10.9691 -70.722 -24.603 7.6623 -71.107 -24.603 8.45536 -63.2538 -16.298 11.0007 -70.0152 -24.603 6.67038 -70.5261 -24.603 7.38749 -69.8805 -34.2 9.05519 -59.0129 -9.72272 12.497 -59.016 -9.72126 12.497 -68.966 -36.02 11.59 -69.234 -35.803 11.7851 -69.2347 -35.803 11.58 -63.6184 -15.803 10.6971 -63.3358 -16.2231 10.7673 -63.3807 -16.217 10.479 -63.2795 -16.298 10.7849 -71.6612 -10.4493 12.497 -62.3024 -24.603 6.81008 -61.4529 -24.603 8.94401 -61.4095 -24.603 9.08778 -74.2 -24.298 12.497 -58.7 -9.894 12.801 -63.6281 -15.803 10.6287 -74.2 -24.603 12.497 -71.999 -11.025 12.982 -72.11 -11.207 12.83 -71.999 -11.118 13.075 -62.3681 -24.603 6.72285 -65.5328 -14.5986 12.497 -69.2003 -11.6 12.497 -65.533 -14.5986 12.497 -63.5569 -15.803 11.1267 -58.76 -9.84035 12.497 -71.999 -11.225 13.15 -71.849 -10.98 13.239 -71.849 -11.118 13.335 -69.8142 -24.603 6.47661 -69.1829 -24.603 5.86811 -67.8446 -15.803 11.1033 -68.3095 -16.298 10.734 -67.8061 -15.803 10.8637 -68.3089 -16.298 10.7302 -71.849 -10.861 13.12 -71.849 -10.765 12.982 -67.6936 -15.803 10.526 -58.7 -9.972 13.092 -59.016 -9.972 13.44 -65.5333 -14.5986 12.497 -65.5339 -14.5986 12.497 -70.3203 -34.2 9.98901 -70.2678 -34.2 9.82406 -58.7 -10.1 13.366 -62.7086 -33.403 12.3403 -60.7 -33.403 12.497 -62.7106 -33.403 11.8284 -71.664 -10.861 13.38 -66.9458 -34.2 7.08703 -66.676 -34.2 7.05471 -71.664 -10.72 13.239 -74.2 -32.298 12.497 -58.7 -9.868 12.5 -62.9737 -24.603 5.9193 -63.0392 -24.603 5.86317 -63.7636 -24.603 5.24295 -58.7 -9.86826 12.497 -58.414 -10.273 13.266 -58.414 -10.16 13.024 -66.2367 -34.2 7.10843 -65.9446 -34.2 7.144 -68.9495 -34.2 7.9699 -58.414 -10.091 12.766 -65.6283 -14.6144 12.497 -69.2686 -12.032 12.497 -66.113 -14.698 12.497 -67.4131 -34.2 7.14378 -62.7082 -33.403 11.5775 -62.7074 -33.403 11.8085 -58.414 -10.068 12.5 -62.7074 -33.403 12.3475 -64.3417 -34.698 8.65968 -64.322 -34.698 8.68092 -64.3215 -34.698 8.6815 -62.708 -33.403 12.4924 -62.708 -33.403 12.497 -65.5499 -14.6009 12.497 -65.6204 -14.6131 12.497 -71.999 -10.895 12.757 -72.11 -11.118 12.675 -72.11 -11.156 12.757 -58.4107 -10.0716 12.497 -58.4139 -10.0683 12.497 -58.414 -10.0683 12.497 -58.6968 -9.87051 12.497 -66.6946 -24.603 4.77165 -67.1273 -24.603 4.93457 -67.1692 -24.603 4.93816 -65.2222 -15.003 9.92829 -65.343 -15.003 9.89196 -68.1056 -24.603 5.23388 -68.2586 -24.603 5.28689 -68.9972 -24.603 5.7514 -65.1348 -15.003 9.981 -72.11 -11.087 12.5 -72.177 -11.343 12.545 -72.11 -11.095 12.589 -61.2355 -12.8808 12.497 -61.292 -12.8 12.497 -65.5165 -14.6027 12.497 -74.2 -9.1 12.497 -72.11 -11.0873 12.497 -72.1088 -11.0846 12.497 -63.8207 -24.603 5.21455 -64.6421 -24.603 4.80591 -62.9749 -33.898 12.497 -62.9749 -33.898 12.4949 -60.7 -33.898 12.497 -72.1074 -11.0818 12.497 -72.072 -11.0061 12.497 -65.5756 -24.603 4.62503 -65.5992 -24.603 4.62715 -68.5193 -16.603 10.6787 -68.9079 -17.098 10.9257 -68.8564 -17.098 10.5965 -65.4433 -15.003 9.86244 -62.9774 -33.898 11.0201 -62.9743 -33.898 11.7999 -62.9776 -33.898 11.8202 -68.7037 -17.098 10.1243 -68.462 -16.603 10.5016 -64.6845 -24.603 4.79773 -62.9774 -33.898 11.8651 -62.9743 -33.898 12.3561 -62.9755 -33.898 12.3489 -58.248 -10.2343 12.497 -71.999 -10.95 12.875 -58.168 -10.314 12.5 -66.5329 -24.603 4.71173 -66.5294 -24.603 4.71046 -67.2779 -24.603 4.94741 -58.2423 -10.24 12.497 -69.0641 -17.403 10.5459 -74.2 -17.403 12.497 -69.0922 -17.403 10.7257 -65.6743 -15.003 9.86146 -65.5643 -15.003 9.86258 -65.7924 -15.003 9.89262 -61.395 -25.098 9.06715 -61.7265 -25.098 7.97335 -62.7438 -33.4862 12.497 -62.7417 -33.4811 12.4925 -62.2984 -25.098 6.77377 -62.2374 -25.098 6.89672 -65.9088 -15.003 9.92376 -61.7639 -25.098 7.84974 -62.8183 -33.657 12.3264 -62.8146 -33.6485 12.3433 -71.999 -10.85 12.5 -62.7845 -33.5804 12.497 -62.8203 -33.657 11.8252 -62.8202 -33.6568 11.8254 -58.168 -10.392 12.94 -58.168 -10.487 13.143 -70.4519 -25.098 7.15049 -70.8059 -25.098 7.64721 -70.0963 -25.098 6.65142 -62.8182 -33.657 12.3435 -62.8182 -33.6569 12.3434 -65.5345 -14.5986 12.497 -63.9307 -34.698 9.33194 -62.817 -33.657 12.351 -71.999 -10.8503 12.497 -64.2119 -15.498 9.80203 -64.2184 -15.498 9.79273 -65.4398 -14.6246 12.497 -65.1832 -14.698 12.497 -60.9893 -13.1284 12.497 -64.8196 -34.698 8.15683 -71.999 -10.861 12.63 -65.4459 -14.6229 12.497 -61.232 -12.8857 12.497 -64.8301 -34.698 8.14576 -64.4471 -15.498 9.45722 -64.452 -15.498 9.45248 -65.5352 -14.5987 12.497 -57.968 -10.834 13.143 -57.968 -10.734 13 -58.168 -10.615 13.326 -62.817 -33.657 11.805 -64.7325 -15.498 9.17995 -64.7307 -15.498 9.18106 -66.0629 -34.698 7.52493 -66.6644 -34.698 7.46258 -66.0152 -34.698 7.54208 -64.8727 -15.498 9.09544 -65.4188 -34.698 7.75643 -65.3915 -34.698 7.77439 -62.8372 -33.6829 11.8247 -58.168 -10.334 12.723 -62.9459 -33.8495 11.8212 -57.968 -10.615 12.674 -60.986 -13.1317 12.497 -65.0543 -15.498 8.99535 -65.0502 -15.498 8.99763 -62.8176 -33.657 12.497 -60.986 -13.1318 12.497 -60.808 -13.2562 12.497 -58.1646 -10.3192 12.497 -58.168 -10.3143 12.497 -57.821 -10.9163 12.497 -57.9643 -10.6082 12.497 -71.849 -10.65 12.667 -57.968 -10.66 12.842 -65.3925 -15.498 8.91222 -65.4053 -15.498 8.90906 -65.7459 -15.498 8.92244 -57.968 -10.6003 12.497 -66.7335 -34.698 7.45533 -66.1302 -15.498 9.03786 -66.0991 -15.498 9.02791 -71.9963 -10.8464 12.497 -67.9467 -34.698 7.75617 -68.0519 -34.698 7.79637 -65.7683 -15.498 8.92329 -57.968 -10.6 12.5 -71.9301 -10.752 12.497 -67.4051 -34.698 7.54948 -67.3154 -34.698 7.53699 -66.4382 -15.498 9.23036 -65.5406 -14.5994 12.497 -65.5377 -14.599 12.497 -65.5362 -14.5988 12.497 -62.8893 -33.7669 12.497 -71.213 -10.275 12.982 -71.45 -10.379 12.944 -71.45 -10.475 13.15 -57.821 -10.916 12.5 -71.5347 -25.098 9.35696 -71.746 -25.098 10.0495 -71.45 -10.3013 12.497 -62.821 -33.657 10.802 -71.3192 -10.24 12.497 -71.4466 -10.2997 12.497 -71.45 -10.321 12.726 -71.4471 -10.2999 12.497 -57.968 -10.957 13.266 -60.7 -15.003 12.497 -64.4514 -15.003 11.1227 -64.4223 -15.003 11.3408 -71.213 -10.19 12.5 -71.3635 -25.098 8.79517 -71.0681 -25.098 8.18716 -62.9344 -33.8358 12.4948 -57.968 -11.1 13.366 -57.821 -11.16 13.024 -57.821 -11.258 13.092 -64.4561 -15.003 11.088 -57.821 -11.076 12.94 -67.0633 -15.498 9.95216 -67.0234 -15.498 9.8947 -71.45 -10.605 13.335 -71.213 -10.379 13.205 -61.3774 -25.098 9.18846 -66.7922 -15.498 9.56168 -57.821 -11.008 12.842 -57.821 -10.957 12.734 -71.213 -10.212 12.745 -66.7513 -15.498 9.52183 -66.4758 -15.498 9.2537 -69.7104 -25.098 6.27936 -57.73 -11.377 12.766 -68.536 -34.698 8.11048 -63.7739 -25.098 5.20297 -63.655 -25.098 5.30392 -62.9767 -25.098 5.87964 -62.8885 -25.098 5.99565 -68.6505 -34.698 8.18478 -69.5187 -34.698 9.16492 -69.6252 -34.698 9.31234 -69.0655 -34.698 8.58539 -57.821 -10.926 12.619 -69.1806 -34.698 8.69655 -67.9636 -25.098 5.1347 -68.333 -25.098 5.26271 -68.8706 -25.098 5.6008 -69.261 -25.098 5.84618 -57.8165 -10.9331 12.497 -70.96 -10.212 13.005 -70.96 -10.321 13.239 -64.5085 -25.098 4.84233 -57.73 -11.258 12.56 -70.7 -10.301 13.25 -70.96 -10.468 13.45 -61.6026 -29.403 12.3065 -60.7 -29.403 12.497 -61.604 -29.403 12.2957 -57.73 -11.253 12.5 -64.6589 -25.098 4.76829 -69.8806 -34.698 9.82843 -61.6041 -29.403 12.2654 -61.6058 -29.403 11.7488 -65.5982 -25.098 4.59227 -65.4172 -25.098 4.62601 -66.3497 -25.098 4.66414 -66.5561 -25.098 4.68376 -67.1417 -25.098 4.90424 -67.3486 -25.098 4.92186 -61.6031 -29.403 12.497 -62.293 -24.843 6.783 -61.6026 -29.403 11.7255 -62.969 -24.807 5.892 -61.76 -24.872 7.856 -64.0652 -34.2 8.43204 -64.3323 -34.2 8.14468 -64.6115 -34.2 7.8435 -64.815 -34.674 8.124 -57.73 -11.274 12.619 -63.8531 -34.2 8.78503 -72.177 -11.645 12.757 -72.11 -11.689 13.005 -72.11 -11.6 13.013 -63.6322 -34.2 9.15303 -61.7376 -29.898 10.5034 -60.7 -29.898 12.497 -61.7338 -29.898 11.7211 -71.6583 -24.603 10.0554 -63.9218 -34.698 9.34683 -63.4894 -34.2 9.54286 -61.7368 -29.898 11.7425 -61.735 -29.898 12.3022 -57.73 -11.2533 12.497 -65.056 -15.488 9.006 -71.999 -11.73 13.239 -71.999 -11.6 13.25 -57.7069 -11.52 12.497 -57.7291 -11.264 12.497 -61.7344 -29.898 12.497 -61.734 -29.898 12.3679 -61.7338 -29.898 12.3109 -71.999 -11.47 13.239 -72.11 -11.511 13.005 -65.406 -15.469 8.941 -57.7 -11.6 12.5 -71.999 -11.343 13.205 -72.11 -11.425 12.982 -65.5478 -34.2 7.29464 -66.036 -34.611 7.432 -65.393 -34.644 7.702 -61.392 -24.893 9.071 -61.2456 -24.603 10.2263 -65.2465 -34.2 7.40896 -64.9052 -34.2 7.64245 -63.763 -24.763 5.219 -72.11 -11.27 12.893 -61.708 -29.834 11.722 -65.762 -15.449 8.977 -72.11 -11.775 12.982 -71.999 -11.857 13.205 -64.644 -24.715 4.788 -66.111 -15.43 9.109 -65.578 -24.664 4.615 -71.849 -11.27 13.406 -61.7207 -29.8581 11.7431 -67.131 -24.7293 4.92685 -61.7109 -29.8338 11.7436 -61.711 -29.834 11.7434 -66.7753 -15.003 11.125 -66.716 -15.003 10.9336 -74.2 -15.003 12.497 -72.11 -11.343 12.944 -57.73 -11.334 12.723 -66.53 -24.612 4.709 -61.7092 -29.8339 12.3011 -61.707 -29.8249 12.301 -61.708 -29.834 12.31 -64.4213 -15.003 11.6005 -64.4222 -15.003 11.3739 -61.7092 -29.834 12.3012 -64.454 -15.003 11.8588 -64.4255 -15.003 11.6337 -57.821 -11.366 13.143 -57.821 -11.481 13.174 -57.73 -11.481 12.826 -64.4631 -15.003 11.894 -64.4773 -15.003 11.9495 -57.73 -11.426 12.801 -61.7692 -25.403 7.84129 -62.171 -25.403 7.03274 -72.177 -11.555 12.757 -72.177 -11.511 12.745 -61.7086 -29.834 12.497 -57.73 -11.299 12.674 -64.8414 -15.003 10.2249 -64.9463 -15.003 10.1224 -72.177 -11.47 12.726 -72.177 -11.433 12.7 -64.4223 -15.003 12.2798 -64.4222 -15.003 12.3129 -64.4514 -15.003 12.0617 -72.177 -11.4 12.667 -72.177 -11.374 12.63 -65.0197 -15.003 10.0509 -72.177 -11.355 12.589 -61.6069 -29.403 10.4213 -61.712 -29.834 10.441 -61.6041 -29.403 11.2954 -68.091 -34.507 7.606 -64.4561 -15.003 12.0269 -68.731 -34.474 7.984 -68.3255 -34.2 7.52767 -68.1267 -34.2 7.40315 -72.177 -11.3402 12.497 -72.1747 -11.3317 12.497 -67.6494 -34.2 7.22984 -67.411 -34.541 7.383 -61.6116 -29.4339 12.296 -64.4214 -15.003 12.497 -64.4214 -15.003 12.4946 -64.4213 -15.003 12.4615 -64.4217 -15.003 12.4589 -72.1929 -11.52 12.497 -72.177 -11.34 12.5 -66.717 -34.577 7.324 -66.0185 -15.003 9.9853 -69.306 -34.445 8.503 -66.439 -15.412 9.336 -66.735 -15.396 9.646 -66.985 -15.382 10.029 -67.0724 -15.4819 10.0054 -72.177 -11.6 12.76 -72.2 -11.6 12.5 -66.8265 -15.003 12.4444 -66.8269 -15.003 12.4474 -70.178 -34.4 9.881 -69.9644 -34.2 9.22161 -69.795 -34.42 9.144 -68.7913 -34.2 7.82047 -57.821 -11.719 13.174 -57.73 -11.66 12.842 -57.73 -11.6 12.847 -57.821 -11.6 13.184 -57.73 -11.54 12.842 -72.177 -11.689 12.745 -72.177 -11.73 12.726 -67.0792 -15.498 9.98601 -57.73 -11.774 12.801 -57.73 -11.719 12.826 -71.4166 -25.403 8.78869 -71.5354 -25.403 9.17844 -71.0441 -25.403 8.0219 -66.2329 -15.003 10.1419 -66.8266 -15.003 12.4825 -66.8267 -15.003 12.497 -64.1795 -35.003 9.52475 -64.4463 -35.003 9.0895 -64.1097 -35.003 9.71218 -63.9191 -35.003 10.2236 -72.1985 -11.5829 12.497 -63.9687 -15.803 9.69319 -63.8195 -15.803 10.01 -64.2209 -15.803 9.29461 -64.3077 -15.803 9.1731 -57.7015 -11.5829 12.497 -64.553 -35.003 8.91582 -64.8779 -35.003 8.574 -64.0333 -15.803 9.55684 -72.1986 -11.584 12.497 -57.7008 -11.5918 12.497 -57.7014 -11.584 12.497 -65.9423 -35.003 7.92797 -66.1573 -35.003 7.85072 -72.1997 -11.5995 12.497 -72.1997 -11.6 12.497 -72.1997 -11.6005 12.497 -72.1997 -11.6011 12.497 -72.1997 -11.6017 12.497 -65.5642 -35.003 8.06383 -65.3831 -35.003 8.1833 -65.0218 -35.003 8.42234 -59.019 -13.4795 12.497 -60.7 -15.803 12.497 -59.016 -13.4787 12.497 -59.353 -13.5697 12.497 -60.7 -15.498 12.497 -59.272 -13.5479 12.497 -60.0464 -13.5698 12.497 -60.7 -14.698 12.497 -59.703 -13.5995 12.497 -60.047 -13.5697 12.497 -60.1065 -13.5537 12.497 -60.0501 -13.5689 12.497 -60.384 -13.4787 12.497 -60.3871 -13.4773 12.497 -60.296 -13.5025 12.497 -60.384 -13.4787 12.497 -59.356 -13.57 12.497 -60.7 -16.298 12.497 -60.7 -16.603 12.497 -58.7029 -13.3331 12.497 -60.7 -17.098 12.497 -58.7 -13.3317 12.497 -60.7 -17.403 12.497 -60.7 -17.898 12.497 -58.4169 -13.1337 12.497 -60.7 -18.2 12.497 -58.414 -13.1317 12.497 -60.7 -21.898 12.497 -60.7 -22.2 12.497 -59.2 -38.1003 12.497 -59.272 -38.1066 12.497 -60.7 -22.698 12.497 -59.457 -38.123 12.497 -60.7 -23.003 12.497 -59.46 -38.1233 12.497 -60.7 -23.498 12.497 -59.7101 -38.1895 12.497 -60.7 -23.803 12.497 -59.713 -38.1903 12.497 -60.7 -24.298 12.497 -59.784 -38.2235 12.497 -60.7 -24.603 12.497 -59.9466 -38.2997 12.497 -60.7 -25.098 12.497 -59.9471 -38.2999 12.497 -60.7 -25.403 12.497 -59.95 -38.3013 12.497 -60.7 -25.898 12.497 -60.7 -36.603 12.497 -60.7 -26.2 12.497 -60.7 -26.698 12.497 -60.7 -27.003 12.497 -60.7 -27.498 12.497 -60.7 -27.803 12.497 -60.7 -28.298 12.497 -60.7 -28.603 12.497 -60.7 -29.098 12.497 -60.7 -30.2 12.497 -60.7 -30.698 12.497 -60.7 -31.003 12.497 -60.7 -31.498 12.497 -60.7 -31.803 12.497 -60.7 -32.298 12.497 -60.7 -32.603 12.497 -60.7 -33.098 12.497 -60.7 -34.2 12.497 -60.7 -34.698 12.497 -60.7 -35.003 12.497 -60.7 -35.498 12.497 -60.7 -35.803 12.497 -60.7 -36.298 12.497 -57.7003 -11.6 12.497 -57.7003 -11.6005 12.497 -57.7003 -11.6011 12.497 -74.2 -14.698 12.497 -72.1997 -11.6025 12.497 -64.5259 -15.803 8.97292 -57.7003 -11.6017 12.497 -57.7003 -11.6025 12.497 -72.1996 -11.6036 12.497 -57.7004 -11.6036 12.497 -64.6348 -15.803 8.87332 -69.2855 -39.1041 12.497 -69.2686 -39.168 12.497 -69.2 -39.0347 12.497 -69.2043 -39.552 12.497 -63.2 -41.1 12.497 -69.2156 -39.424 12.497 -69.2015 -39.5829 12.497 -69.2003 -39.6017 12.497 -66.134 -41.6383 12.497 -69.2003 -39.6011 12.497 -69.2071 -39.68 12.497 -69.2015 -39.6171 12.497 -69.223 -39.3402 12.497 -63.5345 -42.8512 12.497 -63.5313 -42.8583 12.497 -60.296 -40.6167 12.497 -60.6957 -39.552 12.497 -60.6844 -39.424 12.497 -60.677 -39.3402 12.497 -72.1995 -11.6052 12.497 -57.7005 -11.6052 12.497 -66.8249 -15.003 11.8324 -66.8257 -15.003 11.6249 -66.8269 -15.003 11.4774 -66.7972 -15.003 11.2718 -72.1992 -11.6083 12.497 -66.8261 -15.003 12.346 -66.8249 -15.003 12.198 -72.1985 -11.6171 12.497 -60.164 -38.72 13.239 -60.349 -38.861 13.12 -60.349 -38.98 13.239 -64.8726 -15.803 8.74226 -72.1957 -11.648 12.497 -72.1844 -11.776 12.497 -66.8023 -15.003 11.9758 -66.796 -15.003 12.0155 -68.2704 -35.003 8.28271 -67.9894 -35.003 8.10038 -57.7008 -11.6082 12.497 -72.177 -11.857 12.545 -72.177 -11.86 12.5 -65.2501 -15.803 8.60956 -65.0022 -15.803 8.67051 -72.177 -11.845 12.589 -57.7015 -11.6171 12.497 -65.3981 -15.803 8.5731 -60.61 -39.0873 12.497 -66.5317 -35.003 7.8119 -72.177 -11.826 12.63 -57.73 -11.9467 12.497 -57.73 -11.947 12.5 -65.6454 -15.803 8.58282 -65.8079 -15.803 8.58897 -66.0457 -15.803 8.66418 -72.177 -11.767 12.7 -66.7751 -35.003 7.78636 -67.7162 -35.003 7.99598 -60.349 -38.65 12.667 -60.499 -38.861 12.63 -60.499 -38.895 12.757 -60.349 -38.636 12.5 -66.9631 -15.803 9.30953 -66.8001 -15.803 9.15055 -60.499 -38.85 12.5 -66.9956 -15.803 9.35625 -60.349 -38.6362 12.497 -60.4963 -38.8464 12.497 -60.3462 -38.6335 12.497 -68.7755 -35.003 8.68471 -68.5408 -35.003 8.45816 -69.0294 -35.003 8.92988 -60.5279 -38.912 12.497 -60.499 -38.8503 12.497 -60.499 -38.95 12.875 -60.349 -38.694 12.83 -69.2157 -35.003 9.18786 -70.8576 -25.403 7.6379 -72.1992 -11.5917 12.497 -72.1995 -11.5948 12.497 -67.3938 -35.003 7.87289 -66.6061 -15.803 8.96182 -61.3995 -25.403 9.06143 -61.6813 -25.403 8.13172 -66.4352 -15.803 8.85572 -66.2161 -15.803 8.71876 -69.4389 -35.003 9.49703 -67.001 -15.803 9.36077 -67.3415 -15.803 9.78501 -67.1565 -15.803 9.55511 -72.1996 -11.5964 12.497 -72.1997 -11.5975 12.497 -67.1298 -35.003 7.83614 -60.296 -38.5833 12.497 -57.7004 -11.5964 12.497 -57.7005 -11.5948 12.497 -60.164 -38.468 12.7 -64.1924 -16.298 8.64946 -64.0957 -16.298 8.73818 -72.1997 -11.5983 12.497 -57.7003 -11.5975 12.497 -57.7003 -11.5983 12.497 -72.1997 -11.5989 12.497 -57.7003 -11.5989 12.497 -63.8561 -16.298 9.07373 -71.8293 -25.098 10.6183 -71.7849 -24.603 10.9195 -71.939 -25.098 11.3643 -66.4692 -35.498 8.36282 -66.3165 -35.498 8.37884 -57.7003 -11.5995 12.497 -65.3328 -35.498 8.87122 -64.9725 -35.498 9.25105 -63.5862 -16.298 9.58232 -63.5169 -16.298 9.72958 -63.7707 -16.298 9.19316 -65.8003 -35.498 8.56274 -65.8239 -35.498 8.55425 -66.3105 -35.498 8.37945 -60.349 -39.433 13.45 -60.164 -39.207 13.58 -60.349 -39.27 13.406 -60.164 -39.4 13.632 -64.9292 -35.498 9.29655 -65.3695 -35.498 8.84692 -62.9847 -25.403 5.86668 -62.8041 -25.403 6.1043 -62.3048 -25.403 6.76273 -64.4827 -16.298 8.38386 -64.6488 -35.498 9.75302 -64.5844 -16.298 8.3278 -57.73 -11.901 12.674 -57.73 -11.926 12.619 -60.164 -39.8 13.632 -60.349 -39.767 13.45 -60.349 -39.93 13.406 -57.73 -11.866 12.723 -64.6073 -35.498 9.82061 -60.164 -39.6 13.649 -60.349 -39.6 13.464 -64.3834 -35.498 10.4221 -69.6465 -25.403 6.15782 -70.1463 -25.403 6.63973 -70.4061 -25.403 7.00445 -65.0191 -16.298 8.11837 -64.9176 -16.298 8.14331 -63.8419 -15.498 11.1184 -63.8447 -15.498 11.0979 -65.3864 -16.298 8.02787 -65.4824 -16.298 8.03164 -65.8721 -16.298 8.04639 -65.9589 -16.298 8.07387 -63.5567 -25.403 5.38124 -63.7839 -25.403 5.18837 -57.968 -12.243 13.266 -57.821 -12.04 13.024 -57.821 -11.942 13.092 -63.8399 -15.498 11.6028 -63.873 -15.498 11.8575 -57.968 -12.1 13.366 -68.2946 -35.498 8.91872 -68.3407 -35.498 8.95023 -67.8777 -35.498 8.63431 -67.8403 -35.498 8.61883 -67.3921 -25.403 4.90612 -67.8761 -25.403 5.0736 -68.3788 -25.403 5.2478 -68.7926 -25.403 5.50801 -66.3556 -16.298 8.20088 -66.4305 -16.298 8.24768 -57.821 -12.124 12.94 -69.3091 -25.403 5.83267 -67.373 -35.498 8.42534 -67.3483 -35.498 8.42123 -66.8435 -35.498 8.33544 -66.8332 -35.498 8.33617 -60.499 -39.343 13.205 -60.349 -39.118 13.335 -60.499 -39.225 13.15 -57.821 -11.834 13.143 -60.499 -39.118 13.075 -60.61 -39.343 12.944 -65.3042 -25.403 4.63375 -65.6124 -25.403 4.5763 -57.968 -11.942 13.44 -66.2366 -25.403 4.63599 -66.5725 -25.403 4.66791 -63.8405 -15.498 12.4236 -63.8399 -15.498 12.4282 -63.8419 -15.498 12.0884 -60.61 -39.27 12.893 -60.499 -39.025 12.982 -67.1505 -25.403 4.88554 -63.8447 -15.498 12.0679 -68.7479 -35.498 9.35902 -69.0377 -35.498 9.77304 -64.6708 -25.403 4.7526 -64.4006 -25.403 4.8856 -63.8402 -15.498 12.497 -62.3152 -25.898 6.74482 -62.0631 -25.898 7.25349 -61.7779 -25.898 7.82757 -68.6976 -35.498 9.30832 -67.5824 -15.498 12.497 -74.2 -15.498 12.497 -67.5826 -15.498 12.4196 -67.35 -16.298 8.94021 -66.9301 -16.298 8.59301 -60.349 -38.765 12.982 -66.9 -16.298 8.56827 -66.8177 -16.298 8.48811 -67.5819 -15.498 12.4156 -70.3319 -25.898 6.76744 -70.9416 -25.898 7.62281 -67.7562 -16.298 9.44524 -67.3772 -16.298 8.97422 -66.8792 -16.298 8.54798 -69.0865 -35.498 9.84236 -72.11 -11.857 12.944 -72.11 -11.993 12.83 -71.999 -12.175 12.982 -72.11 -11.93 12.893 -71.999 -11.975 13.15 -71.999 -12.082 13.075 -67.5812 -15.498 12.0411 -67.5794 -15.498 12.0309 -60.6314 -39.168 12.497 -57.823 -12.288 12.497 -57.7 -12.8 12.497 -57.821 -12.2837 12.497 -57.821 -12.284 12.5 -60.61 -39.095 12.589 -60.61 -39.087 12.5 -60.677 -39.343 12.545 -57.821 -12.2837 12.497 -60.6087 -39.0846 12.497 -67.5812 -15.498 12.0207 -71.849 -12.22 13.239 -71.849 -12.339 13.12 -71.849 -12.082 13.335 -63.9696 -15.3953 11.2296 -64.103 -15.2887 11.1827 -60.61 -39.156 12.757 -60.61 -39.118 12.675 -64.1062 -15.2917 11.132 -71.849 -11.93 13.406 -68.398 -35.4 8.814 -64.109 -15.294 11.0907 -71.5366 -25.898 8.88872 -71.5029 -25.898 8.77817 -71.664 -12.48 13.239 -67.903 -35.425 8.521 -64.1322 -15.2948 10.9099 -71.0051 -25.898 7.7537 -68.844 -35.377 9.216 -60.6074 -39.0818 12.497 -61.6078 -25.898 8.38876 -61.4068 -25.898 9.05214 -61.3205 -25.898 9.64682 -72.177 -11.8 12.667 -63.977 -15.3885 11.5193 -63.84 -15.498 11.5815 -62.6672 -25.898 6.28062 -62.9978 -25.898 5.84565 -72.11 -12.044 12.757 -60.677 -39.511 12.745 -60.61 -39.425 12.982 -60.677 -39.47 12.726 -60.677 -39.4 12.667 -60.677 -39.433 12.7 -60.61 -39.207 12.83 -67.377 -35.452 8.349 -69.3872 -25.898 5.81074 -69.5427 -25.898 5.96056 -70.2274 -25.898 6.62076 -72.1726 -27.498 11.2299 -72.0065 -27.498 10.072 -72.014 -27.364 10.064 -64.3545 -15.1242 10.8939 -60.677 -39.374 12.63 -72.177 -11.8598 12.497 -60.677 -39.355 12.589 -72.164 -11.9088 12.497 -66.84 -35.479 8.303 -64.2255 -25.898 4.95582 -63.8001 -25.898 5.16469 -63.3971 -25.898 5.50673 -68.4532 -25.898 5.22361 -67.734 -25.898 4.97442 -67.4629 -25.898 4.88057 -72.1314 -12.032 12.497 -72.11 -12.113 12.5 -60.6747 -39.3317 12.497 -68.666 -25.898 5.35742 -67.0415 -15.9428 9.19395 -66.9181 -16.2515 8.64971 -72.11 -12.082 12.675 -60.677 -39.34 12.5 -64.69 -25.898 4.72713 -65.1208 -25.898 4.64631 -66.5991 -25.898 4.64219 -66.0529 -25.898 4.5903 -65.6355 -25.898 4.55037 -57.821 -12.274 12.619 -57.821 -12.243 12.734 -66.9871 -25.898 4.78829 -67.1641 -25.898 4.85514 -57.736 -11.969 12.497 -67.7695 -16.298 9.46991 -57.73 -11.942 12.56 -71.8611 -29.098 10.1847 -71.938 -28.726 10.145 -71.9838 -29.098 11.0607 -69.222 -35.358 9.712 -69.3044 -35.498 10.2967 -57.821 -12.192 12.842 -72.1145 -12.0959 12.497 -57.73 -11.823 12.766 -72.11 -12.1127 12.497 -60.61 -39.6 13.013 -60.499 -39.47 13.239 -60.61 -39.511 13.005 -72.11 -12.105 12.589 -66.9068 -15.0785 11.2094 -67.289 -15.294 11.001 -66.9067 -15.0789 11.2043 -60.499 -39.6 13.25 -72.109 -12.1149 12.497 -66.9038 -15.0859 11.1102 -69.5763 -35.003 9.77463 -57.7323 -11.9552 12.497 -69.518 -35.342 10.282 -66.9225 -15.1009 11.0778 -63.3506 -16.603 9.514 -63.6088 -16.603 8.96908 -66.0133 -35.803 9.03094 -66.2934 -35.803 8.93957 -65.8804 -35.803 9.11331 -65.6094 -35.803 9.28202 -65.2583 -35.803 9.63676 -65.1796 -35.803 9.76072 -63.3304 -16.603 9.55681 -60.677 -39.689 12.745 -60.61 -39.775 12.982 -60.61 -39.689 13.005 -71.999 -12.35 12.5 -72.0279 -12.288 12.497 -65.5035 -35.803 9.38927 -71.999 -12.339 12.63 -66.8971 -15.1459 10.7563 -63.6313 -16.603 8.93764 -67.772 -35.803 9.10773 -67.9727 -35.803 9.24461 -60.499 -39.857 13.205 -60.61 -39.857 12.944 -66.9 -35.803 8.85627 -60.499 -39.73 13.239 -64.389 -16.603 8.08227 -63.987 -16.603 8.45016 -66.7243 -35.803 8.86865 -66.4493 -35.803 8.88878 -67.158 -35.803 8.90012 -67.3463 -35.803 8.93149 -71.999 -12.25 12.875 -63.9651 -16.603 8.4702 -71.849 -12.435 12.982 -60.499 -39.975 13.15 -65.3792 -16.603 7.69191 -65.382 -16.603 7.69202 -60.384 -12.808 13.94 -60.384 -13.04 13.708 -60.047 -12.866 14.009 -60.047 -12.585 14.206 -71.45 -12.595 13.335 -71.213 -12.68 13.406 -71.45 -12.435 13.495 -71.213 -12.506 13.58 -71.213 -12.305 13.721 -65.911 -16.603 7.72005 -66.4174 -16.603 7.89323 -65.5435 -16.603 7.69814 -65.9026 -16.603 7.71953 -64.0539 -15.3354 12.0724 -64.2474 -15.1889 11.9303 -64.0546 -15.336 12.0622 -60.047 -13.306 13.485 -59.7 -13.132 13.786 -60.047 -13.109 13.766 -70.96 -12.55 13.632 -71.8 -25.403 10.0458 -71.8877 -25.898 10.0398 -59.7 -12.886 14.032 -59.7 -12.6 14.232 -64.0732 -15.3371 11.9122 -60.677 -39.645 12.757 -60.677 -39.6 12.76 -70.96 -12.732 13.45 -61.3557 -25.403 9.36321 -70.96 -12.339 13.779 -70.7 -12.749 13.464 -60.677 -39.555 12.757 -70.96 -12.105 13.888 -64.8655 -16.603 7.81847 -64.8767 -16.603 7.81571 -59.353 -12.866 14.009 -59.353 -12.585 14.206 -64.4068 -16.603 8.07243 -70.7 -12.564 13.649 -70.7 -12.35 13.799 -59.7 -12.284 14.379 -70.44 -12.55 13.632 -67.1514 -25.4363 4.8835 -70.44 -12.339 13.779 -59.353 -13.306 13.485 -59.016 -13.04 13.708 -59.353 -13.109 13.766 -59.7 -13.332 13.5 -63.962 -15.428 11.8667 -63.9397 -15.4205 11.6213 -64.033 -15.37 11.8957 -59.016 -13.228 13.44 -71.664 -12.595 13.075 -59.016 -12.54 14.128 -60.7 -39.6 12.5 -66.9377 -16.603 8.22259 -66.9078 -16.603 8.20326 -68.1625 -35.803 9.37422 -61.7831 -26.2 7.81921 -61.9973 -26.2 7.38817 -67.4431 -16.603 8.67515 -67.03 -16.603 8.31223 -71.664 -12.339 13.38 -67.0237 -16.603 8.30875 -66.4375 -16.603 7.90006 -71.45 -12.725 13.15 -67.864 -16.603 9.19027 -67.5223 -16.603 8.74491 -59.7 -13.479 13.184 -72.0027 -12.3417 12.497 -71.999 -12.3497 12.497 -67.5784 -35.803 9.0276 -71.999 -12.3498 12.497 -67.9474 -16.603 9.29889 -68.21 -16.603 9.80623 -71.5032 -26.2 8.68943 -71.5455 -26.2 8.77772 -59.016 -12.808 13.94 -71.999 -12.305 12.757 -71.8525 -12.5588 12.497 -71.849 -12.5638 12.497 -71.849 -12.564 12.5 -70.9659 -26.2 7.58433 -70.989 -26.2 7.61732 -60.6997 -39.6005 12.497 -60.6997 -39.6 12.497 -60.6997 -39.5995 12.497 -60.6985 -39.5829 12.497 -71.4532 -12.8965 12.497 -71.5258 -12.8456 12.497 -60.6997 -39.6011 12.497 -60.6997 -39.6017 12.497 -71.849 -12.55 12.667 -61.4113 -26.2 9.04647 -61.5631 -26.2 8.54557 -61.299 -26.2 9.81985 -61.2198 -26.2 10.3674 -58.7 -12.713 13.827 -71.849 -12.506 12.83 -62.3215 -26.2 6.73389 -60.6996 -39.6025 12.497 -71.569 -30.655 10.308 -71.6303 -30.2614 10.6666 -71.753 -30.646 11.48 -64.0497 -15.3314 12.1395 -63.9681 -15.3966 12.1683 -60.6996 -39.6036 12.497 -58.7 -12.927 13.613 -60.6995 -39.6052 12.497 -63.9813 -15.3848 12.4343 -63.9748 -15.3905 12.4297 -58.7 -13.1 13.366 -63.981 -15.3851 12.4389 -64.0306 -15.3421 12.4408 -58.7 -12.466 14 -60.6992 -39.6083 12.497 -68.3287 -35.803 9.54104 -68.5056 -35.803 9.71951 -63.9749 -15.3899 12.4422 -60.6986 -39.616 12.497 -71.6673 -12.7454 12.497 -71.664 -12.749 12.5 -58.414 -12.366 13.827 -71.664 -12.7487 12.497 -58.414 -12.774 13.485 -71.664 -12.732 12.7 -58.414 -12.585 13.674 -64.2917 -17.098 7.74465 -64.1439 -17.098 7.87632 -63.8221 -17.098 8.16258 -71.664 -12.68 12.893 -60.677 -39.767 12.7 -60.677 -39.73 12.726 -62.902 -17.098 10.0734 -63.0563 -17.098 9.54778 -63.3374 -17.098 8.889 -63.1146 -17.098 9.35065 -71.56 -12.8216 12.497 -63.4255 -17.098 8.70561 -63.7039 -17.098 8.32396 -71.45 -12.899 12.5 -58.168 -12.585 13.326 -65.9569 -36.298 10.3679 -66.1398 -36.298 10.2002 -71.45 -12.821 12.944 -58.168 -12.426 13.485 -64.6418 -17.098 7.55911 -64.8175 -17.098 7.46584 -65.181 -17.098 7.38446 -67.1927 -36.298 9.98743 -67.01 -36.298 9.94474 -66.9273 -36.298 9.94437 -67.281 -36.298 10.0084 -66.73 -36.298 9.94461 -60.384 -13.479 12.5 -60.047 -13.57 12.5 -66.6558 -36.298 9.96268 -66.4523 -36.298 10.014 -60.047 -13.54 12.842 -67.4438 -36.298 10.0872 -71.213 -12.925 12.982 -71.213 -12.821 13.205 -65.3808 -17.098 7.33985 -65.7431 -17.098 7.36144 -65.9608 -17.098 7.3748 -66.3075 -17.098 7.49337 -63.9766 -15.3886 11.5969 -63.9769 -15.3885 11.5367 -60.047 -13.451 13.174 -60.6992 -39.5917 12.497 -71.213 -12.988 12.745 -70.96 -12.988 13.005 -70.96 -12.879 13.239 -60.6995 -39.5948 12.497 -59.7 -13.5997 12.497 -68.6004 -17.098 9.80254 -68.3882 -17.098 9.39264 -59.7 -13.6 12.5 -59.7 -13.5997 12.497 -60.6996 -39.5964 12.497 -71.45 -12.8987 12.497 -60.6996 -39.5975 12.497 -62.5837 -26.2 6.38819 -63.0058 -26.2 5.83282 -67.0919 -17.098 7.93399 -67.2281 -17.098 8.00938 -71.45 -12.879 12.726 -60.6997 -39.5983 12.497 -60.6997 -39.5989 12.497 -71.4488 -12.8993 12.497 -66.8536 -17.098 7.77598 -66.5352 -17.098 7.57069 -70.2867 -26.2 6.62284 -70.565 -26.2 7.01342 -70.2769 -26.2 6.60919 -69.4794 -26.2 5.84022 -69.4349 -26.2 5.79736 -71.2161 -13.0083 12.497 -71.213 -13.01 12.5 -71.213 -13.0097 12.497 -64.4182 -15.0506 11.9434 -64.2786 -15.1629 11.9291 -67.4905 -17.098 8.23992 -67.7657 -17.098 8.48232 -68.2305 -17.098 9.08799 -67.9766 -17.098 8.75719 -60.6929 -39.68 12.497 -60.6985 -39.6171 12.497 -67.0808 -17.098 7.92289 -59.7 -13.57 12.847 -66.1896 -36.298 10.1559 -65.968 -36.173 9.817 -66.3902 -36.298 10.0487 -70.96 -13.077 12.5 -71.048 -13.0534 12.497 -70.96 -13.055 12.757 -60.677 -39.86 12.5 -60.677 -39.857 12.545 -59.353 -13.57 12.5 -70.9631 -13.0759 12.497 -70.9599 -13.0767 12.497 -70.96 -13.0767 12.497 -59.353 -13.54 12.842 -65.712 -36.186 10.108 -59.353 -13.451 13.174 -60.677 -39.8 12.667 -60.61 -39.93 12.893 -66.27 -36.157 9.597 -63.05 -16.74 10.161 -63.1563 -16.603 10.1603 -60.61 -39.993 12.83 -70.7803 -13.0926 12.497 -70.703 -13.0995 12.497 -70.7 -13.1 12.5 -70.7 -13.0997 12.497 -60.499 -40.175 12.982 -60.499 -40.082 13.075 -70.7 -13.077 12.76 -70.6987 -13.0996 12.497 -63.9735 -15.3912 12.497 -59.016 -13.366 13.143 -60.677 -39.8598 12.497 -70.7 -13.01 13.013 -63.551 -16.712 8.889 -67.674 -36.086 9.547 -60.677 -39.845 12.589 -70.7 -12.899 13.25 -60.677 -39.826 12.63 -63.927 -16.692 8.392 -63.254 -16.728 9.486 -66.604 -36.14 9.457 -67.32 -36.104 9.431 -66.959 -36.122 9.401 -60.664 -39.9088 12.497 -63.2998 -26.2 5.58329 -60.6568 -39.936 12.497 -60.61 -40.113 12.5 -58.7 -13.228 13.092 -58.414 -12.927 13.266 -60.61 -40.082 12.675 -58.6718 -13.312 12.497 -58.414 -13.132 12.5 -67.506 -26.2 4.86498 -67.6474 -26.2 4.91392 -67.1724 -26.2 4.83658 -60.61 -40.044 12.757 -68.5888 -26.2 5.26554 -58.248 -12.9657 12.497 -64.369 -16.668 8.018 -58.7 -13.332 12.5 -58.414 -13.109 12.766 -58.7 -13.306 12.801 -70.44 -13.077 12.5 -70.536 -13.0852 12.497 -58.414 -13.04 13.024 -71.0459 -33.098 10.4939 -71.193 -32.603 10.4445 -71.0648 -33.098 10.616 -60.349 -40.339 13.12 -60.499 -40.25 12.875 -70.44 -12.988 13.005 -58.168 -12.886 12.5 -60.349 -40.22 13.239 -60.349 -40.082 13.335 -64.4168 -15.007 12.497 -60.164 -40.48 13.239 -70.44 -10.468 13.45 -70.7 -10.451 13.464 -70.44 -10.65 13.632 -59.016 -13.479 12.5 -59.016 -13.4787 12.497 -68.007 -36.069 9.744 -60.6145 -40.0959 12.497 -70.44 -11.095 13.888 -70.187 -11.118 13.825 -70.187 -10.895 13.721 -59.016 -13.451 12.826 -60.61 -40.1127 12.497 -63.8099 -26.2 5.15023 -60.61 -40.105 12.589 -63.5066 -34.698 10.8935 -63.6436 -34.698 10.1061 -68.307 -36.053 10.015 -60.609 -40.1148 12.497 -64.1187 -26.2 4.99866 -64.7018 -26.2 4.71159 -65.0089 -26.2 4.65397 -65.379 -16.612 7.682 -67.3615 -15.2887 12.425 -67.358 -15.286 12.084 -68.4986 -26.2 5.20885 -66.8796 -26.2 4.72601 -66.6153 -26.2 4.62651 -65.9409 -26.2 4.56243 -60.5729 -40.192 12.497 -60.499 -40.35 12.5 -65.6495 -26.2 4.53456 -70.1397 -34.698 10.5551 -70.2034 -34.698 10.7587 -74.2 -34.698 12.497 -64.859 -16.641 7.778 -62.332 -26.698 6.71586 -61.8888 -26.698 7.61026 -60.5027 -40.3417 12.497 -60.499 -40.3498 12.497 -60.499 -40.3498 12.497 -58.168 -12.713 13.143 -66.8483 -15.0353 12.0155 -66.8738 -15.0495 12.0313 -66.8489 -15.0331 11.9894 -67.358 -15.286 11.978 -57.968 -12.366 13.143 -60.499 -40.339 12.63 -57.968 -12.466 13 -63.7975 -33.403 7.95296 -64.2937 -33.403 7.40988 -63.5003 -34.698 10.93 -63.1753 -34.2 10.8687 -63.2587 -34.2 10.3901 -60.499 -40.305 12.757 -57.968 -12.5997 12.497 -57.968 -12.5997 12.497 -57.9707 -12.6036 12.497 -57.968 -12.6 12.5 -63.3084 -33.403 8.71559 -63.2132 -33.403 8.87568 -66.8495 -15.032 11.9746 -57.968 -12.585 12.674 -71.3443 -26.698 8.29212 -71.5854 -26.698 8.79519 -63.6901 -33.403 8.07079 -60.4301 -40.448 12.497 -71.7847 -26.698 9.45646 -71.9638 -26.698 10.0508 -66.8526 -15.0243 11.8748 -60.349 -40.55 12.667 -70.7589 -26.698 7.25233 -71.0328 -26.698 7.64241 -61.7918 -26.698 7.80542 -57.968 -12.54 12.842 -60.349 -40.435 12.982 -70.44 -10.861 13.779 -70.187 -10.694 13.58 -63.535 -42.8503 12.497 -60.3525 -40.5588 12.497 -57.8235 -12.2892 12.497 -60.349 -40.5638 12.497 -60.349 -40.564 12.5 -68.2858 -16.603 9.95262 -70.44 -34.387 10.687 -60.349 -40.5638 12.497 -70.187 -10.52 13.406 -60.349 -40.506 12.83 -69.95 -10.95 13.625 -69.95 -11.156 13.721 -70.5319 -34.2 10.6578 -70.5565 -34.2 10.8195 -63.785 -42.4933 12.497 -63.7815 -42.4982 12.497 -69.95 -10.765 13.495 -67.7906 -33.403 6.72034 -68.2066 -33.403 6.87188 -58.1676 -12.8851 12.497 -58.168 -12.8857 12.497 -60.7 -21.403 12.497 -59.197 -38.1005 12.497 -60.7 -20.603 12.497 -60.7 -21.098 12.497 -58.94 -38.1233 12.497 -60.164 -40.732 12.7 -60.164 -40.68 12.893 -58.2363 -12.954 12.497 -58.1708 -12.8885 12.497 -60.164 -40.595 13.075 -58.168 -12.866 12.723 -58.168 -12.808 12.94 -69.736 -11.207 13.58 -69.736 -11.025 13.495 -68.2194 -33.403 6.87654 -68.9342 -33.403 7.32431 -68.9668 -33.403 7.34481 -69.5852 -33.403 7.92889 -59.713 -38.694 13.58 -59.713 -38.52 13.406 -59.95 -38.765 13.495 -69.736 -10.861 13.38 -69.6313 -33.403 7.97238 -70.1391 -33.403 8.66372 -59.713 -38.895 13.721 -59.46 -38.65 13.632 -59.46 -38.861 13.779 -70.1904 -33.403 8.73346 -70.6256 -33.403 9.59714 -70.578 -33.403 9.50279 -69.551 -11.27 13.406 -69.736 -11.4 13.632 -59.46 -38.468 13.45 -61.4892 -26.698 8.80416 -61.4186 -26.698 9.03713 -63.0189 -26.698 5.81166 -62.4459 -26.698 6.56557 -64.4004 -33.403 7.33512 -59.2 -38.636 13.649 -59.2 -38.451 13.464 -70.3273 -26.698 6.63761 -64.9977 -33.403 6.91689 -65.0916 -33.403 6.8798 -70.0522 -26.698 6.36748 -69.4944 -26.698 5.81967 -69.523 -35.498 10.9641 -74.2 -35.498 12.497 -69.4925 -35.498 10.8639 -67.4177 -33.403 6.58949 -67.4308 -33.403 6.59407 -65.7736 -33.403 6.61142 -65.8451 -33.403 6.6018 -59.2 -38.85 13.799 -66.5906 -33.403 6.50117 -66.6339 -33.403 6.50581 -66.8778 -15.0373 12.1816 -67.3497 -15.2869 12.0309 -58.94 -38.65 13.632 -58.94 -38.861 13.779 -58.94 -38.468 13.45 -70.44 -11.857 13.955 -70.187 -11.6 13.91 -70.44 -11.6 13.977 -64.2853 -35.498 10.9766 -63.7846 -35.003 10.9844 -63.8845 -35.003 10.4198 -63.4567 -33.898 9.03551 -63.3898 -33.898 9.21807 -63.806 -33.898 8.45338 -63.9097 -33.898 8.28076 -64.3384 -33.898 7.8195 -58.687 -38.694 13.58 -66.9103 -15.0564 11.4741 -67.359 -15.286 11.489 -58.687 -38.52 13.406 -70.44 -12.105 13.888 -70.187 -12.082 13.825 -70.187 -11.845 13.888 -63.1411 -33.898 9.89727 -63.1686 -17.403 8.889 -62.9996 -17.403 9.23908 -62.8933 -17.403 9.5987 -62.7759 -17.403 9.9988 -70.44 -13.0767 12.497 -70.443 -13.077 12.497 -65.1468 -33.898 7.20964 -64.9627 -33.898 7.33564 -69.9713 -35.003 10.8291 -69.721 -35.332 10.905 -69.8453 -35.003 10.4258 -58.687 -38.895 13.721 -70.187 -11.355 13.888 -63.5363 -17.403 8.27285 -63.7432 -17.403 7.99023 -58.45 -38.765 13.495 -63.3263 -17.403 8.5607 -70.44 -11.343 13.955 -64.4819 -33.898 7.66478 -67.4137 -15.3457 12.0308 -64.2369 -17.403 7.55077 -63.9843 -17.403 7.77583 -58.45 -38.605 13.335 -64.7529 -35.803 10.7362 -64.779 -35.803 10.5946 -69.95 -11.826 13.779 -69.4768 -33.898 8.22445 -69.1904 -33.898 7.95436 -68.8578 -33.898 7.64024 -69.95 -11.6 13.799 -69.9979 -33.898 8.93328 -69.7433 -33.898 8.58737 -67.359 -15.286 12.427 -68.5561 -33.898 7.45061 -60.164 -38.861 13.38 -60.164 -38.605 13.075 -65.9915 -17.403 7.16206 -70.1969 -33.898 9.32815 -60.164 -38.52 12.893 -69.95 -11.374 13.779 -70.4034 -33.898 9.73807 -59.95 -38.475 13.15 -59.95 -38.379 12.944 -64.4968 -17.403 7.41302 -65.653 -33.898 7.01757 -65.382 -17.403 7.12513 -65.0568 -17.403 7.19772 -64.7897 -17.403 7.25751 -65.9209 -36.298 10.4207 -65.7681 -36.298 10.6432 -66.6432 -33.898 6.839 -59.95 -38.605 13.335 -67.5818 -15.498 11.8676 -69.736 -11.6 13.649 -65.6449 -17.403 7.1408 -68.1618 -33.898 7.2036 -67.415 -33.898 6.93192 -67.8605 -33.898 7.0942 -69.551 -11.433 13.45 -68.0489 -36.298 10.6544 -67.9583 -36.298 10.5177 -67.1291 -33.898 6.8972 -59.713 -38.379 13.205 -65.8774 -33.898 6.93238 -68.1203 -36.298 10.7623 -68.1858 -36.298 10.9083 -68.242 -36.298 11.0329 -66.3841 -33.898 6.87068 -62.9529 -33.403 9.59527 -62.984 -33.648 9.832 -62.8819 -33.403 9.79143 -67.3587 -15.286 12.4251 -69.2008 -17.403 12.3677 -69.1999 -17.403 12.3621 -69.2003 -17.403 12.4835 -69.2001 -17.403 11.6041 -69.1988 -17.403 12.0053 -67.0004 -17.403 7.62923 -66.8202 -17.403 7.51271 -63.9425 -26.698 5.0693 -63.8262 -26.698 5.1264 -63.1392 -26.698 5.70954 -69.2004 -17.403 12.497 -64.345 -33.579 7.476 -63.761 -33.609 8.136 -67.5197 -17.403 7.97174 -67.3501 -17.403 7.82278 -66.2399 -17.403 7.247 -66.5954 -17.403 7.36774 -65.37 -36.203 10.854 -67.5753 -26.698 4.86251 -67.4559 -26.698 4.85051 -67.9156 -17.403 8.32053 -60.164 -38.4513 12.497 -60.1632 -38.4507 12.497 -67.2493 -26.698 4.82986 -68.3742 -26.698 5.15145 -63.302 -33.632 8.932 -69.551 -11.6 13.464 -68.4049 -17.403 8.95804 -68.498 -17.403 9.1378 -65.7448 -36.298 10.7012 -65.6339 -36.298 10.9713 -68.7943 -17.403 9.71007 -68.8526 -17.403 9.89184 -67.3587 -15.286 12.4253 -60.164 -38.451 12.5 -69.551 -11.118 13.335 -68.0459 -17.403 8.49034 -60.1612 -38.4493 12.497 -66.8866 -15.0415 12.4426 -65.51 -36.196 10.457 -59.95 -38.301 12.5 -59.95 -38.321 12.726 -64.148 -17.898 7.2361 -64.2615 -17.898 7.17593 -69.401 -11.225 13.15 -69.2487 -26.698 5.66124 -68.565 -26.698 5.2204 -60.7 -19.498 12.497 -60.7 -19.803 12.497 -60.7 -20.298 12.497 -70.187 -12.305 13.721 -69.95 -12.25 13.625 -69.95 -12.044 13.721 -69.736 -11.993 13.58 -69.736 -12.175 13.495 -68.76 -36.03 10.732 -65.03 -33.544 6.976 -66.8838 -15.0401 12.2922 -66.8846 -15.0406 12.3171 -66.8861 -15.0412 12.4419 -59.713 -38.19 12.5 -69.0101 -35.803 10.5835 -68.8868 -35.803 10.3255 -59.713 -38.212 12.745 -65.79 -33.505 6.657 -69.736 -11.8 13.632 -69.5199 -17.898 12.358 -74.2 -17.898 12.497 -69.519 -17.898 12.3521 -69.5195 -17.898 12.497 -69.5195 -17.898 12.4937 -62.6289 -17.898 9.68135 -62.8131 -17.898 9.05801 -62.5712 -17.898 9.8777 -63.7252 -17.898 7.61273 -69.3766 -17.898 10.4712 -69.507 -17.898 11.3335 -69.518 -17.898 12.0243 -69.5199 -17.898 11.4191 -67.3589 -15.286 12.497 -67.3297 -15.2709 12.497 -67.1704 -15.1884 12.4779 -69.0725 -35.803 10.7883 -69.551 -11.93 13.406 -67.418 -33.422 6.598 -59.713 -38.275 12.982 -69.551 -12.082 13.335 -66.8866 -15.0414 12.4439 -63.1654 -17.898 8.32552 -62.8947 -17.898 8.889 -69.551 -11.767 13.45 -70.8873 -33.403 10.4194 -74.2 -33.403 12.497 -63.6153 -17.898 7.71051 -69.314 -17.77 10.485 -59.46 -38.145 12.757 -63.2643 -17.898 8.1899 -60.7 -18.698 12.497 -60.7 -19.003 12.497 -59.46 -38.321 13.239 -59.46 -38.212 13.005 -66.8813 -17.898 7.15081 -66.8566 -17.898 7.14401 -66.9251 -17.898 7.17511 -66.7661 -17.898 7.08544 -69.448 -17.755 11.421 -66.8866 -15.0414 12.4813 -66.8875 -15.0418 12.445 -59.46 -38.123 12.5 -64.7212 -26.698 4.68597 -64.8244 -26.698 4.66661 -66.693 -17.898 7.03837 -66.13 -17.898 6.84714 -66.6421 -26.698 4.60063 -66.7023 -26.698 4.62332 -70.5351 -33.898 10.1521 -70.6802 -33.898 10.6108 -59.2 -38.301 13.25 -69.448 -17.755 12.36 -69.4522 -17.7651 12.3538 -66.8867 -15.0415 12.497 -66.8866 -15.0414 12.4817 -65.6727 -26.698 4.50847 -65.7562 -26.698 4.51646 -69.4847 -17.8289 12.497 -59.2 -38.19 13.013 -59.2 -38.123 12.76 -64.7447 -17.898 6.91939 -64.8552 -17.898 6.89467 -65.4855 -17.898 6.78271 -65.3838 -17.898 6.77665 -66.0413 -17.898 6.81681 -69.4461 -17.755 12.031 -71.8818 -29.403 10.8146 -71.7162 -29.898 10.4153 -71.7981 -29.403 10.2172 -67.5482 -17.898 7.51993 -67.5671 -17.898 7.53651 -69.4471 -17.7551 12.3539 -68.1397 -17.898 8.04097 -68.158 -17.898 8.05763 -68.1587 -17.898 8.05831 -70.44 -10.1233 12.497 -70.4369 -10.1241 12.497 -69.2 -9.1 12.497 -59.2 -38.1 12.5 -69.4476 -17.755 12.497 -70.44 -10.145 12.757 -70.187 -10.19 12.5 -70.44 -10.123 12.5 -70.187 -10.212 12.745 -58.94 -38.321 13.239 -69.4471 -17.755 12.3541 -74.2 -47.6 12.497 -56.2 -47.6 12.497 -65.7 -46.5997 12.497 -70.536 -10.1148 12.497 -58.94 -38.212 13.005 -66.596 -33.464 6.529 -63.2004 -44.1036 12.497 -63.2005 -44.1052 12.497 -63.2008 -44.1083 12.497 -63.238 -44.5338 12.497 -63.238 -44.5337 12.497 -63.2407 -44.544 12.497 -63.2403 -44.5423 12.497 -68.6795 -17.898 8.75553 -69.0663 -17.898 9.5205 -68.6616 -17.898 8.73142 -58.943 -41.077 12.497 -58.94 -41.0767 12.497 -63.2284 -43.776 12.497 -63.2015 -44.0829 12.497 -59.713 -41.0097 12.497 -59.7162 -41.0083 12.497 -63.238 -43.6662 12.497 -59.9532 -40.8965 12.497 -60.164 -40.7487 12.497 -63.351 -43.2453 12.497 -69.0916 -17.898 9.57057 -58.94 -38.145 12.757 -65.7 -41.6003 12.497 -66.131 -41.638 12.497 -69.2003 -39.5989 12.497 -66.1324 -41.6381 12.497 -65.697 -41.6005 12.497 -65.266 -41.6383 12.497 -64.845 -41.7513 12.497 -64.8419 -41.7527 12.497 -65.2629 -41.6391 12.497 -66.44 -41.7204 12.497 -69.223 -39.8597 12.497 -66.552 -41.7505 12.497 -70.6987 -41.0996 12.497 -70.536 -41.0852 12.497 -68.162 -43.6662 12.497 -70.44 -41.0767 12.497 -70.703 -41.0995 12.497 -70.7803 -41.0926 12.497 -58.94 -38.123 12.5 -71.8851 -26.2 9.90477 -67.865 -45.3497 12.497 -67.8687 -45.3417 12.497 -68.162 -44.5338 12.497 -68.1835 -44.288 12.497 -68.1985 -44.0829 12.497 -68.1992 -44.0917 12.497 -68.194 -44.032 12.497 -68.1716 -43.776 12.497 -68.1597 -43.6577 12.497 -58.9369 -38.1241 12.497 -58.76 -38.1709 12.497 -58.687 -38.379 13.205 -70.282 -26.231 6.608 -69.454 -26.321 5.792 -69.2008 -17.403 11.4287 -67.615 -42.869 13.533 -67.307 -42.869 13.967 -67.307 -42.633 13.731 -58.687 -38.212 12.745 -69.4138 -17.707 12.497 -69.2812 -17.5181 12.4832 -67.307 -42.441 13.458 -58.687 -38.19 12.5 -68.532 -26.422 5.198 -66.95 -42.441 13.892 -66.95 -42.708 14.159 -66.95 -42.225 13.583 -70.187 -10.275 12.982 -70.44 -10.212 13.005 -66.95 -42.066 13.24 -58.687 -38.275 12.982 -58.45 -38.475 13.15 -66.555 -42.59 14.3 -66.555 -42.3 14.01 -69.5242 -18.2 10.4387 -69.4475 -18.2 10.1966 -74.2 -18.2 12.497 -58.45 -38.379 12.944 -70.187 -10.1903 12.497 -70.1839 -10.1917 12.497 -66.555 -42.066 13.675 -58.45 -38.95 13.625 -58.236 -39.025 13.495 -58.236 -38.861 13.38 -70.1819 -10.1927 12.497 -58.236 -38.72 13.239 -61.7917 -29.403 9.16274 -61.9054 -29.403 8.79187 -62.1506 -29.403 7.99679 -62.3069 -29.403 7.68704 -69.6714 -18.2 12.497 -69.6714 -18.2 12.4881 -66.134 -42.214 14.083 -66.134 -42.517 14.386 -58.6838 -38.1917 12.497 -58.45 -38.3013 12.497 -70.1199 -29.403 6.87408 -70.3718 -29.403 7.13475 -58.4468 -38.3035 12.497 -70.0808 -10.24 12.497 -70.747 -29.403 7.69192 -58.687 -38.1903 12.497 -69.6699 -18.2 12.01 -69.671 -18.2 12.3483 -70.44 -10.321 13.239 -70.9907 -29.403 8.05373 -71.2612 -29.403 8.64 -71.4705 -29.403 9.09362 -66.8415 -17.7648 7.23978 -67.865 -43.672 13.675 -67.615 -43.297 13.892 -67.865 -43.475 13.583 -67.615 -43.55 14.01 -66.8811 -15.039 12.1851 -58.45 -38.321 12.726 -71.6446 -29.403 9.69053 -69.6718 -18.2 12.3537 -69.6718 -18.2 11.4149 -58.45 -38.301 12.5 -67.615 -43.067 13.731 -67.865 -43.297 13.458 -67.553 -26.529 4.848 -61.6675 -29.403 10.0091 -58.236 -38.468 12.7 -58.236 -38.451 12.5 -67.1826 -26.5694 4.81389 -67.615 -43.821 14.083 -67.865 -43.883 13.731 -62.6681 -29.403 6.97072 -58.248 -38.4428 12.497 -62.8512 -29.403 6.73391 -63.3235 -29.403 6.12253 -67.865 -43.142 13.303 -69.634 -29.403 6.37211 -69.3979 -29.403 6.20866 -68.802 -29.403 5.79608 -67.307 -43.445 14.3 -69.9215 -18.698 12.3411 -69.9223 -18.698 12.3466 -74.2 -18.698 12.497 -63.5169 -29.403 5.96254 -64.2784 -29.403 5.39865 -64.091 -29.403 5.48706 -69.9219 -18.698 12.4875 -69.9219 -18.698 12.497 -58.236 -38.605 13.075 -58.051 -38.861 13.12 -58.051 -38.765 12.982 -58.236 -38.52 12.893 -69.9208 -18.698 12.082 -67.307 -43.767 14.386 -65.1071 -29.403 5.05783 -65.8361 -29.403 4.93474 -67.307 -43.142 14.159 -69.9205 -18.698 11.9967 -69.9209 -18.698 11.8661 -70.187 -10.379 13.205 -58.051 -38.98 13.239 -64.9394 -29.403 5.08626 -65.9737 -29.403 4.95035 -66.95 -43.017 14.375 -66.8862 -15.0411 11.5059 -69.9223 -18.698 11.4082 -57.901 -39.025 12.982 -66.8477 -29.403 5.07825 -66.7452 -29.403 5.03785 -66.95 -43.724 14.632 -66.95 -43.36 14.534 -66.555 -43.297 14.708 -66.555 -43.692 14.814 -57.901 -38.95 12.875 -67.6328 -29.403 5.38861 -67.6409 -29.403 5.39433 -68.656 -17.842 8.771 -67.9056 -29.403 5.43219 -68.6043 -29.403 5.71571 -69.95 -10.321 12.726 -69.95 -10.301 12.5 -68.158 -17.896 8.059 -58.236 -38.4513 12.497 -67.762 -29.403 5.41165 -66.9359 -17.5502 7.47092 -69.95 -10.605 13.335 -69.95 -10.475 13.15 -66.555 -42.925 14.534 -61.8223 -27.003 7.74628 -62.3384 -27.003 6.70482 -69.6316 -18.2 11.1488 -58.051 -38.65 12.667 -58.051 -38.636 12.5 -69.8371 -18.698 10.8442 -58.2327 -38.4546 12.497 -61.7971 -27.003 7.79697 -69.6961 -18.2498 12.3476 -62.782 -29.898 7.0837 -62.7399 -29.898 7.16629 -58.051 -38.694 12.83 -69.7939 -18.4464 11.9984 -70.6322 -27.003 7.049 -70.3569 -27.003 6.65695 -62.2736 -29.898 8.08088 -62.251 -29.898 8.15374 -61.9198 -29.898 9.21731 -61.9105 -29.898 9.28038 -57.901 -38.861 12.63 -70.4693 -29.898 7.52204 -70.3251 -29.898 7.30791 -57.901 -38.85 12.5 -70.92 -29.898 8.19104 -67.865 -44.317 13.731 -67.865 -44.528 13.675 -67.615 -44.379 14.083 -58.051 -38.6362 12.497 -67.5581 -15.498 11.3308 -71.0095 -29.898 8.38514 -71.3811 -29.898 9.19017 -67.5826 -15.498 11.4814 -71.4301 -29.898 9.35823 -57.901 -38.895 12.757 -71.247 -27.003 8.04879 -71.6098 -27.003 8.8059 -71.6959 -29.898 10.27 -67.615 -44.1 14.107 -69.046 -17.799 9.59 -71.0595 -27.003 7.65778 -57.79 -39.118 12.675 -57.79 -39.095 12.589 -63.3563 -29.898 6.34986 -67.865 -44.1 13.75 -64.075 -29.898 5.73337 -63.4245 -29.898 6.26276 -61.444 -27.003 8.96254 -61.4231 -27.003 9.0314 -61.2418 -27.003 10.2799 -67.615 -44.65 14.01 -67.307 -44.433 14.386 -57.901 -38.8503 12.497 -57.9009 -38.8506 12.497 -69.1068 -29.898 6.22219 -68.8169 -29.898 6.02146 -58.0475 -38.6412 12.497 -69.6166 -29.898 6.57511 -69.8291 -29.898 6.79472 -63.0269 -27.003 5.7987 -63.0409 -27.003 5.78686 -62.3616 -27.003 6.67422 -64.1752 -29.898 5.65176 -69.9021 -27.003 6.2104 -66.8809 -15.0389 11.8453 -66.8837 -15.0401 11.6168 -67.865 -44.903 13.458 -67.615 -45.133 13.731 -67.615 -44.903 13.892 -67.865 -44.725 13.583 -64.8671 -29.898 5.33358 -64.0937 -18.2 7.04413 -63.5671 -18.2 7.51323 -57.79 -39.0873 12.497 -57.8721 -38.912 12.497 -65.8738 -29.898 5.1349 -65.7035 -29.898 5.16159 -65.0023 -29.898 5.2715 -66.5533 -29.898 5.22007 -57.8973 -38.8583 12.497 -63.7626 -27.003 5.17427 -63.834 -27.003 5.11426 -67.307 -44.755 14.3 -66.8837 -15.04 11.6073 -67.307 -45.058 14.159 -68.6014 -27.003 5.24515 -69.0827 -27.003 5.55546 -67.6155 -27.003 4.88871 -68.1997 -27.003 5.1 -67.9556 -29.898 5.67161 -67.6606 -29.898 5.62942 -69.527 -27.003 5.84206 -60.164 -39.025 13.495 -66.95 -44.476 14.632 -66.95 -44.84 14.534 -63.8363 -27.003 5.11232 -67.307 -44.1 14.415 -67.6115 -29.898 5.59436 -68.3261 -29.898 5.82198 -59.95 -39.156 13.721 -69.95 -10.379 12.944 -59.95 -39.374 13.779 -69.736 -10.52 12.893 -67.3876 -29.898 5.50323 -59.95 -38.95 13.625 -62.4464 -18.2 9.80381 -66.7549 -29.898 5.24527 -63.5372 -18.2 7.53986 -69.736 -10.72 13.239 -66.95 -44.1 14.665 -69.736 -10.605 13.075 -63.0984 -18.2 8.13929 -63.0672 -18.2 8.18204 -62.4675 -18.2 9.73178 -62.6993 -18.2 8.94753 -62.24 -29.805 8.056 -62.743 -29.777 7.042 -66.555 -44.903 14.708 -66.555 -44.508 14.814 -62.7275 -18.2 8.889 -63.382 -29.742 6.199 -61.891 -29.824 9.204 -66.555 -44.1 14.849 -64.7008 -27.003 4.69387 -64.7346 -27.003 4.67755 -65.6171 -27.003 4.51989 -65.6879 -27.003 4.50717 -70.0757 -19.003 12.3423 -74.2 -19.003 12.497 -70.0753 -19.003 12.4871 -66.6568 -27.003 4.60667 -67.309 -27.003 4.85789 -70.0753 -19.003 12.497 -66.5487 -27.003 4.59549 -70.074 -19.003 12.0033 -70.0749 -19.003 12.3366 -66.555 -45.275 14.534 -66.134 -44.942 14.814 -59.95 -39.6 13.799 -66.134 -44.528 14.925 -59.95 -39.826 13.779 -59.713 -39.355 13.888 -66.134 -43.672 14.925 -70.0748 -19.003 11.7057 -70.0757 -19.003 11.404 -67.865 -42.8503 12.497 -69.95 -40.8987 12.497 -67.9385 -43.008 12.497 -68.0465 -43.2398 12.497 -70.187 -41.0097 12.497 -68.0483 -43.2437 12.497 -62.2173 -27.498 7.05428 -62.3809 -27.498 6.72726 -63.5569 -15.803 12.0656 -63.5858 -15.803 11.8633 -67.615 -42.4933 12.497 -69.736 -40.7487 12.497 -67.8623 -42.8464 12.497 -67.6122 -42.4905 12.497 -69.551 -40.5638 12.497 -59.713 -39.6 13.91 -67.615 -42.517 12.779 -67.865 -42.869 12.717 -67.865 -42.925 12.928 -59.713 -39.845 13.888 -61.8393 -27.498 7.81199 -67.615 -42.493 12.5 -67.865 -42.85 12.5 -63.5566 -15.803 12.1314 -67.464 -42.3423 12.497 -70.024 -10.2666 12.497 -59.713 -39.118 13.825 -67.615 -42.708 13.303 -63.5642 -15.803 11.7036 -63.5554 -15.803 11.6382 -69.9468 -10.3035 12.497 -69.736 -10.4513 12.497 -69.7327 -10.4546 12.497 -69.95 -10.3013 12.497 -63.5554 -15.803 12.4239 -63.5558 -15.803 12.4206 -63.5556 -15.803 12.497 -63.5556 -15.803 12.4859 -70.3246 -19.498 12.3835 -70.3243 -19.498 12.496 -74.2 -19.498 12.497 -70.3243 -19.498 12.497 -67.865 -43.017 13.125 -67.615 -42.59 13.05 -70.7909 -27.498 7.23811 -70.4265 -27.498 6.719 -70.3238 -19.498 12.3293 -70.323 -19.498 12.0268 -66.7494 -18.2 6.85203 -66.7237 -18.2 6.84295 -59.46 -39.857 13.955 -59.46 -39.6 13.977 -64.966 -29.656 5.154 -67.9027 -15.803 12.218 -74.2 -15.803 12.497 -67.9034 -15.803 12.4043 -71.0838 -27.498 7.66374 -70.3247 -19.498 12.3353 -64.133 -29.701 5.562 -71.6047 -27.498 8.75901 -71.0993 -27.498 7.68629 -71.6382 -27.498 8.8302 -71.973 -27.498 9.95919 -59.46 -39.343 13.955 -61.7338 -27.498 8.15913 -59.46 -39.095 13.888 -61.413 -27.498 9.39709 -61.2718 -27.498 10.3643 -67.307 -42.1853 12.497 -61.4651 -27.498 9.04054 -70.3246 -19.498 11.4454 -70.3247 -19.498 11.3973 -63.0685 -27.498 5.82931 -62.8437 -27.498 6.12327 -67.307 -42.214 12.833 -59.2 -39.6 14 -65.85 -29.608 4.991 -67.9042 -15.803 12.409 -69.736 -10.468 12.7 -64.7173 -18.2 6.7131 -64.118 -18.2 7.03128 -67.3042 -42.1833 12.497 -69.401 -40.3498 12.497 -69.736 -10.451 12.5 -67.307 -42.3 13.155 -70.2256 -19.3018 12.4868 -67.904 -15.803 12.497 -60.164 -40.175 13.495 -60.164 -39.993 13.58 -69.551 -10.65 12.667 -69.551 -10.636 12.5 -66.9622 -18.2 6.98797 -66.9493 -18.2 6.9841 -67.6768 -29.5693 5.47751 -69.6585 -27.498 5.95547 -69.58 -27.498 5.87839 -70.4049 -27.498 6.68834 -67.5495 -18.2 7.32923 -66.95 -41.9353 12.497 -59.95 -40.25 13.625 -60.164 -40.339 13.38 -67.307 -42.185 12.5 -64.4189 -27.498 4.88872 -63.8752 -27.498 5.1519 -59.95 -40.044 13.721 -63.5872 -27.498 5.39363 -67.6798 -29.5074 5.44889 -69.1283 -18.2 9.3085 -69.2307 -18.2 9.51132 -67.6625 -29.4611 5.42467 -68.8065 -18.2 8.67208 -66.95 -41.968 12.876 -67.632 -29.51 5.416 -66.9471 -41.9339 12.497 -69.29 -40.1127 12.497 -66.9489 -41.9347 12.497 -59.95 -40.595 13.335 -59.713 -40.68 13.406 -59.95 -40.435 13.495 -66.95 -41.935 12.5 -66.75 -29.559 5.08 -67.6808 -27.498 4.93123 -67.3147 -27.498 4.89441 -68.8132 -27.498 5.38377 -69.2926 -40.1182 12.497 -66.555 -41.7513 12.497 -69.2253 -39.8683 12.497 -68.2703 -18.2 7.95408 -68.6915 -18.2 8.51796 -67.6472 -18.2 7.38613 -68.1572 -18.2 7.85111 -68.6605 -27.498 5.28533 -69.963 -19.003 10.6577 -67.9166 -27.498 5.01651 -69.551 -10.694 12.83 -66.555 -41.892 13.303 -66.0713 -18.2 6.61259 -59.713 -40.506 13.58 -59.713 -40.305 13.721 -59.46 -40.55 13.632 -59.46 -40.339 13.779 -66.555 -41.786 12.908 -59.713 -40.082 13.825 -70.4492 -19.803 12.497 -70.4497 -19.803 12.3322 -74.2 -19.803 12.497 -70.4487 -19.803 12.3255 -59.46 -40.732 13.45 -66.555 -41.751 12.5 -64.7321 -18.2 6.70977 -59.2 -40.564 13.649 -65.5699 -18.2 6.57538 -66.0603 -18.2 6.61178 -65.3882 -18.2 6.56423 -65.385 -18.2 6.56404 -70.4479 -19.803 12.0437 -70.4497 -19.803 11.3941 -69.223 -39.8598 12.497 -69.551 -10.6362 12.497 -59.46 -40.105 13.888 -66.134 -41.786 13.342 -59.2 -40.749 13.464 -70.6306 -20.298 12.2538 -70.6308 -20.298 12.3203 -74.2 -20.298 12.497 -70.6319 -20.298 12.3279 -70.6315 -20.298 12.497 -69.512 -10.6919 12.497 -69.5475 -10.6412 12.497 -59.2 -40.35 13.799 -66.134 -41.638 12.5 -70.6319 -20.298 11.3896 -70.6301 -20.298 12.0729 -64.0366 -18.698 6.81678 -63.8981 -18.698 6.93838 -69.551 -10.98 13.239 -70.4312 -19.803 11.2706 -70.5702 -20.298 10.9764 -59.2 -39.86 13.977 -69.551 -10.861 13.12 -68.049 -43.445 13.05 -68.049 -43.55 13.155 -69.551 -10.765 12.982 -68.049 -43.36 12.928 -59.2 -39.34 13.977 -70.5883 -20.1826 12.3213 -58.94 -39.343 13.955 -62.2907 -18.698 9.70859 -62.508 -18.698 8.98106 -58.94 -39.6 13.977 -59.2 -39.087 13.91 -62.9506 -18.698 8.00312 -62.8708 -18.698 8.16711 -62.5601 -18.698 8.80666 -69.401 -11.025 12.982 -67.9037 -15.803 11.7087 -67.9042 -15.803 11.4705 -63.4487 -18.698 7.33177 -58.94 -39.095 13.888 -63.3396 -18.698 7.47867 -68.162 -43.767 12.779 -69.2015 -11.5829 12.497 -69.2014 -11.584 12.497 -61.6996 -11.5964 12.497 -63.5566 -15.803 11.1925 -58.94 -39.857 13.955 -61.6997 -11.5989 12.497 -61.6997 -11.5983 12.497 -69.2005 -11.5948 12.497 -69.2008 -11.5917 12.497 -61.6997 -11.5975 12.497 -69.401 -10.85 12.5 -68.049 -43.2453 12.497 -70.7431 -20.603 12.3175 -70.7423 -20.603 12.0788 -74.2 -20.603 12.497 -70.7427 -20.603 11.9609 -70.7442 -20.603 11.3868 -70.7442 -20.603 12.3253 -65.7156 -27.498 4.55039 -65.311 -27.498 4.62309 -64.7682 -27.498 4.72007 -70.7438 -20.603 12.497 -68.1227 -43.52 12.497 -68.049 -43.245 12.5 -66.6782 -27.498 4.64949 -67.1484 -27.498 4.83058 -66.2314 -27.498 4.60331 -70.9265 -21.098 11.3823 -70.9256 -21.098 11.692 -74.2 -21.098 12.497 -70.7948 -21.098 10.501 -69.95 -40.8987 12.497 -68.049 -43.297 12.792 -63.028 -27.043 5.797 -62.34 -27.081 6.702 -70.9253 -21.098 12.3131 -70.9245 -21.098 12.0567 -68.049 -43.258 12.648 -61.799 -27.11 7.794 -70.024 -40.9334 12.497 -70.9265 -21.098 12.321 -70.926 -21.098 12.497 -58.687 -39.118 13.825 -63.2477 -16.298 11.0434 -63.2462 -16.298 11.4082 -70.6559 -20.603 10.7952 -69.401 -11.118 13.075 -58.687 -39.355 13.888 -68.162 -44.025 12.928 -68.049 -43.808 13.303 -68.162 -43.952 12.908 -68.049 -43.952 13.342 -58.687 -39.6 13.91 -58.45 -39.374 13.779 -68.049 -43.672 13.24 -58.45 -39.156 13.721 -69.401 -11.343 13.205 -69.29 -11.343 12.944 -68.387 -16.298 11.2113 -74.2 -16.298 12.497 -69.29 -11.207 12.83 -68.049 -44.1 13.355 -69.401 -10.95 12.875 -69.401 -10.895 12.757 -68.7408 -18.698 8.16595 -69.0159 -18.698 8.53448 -63.2455 -16.298 12.4095 -63.2458 -16.298 12.4832 -71.0384 -21.403 11.5264 -71.0387 -21.403 11.3795 -74.2 -21.403 12.497 -58.94 -40.105 13.888 -58.687 -40.082 13.825 -58.687 -39.845 13.888 -69.401 -10.861 12.63 -71.0367 -21.403 12.043 -63.2585 -16.298 11.9061 -63.2477 -16.298 11.9819 -71.0387 -21.403 12.3184 -71.0376 -21.403 12.3103 -71.0383 -21.403 12.497 -71.0384 -21.403 12.4654 -63.2462 -16.298 12.3467 -63.246 -16.298 12.4056 -58.45 -39.826 13.779 -70.3135 -41.0432 12.497 -68.162 -43.666 12.5 -69.401 -10.8503 12.497 -58.45 -39.6 13.799 -68.162 -43.821 12.833 -68.162 -43.724 12.717 -61.6997 -11.6 12.497 -61.6997 -11.5995 12.497 -69.2004 -11.5964 12.497 -69.4009 -10.8505 12.497 -68.162 -43.692 12.648 -69.29 -11.156 12.757 -69.29 -11.118 12.675 -71.1975 -21.898 12.497 -74.2 -21.898 12.497 -71.1981 -21.898 12.3149 -68.162 -43.672 12.575 -58.236 -39.6 13.649 -58.236 -39.4 13.632 -71.196 -21.898 12.0313 -71.1981 -21.898 11.3759 -69.2305 -18.698 8.9589 -69.4602 -18.698 9.41361 -69.6022 -18.698 9.86254 -71.1969 -21.898 12.3066 -69.29 -11.095 12.589 -71.179 -21.898 11.2464 -63.2455 -16.298 11.653 -68.4542 -18.698 7.7822 -68.1559 -18.698 7.51055 -67.8013 -18.698 7.18719 -69.29 -11.087 12.5 -63.2692 -16.298 11.8294 -71.0152 -21.898 10.1376 -70.963 -21.697 10.145 -63.2458 -16.298 12.497 -64.5259 -18.698 6.56394 -59.2 -40.113 13.91 -69.3973 -10.8583 12.497 -69.3271 -11.008 12.497 -67.5007 -18.698 7.01223 -70.8805 -21.403 10.3197 -71.14 -21.678 11.377 -58.94 -40.55 13.632 -58.94 -40.732 13.45 -71.1394 -21.678 12.497 -58.94 -40.339 13.779 -68.4244 -16.298 12.3894 -68.4239 -16.298 12.386 -68.4224 -16.298 12.0303 -66.8225 -18.698 6.63438 -66.5973 -18.698 6.55468 -71.1425 -21.692 12.3077 -68.4248 -16.298 11.4529 -68.4244 -16.298 11.4504 -67.0835 -18.698 6.76984 -66.9806 -18.698 6.73881 -68.2 -44.1 12.5 -58.687 -40.68 13.406 -68.162 -43.883 12.876 -68.4244 -16.298 12.497 -68.4248 -16.298 12.3919 -68.0872 -16.298 10.064 -71.1379 -21.678 12.0307 -66.1129 -18.698 6.38366 -65.8995 -18.698 6.368 -58.687 -40.506 13.58 -58.687 -40.305 13.721 -61.425 -27.131 9.029 -71.14 -21.678 12.316 -71.1 -27.464 7.681 -71.1388 -21.678 12.3078 -68.162 -44.317 12.876 -68.049 -44.528 13.24 -68.049 -44.392 13.303 -64.6934 -18.698 6.47766 -58.45 -40.435 13.495 -65.2011 -18.698 6.37112 -58.45 -40.25 13.625 -65.3942 -18.698 6.33049 -68.162 -44.248 12.908 -68.049 -44.248 13.342 -58.45 -40.044 13.721 -71.1388 -21.6781 12.3078 -68.162 -44.175 12.928 -68.162 -44.1 12.934 -64.079 -18.282 6.992 -58.236 -40.175 13.495 -63.508 -18.313 7.476 -58.236 -39.8 13.632 -58.236 -39.207 13.58 -61.6996 -11.6036 12.497 -61.6997 -11.6025 12.497 -69.2003 -11.5995 12.497 -69.29 -11.0873 12.497 -62.639 -18.36 8.889 -69.2897 -11.0883 12.497 -69.2855 -11.1041 12.497 -62.374 -18.375 9.761 -69.223 -11.433 12.7 -69.223 -11.4 12.667 -58.051 -39.433 13.45 -58.051 -39.27 13.406 -69.223 -11.374 12.63 -71.0935 -22.2 10.1264 -74.2 -22.2 12.497 -71.2325 -22.2 11.0671 -58.051 -39.118 13.335 -57.901 -39.343 13.205 -69.223 -11.34 12.5 -71.2758 -22.2 12.032 -71.2779 -22.2 11.3744 -71.2767 -22.2 12.305 -63.141 -16.603 10.2129 -71.2779 -22.2 12.3134 -69.2432 -11.264 12.497 -71.2774 -22.2 12.497 -58.051 -39.767 13.45 -58.051 -39.6 13.464 -71.3208 -22.698 10.7715 -74.2 -22.698 12.497 -71.2227 -22.698 10.108 -71.4096 -22.698 12.3109 -71.4083 -22.698 12.3023 -71.4076 -22.698 12.0805 -58.236 -39.993 13.58 -71.4074 -22.698 12.0333 -71.642 -27.405 8.82 -62.2652 -18.698 9.88804 -71.4096 -22.698 11.3719 -71.7231 -27.003 9.18189 -63.022 -18.339 8.116 -71.409 -22.698 12.497 -57.901 -39.73 13.239 -58.051 -39.93 13.406 -71.3085 -22.3204 12.3043 -58.051 -40.082 13.335 -68.1995 -44.0948 12.497 -69.401 -11.975 13.15 -69.401 -11.857 13.205 -68.1997 -44.1 12.497 -68.1997 -44.1005 12.497 -68.1997 -44.0995 12.497 -68.1997 -44.0983 12.497 -68.1997 -44.0989 12.497 -68.1996 -44.0964 12.497 -68.1997 -44.1011 12.497 -68.1997 -44.1017 12.497 -63.4399 -16.0311 11.8485 -63.2719 -16.2939 11.8307 -71.4902 -23.003 12.3093 -71.4889 -23.003 12.3007 -74.2 -23.003 12.497 -71.488 -23.003 12.0327 -71.4886 -23.003 11.8597 -68.1997 -44.1025 12.497 -68.1996 -44.1036 12.497 -71.4902 -23.003 11.3703 -71.3748 -23.003 10.5905 -68.1995 -44.1052 12.497 -71.4895 -23.003 12.497 -59.95 -40.725 13.15 -68.1992 -44.1083 12.497 -68.1985 -44.1171 12.497 -69.401 -11.47 13.239 -68.1947 -44.16 12.497 -59.95 -40.821 12.944 -71.6197 -23.498 12.2981 -74.2 -23.498 12.497 -71.6188 -23.498 12.0316 -69.29 -11.425 12.982 -71.621 -23.498 12.3069 -69.29 -11.511 13.005 -68.162 -44.476 12.717 -68.162 -44.433 12.779 -71.6203 -23.498 12.497 -68.162 -44.379 12.833 -69.29 -11.27 12.893 -62.873 -17.098 10.2792 -71.6203 -23.498 11.5775 -59.713 -40.821 13.205 -71.621 -23.498 11.3679 -69.223 -11.511 12.745 -71.4625 -23.498 10.2967 -69.223 -11.47 12.726 -60.164 -40.749 12.5 -60.1673 -40.7454 12.497 -69.401 -11.6 13.25 -69.401 -11.73 13.239 -59.95 -40.879 12.726 -69.29 -11.6 13.013 -64.713 -18.247 6.681 -59.95 -40.899 12.5 -59.95 -40.8987 12.497 -62.7221 -17.403 10.3798 -65.385 -18.21 6.557 -71.6994 -23.803 12.0309 -71.7014 -23.803 11.4036 -74.2 -23.803 12.497 -59.9488 -40.8993 12.497 -69.29 -11.689 13.005 -71.7016 -23.803 11.3663 -67.3114 -27.2434 4.87559 -59.8192 -40.96 12.497 -71.7014 -23.803 12.3426 -71.7016 -23.803 12.3053 -71.7003 -23.803 12.2965 -71.7009 -23.803 12.497 -59.713 -40.925 12.982 -68.1997 -44.0975 12.497 -68.1996 -44.096 12.497 -59.713 -40.988 12.745 -59.46 -40.879 13.239 -71.7952 -24.298 12.497 -71.7958 -24.298 12.3044 -71.7943 -24.298 12.2944 -61.8711 -27.803 7.82614 -62.1275 -27.803 7.31195 -62.4774 -17.898 10.5432 -61.6826 -27.803 8.44614 -71.7575 -24.298 11.105 -71.7958 -24.298 11.3654 -71.7936 -24.298 12.0596 -59.2 -40.899 13.25 -71.6256 -27.803 8.86364 -71.8798 -27.803 9.72064 -69.223 -11.355 12.589 -58.94 -40.879 13.239 -69.223 -11.343 12.545 -71.0935 -27.803 7.73375 -71.4822 -27.803 8.55898 -70.4111 -27.803 6.74255 -70.9386 -27.803 7.50889 -71.7203 -23.8834 12.2963 -58.687 -40.821 13.205 -61.4984 -27.803 9.05012 -61.403 -27.803 9.703 -68.422 -16.294 12.392 -68.4211 -16.294 12.3864 -62.4107 -27.803 6.74574 -68.4212 -16.2941 12.3861 -69.223 -11.3402 12.497 -58.94 -40.988 13.005 -58.687 -40.925 12.982 -62.7201 -27.803 6.34199 -63.0956 -27.803 5.85096 -71.717 -23.8695 12.0307 -71.719 -23.869 11.366 -69.6011 -27.803 5.92792 -70.2698 -27.803 6.60052 -58.45 -40.725 13.15 -58.45 -40.595 13.335 -58.5808 -40.96 12.497 -58.4529 -40.9001 12.497 -58.45 -40.8987 12.497 -58.45 -40.899 12.5 -69.4971 -27.803 5.85852 -58.45 -40.8987 12.497 -58.248 -40.7571 12.497 -68.139 -16.0278 12.0633 -69.2071 -11.52 12.497 -63.8991 -27.803 5.1763 -64.2451 -27.803 5.00879 -68.4196 -16.294 12.0306 -63.4352 -27.803 5.56578 -71.7177 -23.8691 12.2962 -71.719 -23.869 12.305 -71.7178 -23.8693 12.2963 -62.1526 -18.698 10.6788 -67.9023 -15.803 12.0481 -69.223 -11.645 12.757 -69.29 -11.775 12.982 -64.789 -27.803 4.74626 -65.1225 -27.803 4.68668 -69.223 -11.689 12.745 -69.223 -11.6 12.76 -58.45 -40.821 12.944 -68.422 -16.294 11.453 -67.721 -27.803 4.95742 -67.7422 -27.803 4.96506 -69.223 -11.555 12.757 -62.328 -18.2 10.6429 -68.0001 -27.803 5.05828 -63.7655 -19.003 6.89906 -63.4017 -19.003 7.21751 -58.236 -40.732 12.7 -58.45 -40.879 12.726 -62.238 -18.382 10.703 -68.6938 -27.803 5.32302 -68.646 -27.803 5.30478 -69.2 -11.6 12.5 -58.236 -40.595 13.075 -71.532 -23.89 10.064 -71.5166 -23.803 10.1156 -65.7327 -27.803 4.57702 -66.0359 -27.803 4.60813 -58.236 -40.48 13.239 -71.7184 -23.8692 12.497 -57.901 -39.225 13.15 -66.9531 -27.803 4.77669 -67.3186 -27.803 4.91695 -66.6914 -27.803 4.67587 -63.2063 -19.003 7.48079 -62.8899 -19.003 7.90723 -62.7424 -19.003 8.21053 -62.4888 -19.003 8.73236 -62.3897 -19.003 9.06413 -63.1396 -28.298 5.88611 -62.5196 -28.298 6.69695 -57.901 -39.118 13.075 -62.4592 -28.298 6.77573 -61.9818 -28.298 7.73012 -57.79 -39.27 12.893 -61.9956 -19.498 10.2027 -62.0844 -19.498 9.5788 -61.9365 -19.498 10.6176 -62.0703 -19.003 10.6555 -62.2121 -19.003 9.65911 -62.1624 -19.003 10.008 -57.79 -39.343 12.944 -61.6992 -11.6082 12.497 -61.6995 -11.6052 12.497 -71.8488 -24.603 12.293 -71.8504 -24.603 12.304 -71.8504 -24.603 11.365 -71.8481 -24.603 12.0802 -71.8486 -24.603 12.245 -57.79 -39.156 12.757 -71.8498 -24.603 12.497 -71.6052 -28.298 8.91791 -71.2835 -28.298 8.23434 -71.084 -28.298 7.81077 -70.7029 -28.298 7.25758 -71.7285 -28.298 9.33348 -74.2 -25.098 12.497 -65.5316 -14.5988 12.497 -65.5309 -14.5989 12.497 -61.4357 -12.5918 12.497 -61.32 -12.7599 12.497 -61.432 -12.5997 12.497 -65.5299 -14.5991 12.497 -69.2003 -11.6005 12.497 -69.2003 -11.6011 12.497 -61.2987 -12.7904 12.497 -65.5284 -14.5995 12.497 -61.5994 -28.298 8.91196 -61.9225 -28.298 7.84909 -61.5525 -28.298 9.06569 -68.162 -44.534 12.5 -69.2003 -11.6017 12.497 -69.2003 -11.6025 12.497 -68.162 -44.528 12.575 -68.2092 -16.0924 12.497 -69.2004 -11.6036 12.497 -69.2005 -11.6052 12.497 -71.9384 -25.098 12.497 -71.939 -25.098 12.3033 -71.9372 -25.098 11.9294 -71.9371 -25.098 12.2907 -71.9365 -25.098 12.0965 -69.2008 -11.6083 12.497 -68.4216 -16.294 12.497 -69.1441 -19.003 8.45021 -69.293 -19.003 8.74479 -70.0078 -28.298 6.43024 -69.6213 -28.298 6.04147 -69.2015 -11.6171 12.497 -68.162 -44.508 12.648 -69.2214 -28.298 5.77464 -69.2043 -11.648 12.497 -71.8917 -24.8469 12.0952 -68.5668 -19.003 7.67693 -68.7711 -19.003 7.95037 -70.4152 -28.298 6.83957 -71.8878 -24.8251 12.0951 -68.1552 -19.003 7.30197 -57.7897 -39.0883 12.497 -56.2 -41.1 12.497 -69.223 -11.767 12.7 -69.223 -11.8 12.667 -57.79 -39.087 12.5 -69.6007 -19.003 9.35377 -62.0057 -19.803 9.52932 -61.8781 -20.298 9.449 -61.8928 -19.803 10.3227 -63.1884 -28.298 5.84515 -63.9379 -28.298 5.21588 -71.9936 -25.403 11.3639 -71.8567 -25.403 10.4328 -74.2 -25.403 12.497 -64.823 -28.298 4.79041 -64.8176 -28.298 4.79293 -57.7855 -39.1041 12.497 -64.6568 -28.298 4.86881 -63.9632 -28.298 5.20365 -61.6985 -11.6171 12.497 -57.723 -39.355 12.589 -57.723 -39.374 12.63 -64.0054 -19.003 6.68831 -57.723 -39.343 12.545 -71.991 -25.403 12.0982 -71.9916 -25.403 12.2893 -61.5117 -21.898 10.1234 -61.6337 -21.898 9.27698 -61.4612 -21.898 10.4756 -71.9924 -25.403 11.7443 -57.723 -39.34 12.5 -61.647 -12.032 12.497 -61.67 -11.9467 12.497 -61.5385 -21.403 10.4999 -61.443 -22.2 10.2593 -61.4141 -22.2 10.4608 -68.7322 -28.298 5.44852 -68.3692 -28.298 5.30993 -71.993 -25.403 12.497 -71.9936 -25.403 12.3029 -67.7796 -28.298 5.08495 -66.8673 -19.003 6.50107 -66.5199 -19.003 6.37812 -57.79 -39.207 12.83 -72.0819 -25.898 11.4437 -74.2 -25.898 12.497 -72.0822 -25.898 11.3632 -67.1578 -19.003 6.63623 -66.9998 -19.003 6.58859 -65.7611 -28.298 4.63147 -65.7235 -28.298 4.63781 -61.3409 -22.698 11.7224 -61.347 -22.604 11.722 -61.3447 -22.698 10.4938 -72.0822 -25.898 12.3022 -72.08 -25.898 12.287 -72.0794 -25.898 12.1009 -66.7114 -28.298 4.73926 -66.6404 -28.298 4.73121 -57.723 -39.4 12.667 -72.0815 -25.898 12.497 -72.0819 -25.898 12.3827 -69.2003 -11.5975 12.497 -68.1592 -44.544 12.497 -68.1152 -44.708 12.497 -69.2003 -11.5983 12.497 -67.5052 -28.298 5.05217 -68.049 -44.955 12.5 -68.049 -44.942 12.648 -69.2003 -11.5989 12.497 -67.4708 -19.003 6.81808 -67.8956 -19.003 7.06536 -68.049 -44.903 12.792 -68.049 -44.84 12.928 -68.049 -44.755 13.05 -68.6087 -16.603 11.2503 -74.2 -16.603 12.497 -57.736 -39.2911 12.497 -72.0479 -25.7098 12.497 -57.723 -39.3402 12.497 -68.639 -16.603 12.3852 -68.6382 -16.603 12.3801 -61.351 -22.604 10.441 -61.345 -22.698 10.4385 -69.2156 -11.776 12.497 -69.223 -11.86 12.5 -57.723 -39.433 12.7 -64.6801 -19.003 6.34015 -64.3993 -19.003 6.48478 -68.049 -44.65 13.155 -65.0861 -19.003 6.25494 -69.223 -11.73 12.726 -66.1385 -19.003 6.24345 -65.801 -19.003 6.2187 -71.9619 -28.298 10.1195 -65.3999 -19.003 6.18892 -68.0535 -44.9379 12.497 -72.1155 -26.2 12.1032 -74.2 -26.2 12.497 -72.1161 -26.2 12.2869 -68.049 -44.9547 12.497 -69.6969 -19.003 9.65795 -68.0486 -44.9556 12.497 -68.0018 -45.056 12.497 -72.1184 -26.2 11.3634 -72.1184 -26.2 12.3024 -69.551 -12.22 13.239 -69.401 -12.082 13.075 -72.1176 -26.2 12.497 -63.3254 -19.498 7.03207 -63.5503 -19.498 6.83525 -72.0943 -26.2 11.1983 -62.7915 -19.498 7.75159 -62.9898 -19.498 7.48423 -62.1978 -19.498 9.19895 -72.1548 -26.698 12.3035 -74.2 -26.698 12.497 -72.1527 -26.698 12.2894 -61.3253 -23.003 10.4302 -61.4729 -23.003 9.41213 -72.154 -26.698 12.497 -69.401 -12.175 12.982 -69.29 -11.93 12.893 -69.29 -11.993 12.83 -72.152 -26.698 12.0959 -69.29 -11.857 12.944 -57.7156 -39.424 12.497 -62.3732 -19.498 8.61177 -62.5339 -19.498 8.281 -61.4026 -23.498 9.66403 -57.901 -39.857 13.205 -63.0396 -16.603 11.6386 -63.0398 -16.603 11.578 -64.822 -28.289 4.788 -57.901 -39.6 13.25 -61.2889 -24.298 10.0711 -61.242 -24.298 10.3953 -57.901 -39.47 13.239 -67.865 -45.35 12.5 -67.725 -27.833 4.96 -61.2738 -23.803 10.4087 -63.0396 -16.603 12.3924 -63.0405 -16.603 12.3857 -67.3195 -27.8776 4.92247 -67.865 -45.275 12.928 -61.2223 -24.603 10.3871 -67.506 -28.241 5.03774 -67.507 -28.1424 5.01269 -57.79 -39.6 13.013 -57.79 -39.511 13.005 -61.2051 -25.098 10.4972 -61.2055 -25.098 10.3773 -72.1523 -26.698 12.0199 -66.708 -28.186 4.709 -61.203 -24.903 10.379 -72.1548 -26.698 11.3645 -63.0424 -16.603 11.8851 -65.757 -28.238 4.615 -61.2095 -25.403 10.3745 -57.723 -39.555 12.757 -63.04 -16.603 12.497 -69.3522 -19.498 8.31343 -68.8201 -19.498 7.60048 -57.79 -39.425 12.982 -63.0506 -16.603 11.8266 -63.0577 -16.603 11.7761 -72.1338 -26.4426 12.2874 -61.2137 -25.898 10.9823 -61.2159 -25.898 10.3701 -69.223 -11.8598 12.497 -69.223 -11.8597 12.497 -67.865 -45.183 13.125 -69.2253 -11.8683 12.497 -67.865 -45.058 13.303 -57.723 -39.6 12.76 -57.79 -39.689 13.005 -69.8287 -19.498 9.25664 -69.8507 -19.498 9.32593 -68.639 -16.603 11.4462 -68.6367 -16.603 12.0082 -61.2635 -26.698 10.1052 -66.134 -42.869 14.632 -69.29 -12.105 12.589 -69.223 -11.857 12.545 -69.223 -11.845 12.589 -61.2263 -26.698 10.363 -61.2169 -26.2 11.1654 -69.3946 -19.498 8.3973 -69.223 -11.826 12.63 -69.29 -12.082 12.675 -62.4402 -28.603 6.9528 -61.9727 -28.603 7.87897 -68.6386 -16.603 12.4858 -68.7496 -19.498 7.50608 -61.9327 -28.603 8.00872 -61.2302 -27.003 10.3602 -68.6386 -16.603 12.497 -66.134 -41.968 13.731 -61.6031 -28.603 9.08433 -72.1468 -26.627 12.103 -72.1459 -26.6158 12.1031 -61.232 -27.141 10.359 -61.2705 -27.498 10.7261 -57.79 -39.775 12.982 -57.79 -39.857 12.944 -57.723 -39.73 12.726 -64.194 -19.498 6.3563 -63.9549 -19.498 6.4798 -70.4176 -28.603 6.89936 -70.5576 -28.603 7.10273 -61.3058 -27.803 10.3689 -65.7 -42.85 14.665 -65.7 -42.493 14.415 -61.3869 -28.298 10.1995 -68.1539 -19.498 6.96346 -68.0488 -19.498 6.86762 -65.7 -42.185 14.107 -74.2 -17.098 12.497 -69.3721 -12.288 12.497 -69.2926 -12.1182 12.497 -69.29 -12.113 12.5 -61.361 -28.298 10.3763 -65.7 -41.935 13.75 -69.29 -12.1127 12.497 -67.4223 -19.498 6.50299 -67.2784 -19.498 6.41941 -71.5926 -28.603 8.95135 -71.6352 -28.603 9.09492 -68.985 -17.098 12.1088 -68.9858 -17.098 12.3691 -71.0782 -28.603 7.85823 -71.1611 -28.603 8.03432 -61.585 -28.603 9.2073 -61.4117 -28.603 10.3848 -57.723 -39.689 12.745 -65.266 -42.869 14.632 -65.7 -43.245 14.849 -62.508 -28.603 6.81826 -63.0828 -28.603 6.07488 -61.6361 -29.098 9.70338 -69.401 -12.25 12.875 -69.29 -12.044 12.757 -67.031 -19.498 6.34479 -63.1853 -28.603 5.94208 -61.8432 -30.2 10.6395 -61.8594 -30.2 10.5443 -66.94 -19.498 6.28474 -65.266 -42.517 14.386 -57.723 -39.511 12.745 -57.723 -39.47 12.726 -64.845 -42.59 14.3 -64.845 -42.925 14.534 -61.9863 -30.2872 9.86153 -61.9718 -30.698 10.2401 -61.8761 -30.2408 10.4753 -70.44 -12.732 13.45 -57.7432 -39.936 12.497 -57.736 -39.9088 12.497 -57.723 -39.86 12.5 -66.3942 -19.498 6.09158 -66.1799 -19.498 6.01591 -61.8596 -30.2 10.4718 -69.8464 -28.603 6.32532 -69.6338 -28.603 6.11143 -65.266 -41.968 13.731 -62.7888 -17.098 11.6501 -62.8018 -17.098 11.7493 -70.187 -12.68 13.406 -70.187 -12.506 13.58 -64.845 -42.066 13.675 -64.845 -41.892 13.303 -63.8352 -28.603 5.40454 -63.9784 -28.603 5.28589 -62.7911 -17.098 11.0595 -62.7918 -17.098 10.8497 -62.7918 -17.098 11.8197 -62.7911 -17.098 12.0295 -57.723 -39.767 12.7 -57.79 -39.93 12.893 -57.79 -39.993 12.83 -62.7897 -17.098 12.3735 -64.6585 -19.498 6.11697 -64.8995 -19.498 6.06639 -69.95 -12.435 13.495 -62.7888 -17.098 12.3809 -72.06 -26.698 10.713 -57.723 -39.645 12.757 -65.266 -42.214 14.083 -69.736 -12.339 13.38 -65.4092 -19.498 5.95916 -65.6412 -19.498 5.97639 -62.7891 -17.098 12.497 -67.3488 -28.603 5.06926 -67.5007 -28.603 5.12931 -66.7208 -28.603 4.82168 -70.44 -12.879 13.239 -69.0515 -28.603 5.72296 -68.7559 -28.603 5.52585 -64.845 -42.3 14.01 -68.9866 -17.098 11.4354 -68.1986 -28.603 5.31311 -68.9845 -17.098 11.9991 -68.9853 -17.098 11.7628 -68.9866 -17.098 12.3744 -70.187 -12.925 12.982 -70.187 -12.821 13.205 -64.45 -42.225 13.583 -64.6688 -28.603 4.96012 -68.9862 -17.098 12.497 -68.9862 -17.098 12.4844 -69.95 -12.595 13.335 -64.45 -42.708 14.159 -64.45 -42.441 13.892 -65.7818 -28.603 4.71517 -66.4564 -28.603 4.7917 -65.5534 -28.603 4.75374 -64.8551 -28.603 4.87207 -67.8155 -28.603 5.16691 -69.95 -12.725 13.15 -62.8862 -16.8721 11.6456 -62.941 -16.745 11.643 -62.8888 -16.8725 10.9512 -64.45 -42.066 13.24 -70.4399 -13.0767 12.497 -63.0424 -16.603 10.9151 -62.944 -16.745 10.89 -70.44 -13.055 12.757 -64.093 -42.441 13.458 -70.187 -13.01 12.5 -70.3135 -13.0432 12.497 -70.1899 -13.0105 12.497 -70.187 -13.0097 12.497 -70.187 -12.988 12.745 -70.1845 -13.0085 12.497 -70.1587 -19.498 10.2989 -66.134 -43.258 14.814 -62.6071 -29.098 6.9126 -62.3577 -29.098 7.40711 -62.0828 -29.098 7.95188 -62.8407 -16.9836 11.0045 -62.8409 -16.9832 10.9801 -69.95 -12.899 12.5 -70.024 -12.9334 12.497 -69.95 -12.879 12.726 -62.8376 -16.9848 11.6478 -62.868 -16.901 11.671 -61.9158 -29.098 8.49329 -57.7 -39.6 12.5 -65.7 -43.666 14.962 -69.95 -12.821 12.944 -69.736 -12.595 13.075 -69.736 -12.48 13.239 -71.0343 -29.098 7.96912 -70.9181 -29.098 7.7966 -70.4006 -29.098 7.02806 -72.1771 -27.003 11.3652 -72.0389 -27.003 10.4158 -74.2 -27.003 12.497 -69.736 -12.68 12.893 -69.551 -12.435 12.982 -62.8891 -16.872 11.8849 -62.8864 -16.8784 11.875 -62.871 -16.901 11.88 -62.885 -16.8992 11.7894 -62.8849 -16.8995 11.7892 -62.8775 -16.8993 11.8424 -69.6447 -29.098 6.24703 -70.299 -29.098 6.92298 -71.4162 -29.098 8.79703 -71.7768 -29.098 9.89527 -71.5256 -29.098 9.03414 -65.7 -44.534 14.962 -65.7 -44.955 14.849 -61.7198 -29.098 9.13285 -61.5325 -29.098 10.4074 -69.551 -12.339 13.12 -66.134 -44.1 14.962 -72.1771 -27.003 12.3042 -72.1753 -27.003 12.2918 -72.1763 -27.003 12.497 -57.7003 -39.6005 12.497 -57.7003 -39.6011 12.497 -57.7003 -39.6 12.497 -57.7003 -39.6017 12.497 -62.885 -16.8992 11.7894 -62.9395 -29.098 6.48265 -72.1744 -27.003 12.0651 -72.1758 -27.003 11.7112 -63.2708 -29.098 6.05373 -57.7003 -39.6025 12.497 -57.7004 -39.6036 12.497 -69.9529 -12.9001 12.497 -69.95 -12.8987 12.497 -57.7005 -39.6052 12.497 -69.95 -12.8987 12.497 -62.944 -16.745 11.86 -57.7008 -39.6083 12.497 -57.7014 -39.616 12.497 -57.7015 -39.6171 12.497 -69.5773 -29.098 6.20033 -62.8756 -16.9035 11.8419 -62.8847 -16.9001 11.7892 -69.7388 -12.7507 12.497 -69.736 -12.7487 12.497 -69.736 -12.749 12.5 -63.6382 -29.098 5.7498 -62.9783 -33.898 10.8316 -63.1084 -33.898 10.0847 -62.8564 -19.803 7.48634 -62.7308 -19.803 7.6557 -69.736 -12.732 12.7 -72.1922 -27.498 11.3672 -74.2 -27.498 12.497 -72.1907 -27.498 12.2962 -72.1897 -27.498 12.019 -72.1915 -27.498 12.4887 -72.1922 -27.498 12.3062 -62.9084 -16.856 11.7609 -62.9019 -16.8558 11.711 -72.1915 -27.498 12.497 -62.0796 -19.803 9.28202 -69.5538 -12.5665 12.497 -69.551 -12.5638 12.497 -69.551 -12.564 12.5 -62.3019 -19.803 8.53747 -65.8154 -29.098 4.85103 -65.2773 -29.098 4.9419 -64.9072 -29.098 5.0046 -64.4272 -29.098 5.23146 -69.551 -12.5637 12.497 -64.0481 -29.098 5.41037 -65.7 -44.1 15 -62.8321 -17.0271 11.7461 -62.8333 -17.0264 11.7528 -69.551 -12.55 12.667 -61.7378 -29.898 10.4464 -72.202 -27.344 11.366 -69.551 -12.506 12.83 -67.8737 -29.098 5.29992 -67.9217 -29.098 5.31826 -57.7008 -39.5917 12.497 -57.7015 -39.5829 12.497 -62.4055 -19.803 8.32442 -69.512 -12.5081 12.497 -69.401 -12.35 12.5 -72.1984 -27.389 12.497 -67.4932 -29.098 5.25447 -67.0388 -29.098 5.07482 -66.7359 -29.098 4.95543 -72.1874 -27.1543 12.497 -69.401 -12.305 12.757 -68.7757 -29.098 5.65023 -68.5281 -29.098 5.54975 -57.7005 -39.5948 12.497 -57.7004 -39.5964 12.497 -57.7043 -39.552 12.497 -68.7929 -29.098 5.6572 -69.4037 -12.3536 12.497 -69.401 -12.3497 12.497 -57.7003 -39.5975 12.497 -69.401 -12.339 12.63 -66.1577 -29.098 4.88986 -57.7003 -39.5983 12.497 -69.9109 -19.803 9.12911 -69.9503 -19.803 9.20832 -68.4448 -19.803 7.02058 -68.8425 -19.803 7.39149 -57.7003 -39.5989 12.497 -62.8891 -16.8719 11.9209 -72.2013 -27.344 12.497 -72.202 -27.344 12.305 -68.8585 -19.803 7.40638 -57.7003 -39.5995 12.497 -69.4354 -19.803 8.19409 -65.266 -43.672 14.925 -69.4692 -19.803 8.2401 -70.2827 -19.803 10.2738 -70.2493 -19.803 10.1668 -62.869 -16.9009 12.3851 -65.266 -44.1 14.962 -74.2 -36.603 12.497 -62.8795 -16.884 12.3857 -72.177 -39.3402 12.497 -72.1747 -39.3317 12.497 -65.266 -43.258 14.814 -62.8844 -16.8763 12.3853 -62.8874 -16.8715 12.3784 -57.723 -39.845 12.589 -57.723 -39.857 12.545 -62.8844 -16.8762 12.386 -64.845 -43.692 14.814 -64.845 -43.297 14.708 -62.8689 -16.901 12.3853 -63.2784 -19.803 6.91781 -70.42 -28.892 6.956 -63.4177 -19.803 6.79594 -63.9238 -19.803 6.35134 -71.213 -38.694 13.58 -71.213 -38.52 13.406 -71.45 -38.765 13.495 -57.723 -39.8 12.667 -57.79 -40.044 12.757 -64.0674 -19.803 6.27713 -62.8967 -16.8552 11.6696 -71.213 -38.895 13.721 -70.96 -38.65 13.632 -70.96 -38.861 13.779 -70.96 -38.468 13.45 -62.9578 -16.7442 11.7661 -72.1997 -27.356 12.2944 -71.074 -28.82 7.892 -72.2005 -27.344 12.2945 -64.45 -43.724 14.632 -64.45 -43.36 14.534 -72.2005 -27.3442 12.2943 -57.7253 -39.8683 12.497 -57.723 -39.8598 12.497 -72.1995 -27.344 12.0307 -57.723 -39.8597 12.497 -67.0501 -19.803 6.19456 -66.9848 -19.803 6.15144 -64.45 -43.017 14.375 -71.586 -28.764 8.969 -57.79 -40.105 12.589 -67.3527 -19.803 6.28581 -57.79 -40.082 12.675 -57.723 -39.826 12.63 -67.3924 -19.803 6.30884 -64.093 -42.869 13.967 -68.1431 -19.803 6.74578 -65.266 -44.942 14.814 -65.266 -44.528 14.925 -71.9449 -28.603 10.1377 -64.845 -44.508 14.814 -62.871 -16.901 10.942 -70.7 -38.85 13.799 -70.7 -38.636 13.649 -62.8905 -16.8651 11.6554 -58.236 -40.339 13.38 -74.2 -31.498 12.497 -74.2 -31.003 12.497 -70.7 -38.451 13.464 -74.2 -32.603 12.497 -70.7 -38.301 13.25 -64.6452 -19.803 5.97946 -64.7846 -19.803 5.95022 -65.415 -19.803 5.8176 -58.051 -40.22 13.239 -70.44 -38.65 13.632 -74.2 -33.898 12.497 -74.2 -29.898 12.497 -66.2054 -19.803 5.8757 -66.3168 -19.803 5.91503 -71.849 -38.861 13.12 -71.664 -38.605 13.075 -71.849 -38.765 12.982 -69.649 -28.976 6.197 -68.1531 -19.803 6.75488 -58.051 -40.435 12.982 -57.901 -40.175 12.982 -58.051 -40.339 13.12 -57.901 -40.082 13.075 -57.901 -39.975 13.15 -71.849 -38.98 13.239 -71.664 -38.72 13.239 -68.792 -29.069 5.644 -72.1714 -27.803 12.275 -74.2 -27.803 12.497 -72.1714 -27.803 12.3 -65.5427 -19.803 5.82708 -72.1143 -27.803 10.9605 -71.9895 -27.803 10.0901 -64.845 -44.903 14.708 -72.1703 -27.803 11.9958 -72.1727 -27.803 11.3697 -64.845 -44.1 14.849 -72.1727 -27.803 12.3087 -72.172 -27.803 12.4829 -72.1721 -27.803 12.497 -64.45 -44.1 14.665 -72.1411 -28.298 11.3737 -74.2 -28.298 12.497 -72.0198 -28.298 10.5231 -63.8633 -20.298 6.15866 -63.2202 -20.298 6.71649 -63.2024 -20.298 6.73213 -63.2022 -20.298 6.73238 -62.64 -20.298 7.48978 -62.8865 -16.8715 12.3929 -64.45 -44.476 14.632 -64.6919 -15.003 10.4407 -64.7832 -15.003 10.3103 -64.6485 -15.003 10.5366 -64.45 -44.84 14.534 -62.941 -16.745 12.388 -72.1388 -28.298 11.9912 -72.1396 -28.298 11.7658 -57.79 -40.113 12.5 -57.8271 -40.192 12.497 -57.7926 -40.1182 12.497 -72.1404 -28.298 12.497 -72.1404 -28.298 12.4832 -72.1411 -28.298 12.3127 -72.1398 -28.298 12.3041 -57.79 -40.1127 12.497 -66.136 -15.003 10.0526 -61.8877 -20.298 9.41685 -66.3458 -15.003 10.2452 -71.664 -38.52 12.893 -72.1495 -28.1302 11.975 -62.197 -20.298 8.39489 -62.6324 -20.298 7.50006 -72.1528 -28.0787 11.9748 -66.5274 -15.003 10.4952 -66.4267 -15.003 10.3573 -57.901 -40.25 12.875 -71.664 -38.861 13.38 -62.1863 -20.298 8.41688 -74.2 -28.603 12.497 -72.1212 -28.603 11.4752 -72.1216 -28.603 11.3762 -71.9615 -28.603 10.2537 -72.1212 -28.603 12.4142 -72.121 -28.603 12.4904 -64.0366 -15.498 10.1894 -72.1195 -28.603 12.0207 -72.1204 -28.603 12.3067 -57.9699 -40.448 12.497 -57.9037 -40.3536 12.497 -72.1216 -28.603 12.3152 -64.093 -43.767 14.386 -72.121 -28.603 12.497 -67.2684 -15.498 10.3323 -67.0859 -15.498 9.99437 -57.901 -40.35 12.5 -58.051 -40.564 12.5 -57.901 -40.3498 12.497 -57.901 -40.339 12.63 -66.134 -41.675 12.928 -65.7 -41.638 12.934 -69.6256 -20.298 8.15347 -69.4375 -20.298 7.89659 -72.0289 -29.098 12.3213 -74.2 -29.098 12.497 -72.0279 -29.098 12.3142 -67.3282 -15.498 10.4433 -72.0284 -29.098 12.497 -72.0284 -29.098 12.4892 -70.4605 -20.298 10.2401 -70.3419 -20.298 9.86006 -72.0289 -29.098 11.3826 -72.027 -29.098 12.0115 -69.9575 -20.298 8.82123 -70.1195 -20.298 9.14703 -62.9419 -16.745 12.3811 -57.901 -40.305 12.757 -65.7 -41.751 13.355 -68.8036 -20.298 7.11571 -68.9992 -20.298 7.29816 -58.236 -40.68 12.893 -62.8404 -16.9847 11.9188 -62.8398 -16.9855 11.9755 -64.5782 -15.003 10.6943 -64.0302 -15.498 10.2036 -71.849 -38.65 12.667 -71.849 -38.636 12.5 -71.999 -38.861 12.63 -71.999 -38.85 12.5 -72.115 -28.706 12.316 -72.0638 -28.9367 12.489 -72.0992 -28.7755 12.497 -72.0659 -28.9273 12.497 -71.9963 -38.8464 12.497 -71.849 -38.6362 12.497 -71.8462 -38.6335 12.497 -71.664 -38.4513 12.497 -72.1144 -28.7062 12.497 -72.0279 -38.912 12.497 -71.999 -38.8503 12.497 -61.9899 -30.2 9.59211 -58.051 -40.506 12.83 -72.1138 -28.7061 12.3076 -72.1138 -28.7063 12.3078 -71.999 -38.895 12.757 -58.2388 -40.7507 12.497 -58.236 -40.7487 12.497 -58.0538 -40.5665 12.497 -58.236 -40.749 12.5 -58.236 -40.7487 12.497 -72.1129 -28.7065 12.0307 -71.849 -38.694 12.83 -62.8379 -16.9863 12.3759 -62.8429 -16.9724 12.3834 -72.1117 -28.716 12.3079 -62.8429 -16.9725 12.3838 -62.8408 -16.9841 11.8709 -71.6632 -38.4507 12.497 -71.6612 -38.4493 12.497 -58.051 -40.5638 12.497 -58.051 -40.5637 12.497 -62.3828 -30.2 8.16168 -62.7322 -30.2 7.47649 -71.664 -38.468 12.7 -62.2866 -30.2 8.47114 -62.0373 -30.2 9.27165 -67.3001 -20.298 6.07869 -67.1377 -20.298 6.02671 -58.051 -40.55 12.667 -72.115 -28.706 11.377 -66.9678 -20.298 5.93812 -67.0502 -20.298 5.96809 -71.664 -38.451 12.5 -67.4589 -20.298 6.12944 -69.6059 -30.2 6.69896 -69.6517 -30.2 6.74631 -68.0825 -20.298 6.50444 -71.56 -38.3784 12.497 -70.2967 -30.2 7.41355 -72.1167 -28.6707 12.497 -64.6262 -20.298 5.76876 -64.5977 -20.298 5.78317 -71.45 -38.379 12.944 -71.45 -38.321 12.726 -70.2999 -30.2 7.4184 -70.3604 -30.2 7.5082 -63.368 -43.2088 12.497 -63.3465 -43.2621 12.497 -59.713 -41.01 12.5 -71.45 -38.301 12.5 -70.8463 -30.2 8.24992 -70.8681 -30.2 8.2833 -62.8368 -16.9867 12.3903 -62.868 -16.901 12.392 -71.2756 -30.2 9.18858 -66.9646 -15.3532 10.0938 -66.954 -15.3488 10.0881 -66.946 -15.331 10.109 -59.46 -41.055 12.757 -59.46 -41.077 12.5 -66.9366 -15.3419 10.0784 -66.948 -15.3464 10.0848 -65.7 -41.6 12.5 -66.8903 -15.3371 10.0289 -68.2672 -20.298 6.6155 -59.4631 -41.0759 12.497 -59.46 -41.0767 12.497 -65.6972 -41.6005 12.497 -59.4599 -41.0768 12.497 -63.8753 -20.298 6.14829 -59.46 -40.988 13.005 -66.1783 -20.298 5.67013 -66.2448 -20.298 5.67561 -67.1244 -15.3749 10.3411 -67.15 -15.309 10.536 -71.607 -30.2 10.3103 -74.2 -30.2 12.497 -71.7395 -30.2 11.2777 -62.8193 -17.0347 11.6735 -59.272 -41.0934 12.497 -59.2803 -41.0926 12.497 -65.378 -20.298 5.61764 -65.4257 -20.298 5.6081 -65.266 -41.638 12.5 -59.2 -41.1 12.5 -71.7563 -30.2 11.3993 -65.266 -41.786 13.342 -65.266 -41.675 12.928 -59.203 -41.0995 12.497 -66.8816 -15.2804 10.193 -66.8811 -15.2821 10.1856 -66.8794 -15.2859 10.1683 -59.2 -41.0997 12.497 -71.45 -38.605 13.335 -59.2 -41.077 12.76 -71.45 -38.475 13.15 -59.1987 -41.0996 12.497 -71.308 -30.2 9.26034 -61.726 -20.298 10.5174 -71.757 -30.2 12.3139 -71.7586 -30.2 12.3239 -62.8793 -30.2 7.18777 -59.2 -41.01 13.013 -71.213 -38.379 13.205 -58.94 -41.077 12.5 -71.7579 -30.2 12.497 -63.3065 -30.2 6.64191 -58.9399 -41.0767 12.497 -71.7562 -30.2 12.0815 -66.8986 -15.3104 10.1171 -71.213 -38.275 12.982 -58.94 -41.055 12.757 -71.213 -38.212 12.745 -71.7586 -30.2 11.4789 -71.7569 -30.2 11.8983 -68.153 -19.835 6.733 -70.96 -38.321 13.239 -70.96 -38.212 13.005 -63.5067 -30.2 6.3862 -63.9861 -30.2 5.99607 -58.687 -41.01 12.5 -58.8135 -41.0432 12.497 -58.6899 -41.0105 12.497 -67.381 -19.919 6.235 -58.6845 -41.0085 12.497 -58.687 -41.0097 12.497 -58.687 -40.988 12.745 -71.45 -38.3013 12.497 -71.4471 -38.2999 12.497 -71.213 -38.1903 12.497 -71.2114 -38.1898 12.497 -71.7561 -30.2 11.463 -64.845 -41.786 12.908 -64.845 -41.751 12.5 -71.4466 -38.2997 12.497 -63.7892 -15.803 10.1152 -63.7467 -15.803 10.2306 -63.7682 -15.803 10.1585 -71.213 -38.19 12.5 -71.2101 -38.1895 12.497 -71.048 -38.1466 12.497 -60.384 -9.72126 12.497 -60.381 -9.72046 12.497 -60.047 -9.63026 12.497 -60.044 -9.63 12.497 -64.45 -41.935 12.5 -62.8368 -16.9869 12.4397 -67.6159 -15.803 10.2936 -67.4594 -15.803 10.0035 -70.96 -38.145 12.757 -70.96 -38.123 12.5 -61.6997 -11.6005 12.497 -61.67 -11.2533 12.497 -61.6997 -11.6017 12.497 -61.6958 -11.648 12.497 -70.96 -38.1233 12.497 -64.627 -20.221 5.791 -67.6574 -30.2 5.77069 -67.64 -30.2 5.76494 -67.5956 -30.2 5.73318 -62.8867 -16.8719 12.497 -62.8865 -16.8719 12.4608 -62.8684 -16.901 12.497 -63.877 -20.262 6.158 -62.8374 -16.986 12.497 -71.7452 -30.698 12.3254 -74.2 -30.698 12.497 -71.744 -30.698 12.3175 -71.7446 -30.698 12.497 -71.7452 -30.698 11.4804 -71.7432 -30.698 12.0792 -64.45 -41.968 12.876 -64.45 -41.9353 12.497 -71.5629 -30.698 10.3104 -61.232 -11.16 13.708 -61.232 -10.957 13.613 -61.432 -11.258 13.44 -60.986 -10.615 13.674 -61.232 -10.774 13.485 -70.7 -38.19 13.013 -64.4468 -41.9375 12.497 -70.7 -38.123 12.76 -71.7384 -30.698 11.4367 -60.986 -10.834 13.827 -63.3437 -16.298 10.3283 -63.3931 -16.298 10.1588 -60.986 -11.076 13.94 -71.7459 -30.2253 11.3998 -70.7 -38.1 12.5 -67.1322 -20.0842 6.09855 -60.986 -10.426 13.485 -61.232 -10.615 13.326 -67.027 -20.09 6.026 -70.697 -38.1005 12.497 -70.6957 -38.1006 12.497 -70.7 -38.1003 12.497 -70.957 -38.123 12.497 -64.392 -41.9759 12.497 -64.4468 -41.9375 12.497 -67.0572 -19.9154 6.13918 -60.7 -10.487 13.827 -67.0597 -19.9543 6.12004 -70.44 -38.212 13.005 -67.615 -45.331 13.533 -67.615 -45.492 13.303 -67.307 -45.567 13.731 -70.44 -38.145 12.757 -67.307 -45.331 13.967 -68.9292 -30.2 6.23044 -71.7228 -30.2324 11.2538 -60.7 -10.734 14 -60.7 -11.008 14.128 -66.95 -45.183 14.375 -64.2398 -30.2 5.78937 -60.384 -10.66 14.128 -70.44 -38.123 12.5 -60.384 -10.957 14.266 -70.536 -38.1148 12.497 -60.7 -10.273 13.613 -64.7437 -30.2 5.55768 -65.0477 -30.2 5.41812 -65.5509 -30.2 5.33924 -65.8986 -30.2 5.28475 -71.664 -39.207 13.58 -71.664 -39.025 13.495 -71.849 -39.27 13.406 -66.233 -20.133 5.724 -71.664 -39.4 13.632 -71.45 -39.156 13.721 -60.384 -10.392 13.94 -71.45 -39.374 13.779 -71.45 -38.95 13.625 -60.384 -10.16 13.708 -60.384 -9.972 13.44 -65.422 -20.177 5.644 -60.047 -10.926 14.351 -60.047 -10.615 14.206 -71.7546 -30.4626 12.497 -67.307 -45.9 13.155 -66.95 -45.975 13.583 -67.307 -45.759 13.458 -66.95 -45.759 13.892 -66.95 -45.492 14.159 -71.849 -39.767 13.45 -71.849 -39.93 13.406 -71.664 -39.8 13.632 -71.664 -39.6 13.649 -71.849 -39.6 13.464 -66.555 -45.9 14.01 -66.555 -45.61 14.3 -62.9577 -16.7444 11.7659 -71.849 -39.433 13.45 -66.134 -45.331 14.632 -71.45 -39.6 13.799 -66.134 -45.986 14.083 -71.45 -39.826 13.779 -66.134 -45.683 14.386 -63.0913 -20.603 6.7739 -63.1773 -20.603 6.65882 -62.5961 -20.603 7.43486 -68.0827 -16.298 10.0507 -66.555 -46.134 13.675 -66.134 -46.232 13.731 -61.232 -11.6 13.786 -61.432 -11.6 13.5 -61.432 -11.774 13.485 -62.1019 -20.603 8.49172 -61.8249 -20.603 9.41278 -61.232 -11.823 13.766 -61.232 -11.377 13.766 -62.5352 -20.603 7.55883 -62.1402 -20.603 8.36423 -61.432 -11.426 13.485 -71.213 -39.118 13.825 -62.9533 -16.7286 12.3816 -71.213 -39.355 13.888 -67.865 -45.331 12.717 -68.7796 -20.603 6.94578 -69.0859 -20.603 7.23148 -60.986 -11.334 14.009 -62.942 -16.7449 12.381 -71.751 -30.646 12.078 -71.7518 -30.646 12.3172 -70.96 -39.095 13.888 -67.9861 -30.2 5.81769 -68.1564 -30.2 5.88682 -66.7592 -30.2 5.39249 -67.1973 -30.2 5.57112 -60.986 -11.6 14.032 -67.7122 -45.568 12.497 -67.615 -45.683 12.779 -68.826 -30.2 6.15896 -69.4388 -20.603 7.71328 -67.615 -45.61 13.05 -69.7221 -20.603 8.10009 -69.9862 -20.603 8.63153 -60.7 -11.299 14.206 -71.213 -39.6 13.91 -61.8064 -20.603 9.54091 -71.213 -39.845 13.888 -62.9414 -16.745 12.497 -71.7524 -30.646 12.497 -71.753 -30.646 12.325 -67.615 -45.7067 12.497 -67.6185 -45.7018 12.497 -67.615 -45.707 12.5 -67.615 -45.7067 12.497 -61.232 -12.243 13.613 -60.986 -12.124 13.94 -61.232 -12.04 13.708 -63.7475 -20.603 6.16421 -64.6232 -20.603 5.68064 -64.4819 -20.603 5.75214 -63.8608 -20.603 6.06604 -66.3781 -30.2 5.34485 -61.432 -11.942 13.44 -70.96 -39.6 13.977 -70.96 -39.343 13.955 -67.464 -45.8577 12.497 -70.96 -39.857 13.955 -60.986 -12.366 13.827 -67.307 -45.986 12.833 -61.9026 -30.698 10.6466 -60.986 -11.866 14.009 -71.7518 -30.6461 12.3172 -71.7504 -30.6553 12.3172 -63.7066 -15.9162 10.0973 -63.6829 -15.9246 10.1569 -67.3103 -46.0114 12.497 -67.307 -46.015 12.5 -67.307 -46.0147 12.497 -60.7 -11.901 14.206 -63.6555 -15.932 10.2313 -70.7 -39.86 13.977 -70.96 -40.105 13.888 -70.7 -39.6 14 -60.7 -11.6 14.232 -70.7 -39.34 13.977 -67.5215 -20.603 6.0445 -68.036 -20.603 6.35387 -60.7 -12.192 14.128 -68.3425 -20.603 6.53809 -67.2138 -46.08 12.497 -63.5724 -15.9537 10.4587 -70.7 -39.087 13.91 -63.2245 -30.698 7.12349 -63.0399 -30.698 7.35939 -66.95 -46.232 12.876 -66.95 -46.134 13.24 -62.7194 -30.698 7.98802 -66.9532 -46.2625 12.497 -66.95 -46.2647 12.497 -66.555 -46.4487 12.497 -66.5582 -46.4473 12.497 -62.605 -30.698 8.21225 -66.95 -46.265 12.5 -70.44 -39.857 13.955 -70.44 -39.6 13.977 -66.8811 -20.603 5.80925 -66.2666 -20.603 5.58617 -62.4743 -30.698 8.43713 -66.555 -46.414 12.908 -66.555 -46.449 12.5 -70.44 -39.343 13.955 -70.44 -39.095 13.888 -62.0971 -30.698 9.50054 -66.44 -46.4796 12.497 -66.555 -46.4487 12.497 -62.2271 -30.698 9.13397 -71.664 -39.993 13.58 -66.555 -46.308 13.303 -71.45 -40.044 13.721 -60.384 -11.926 14.351 -60.384 -12.243 14.266 -60.384 -11.6 14.379 -71.664 -40.339 13.38 -71.45 -40.25 13.625 -71.664 -40.175 13.495 -71.45 -40.435 13.495 -65.2673 -20.603 5.55118 -65.435 -20.603 5.51761 -68.6809 -16.6637 12.379 -68.6556 -16.6299 12.0062 -71.213 -40.082 13.825 -67.235 -20.603 5.9529 -67.1454 -20.603 5.92422 -67.0841 -20.603 5.88317 -66.0772 -20.603 5.57054 -71.45 -40.595 13.335 -71.213 -40.68 13.406 -71.213 -40.506 13.58 -60.384 -11.274 14.351 -71.213 -40.305 13.721 -65.7 -46.265 13.75 -65.7 -46.015 14.107 -62.5419 -21.098 7.33488 -62.3705 -21.098 7.68362 -62.0746 -21.098 8.28686 -62.911 -21.098 6.84213 -70.96 -40.55 13.632 -70.96 -40.339 13.779 -70.671 -30.698 8.16286 -70.0116 -30.698 7.29617 -65.7 -45.707 14.415 -65.7 -45.35 14.665 -71.2009 -30.698 9.19045 -71.1919 -30.698 9.173 -71.6527 -31.003 11.183 -71.5194 -31.003 10.3274 -70.6722 -30.698 8.16527 -70.7302 -30.698 8.27689 -70.393 -21.098 9.04799 -70.4916 -21.098 9.36434 -70.96 -40.732 13.45 -70.7478 -21.098 10.1857 -70.7 -40.35 13.799 -69.9916 -30.698 7.26976 -65.266 -46.232 13.731 -65.266 -45.986 14.083 -70.0327 -21.098 8.32365 -69.4408 -21.098 7.41577 -69.2266 -21.098 7.12325 -65.266 -45.683 14.386 -65.266 -45.331 14.632 -69.8786 -21.098 8.01346 -69.3538 -17.898 10.3991 -61.7518 -21.098 9.36087 -61.96 -21.098 8.66881 -61.6938 -21.098 9.76357 -71.5518 -30.698 10.2761 -70.7 -40.749 13.464 -70.7 -40.564 13.649 -71.6994 -31.003 11.4824 -70.7 -40.113 13.91 -63.6423 -30.698 6.58976 -64.845 -45.275 14.534 -63.5595 -21.098 6.17323 -63.137 -21.098 6.53965 -71.6973 -31.003 12.0866 -71.6981 -31.003 12.3194 -70.44 -40.55 13.632 -71.6994 -31.003 12.3274 -71.6988 -31.003 12.497 -64.3464 -30.698 6.01629 -63.8395 -30.698 6.42928 -64.45 -45.183 14.375 -60.986 -10.091 12.766 -60.7 -9.868 12.5 -60.986 -10.068 12.5 -70.44 -40.105 13.888 -68.7407 -21.098 6.67001 -68.4646 -21.098 6.41247 -60.7 -9.86826 12.497 -60.9832 -10.0663 12.497 -60.986 -10.0683 12.497 -61.1577 -10.24 12.497 -63.8373 -21.098 5.93254 -64.2939 -21.098 5.70178 -71.6245 -31.498 12.497 -71.6251 -31.498 12.3308 -71.6238 -31.498 12.3228 -60.986 -10.273 13.266 -60.7 -10.1 13.366 -60.7 -9.972 13.092 -67.6233 -21.098 5.90663 -67.1579 -21.098 5.75788 -71.999 -39.343 13.205 -71.849 -39.118 13.335 -71.999 -39.225 13.15 -71.623 -31.498 12.089 -68.2978 -30.698 6.01463 -67.4737 -30.698 5.7419 -71.999 -39.118 13.075 -72.11 -39.343 12.944 -64.845 -45.61 14.3 -64.845 -45.9 14.01 -67.1393 -21.098 5.74536 -72.11 -39.27 12.893 -72.11 -39.207 12.83 -60.7 -9.894 12.801 -71.6237 -31.498 11.8989 -66.7402 -21.098 5.60011 -71.6251 -31.498 11.4858 -71.5137 -31.498 10.7712 -69.7677 -18.698 10.3851 -64.45 -45.759 13.892 -64.45 -45.492 14.159 -71.999 -39.025 12.982 -62.6602 -17.403 11.7848 -62.6674 -17.403 11.7341 -60.986 -10.16 13.024 -65.9132 -21.098 5.40892 -66.302 -21.098 5.441 -64.45 -45.975 13.583 -64.093 -45.759 13.458 -64.093 -45.567 13.731 -62.6572 -17.403 12.3747 -62.6582 -17.403 12.367 -60.384 -9.749 12.826 -65.45 -21.098 5.37075 -65.0874 -21.098 5.44334 -64.6182 -21.098 5.53764 -60.6971 -9.86691 12.497 -62.6576 -17.403 12.497 -72.11 -39.0873 12.497 -72.1088 -39.0846 12.497 -62.659 -17.403 12.1759 -62.6572 -17.403 11.6563 -67.9606 -21.098 6.10952 -60.384 -9.834 13.143 -64.845 -46.134 13.675 -71.6893 -31.0619 12.3197 -62.659 -17.403 11.2059 -62.6602 -17.403 10.8148 -64.845 -46.308 13.303 -69.2392 -30.698 6.5889 -71.6558 -31.2799 12.0932 -71.6488 -31.3263 12.0931 -66.1371 -46.5609 12.497 -72.11 -39.095 12.589 -72.11 -39.087 12.5 -72.177 -39.343 12.545 -69.1903 -30.698 6.5446 -66.134 -46.562 12.5 -72.1314 -39.168 12.497 -68.3832 -30.698 6.06533 -66.134 -46.5617 12.497 -72.072 -39.0061 12.497 -72.1074 -39.0818 12.497 -69.9167 -19.003 10.3522 -66.134 -46.525 12.928 -66.134 -46.414 13.342 -70.1672 -19.498 10.3549 -65.703 -46.5995 12.497 -60.384 -9.721 12.5 -65.7 -46.6 12.5 -65.7 -46.562 12.934 -65.416 -46.5749 12.497 -60.296 -9.6975 12.497 -70.2238 -20.603 9.10927 -65.7 -46.449 13.355 -70.399 -20.603 9.67107 -60.047 -9.66 12.842 -65.266 -46.562 12.5 -62.4437 -17.898 11.6662 -62.4494 -17.898 11.7095 -72.177 -39.47 12.726 -72.177 -39.4 12.667 -72.177 -39.433 12.7 -72.11 -39.156 12.757 -61.579 -10.9163 12.497 -61.5789 -10.9161 12.497 -72.177 -39.374 12.63 -61.5861 -21.098 10.5148 -61.6633 -20.603 10.5391 -64.845 -46.4487 12.497 -64.848 -46.4495 12.497 -65.269 -46.562 12.497 -65.266 -46.5617 12.497 -72.177 -39.355 12.589 -72.11 -39.118 12.675 -65.266 -46.5617 12.497 -62.4467 -17.898 11.7283 -62.4448 -17.898 12.3568 -71.999 -38.95 12.875 -62.4441 -17.898 12.497 -62.4437 -17.898 12.3648 -65.266 -46.525 12.928 -65.266 -46.414 13.342 -61.5026 -10.752 12.497 -61.432 -10.6003 12.497 -64.845 -46.449 12.5 -61.232 -10.392 12.94 -61.432 -10.66 12.842 -61.432 -10.734 13 -64.845 -46.4487 12.497 -64.845 -46.414 12.908 -72.1844 -39.424 12.497 -72.177 -39.34 12.5 -62.4446 -17.898 11.4436 -62.4467 -17.898 10.7583 -67.1549 -20.9783 5.7981 -64.5401 -30.698 5.92722 -64.45 -46.265 12.5 -64.5721 -46.3216 12.497 -64.4529 -46.2661 12.497 -64.45 -46.2647 12.497 -64.45 -46.232 12.876 -64.449 -46.2641 12.497 -71.578 -31.803 12.325 -74.2 -31.803 12.497 -71.5793 -31.803 12.3329 -64.45 -46.134 13.24 -65.9395 -30.698 5.53186 -65.2994 -30.698 5.63217 -66.0891 -30.698 5.55062 -65.1225 -30.698 5.65991 -62.494 -17.7839 12.3588 -64.392 -46.2241 12.497 -71.5788 -31.803 11.6271 -71.5793 -31.803 11.4879 -71.5788 -31.803 12.472 -71.5787 -31.803 12.497 -70.57 -20.603 10.2194 -67.348 -30.698 5.70032 -61.4315 -10.5995 12.497 -61.4293 -10.5964 12.497 -63.1122 -21.403 6.46622 -62.8 -21.403 6.88417 -64.093 -42.633 13.731 -61.432 -10.6 12.5 -66.8084 -30.698 5.6524 -62.269 -21.403 7.76052 -62.0342 -21.403 8.23919 -61.8725 -21.403 8.77792 -62.5084 -21.403 7.27327 -63.785 -42.869 13.533 -71.4281 -31.803 10.5174 -66.7664 -30.698 5.63527 -71.5772 -31.803 12.0815 -71.4054 -31.803 10.3719 -61.232 -10.314 12.5 -61.32 -10.4401 12.497 -64.093 -43.445 14.3 -72.11 -39.425 12.982 -72.177 -39.555 12.757 -72.11 -39.511 13.005 -70.8574 -21.403 10.165 -71.4497 -32.298 12.497 -71.4497 -32.298 12.4857 -71.4502 -32.298 12.3385 -69.4421 -21.403 7.23247 -69.3133 -21.403 7.05657 -68.7168 -21.403 6.50008 -71.999 -39.857 13.205 -72.11 -39.775 12.982 -72.11 -39.857 12.944 -64.093 -43.142 14.159 -71.4492 -32.298 12.3319 -71.4482 -32.298 12.0555 -61.232 -10.334 12.723 -61.432 -10.615 12.674 -71.999 -39.6 13.25 -72.11 -39.6 13.013 -72.11 -39.689 13.005 -70.4972 -21.403 9.01023 -70.5487 -21.403 9.17535 -71.4502 -32.298 11.4935 -71.4095 -32.298 11.2286 -63.785 -43.55 14.01 -69.975 -21.403 7.96008 -70.0614 -21.403 8.13395 -63.785 -43.297 13.892 -64.093 -44.1 14.415 -63.785 -43.821 14.083 -70.9807 -21.898 10.0257 -61.6244 -21.403 9.90076 -71.999 -39.73 13.239 -71.382 -31.967 10.381 -71.556 -31.958 11.489 -61.7068 -21.403 9.32889 -62.3135 -18.2 12.3587 -62.3145 -18.2 12.3514 -62.0526 -30.3143 9.48963 -62.016 -30.2994 9.69466 -62.3165 -18.2 11.6951 -71.2836 -32.298 10.414 -63.535 -43.672 13.675 -63.535 -43.475 13.583 -71.999 -39.47 13.239 -62.3139 -18.2 12.497 -63.785 -43.067 13.731 -71.5554 -31.958 12.497 -62.3135 -18.2 11.6723 -71.556 -31.958 12.334 -67.6859 -21.403 5.82169 -67.9142 -21.403 5.95895 -61.432 -11.1 13.366 -61.579 -11.258 13.092 -61.579 -11.366 13.143 -63.535 -43.883 13.731 -68.5398 -21.403 6.33506 -63.4436 -21.403 6.17878 -61.432 -10.957 13.266 -63.8228 -21.403 5.85029 -64.178 -21.403 5.67075 -63.535 -43.297 13.458 -61.579 -11.16 13.024 -61.432 -10.834 13.143 -61.579 -11.076 12.94 -63.535 -43.142 13.303 -71.485 -32.1844 12.4856 -71.5391 -32.0103 12.497 -71.4895 -32.1702 12.497 -63.351 -43.808 13.303 -71.5548 -31.958 12.3261 -63.351 -43.55 13.155 -62.1495 -18.698 12.3509 -62.15 -18.698 12.4916 -64.093 -44.755 14.3 -64.093 -44.433 14.386 -72.177 -39.645 12.757 -72.177 -39.6 12.76 -61.6709 -11.264 12.497 -61.67 -11.253 12.5 -61.67 -11.334 12.723 -61.67 -11.377 12.766 -72.177 -39.511 12.745 -61.5765 -10.9108 12.497 -71.5539 -31.958 12.0777 -61.579 -11.008 12.842 -66.3238 -21.403 5.35156 -65.8121 -21.403 5.30934 -71.5516 -31.9682 12.3262 -64.093 -45.058 14.159 -71.5548 -31.9581 12.3261 -63.785 -44.379 14.083 -62.4589 -30.5595 8.43122 -62.5573 -30.6825 8.29076 -65.4593 -21.403 5.28027 -62.152 -18.698 11.8311 -62.1504 -18.698 12.3438 -63.785 -44.65 14.01 -62.1495 -18.698 11.6803 -62.1525 -18.698 11.7026 -62.3231 -30.5092 8.79613 -63.785 -44.1 14.107 -62.265 -30.4879 8.95219 -67.1132 -21.403 5.63858 -64.9766 -21.403 5.37689 -64.6152 -21.403 5.44953 -62.15 -18.698 12.497 -66.6535 -21.403 5.47124 -72.1957 -39.552 12.497 -72.2 -39.6 12.5 -71.3019 -23.003 10.0968 -63.535 -44.317 13.731 -62.1304 -30.439 9.31465 -63.535 -44.1 13.75 -71.4303 -23.498 10.0785 -62.152 -18.698 10.8611 -62.235 -18.382 11.676 -62.4542 -21.898 7.17329 -62.1043 -21.898 7.88532 -61.9687 -21.898 8.16182 -70.09 -21.898 7.83599 -70.1231 -21.898 7.88182 -71.1219 -23.498 9.07634 -71.0782 -23.003 9.37006 -71.3549 -32.603 12.497 -71.3548 -32.603 12.4861 -71.3538 -32.603 12.1502 -71.3544 -32.603 12.3363 -63.535 -44.528 13.675 -63.351 -44.248 13.342 -61.6677 -11.2448 12.497 -71.3534 -32.603 12.0355 -63.351 -44.392 13.303 -72.1997 -39.6 12.497 -72.1997 -39.6005 12.497 -72.1997 -39.5989 12.497 -72.1997 -39.5995 12.497 -72.1992 -39.5917 12.497 -72.1995 -39.5948 12.497 -72.1985 -39.5829 12.497 -72.177 -39.8598 12.497 -71.3554 -32.603 12.3426 -72.1997 -39.6011 12.497 -72.1997 -39.6017 12.497 -71.2781 -32.603 10.9951 -71.3554 -32.603 11.4976 -62.1698 -18.6248 12.4917 -62.2094 -18.4783 12.497 -61.579 -10.957 12.734 -61.579 -10.926 12.619 -72.1997 -39.6025 12.497 -63.785 -44.903 13.892 -70.6515 -21.898 8.958 -72.1996 -39.6036 12.497 -72.1995 -39.6052 12.497 -61.67 -11.258 12.56 -61.579 -10.916 12.5 -63.535 -44.725 13.583 -72.1992 -39.6083 12.497 -70.6115 -21.898 8.87643 -69.4517 -21.898 6.95179 -72.1986 -39.616 12.497 -72.177 -39.857 12.545 -72.177 -39.86 12.5 -72.177 -39.845 12.589 -69.5721 -30.5166 6.88141 -69.4696 -30.4894 6.78733 -69.603 -30.283 6.733 -61.7306 -21.898 8.955 -71.2014 -33.098 11.5042 -71.201 -33.098 11.6206 -74.2 -33.098 12.497 -64.0897 -42.1886 12.497 -63.88 -42.3983 12.497 -63.4615 -43.008 12.497 -64.093 -42.1853 12.497 -64.3804 -41.984 12.497 -63.072 -21.898 6.34706 -62.6197 -21.898 6.9524 -69.3782 -30.4653 6.70348 -64.093 -42.3 13.155 -63.2556 -21.898 6.1878 -71.2009 -33.098 12.497 -71.2009 -33.098 12.4888 -62.2241 -18.4332 11.6986 -64.093 -42.214 12.833 -63.785 -42.59 13.05 -71.6043 -24.298 10.0591 -70.296 -30.207 7.416 -69.9883 -30.4219 7.25349 -71.2014 -33.098 12.3492 -71.2004 -33.098 12.3432 -71.201 -33.098 12.4656 -69.4389 -21.898 6.93969 -69.1232 -21.898 6.63975 -68.6778 -21.898 6.2243 -64.093 -42.185 12.5 -68.6619 -21.898 6.20943 -67.7876 -21.898 5.68383 -67.8388 -21.898 5.71459 -72.1996 -39.5964 12.497 -71.1996 -33.098 12.0663 -63.99 -21.898 5.62039 -63.7993 -21.898 5.7168 -62.238 -18.3818 11.6982 -62.2379 -18.382 11.6981 -62.2276 -18.4201 11.6985 -70.1208 -30.466 7.42962 -63.785 -42.708 13.303 -72.1997 -39.5975 12.497 -72.1997 -39.5983 12.497 -70.13 -30.469 7.44182 -71.5094 -23.803 10.0672 -63.785 -42.517 12.779 -70.6703 -30.3906 8.14861 -70.2305 -30.5023 7.57544 -63.785 -42.493 12.5 -72.1985 -39.6171 12.497 -63.535 -42.869 12.717 -63.535 -42.85 12.5 -66.8678 -21.898 5.38975 -66.8624 -21.898 5.38943 -62.3138 -18.2 11.5886 -71.309 -32.7462 12.0355 -72.1929 -39.68 12.497 -62.3165 -18.2 10.7238 -71.2085 -33.0735 12.4867 -70.7054 -30.4073 8.21688 -63.535 -42.925 12.928 -70.7782 -30.4422 8.35858 -70.7943 -30.4499 8.38982 -62.2375 -18.382 11.8415 -66.3592 -21.898 5.20639 -65.6481 -21.898 5.14772 -72.177 -39.73 12.726 -72.177 -39.689 12.745 -72.177 -39.8 12.667 -72.11 -39.93 12.893 -72.177 -39.767 12.7 -65.4744 -21.898 5.13341 -66.5126 -21.898 5.2621 -64.7968 -21.898 5.26904 -64.6103 -21.898 5.30653 -63.2773 -43.52 12.497 -66.9586 -21.898 5.41881 -72.1568 -39.936 12.497 -72.164 -39.9088 12.497 -62.2359 -18.382 12.3481 -63.351 -43.258 12.648 -71.1854 -30.3384 9.13805 -71.204 -30.674 9.188 -62.2354 -18.382 12.497 -62.235 -18.382 12.355 -70.098 -21.792 7.892 -72.177 -39.826 12.63 -69.444 -21.863 6.956 -71.9012 -25.898 10.1317 -63.535 -43.017 13.125 -72.11 -40.113 12.5 -72.11 -40.105 12.589 -70.611 -21.736 8.969 -62.2425 -18.3668 12.3484 -62.2359 -18.382 12.348 -72.11 -40.082 12.675 -71.3489 -32.6176 12.0346 -71.999 -39.975 13.15 -71.999 -40.082 13.075 -71.2056 -30.3327 9.17675 -63.351 -43.297 12.792 -71.2487 -30.3682 9.31071 -61.232 -10.487 13.143 -71.999 -40.175 12.982 -71.849 -40.22 13.239 -71.849 -40.339 13.12 -71.849 -40.082 13.335 -71.9262 -26.2 10.0409 -61.232 -10.3143 12.497 -63.351 -43.245 12.5 -71.664 -40.48 13.239 -63.351 -43.445 13.05 -63.351 -43.36 12.928 -61.2292 -10.3115 12.497 -70.6635 -34.2 12.3607 -74.2 -34.2 12.497 -70.665 -34.2 12.3704 -71.9301 -40.448 12.497 -71.999 -40.3498 12.497 -71.999 -40.3498 12.497 -72.0027 -40.3417 12.497 -72.1145 -40.0959 12.497 -72.11 -40.1127 12.497 -67.035 -21.5401 5.5664 -72.109 -40.1148 12.497 -66.8596 -21.847 5.40465 -72.11 -40.044 12.757 -72.11 -39.993 12.83 -70.6629 -34.2 12.125 -72.072 -40.1939 12.497 -71.999 -40.35 12.5 -71.9868 -27.003 10.0568 -70.6645 -34.2 11.6825 -63.238 -43.666 12.5 -70.6646 -34.2 12.497 -63.351 -43.952 13.342 -71.999 -40.339 12.63 -62.0669 -19.003 12.3469 -62.0674 -19.003 12.4915 -62.0674 -19.003 12.497 -71.999 -40.305 12.757 -70.665 -34.2 11.5254 -63.351 -43.672 13.24 -71.999 -40.25 12.875 -70.2884 -34.698 11.3206 -70.3215 -34.698 11.5387 -63.238 -44.025 12.928 -63.238 -43.952 12.908 -71.5776 -30.2 10.2069 -71.2973 -30.3539 9.45954 -62.4211 -22.2 7.11229 -62.0038 -22.2 7.96146 -63.238 -43.883 12.876 -70.3215 -34.698 12.3837 -70.3201 -34.698 12.3746 -70.3211 -34.698 12.497 -63.238 -43.821 12.833 -70.3195 -34.698 12.1089 -62.0669 -19.003 11.6844 -62.069 -19.003 11.0137 -70.3195 -34.698 12.1013 -63.238 -43.767 12.779 -63.238 -43.724 12.717 -71.849 -40.506 12.83 -71.0074 -22.2 9.84653 -62.0679 -19.003 12.3396 -71.849 -40.435 12.982 -62.069 -19.003 11.9837 -62.07 -19.003 11.7071 -71.8525 -40.5588 12.497 -71.849 -40.5638 12.497 -71.849 -40.564 12.5 -71.849 -40.5638 12.497 -71.849 -40.55 12.667 -70.7271 -22.2 8.93749 -71.664 -40.68 12.893 -70.1945 -22.2 7.85283 -70.6124 -22.2 8.70386 -63.238 -43.692 12.648 -71.6673 -40.7454 12.497 -63.238 -43.672 12.575 -71.664 -40.749 12.5 -71.664 -40.7487 12.497 -71.664 -40.732 12.7 -70.0673 -22.2 7.67642 -61.579 -11.6 13.184 -61.579 -11.719 13.174 -61.579 -11.481 13.174 -71.664 -40.595 13.075 -61.933 -19.498 12.3405 -61.9335 -19.498 12.4912 -61.5892 -22.2 9.24531 -61.644 -22.2 9.06305 -70.6463 -34.2358 12.497 -70.573 -34.38 12.374 -70.5726 -34.38 12.497 -62.5097 -22.2 6.99403 -61.9287 -22.2 8.11462 -71.56 -40.8216 12.497 -71.5258 -40.8456 12.497 -71.45 -40.899 12.5 -70.5714 -34.38 12.3634 -70.5713 -34.3801 12.3633 -71.45 -40.879 12.726 -71.45 -40.821 12.944 -63.0475 -22.2 6.27435 -61.67 -11.481 12.826 -61.67 -11.426 12.801 -70.5591 -34.3955 12.3638 -69.5179 -22.2 6.91544 -61.67 -11.299 12.674 -71.4532 -40.8965 12.497 -70.5708 -34.38 12.1376 -70.3266 -34.6889 12.1091 -71.45 -40.8987 12.497 -61.933 -19.498 11.6911 -61.9361 -19.498 11.7145 -71.4488 -40.8993 12.497 -63.1409 -22.2 6.1933 -63.7849 -22.2 5.63535 -71.3192 -40.96 12.497 -63.2005 -44.0948 12.497 -63.2008 -44.0917 12.497 -71.45 -40.725 13.15 -61.9343 -19.498 11.2613 -68.0746 -30.3456 5.91809 -68.2845 -30.3038 5.98486 -61.9343 -19.498 12.2313 -68.0022 -30.3599 5.89505 -61.934 -19.498 12.3328 -61.9335 -19.498 12.497 -71.213 -41.01 12.5 -63.2 -44.1 12.5 -71.576 -30.2791 10.3232 -71.213 -40.925 12.982 -63.368 -44.9912 12.497 -63.351 -44.955 12.5 -63.3982 -45.056 12.497 -70.573 -34.38 11.529 -71.213 -40.821 13.205 -66.4267 -22.2 5.13451 -66.3808 -22.2 5.11783 -65.548 -22.2 5.04912 -61.6931 -11.52 12.497 -61.67 -11.274 12.619 -71.5259 -30.2865 10.1584 -71.5726 -30.2725 10.3011 -63.351 -44.65 13.155 -63.535 -44.903 13.458 -63.535 -45.058 13.303 -63.351 -44.755 13.05 -70.96 -40.879 13.239 -64.6073 -22.2 5.21929 -63.8753 -22.2 5.58967 -61.7 -11.6 12.5 -61.67 -11.54 12.842 -63.351 -44.1 13.355 -64.6871 -22.2 5.20324 -67.7768 -30.2553 5.81373 -63.351 -44.528 13.24 -63.238 -44.248 12.908 -67.5934 -30.2413 5.75218 -74.2 -35.003 12.497 -63.238 -44.175 12.928 -63.238 -44.1 12.934 -67.329 -30.2896 5.66785 -66.9573 -30.5811 5.65681 -70.7 -40.899 13.25 -68.831 -30.367 6.235 -68.4921 -30.4042 6.11376 -65.4836 -22.2 5.04381 -66.9161 -22.2 5.30929 -66.9045 -22.2 5.30844 -70.44 -40.732 13.45 -67.7776 -22.2 5.59708 -67.845 -22.2 5.61956 -68.6227 -22.2 6.09902 -71.213 -41.0097 12.497 -71.2161 -41.0083 12.497 -68.7242 -22.2 6.16158 -68.5643 -30.4212 6.15759 -69.3952 -22.2 6.7989 -61.67 -11.719 12.826 -61.67 -11.66 12.842 -61.67 -11.6 12.847 -71.213 -40.988 12.745 -62.3771 -22.698 7.02507 -62.3428 -22.698 7.09454 -70.9631 -41.0759 12.497 -70.96 -41.0767 12.497 -70.9599 -41.0768 12.497 -70.96 -41.077 12.5 -70.0154 -35.003 11.1206 -70.96 -41.055 12.757 -70.96 -40.988 13.005 -70.0784 -35.003 12.1021 -70.0786 -35.003 12.1764 -68.7708 -30.4697 6.28288 -70.0792 -35.003 12.3864 -70.0803 -35.003 12.3931 -70.0799 -35.003 12.497 -70.7 -41.1 12.5 -70.0792 -35.003 11.8379 -70.0803 -35.003 11.5481 -70.7 -41.0997 12.497 -69.184 -30.4139 6.52517 -70.7 -41.077 12.76 -68.8274 -30.483 6.31724 -70.7 -41.01 13.013 -70.44 -41.077 12.5 -69.6123 -35.498 11.5659 -69.5963 -35.498 11.458 -70.8517 -22.698 8.90367 -71.0513 -22.698 9.55104 -70.44 -40.988 13.005 -70.44 -40.879 13.239 -71.1618 -31.003 9.22163 -71.4295 -31.003 10.05 -70.44 -38.861 13.779 -70.3123 -22.698 7.80503 -70.0298 -22.698 7.41329 -63.2004 -44.096 12.497 -70.614 -22.698 8.41928 -70.44 -38.468 13.45 -69.6272 -22.698 6.85551 -69.6123 -35.498 12.4109 -69.6116 -35.498 12.406 -63.2003 -44.0995 12.497 -63.2003 -44.0989 12.497 -63.2003 -44.0983 12.497 -63.2003 -44.1 12.497 -63.2003 -44.1005 12.497 -63.2003 -44.1011 12.497 -63.2003 -44.1017 12.497 -63.2003 -44.1025 12.497 -69.6106 -35.498 12.0954 -69.6108 -35.498 12.0593 -61.5247 -22.698 9.19798 -61.8532 -22.698 8.10986 -61.5162 -22.698 9.25692 -69.612 -35.498 12.497 -70.187 -38.895 13.721 -70.187 -38.694 13.58 -61.8726 -22.698 8.04529 -69.95 -38.765 13.495 -62.9641 -22.698 6.24537 -70.187 -38.52 13.406 -63.0177 -22.698 6.17424 -71.4489 -31.498 10.3549 -69.3461 -35.498 10.384 -63.2053 -44.16 12.497 -63.2015 -44.1171 12.497 -69.323 -22.698 6.56674 -68.5216 -22.698 5.90617 -68.823 -22.698 6.09185 -63.6943 -22.698 5.59394 -71.1089 -31.803 9.45693 -63.7711 -22.698 5.52816 -70.44 -38.321 13.239 -61.6985 -11.5829 12.497 -69.824 -35.327 12.403 -69.8153 -35.3335 12.3992 -66.9915 -22.698 5.22872 -66.9705 -22.698 5.22718 -70.187 -38.275 12.982 -65.5015 -22.698 4.93837 -65.3733 -22.698 4.9632 -64.6096 -22.698 5.11051 -64.507 -22.698 5.16157 -66.4126 -22.698 5.02003 -66.2617 -22.698 5.00651 -71.2047 -32.298 10.1687 -61.6997 -11.6011 12.497 -70.187 -38.19 12.5 -61.6992 -11.5918 12.497 -70.4369 -38.1241 12.497 -70.44 -38.1233 12.497 -70.187 -38.379 13.205 -71.0413 -32.603 9.97313 -70.187 -38.212 12.745 -61.67 -11.942 12.56 -61.67 -11.926 12.619 -61.67 -11.901 12.674 -61.67 -11.866 12.723 -70.187 -38.1903 12.497 -70.024 -38.2666 12.497 -69.95 -38.3013 12.497 -70.1839 -38.1917 12.497 -70.1819 -38.1927 12.497 -67.6543 -22.698 5.45013 -67.9325 -22.698 5.54301 -63.022 -22.513 6.199 -62.383 -22.548 7.042 -61.6986 -11.584 12.497 -61.6995 -11.5948 12.497 -61.879 -22.575 8.056 -69.95 -38.379 12.944 -63.7253 -31.003 6.71442 -63.4314 -31.003 7.08981 -69.95 -38.605 13.335 -69.95 -38.475 13.15 -63.052 -31.003 7.51618 -63.0983 -31.003 7.46426 -69.736 -38.72 13.239 -69.736 -38.861 13.38 -61.67 -11.947 12.5 -69.736 -38.605 13.075 -62.5569 -31.003 8.36646 -69.551 -38.765 12.982 -69.736 -38.52 12.893 -62.1326 -31.003 9.50922 -62.172 -31.003 9.39791 -62.5083 -31.003 8.45014 -61.67 -11.774 12.801 -69.551 -38.98 13.239 -69.551 -38.861 13.12 -69.551 -38.694 12.83 -61.432 -12.366 13.143 -61.432 -12.243 13.266 -61.579 -12.124 12.94 -69.9097 -35.2182 12.497 -61.579 -11.834 13.143 -70.7761 -33.098 9.65568 -61.579 -12.04 13.024 -61.432 -12.1 13.366 -61.579 -11.942 13.092 -70.4955 -31.003 8.01628 -69.9714 -31.003 7.32082 -61.8504 -19.803 12.3365 -61.8515 -19.803 12.3285 -61.8504 -19.803 11.6952 -61.8536 -19.803 11.719 -61.851 -19.803 12.491 -61.851 -19.803 12.497 -61.8513 -19.803 11.4139 -70.6392 -31.003 8.20684 -71.0388 -31.003 8.98238 -63.6538 -34.698 10.0784 -63.2004 -44.0964 12.497 -69.95 -38.321 12.726 -63.2003 -44.0975 12.497 -69.95 -38.301 12.5 -61.67 -11.823 12.766 -69.9692 -34.698 10.0079 -61.579 -12.284 12.5 -61.579 -12.243 12.734 -61.579 -12.192 12.842 -69.8237 -35.327 12.497 -69.8234 -35.327 12.399 -61.5835 -12.2669 12.497 -61.579 -12.2837 12.497 -69.9947 -35.109 12.0997 -61.579 -12.274 12.619 -61.432 -12.6 12.5 -61.432 -12.585 12.674 -69.8233 -35.327 12.3989 -69.8224 -35.327 12.0776 -69.6633 -35.4555 12.0975 -61.577 -12.288 12.497 -61.432 -12.54 12.842 -69.824 -35.327 11.558 -61.432 -12.466 13 -61.232 -12.426 13.485 -61.232 -12.585 13.326 -60.986 -12.585 13.674 -63.3308 -34.2 9.97611 -60.7 -12.927 13.613 -60.7 -12.713 13.827 -60.986 -12.774 13.485 -61.961 -31.003 10.5212 -61.7197 -20.298 11.7264 -61.7165 -20.298 11.7019 -63.7497 -31.003 6.69459 -60.7 -12.466 14 -69.736 -38.4513 12.497 -69.9468 -38.3035 12.497 -61.531 -22.594 9.204 -63.2165 -44.288 12.497 -63.238 -44.534 12.5 -69.736 -38.468 12.7 -61.7177 -20.298 12.321 -63.238 -44.508 12.648 -63.238 -44.528 12.575 -69.7555 -35.003 10.1377 -63.238 -44.476 12.717 -61.717 -20.298 12.497 -61.7165 -20.298 12.3301 -69.736 -38.451 12.5 -60.384 -12.54 14.128 -63.238 -44.433 12.779 -69.551 -38.65 12.667 -69.551 -38.636 12.5 -61.7166 -20.298 11.6615 -61.7204 -20.298 10.5563 -63.772 -22.472 5.562 -69.551 -38.6362 12.497 -69.7327 -38.4546 12.497 -60.384 -13.228 13.44 -64.4159 -35.498 10.3347 -61.793 -20.017 12.4909 -61.7897 -20.0292 12.497 -61.7328 -20.2399 12.497 -63.351 -44.903 12.792 -69.401 -38.861 12.63 -67.1214 -22.2892 5.35893 -66.9211 -22.2328 5.30398 -66.9626 -22.5074 5.25956 -63.238 -44.317 12.876 -69.2333 -35.803 12.2731 -74.2 -35.803 12.497 -69.234 -35.803 12.4202 -69.2345 -35.803 12.497 -65.5322 -14.5987 12.497 -69.512 -38.6919 12.497 -69.5475 -38.6412 12.497 -69.2327 -35.803 12.0798 -69.19 -35.803 11.2796 -69.1593 -35.803 11.0727 -66.39 -22.329 5.08 -61.232 -12.808 12.94 -61.232 -12.713 13.143 -63.238 -44.379 12.833 -69.401 -38.895 12.757 -69.401 -38.8503 12.497 -68.9654 -36.02 12.4309 -61.232 -12.886 12.5 -69.29 -39.118 12.675 -69.29 -39.095 12.589 -65.489 -22.378 4.991 -61.232 -12.866 12.723 -69.401 -38.85 12.5 -69.4009 -38.8506 12.497 -69.3973 -38.8583 12.497 -65.922 -31.003 5.71159 -65.1702 -31.003 5.81767 -64.605 -22.426 5.154 -69.3721 -38.912 12.497 -60.986 -12.927 13.266 -64.4155 -31.003 6.15355 -64.4117 -31.003 6.15527 -64.5228 -31.003 6.10429 -65.1516 -31.003 5.82597 -67.3604 -31.003 5.74705 -68.1807 -31.003 6.02574 -65.5256 -14.6002 12.497 -60.986 -13.132 12.5 -60.986 -13.109 12.766 -60.986 -13.04 13.024 -70.187 -39.355 13.888 -70.187 -39.118 13.825 -64.9244 -35.803 10.2162 -64.9765 -35.803 10.0802 -69.95 -39.374 13.779 -69.95 -39.156 13.721 -61.6594 -20.603 12.3271 -61.6606 -20.603 12.3179 -69.95 -38.95 13.625 -68.6361 -35.803 9.90601 -61.6598 -20.603 12.4548 -61.6599 -20.603 12.497 -68.7913 -35.803 10.1264 -60.7282 -13.312 12.497 -60.7 -13.332 12.5 -60.7 -13.306 12.801 -63.3535 -44.9602 12.497 -70.187 -39.6 13.91 -60.7 -13.228 13.092 -63.351 -44.9547 12.497 -70.9234 -33.403 10.5336 -60.7 -13.1 13.366 -70.187 -39.845 13.888 -60.384 -13.451 12.826 -63.351 -44.84 12.928 -63.535 -45.275 12.928 -60.384 -13.366 13.143 -71.0712 -33.403 12.3482 -71.0721 -33.403 12.3544 -63.351 -44.942 12.648 -69.95 -39.826 13.779 -69.95 -39.6 13.799 -71.0717 -33.403 12.497 -60.7032 -13.3295 12.497 -60.7 -13.3317 12.497 -71.0529 -33.403 11.3841 -71.0721 -33.403 11.5094 -71.0704 -33.403 12.0897 -67.8771 -36.298 10.4283 -61.5063 -23.003 9.18034 -61.7891 -23.003 8.24341 -67.5349 -36.298 10.131 -67.6743 -36.298 10.2366 -69.736 -39.4 13.632 -69.736 -39.207 13.58 -67.7624 -36.298 10.3026 -70.7446 -33.898 11.0334 -70.0069 -23.003 7.25214 -69.6941 -23.003 6.8188 -63.785 -45.331 13.533 -64.093 -45.331 13.967 -69.551 -39.433 13.45 -69.551 -39.27 13.406 -70.8192 -33.898 12.3643 -70.818 -33.898 12.3563 -69.736 -39.025 13.495 -60.047 -10.334 14.009 -63.785 -45.133 13.731 -60.047 -10.091 13.766 -60.047 -9.894 13.485 -69.736 -39.6 13.649 -59.7 -10.314 14.032 -59.7 -10.068 13.786 -59.7 -9.868 13.5 -59.353 -10.091 13.766 -59.353 -9.894 13.485 -64.0958 -46.0167 12.497 -64.093 -46.0147 12.497 -64.093 -46.015 12.5 -70.3845 -23.003 7.77575 -70.6149 -23.003 8.245 -70.928 -23.003 8.88296 -69.401 -39.343 13.205 -69.401 -39.225 13.15 -69.551 -39.118 13.335 -61.8568 -23.003 8.01873 -62.261 -23.003 7.20137 -67.2701 -31.003 5.73829 -61.6626 -20.603 11.7293 -59.016 -10.16 13.708 -68.3008 -31.003 6.0665 -62.3652 -23.003 6.99065 -62.8687 -23.003 6.32181 -63.0107 -23.003 6.13343 -61.5821 -21.098 11.7091 -61.5853 -21.098 11.7331 -70.8175 -33.898 12.145 -69.95 -40.044 13.721 -69.736 -39.8 13.632 -61.5821 -21.098 12.3229 -61.5834 -21.098 12.3134 -60.047 -11.6 14.47 -59.7 -11.253 14.47 -60.047 -11.258 14.44 -68.561 -36.041 10.348 -70.8188 -33.898 12.497 -59.7 -10.916 14.379 -61.5826 -21.098 12.497 -61.5848 -21.098 11.898 -70.8174 -33.898 12.1078 -70.818 -33.898 11.9401 -61.6594 -20.603 11.7049 -61.6348 -20.781 11.7309 -70.8192 -33.898 11.5193 -64.093 -46.0147 12.497 -64.1862 -46.08 12.497 -61.6483 -20.6774 12.497 -69.551 -39.767 13.45 -69.551 -39.6 13.464 -64.093 -45.9 13.155 -69.0413 -31.003 6.51311 -69.182 -31.003 6.59814 -69.8218 -31.003 7.18392 -63.785 -45.707 12.5 -63.88 -45.8017 12.497 -63.785 -45.683 12.779 -64.093 -45.986 12.833 -70.958 -33.6243 12.3522 -70.9191 -33.6991 12.1098 -63.785 -45.61 13.05 -61.5358 -21.403 12.3107 -61.5366 -21.403 12.0588 -61.5376 -21.403 11.7354 -59.7 -10.6 14.232 -63.785 -45.492 13.303 -68.8836 -23.003 6.04915 -69.2788 -23.003 6.42456 -66.3971 -31.003 5.65323 -66.3409 -31.003 5.66138 -66.0033 -31.003 5.71061 -65.966 -31.003 5.70539 -63.8283 -31.498 6.8369 -63.6087 -31.498 7.08094 -59.353 -10.926 14.351 -61.5345 -21.403 12.3203 -59.353 -11.258 14.44 -63.6878 -45.568 12.497 -63.5377 -45.3536 12.497 -59.353 -10.615 14.206 -61.5345 -21.403 11.7117 -61.535 -21.403 12.497 -63.5894 -23.003 5.63705 -63.535 -45.35 12.5 -63.535 -45.3497 12.497 -63.7699 -23.003 5.4825 -59.353 -10.334 14.009 -74.2 -29.403 12.497 -62.6113 -31.498 8.5068 -62.507 -31.498 8.79776 -62.9879 -31.498 7.86593 -63.1486 -31.498 7.59245 -62.2395 -31.498 9.54565 -61.4572 -21.898 11.716 -61.4603 -21.898 11.7389 -64.3971 -23.003 5.17005 -64.6148 -23.003 5.06174 -63.535 -45.183 13.125 -61.4585 -21.898 12.3062 -65.5133 -23.003 4.8882 -66.1556 -23.003 4.94578 -65.263 -23.003 4.93671 -66.4313 -23.003 4.97047 -66.9832 -23.003 5.17536 -67.0377 -23.003 5.17938 -61.4578 -21.898 12.497 -61.4572 -21.898 12.316 -67.5788 -23.003 5.36013 -67.9862 -23.003 5.49613 -61.4585 -21.898 11.3498 -68.4597 -23.003 5.78806 -60.047 -11.942 14.44 -63.535 -45.331 12.717 -61.5366 -21.403 11.0888 -59.7 -11.6 14.5 -69.16 -31.498 6.70359 -69.5063 -31.498 7.02064 -61.4625 -21.8727 12.3064 -59.7 -11.947 14.47 -63.785 -45.7067 12.497 -63.785 -45.7067 12.497 -63.7878 -45.7095 12.497 -62.3457 -23.498 6.93479 -62.1283 -23.498 7.37474 -71.0984 -31.498 9.27222 -71.2312 -31.498 9.68304 -63.0506 -16.603 10.8566 -59.353 -11.6 14.47 -59.353 -11.942 14.44 -70.5016 -23.498 7.72823 -70.6165 -23.498 7.96214 -69.8026 -23.498 6.75923 -69.9697 -23.498 6.99059 -60.047 -12.274 14.351 -70.7902 -31.498 8.673 -62.8888 -16.8726 10.9468 -62.8861 -16.8788 10.9371 -62.8769 -16.9003 10.9034 -69.9331 -31.498 7.41134 -61.4113 -22.2 12.3039 -61.4131 -22.2 11.7411 -61.4101 -22.2 12.3134 -70.2078 -31.498 7.77578 -70.587 -31.498 8.27868 -71.9603 -29.403 12.093 -71.961 -29.403 12.3185 -71.0519 -23.498 8.84934 -71.9619 -29.403 12.3254 -71.9614 -29.403 12.4894 -71.9614 -29.403 12.497 -61.8312 -23.498 7.97563 -61.6851 -23.498 8.46016 -61.4763 -23.498 9.1517 -59.353 -12.274 14.351 -65.1832 -14.698 11.5456 -65.1836 -14.698 11.4464 -61.2934 -23.498 10.4169 -71.9601 -29.403 11.9785 -71.9601 -29.403 11.9977 -61.4106 -22.2 12.497 -62.8413 -16.9827 10.933 -61.4101 -22.2 11.7185 -71.9619 -29.403 11.3869 -63.4192 -23.498 5.707 -62.9992 -23.498 6.06718 -62.7138 -23.498 6.44588 -69.2071 -23.498 6.19381 -71.8532 -29.898 11.394 -64.3448 -31.498 6.46919 -65.297 -14.698 11.0886 -65.2508 -14.698 11.1674 -71.8528 -29.898 11.5259 -65.2181 -14.698 11.2564 -59.016 -10.957 14.266 -63.768 -23.498 5.40839 -64.2188 -23.498 5.18381 -61.3439 -22.698 11.7444 -61.3421 -22.698 12.3005 -61.3409 -22.698 12.3095 -59.016 -10.66 14.128 -59.016 -10.392 13.94 -58.7 -10.487 13.827 -71.8527 -29.898 12.497 -71.8527 -29.898 12.4916 -64.6241 -31.498 6.27015 -61.3411 -22.698 12.3648 -61.3415 -22.698 12.4958 -61.3415 -22.698 12.497 -70.44 -40.339 13.779 -58.7 -11.008 14.128 -58.7 -10.734 14 -70.187 -40.506 13.58 -70.187 -40.305 13.721 -71.8532 -29.898 12.3321 -71.8528 -29.898 12.464 -61.4108 -22.2 11.509 -61.35 -22.6038 11.744 -71.8523 -29.898 12.3255 -71.8514 -29.898 12.0223 -70.187 -40.082 13.825 -59.016 -11.274 14.351 -61.3475 -22.6414 11.7441 -67.1126 -23.498 5.0993 -67.004 -23.498 5.09129 -58.7 -11.299 14.206 -61.35 -22.604 11.7439 -58.414 -10.834 13.827 -58.414 -11.076 13.94 -64.6233 -23.498 4.98259 -61.347 -22.604 12.31 -61.3482 -22.604 12.3009 -67.4562 -23.498 5.21406 -70.187 -40.68 13.406 -61.3482 -22.6039 12.3009 -71.8589 -29.8697 12.4898 -58.7 -10.273 13.613 -65.9835 -23.498 4.8472 -66.4617 -23.498 4.89003 -61.351 -22.5862 12.301 -65.084 -23.498 4.89371 -68.0732 -23.498 5.42005 -58.414 -10.615 13.674 -71.9356 -29.5145 11.9983 -58.414 -10.426 13.485 -68.9818 -23.498 5.97985 -68.3592 -23.498 5.59637 -65.2508 -14.698 12.1374 -65.297 -14.698 12.0586 -61.3476 -22.604 12.497 -61.343 -22.6757 12.497 -65.5326 -23.498 4.80678 -66.8841 -23.498 5.04688 -69.95 -40.25 13.625 -69.95 -40.435 13.495 -65.5038 -31.498 5.91355 -65.1675 -31.498 6.04998 -65.294 -14.698 11.9251 -65.3446 -14.698 11.999 -58.168 -10.774 13.485 -65.2499 -14.698 11.8363 -59.016 -11.6 14.379 -59.016 -12.243 14.266 -69.736 -40.175 13.495 -69.736 -39.993 13.58 -59.016 -11.926 14.351 -65.1961 -14.698 11.35 -67.8492 -31.498 6.03052 -68.2973 -31.498 6.18275 -69.551 -39.93 13.406 -67.3768 -31.498 5.87003 -66.9504 -31.498 5.82869 -66.4334 -31.498 5.77831 -66.0459 -31.498 5.83448 -68.7112 -31.498 6.43233 -58.7 -11.901 14.206 -58.7 -11.6 14.232 -69.401 -39.6 13.25 -65.1949 -14.698 11.6441 -58.7 -12.192 14.128 -66.9899 -23.1653 5.14778 -65.2181 -14.698 12.2264 -65.1961 -14.698 12.32 -65.2165 -14.698 11.7423 -65.1836 -14.698 12.4164 -63.6629 -31.0582 6.83912 -63.061 -31.089 7.521 -63.6194 -31.0523 6.88698 -69.401 -39.118 13.075 -58.414 -11.6 14.032 -69.29 -39.27 12.893 -69.29 -39.343 12.944 -58.414 -11.334 14.009 -69.401 -39.025 12.982 -63.7365 -31.0728 6.76333 -63.74 -31.0734 6.7597 -58.414 -12.124 13.94 -69.401 -38.95 12.875 -65.1833 -14.698 12.4849 -61.3224 -23.003 12.2989 -61.3241 -23.003 11.7458 -63.737 -31.046 6.732 -65.1832 -14.698 12.486 -58.414 -11.866 14.009 -71.213 -10.1903 12.497 -71.2101 -10.1895 12.497 -70.957 -10.123 12.497 -70.96 -10.1233 12.497 -70.6957 -10.1006 12.497 -70.697 -10.1005 12.497 -63.7487 -31.0751 6.75072 -63.7498 -31.0744 6.74923 -58.168 -11.823 13.766 -69.29 -39.156 12.757 -71.664 -11.025 13.495 -71.664 -11.207 13.58 -71.45 -10.95 13.625 -71.45 -11.156 13.721 -61.3218 -23.003 12.497 -61.3218 -23.003 12.4847 -58.168 -12.04 13.708 -69.29 -39.207 12.83 -71.45 -10.765 13.495 -71.213 -10.694 13.58 -71.213 -10.895 13.721 -58.168 -11.377 13.766 -58.168 -11.16 13.708 -62.521 -31.117 8.455 -71.213 -11.118 13.825 -58.168 -10.957 13.613 -61.8541 -19.803 10.5942 -69.29 -39.0873 12.497 -71.213 -10.52 13.406 -62.148 -31.136 9.513 -57.968 -11.258 13.44 -70.5738 -23.803 7.69895 -70.6174 -23.803 7.78786 -62.1883 -31.498 9.84677 -71.213 -11.355 13.888 -70.96 -11.095 13.888 -70.96 -10.861 13.779 -69.29 -39.087 12.5 -71.1282 -23.803 8.82862 -71.1488 -23.803 8.89536 -70.96 -10.65 13.632 -58.168 -11.6 13.786 -61.663 -20.603 10.667 -69.2897 -39.0883 12.497 -69.9467 -23.803 6.82944 -61.5848 -21.098 10.928 -61.4579 -23.803 9.13406 -61.621 -23.803 8.59371 -61.3593 -23.803 9.81923 -61.8154 -23.803 7.94908 -62.0466 -23.803 7.48157 -57.968 -11.426 13.485 -66.0299 -14.698 11.9527 -66.0299 -14.698 12.078 -57.968 -11.6 13.5 -69.223 -39.374 12.63 -62.6184 -23.803 6.52233 -62.9922 -23.803 6.02636 -63.3143 -23.803 5.75011 -57.968 -11.774 13.485 -66.1119 -14.698 12.3638 -66.0824 -14.698 12.2124 -65.9838 -14.698 12.0154 -69.223 -39.343 12.545 -69.223 -39.34 12.5 -58.168 -12.243 13.613 -69.0423 -23.803 5.93714 -69.1629 -23.803 6.05163 -62.3338 -23.803 6.90037 -61.3211 -23.003 12.3081 -61.3211 -23.003 11.7239 -61.3245 -23.003 10.6652 -63.7668 -23.803 5.36273 -64.1089 -23.803 5.1923 -69.223 -39.511 12.745 -69.223 -39.47 12.726 -69.29 -39.425 12.982 -69.223 -39.433 12.7 -69.223 -39.4 12.667 -61.2915 -23.498 11.9134 -61.2903 -23.498 12.2964 -66.7872 -23.803 4.95437 -67.017 -23.803 5.0395 -69.223 -39.355 12.589 -61.2921 -23.498 11.7489 -61.2915 -23.498 10.9434 -66.0824 -14.698 11.819 -60.047 -9.749 13.174 -61.2712 -23.803 11.1148 -61.2891 -23.498 12.3057 -61.2897 -23.498 12.4845 -61.2897 -23.498 12.497 -64.6285 -23.803 4.93383 -64.9738 -23.803 4.86722 -61.2891 -23.498 11.7263 -61.2383 -24.298 11.393 -67.1588 -23.803 5.04995 -60.047 -9.63 12.5 -68.1269 -23.803 5.37317 -67.3807 -23.803 5.12406 -66.4804 -23.803 4.84047 -60.0436 -9.62996 12.497 -61.3112 -23.2015 11.7468 -69.8695 -23.803 6.72253 -64.413 -31.009 6.158 -61.2084 -25.403 10.6822 -59.7 -9.63 12.847 -61.2045 -25.403 11.7337 -65.5445 -23.803 4.75662 -70.7 -11.087 13.91 -70.7 -10.85 13.799 -64.3861 -31.1603 6.32534 -66.1119 -14.698 11.6669 -66.1131 -14.698 11.5066 -66.0843 -14.698 11.3493 -65.8774 -23.803 4.78646 -70.7 -10.636 13.649 -64.49 -31.1565 6.25007 -64.5666 -31.1165 6.18193 -65.1031 -31.1521 5.97495 -61.2693 -23.803 11.7277 -64.463 -31.1706 6.27408 -70.5718 -24.298 7.53353 -69.9652 -24.298 6.68207 -61.2705 -23.803 12.2949 -61.2712 -23.803 12.0848 -61.2724 -23.803 11.7511 -61.3034 -27.803 11.0398 -61.2699 -23.803 12.497 -61.27 -23.803 12.4844 -61.2693 -23.803 12.3043 -66.1131 -14.698 12.4766 -66.1127 -14.698 12.4745 -71.849 -11.767 13.45 -61.4114 -28.603 10.5037 -71.849 -11.6 13.464 -61.2372 -24.298 12.3019 -61.2379 -24.298 12.4842 -61.2385 -24.298 12.2921 -61.2405 -24.298 11.7546 -61.2372 -24.298 11.7301 -71.849 -11.433 13.45 -61.2378 -24.298 12.497 -61.2466 -24.1736 12.2931 -71.664 -11.6 13.649 -71.5329 -24.298 9.8252 -71.664 -11.8 13.632 -71.664 -11.4 13.632 -65.9125 -31.0237 5.7293 -65.4508 -31.0278 5.79774 -65.968 -31.0232 5.72106 -61.218 -24.603 11.5644 -61.2174 -24.603 11.7316 -71.2241 -24.298 8.81218 -71.131 -24.298 8.62061 -61.2189 -24.603 12.2898 -61.2208 -24.603 11.7567 -61.2174 -24.603 12.3004 -61.2181 -24.603 12.488 -61.2181 -24.603 12.497 -65.3983 -31.0557 5.82716 -71.45 -11.374 13.779 -61.2005 -25.098 11.7333 -70.6702 -24.298 7.67161 -69.401 -39.47 13.239 -65.2026 -31.1592 5.93671 -69.29 -39.6 13.013 -69.29 -39.511 13.005 -61.204 -25.098 11.7589 -61.2021 -25.098 12.2873 -61.7897 -24.298 7.90598 -61.9139 -24.298 7.65495 -61.2005 -25.098 12.2986 -61.201 -25.098 12.4185 -71.664 -12.175 13.495 -61.517 -24.298 8.81046 -61.428 -24.298 9.10542 -61.2013 -25.098 12.497 -61.198 -24.903 11.733 -71.664 -11.993 13.58 -62.9808 -24.298 5.96012 -62.4635 -24.298 6.6464 -61.202 -24.9447 11.7587 -63.144 -24.298 5.82006 -62.3144 -24.298 6.8445 -61.2015 -24.903 11.7587 -61.2015 -24.9028 11.7588 -69.8782 -24.298 6.59815 -61.198 -24.903 12.299 -61.2009 -24.8825 12.2878 -63.9305 -24.298 5.20607 -63.7648 -24.298 5.28862 -61.1995 -24.9029 12.2876 -71.45 -11.826 13.779 -67.2581 -24.298 4.978 -69.223 -39.6 12.76 -69.223 -39.555 12.757 -61.5279 -29.098 11.728 -61.5306 -29.098 10.9936 -61.1995 -24.903 12.2877 -69.401 -39.857 13.205 -69.401 -39.73 13.239 -61.1987 -24.903 12.497 -61.8419 -30.2 10.9376 -69.29 -39.689 13.005 -61.2045 -24.8134 12.497 -61.8993 -30.698 11.4084 -69.29 -39.93 12.893 -69.223 -39.73 12.726 -69.29 -39.857 12.944 -69.223 -39.767 12.7 -61.208 -25.403 11.7593 -61.2045 -25.403 12.2981 -61.206 -25.403 12.2867 -61.2052 -25.403 12.497 -61.9389 -31.003 10.651 -61.2137 -25.898 11.9523 -61.2144 -25.898 11.7599 -69.401 -39.975 13.15 -69.29 -39.775 12.982 -61.2109 -25.898 11.7343 -65.3571 -14.6958 11.9996 -65.4315 -14.6852 12.0066 -62.048 -31.498 10.6678 -61.2124 -25.898 12.2858 -61.2109 -25.898 12.2972 -61.2116 -25.898 12.497 -62.0469 -31.498 10.9732 -61.956 -31.146 10.653 -61.2103 -25.5801 11.7595 -67.0381 -24.298 4.95544 -67.2338 -24.298 4.96987 -69.29 -39.993 12.83 -69.223 -39.8 12.667 -64.7948 -24.298 4.82422 -64.6369 -24.298 4.85467 -65.533 -14.598 11.531 -65.3522 -14.6966 11.9998 -62.2222 -31.803 10.128 -62.1278 -31.803 10.6806 -63.8848 -31.803 6.90003 -63.5145 -31.803 7.3117 -61.2148 -26.2 12.2967 -61.2164 -26.2 12.2852 -61.2169 -26.2 12.1354 -61.2183 -26.2 11.7602 -71.45 -11.6 13.799 -63.214 -31.803 7.64573 -62.2536 -32.298 11.701 -62.1258 -31.803 11.2507 -62.2572 -32.298 10.7014 -61.2148 -26.2 11.7347 -61.2155 -26.2 12.497 -62.2772 -32.298 10.5844 -69.223 -39.645 12.757 -61.2213 -26.698 11.7354 -61.2223 -26.698 11.4674 -62.4958 -31.803 9.07214 -62.6836 -31.803 8.54828 -62.9334 -31.803 8.12315 -62.3657 -32.603 10.861 -62.3662 -32.603 10.7203 -61.2247 -26.698 11.7607 -71.213 -11.6 13.91 -61.2228 -26.698 12.2844 -70.96 -11.343 13.955 -62.3166 -31.803 9.57317 -61.222 -26.698 12.497 -61.2213 -26.698 12.2958 -70.96 -11.6 13.977 -62.6635 -33.098 10.2711 -62.7548 -33.098 9.74093 -62.5798 -33.098 10.7587 -71.45 -12.25 13.625 -71.45 -12.044 13.721 -71.213 -12.082 13.825 -62.524 -32.603 9.80091 -61.2196 -26.4463 12.2848 -71.213 -11.845 13.888 -69.1347 -24.298 5.88162 -66.5107 -24.298 4.76003 -65.7053 -24.298 4.68788 -61.2255 -27.003 11.6523 -65.5638 -24.298 4.6752 -66.6298 -24.298 4.80424 -70.96 -11.857 13.955 -62.7114 -33.403 10.7823 -61.2259 -27.003 12.497 -61.2252 -27.003 12.2952 -70.637 -31.803 8.48238 -70.5548 -31.803 8.32296 -70.0305 -31.803 7.6276 -70.7 -11.6 14 -69.2 -39.6 12.5 -61.2267 -27.003 12.2839 -61.2286 -27.003 11.7611 -70.618 -23.99 7.681 -61.2252 -27.003 11.7358 -70.7 -12.113 13.91 -69.927 -24.065 6.691 -69.1464 -31.803 6.76857 -69.3119 -31.803 6.92003 -70.7 -11.86 13.977 -69.9096 -31.803 7.46711 -61.2668 -27.498 11.7352 -61.2703 -27.498 11.7604 -70.7 -11.34 13.977 -61.2668 -27.498 12.2961 -61.2683 -27.498 12.2849 -61.2676 -27.498 12.497 -61.227 -27.141 11.736 -61.2304 -27.1408 11.7612 -71.16 -23.93 8.82 -62.7494 -33.403 10.5607 -71.0593 -31.803 9.3034 -61.2332 -27.1658 11.7611 -61.2304 -27.141 11.7611 -69.2003 -39.5975 12.497 -69.2004 -39.5964 12.497 -69.2003 -39.5983 12.497 -69.2003 -39.5995 12.497 -69.2003 -39.6 12.497 -69.2003 -39.6005 12.497 -70.96 -10.145 12.757 -61.2283 -27.1221 12.2837 -69.2003 -39.6025 12.497 -61.227 -27.141 12.295 -61.2277 -27.141 12.497 -69.2005 -39.6052 12.497 -69.2004 -39.6036 12.497 -61.2285 -27.1409 12.2837 -69.2014 -39.616 12.497 -69.2008 -39.6083 12.497 -70.96 -10.123 12.5 -70.7 -10.1 12.5 -70.7 -10.123 12.76 -61.2285 -27.141 12.2838 -70.7 -10.19 13.013 -61.2499 -27.34 12.497 -65.5381 -31.803 5.98869 -65.8642 -31.803 5.94114 -70.7 -10.1003 12.497 -64.6701 -31.803 6.34068 -65.0084 -31.803 6.20362 -64.2151 -31.803 6.66488 -66.4557 -31.803 5.85538 -61.3034 -27.803 12.0098 -61.3043 -27.803 11.7598 -61.3008 -27.803 11.7345 -61.3008 -27.803 12.297 -61.3023 -27.803 12.2859 -61.3016 -27.803 12.497 -67.3869 -31.803 5.94582 -66.7534 -31.803 5.88439 -71.664 -10.605 13.075 -68.2952 -31.803 6.25438 -68.5078 -31.803 6.38255 -61.356 -28.298 11.7334 -61.3567 -28.298 11.5489 -71.664 -10.52 12.893 -61.3595 -28.298 11.7589 -61.356 -28.298 12.2985 -61.3576 -28.298 12.2873 -71.849 -10.694 12.83 -61.3568 -28.298 12.497 -69.2008 -39.5917 12.497 -69.2005 -39.5948 12.497 -61.3324 -28.0722 12.2867 -67.6449 -31.803 6.03346 -64.0046 -32.298 6.98249 -63.9765 -32.298 7.00248 -61.4103 -28.603 11.7574 -61.4068 -28.603 11.732 -63.3201 -32.298 7.7322 -63.3614 -32.298 7.68623 -61.4075 -28.603 12.497 -61.4072 -28.603 12.4188 -61.4068 -28.603 12.3 -61.4084 -28.603 12.2889 -62.8449 -32.298 8.54061 -62.8009 -32.298 8.61559 -62.4776 -32.298 9.51745 -65.4352 -14.6847 12.0064 -62.4417 -32.298 9.61782 -69.223 -39.86 12.5 -61.5313 -29.098 11.7525 -61.5306 -29.098 11.9636 -69.223 -39.845 12.589 -69.223 -39.857 12.545 -61.5294 -29.098 12.2931 -61.5279 -29.098 12.304 -69.223 -39.689 12.745 -61.5285 -29.098 12.497 -70.4662 -32.298 8.42795 -70.3395 -32.298 8.25781 -61.4799 -28.8873 11.7551 -69.8446 -32.298 7.59425 -61.4276 -28.6853 12.497 -70.9512 -32.298 9.37942 -70.8431 -32.298 9.16732 -69.29 -40.044 12.757 -69.29 -40.082 12.675 -69.223 -39.826 12.63 -64.7502 -32.298 6.45297 -64.7448 -32.298 6.45515 -65.5956 -32.298 6.11764 -65.5747 -32.298 6.12588 -64.903 -32.298 6.39095 -66.4931 -32.298 5.99696 -66.4422 -32.298 6.00383 -67.4009 -32.298 6.09436 -67.3196 -32.298 6.08567 -69.7123 -32.298 7.47138 -69.1076 -32.298 6.91039 -68.9824 -32.298 6.83365 -65.3532 -14.698 11.0183 -68.2832 -32.298 6.40328 -68.1763 -32.298 6.36575 -61.8382 -30.2 11.8342 -65.4976 -14.698 10.9181 -65.4202 -14.698 10.9607 -65.5835 -14.698 10.8995 -65.6772 -14.698 10.901 -70.187 -40.821 13.205 -69.95 -40.595 13.335 -65.9564 -14.698 11.0861 -66.0324 -14.698 11.2049 -69.891 -32.043 7.511 -65.7744 -14.698 10.931 -61.8397 -30.2 12.3131 -61.8382 -30.2 12.3228 -61.8389 -30.2 12.497 -69.134 -32.082 6.828 -61.8416 -30.2 11.8558 -70.0808 -40.96 12.497 -69.95 -40.899 12.5 -65.87 -14.698 10.9923 -69.95 -40.725 13.15 -70.533 -32.01 8.353 -69.736 -40.339 13.38 -71.036 -31.985 9.322 -61.901 -30.698 11.8548 -61.8993 -30.698 12.2528 -61.8976 -30.698 11.8331 -61.8991 -30.698 12.3144 -69.736 -40.48 13.239 -69.551 -40.22 13.239 -69.551 -40.339 13.12 -69.551 -40.082 13.335 -61.8976 -30.698 12.3239 -65.5047 -14.6778 12.0117 -65.5377 -14.6761 12.0156 -65.5017 -14.6781 12.0118 -65.5686 -14.6738 12.0156 -61.8983 -30.698 12.497 -64.5226 -15.003 10.8458 -64.5572 -15.003 10.7689 -64.5121 -15.003 10.8837 -69.551 -40.435 12.982 -69.401 -40.175 12.982 -61.8509 -30.2776 11.8556 -70.187 -40.925 12.982 -69.95 -40.821 12.944 -65.59 -32.263 6.102 -66.486 -32.217 5.96 -69.736 -40.68 12.893 -69.736 -40.595 13.075 -66.5908 -15.003 10.6234 -66.6733 -15.003 10.7926 -61.9339 -31.003 11.8323 -61.9345 -31.003 11.6968 -61.9355 -31.003 12.315 -61.9374 -31.003 11.8542 -67.399 -32.17 6.037 -61.9347 -31.003 12.497 -61.9339 -31.003 12.3247 -68.293 -32.125 6.33 -63.9053 -15.498 10.647 -63.9103 -15.498 10.629 -69.9529 -40.9001 12.497 -69.7388 -40.7507 12.497 -69.736 -40.7487 12.497 -70.187 -40.988 12.745 -69.95 -40.879 12.726 -62.8513 -32.603 8.82228 -62.9031 -32.603 8.67894 -69.736 -40.749 12.5 -65.6364 -14.6722 12.0156 -63.3307 -32.603 7.95957 -63.4148 -32.603 7.81754 -69.736 -40.732 12.7 -63.9391 -32.603 7.24213 -65.7115 -14.6736 12.0156 -62.5484 -32.603 9.65897 -69.551 -40.506 12.83 -67.4962 -15.498 10.946 -67.4512 -15.498 10.8106 -69.5538 -40.5665 12.497 -69.551 -40.564 12.5 -69.551 -40.5637 12.497 -69.551 -40.55 12.667 -62.0433 -31.498 11.8293 -62.0468 -31.498 11.8512 -68.7682 -32.603 6.84164 -69.0704 -32.603 7.02673 -62.0448 -31.498 12.318 -70.1346 -32.603 8.15701 -69.7892 -32.603 7.69383 -62.0433 -31.498 12.3275 -70.3955 -32.603 8.50733 -70.6551 -32.603 9.01659 -69.512 -40.5081 12.497 -62.0439 -31.498 12.497 -69.4986 -32.603 7.42398 -70.8686 -32.603 9.43538 -69.401 -40.25 12.875 -69.401 -40.082 13.075 -64.6524 -32.603 6.69474 -64.0605 -32.603 7.10931 -61.9545 -31.146 11.8538 -61.9611 -31.1712 11.8537 -61.9525 -31.146 12.3154 -64.3919 -15.125 10.7554 -64.8141 -32.603 6.58151 -61.951 -31.146 12.325 -65.4414 -32.603 6.33398 -62.0032 -31.3428 12.497 -64.3972 -15.1257 10.7327 -64.3658 -15.1257 10.8455 -67.4056 -32.603 6.23102 -67.1303 -32.603 6.20163 -66.5201 -32.603 6.13613 -66.2774 -32.603 6.16888 -68.266 -32.603 6.53247 -67.9705 -32.603 6.42877 -65.6448 -32.603 6.25393 -61.951 -31.146 11.832 -69.29 -40.113 12.5 -61.9525 -31.1459 12.3154 -64.2048 -33.098 7.29528 -63.8515 -33.098 7.68196 -62.9141 -33.098 9.30057 -63.095 -33.098 8.80067 -63.3169 -33.098 8.42736 -63.5851 -33.098 7.97424 -61.9513 -31.1357 12.3153 -61.9545 -31.1458 11.854 -69.29 -40.105 12.589 -65.9203 -14.6901 12.0154 -64.4965 -33.098 7.09097 -69.0099 -33.098 7.21554 -68.4207 -33.098 6.85459 -69.4699 -40.448 12.497 -69.4037 -40.3536 12.497 -70.2807 -33.098 8.63615 -69.8021 -33.098 7.99341 -69.6992 -33.098 7.85544 -69.401 -40.35 12.5 -70.35 -33.098 8.77196 -69.3271 -40.192 12.497 -70.7345 -33.098 9.52619 -61.9517 -31.146 12.497 -69.401 -40.339 12.63 -69.401 -40.305 12.757 -65.225 -33.098 6.6717 -64.9277 -33.098 6.78903 -65.7245 -33.098 6.47513 -66.5637 -33.098 6.36199 -68.238 -33.098 6.74213 -67.6366 -33.098 6.53105 -69.1517 -33.098 7.34707 -66.0099 -33.098 6.43675 -67.4131 -33.098 6.45282 -66.8231 -33.098 6.38984 -62.1239 -31.803 12.497 -62.1233 -31.803 12.3296 -70.443 -41.077 12.497 -70.4399 -41.0767 12.497 -62.1248 -31.803 12.3203 -70.44 -41.055 12.757 -70.1899 -41.0105 12.497 -70.187 -41.01 12.5 -62.1258 -31.803 12.0957 -62.1266 -31.803 11.8478 -70.1845 -41.0085 12.497 -62.1233 -31.803 11.8269 -66.9106 -15.1751 10.6422 -66.8928 -15.1574 10.6796 -66.8968 -15.1462 10.7537 -62.2531 -32.298 11.823 -62.2562 -32.298 11.8421 -62.2544 -32.298 12.3249 -62.2531 -32.298 12.3331 -62.2537 -32.298 12.497 -62.1901 -32.0519 12.3221 -62.3622 -32.603 11.8196 -62.3628 -32.603 12.4771 -62.3628 -32.603 12.4926 -62.3628 -32.603 12.497 -62.3622 -32.603 12.3364 -62.3634 -32.603 12.3289 -62.3652 -32.603 11.8381 -62.5776 -33.098 11.3044 -62.5764 -33.098 12.497 -62.5764 -33.098 12.4922 -62.5758 -33.098 11.8127 -62.5789 -33.098 11.832 -62.577 -33.098 12.3361 -62.5758 -33.098 12.3432 -62.5776 -33.098 12.1494 -62.4278 -32.7482 11.836 -62.3705 -32.6207 12.4918 -63.1735 -34.2 11.2934 -63.1735 -34.2 12.1384 -63.1749 -34.2 11.8144 -63.1715 -34.2 12.3625 -63.1726 -34.2 12.3556 -63.1715 -34.2 11.7935 -63.1721 -34.2 12.4951 -63.172 -34.2 12.497 -63.4966 -34.698 11.7829 -63.4967 -34.698 11.744 -63.4966 -34.698 12.3731 -63.4977 -34.698 12.3662 -63.5001 -34.698 11.8047 -63.4971 -34.698 12.497 -63.4296 -34.5946 12.4954 -63.4307 -34.5963 12.497 -63.3332 -34.4461 12.3611 -63.4589 -34.6395 12.497 -65.8013 -14.6789 12.0155 -63.7837 -35.003 11.1847 -63.7809 -35.003 12.3828 -63.7821 -35.003 12.3759 -63.7837 -35.003 12.0294 -63.7846 -35.003 11.8294 -63.7875 -35.003 11.8131 -63.7809 -35.003 11.7735 -63.7814 -35.003 12.497 -64.2676 -35.498 11.077 -64.2649 -35.498 12.497 -64.2645 -35.498 12.3994 -64.265 -35.498 11.6528 -64.2645 -35.498 11.7575 -64.2801 -35.498 11.8515 -64.2676 -35.498 11.922 -64.2654 -35.498 12.3936 -64.1543 -35.3842 12.3894 -64.6762 -35.803 11.3026 -64.6766 -35.803 11.1572 -64.6742 -35.803 11.7435 -64.6762 -35.803 12.1472 -64.6766 -35.803 12.0022 -64.6742 -35.803 12.4135 -64.675 -35.803 12.4087 -64.6744 -35.803 12.497 -64.6979 -35.803 11.8844 -65.6219 -36.298 11.0313 -65.5623 -36.298 11.333 -68.2852 -36.298 11.1822 -68.3454 -36.298 11.4688 -68.324 -36.298 11.3184 -65.5621 -36.298 12.2389 -65.5616 -36.298 12.4427 -65.5613 -36.298 12.4442 -65.5615 -36.298 12.4813 -65.5623 -36.298 12.178 -65.6056 -36.298 11.9591 -65.5615 -36.298 12.497 -65.5613 -36.298 11.7125 -65.5621 -36.298 11.3939 -65.5725 -36.298 11.7731 -68.3651 -36.298 12.2505 -68.3658 -36.298 12.4003 -68.3428 -36.298 12.1112 -68.3664 -36.298 12.4568 -68.366 -36.298 12.454 -68.3662 -36.298 12.497 -68.3433 -36.298 12.0522 -68.3386 -36.298 12.0828 -68.3651 -36.298 11.9055 -68.3657 -36.298 11.7616 -68.3664 -36.298 11.6118 -65.298 -36.207 11.28 -68.897 -36.023 11.151 -65.086 -36.0697 12.4237 -65.0873 -36.0508 11.9148 -65.298 -36.207 12.125 -65.2947 -36.2053 12.4331 -65.2973 -36.207 12.4332 -65.2973 -36.207 12.4333 -65.297 -36.207 12.435 -65.2971 -36.207 12.497 -65.3262 -36.217 12.497 -65.3301 -36.2052 11.9352 -65.297 -36.207 11.722 -65.3308 -36.2055 11.9364 -65.4685 -36.266 12.4802 -68.3853 -36.2771 12.0832 -68.5364 -36.219 12.4474 -68.9653 -36.02 12.4307 -68.948 -36.028 12.4315"/>
    <Normal vector="-1.5708 1.5708 -1.5708 1.5708 1.5708 -1.5708 -1.5708 -1.5708 -4.71239 -1.5708 -1.5708 -1.5708 -1.5708 1.5708 -1.5708 -1.5708 1.5708 -4.71239 -1.5708 -1.5708 -4.71239 -1.5708 -1.5708 -1.5708 0.976299 -3.76215 2.92084 2.61949 -0.984215 5.54547 1.02303 -3.43998 2.95533 -1.5708 1.5708 -1.5708 -1.5708 1.5708 -4.71239 -1.5708 -1.5708 -4.71239 -1.5708 -1.5708 -1.5708 3.74981 -1.1096 4.84168 1.60835 2.4568 2.61034 1.66005 -3.51999 2.6402 1.35406 -3.70823 2.76438 -1.5708 1.5708 -1.5708 -1.5708 1.5708 -4.71239 -1.5708 -1.5708 -4.71239 -1.5708 -1.5708 -1.5708 -1.5708 1.5708 -1.5708 -1.5708 1.5708 -4.71239 -1.5708 -1.5708 -4.71239 -1.5708 -1.5708 -1.5708 -1.5708 1.5708 -1.5708 -1.5708 1.5708 -4.71239 -1.5708 -1.5708 -4.71239 -1.5708 -1.5708 -1.5708 -1.5708 1.5708 -1.5708 -1.5708 1.5708 -4.71239 -1.5708 -1.5708 -4.71239 -1.5708 -1.5708 -1.5708 -1.5708 1.5708 -1.5708 -1.5708 1.5708 -4.71239 -1.5708 -1.5708 -4.71239 -1.5708 -1.5708 -1.5708 -1.5708 1.5708 -1.5708 -1.5708 1.5708 -4.71239 -1.5708 -1.5708 -4.71239 -1.5708 -1.5708 -1.5708 -1.5708 1.5708 -1.5708 -1.5708 1.5708 -4.71239 -1.5708 -1.5708 -4.71239 -1.5708 -1.5708 -1.5708 -1.5708 1.5708 -1.5708 -1.5708 1.5708 -4.71239 -1.5708 -1.5708 -4.71239 -1.5708 -1.5708 -1.5708 -1.5708 1.5708 -1.5708 -1.5708 1.5708 -4.71239 -1.5708 -1.5708 -4.71239 -1.5708 -1.5708 -1.5708 1.06913 5.74448 2.09046 1.07401 6.01936 1.0629 0.000740491 5.8328 2.12535 -1.5708 1.5708 -1.5708 -1.5708 1.5708 -4.71239 -1.5708 -1.5708 -4.71239 -1.5708 -1.5708 -1.5708 -1.5708 1.5708 -1.5708 -1.5708 1.5708 -4.71239 -1.5708 -1.5708 -4.71239 -1.5708 -1.5708 -1.5708 3.17203 5.39239 -0.000798027 3.85109 4.92712 -0.00274423 3.27262 5.27483 0.253815 -1.5708 1.5708 -1.5708 -1.5708 1.5708 -4.71239 -1.5708 -1.5708 -4.71239 -1.5708 -1.5708 -1.5708 -1.5708 1.5708 -1.5708 -1.5708 1.5708 -4.71239 -1.5708 -1.5708 -4.71239 -1.5708 -1.5708 -1.5708 -1.5708 1.5708 -1.5708 -1.5708 1.5708 -4.71239 -1.5708 -1.5708 -4.71239 -1.5708 -1.5708 -1.5708 3.94191 4.89277 -0.00292551 -1.5708 1.5708 -1.5708 -1.5708 1.5708 -4.71239 -1.5708 -1.5708 -4.71239 -1.5708 -1.5708 -1.5708 -1.5708 1.5708 -1.5708 -1.5708 1.5708 -4.71239 -1.5708 -1.5708 -4.71239 -1.5708 -1.5708 -1.5708 -1.5708 1.5708 -1.5708 -1.5708 1.5708 -4.71239 -1.5708 -1.5708 -4.71239 -1.5708 -1.5708 -1.5708 -1.5708 1.5708 -1.5708 -1.5708 1.5708 -4.71239 -1.5708 -1.5708 -4.71239 -1.5708 -1.5708 -1.5708 -1.5708 1.5708 -1.5708 -1.5708 1.5708 -4.71239 -1.5708 -1.5708 -4.71239 -1.5708 -1.5708 -1.5708 -1.5708 1.5708 -1.5708 -1.5708 1.5708 -4.71239 -1.5708 -1.5708 -4.71239 -1.5708 -1.5708 -1.5708 -3.98566 4.78036 0.00120032 -2.01767 2.39827 3.11993 -2.2167 2.218 2.95105 -4.75789 4.02428 -1.43433e-05 -2.91878 3.05733 1.14136 -2.80617 2.87494 1.38704 -1.5708 1.5708 -1.5708 -1.5708 1.5708 -4.71239 -1.5708 -1.5708 -4.71239 -1.5708 -1.5708 -1.5708 -1.5708 1.5708 -1.5708 -1.5708 1.5708 -4.71239 -1.5708 -1.5708 -4.71239 -1.5708 -1.5708 -1.5708 -1.5708 1.5708 -1.5708 -1.5708 1.5708 -4.71239 -1.5708 -1.5708 -1.5708 -1.5708 1.5708 -1.5708 -1.5708 1.5708 -4.71239 -1.5708 -1.5708 -4.71239 -1.5708 -1.5708 -1.5708 -1.5708 1.5708 -1.5708 -1.5708 1.5708 -4.71239 -1.5708 -1.5708 -4.71239 -1.5708 -1.5708 -1.5708 1.5708 1.5708 1.5708 0 3.14159 3.14159 0.548193 3.0846 3.05153 -1.5708 1.5708 -1.5708 -1.5708 1.5708 -4.71239 -1.5708 -1.5708 -4.71239 -1.5708 -1.5708 -1.5708 1.07498 6.11206 0.00254385 0.271306 3.11754 2.86424 0.000837024 6.20681 -0.00082649 -3.09832 5.38746 -0.00587275 -1.79829 2.56552 2.90957 0.793266 3.02573 2.84973 3.27389 5.2743 -0.254192 -1.79216 2.57105 2.92376 -2.40639 2.00842 3.14977 0.809172 3.02507 2.88922 0.00363097 3.13298 3.04549 1.97389 2.44404 3.13551 1.64676 2.64845 3.37883 3.30134 5.25667 0.234206 1.5708 -1.5708 -1.5708 -3.14159 0 -3.14159 -3.14159 0 -3.14159 2.11336 5.75107 1.00975 -3.98068 4.70745 0.830173 2.1136 5.48875 1.99538 2.1159 5.84065 -6.98793e-07 1.89289 5.64281 0.135274 -1.5708 -1.5708 1.5708 0.816202 3.02263 2.88245 2.89594 2.76918 1.14414 2.96098 2.60613 0.903048 1.96308 4.83466 1.76515 2.21542 4.66028 1.62945 -5.19065 -3.4703 0.690951 -5.15309 -3.5177 0.726399 -2.49423 -5.03798 0.188421 2.67548 2.80629 1.59952 2.7877 2.62705 1.3541 -2.66585 -4.7815 0.232053 2.35489 2.86179 2.04848 2.5279 2.6579 1.80149 2.27722 4.76724 1.41818 1.32029 2.84051 2.90088 1.07584 2.94321 3.05636 3.30167 5.25639 0.234753 1.97255 5.5867 -0.00799004 1.89326 5.64258 0.134689 -2.61627 1.44279 0.372539 -5.15325 -3.51746 0.726917 -5.10441 -3.58125 0.765428 -2.53518 -4.96289 0.354015 -1.79758 2.56692 2.9197 -2.6737 3.03917 1.63082 -2.99935 2.90732 0.904763 -3.0626 3.06779 0.671999 -1.5708 -1.5708 1.5708 3.09165 5.3097 0.93395 -2.6294 1.5199 0.549908 -1.5708 1.5708 1.5708 -5.38716 2.4105 2.02161 -5.85921 1.65474 1.38782 -5.38811 2.0216 2.40876 -2.49696 2.83228 1.88125 -0.187361 -3.08726 3.68855 3.12922 0 2.86309 -0.181026 -3.10289 3.59516 -2.70385 1.55932 0.185313 1.32094 2.83958 2.89358 -5.38661 1.57177 2.72509 -4.75335 2.58308 3.08701 -4.75576 2.00993 3.48806 2.15893 2.702 2.23951 1.91035 2.93639 2.47312 2.14197 0.8697 0.346523 2.14145 -5.41354 0.349404 2.17897 0.946494 0.53234 2.02241 -5.48952 0.500572 -4.75539 3.08463 2.5825 -4.75763 3.48681 2.00817 2.05672 0.868045 0.685932 3.09244 5.0663 1.84381 2.11431 5.05552 2.91836 -0.158604 -3.08701 3.69763 -0.0103218 -3.09917 3.65429 2.66172 4.5814 0.843676 2.50645 4.7196 1.03437 3.09579 4.66711 2.69763 -2.92371 4.25132 0.242686 -1.5708 1.5708 1.5708 -2.9266 4.24459 -0.231246 -3.98291 3.07359 3.66185 0.309103 4.93879 2.55815 -0.0182459 5.12011 2.42984 -3.98236 3.66125 3.07568 -1.5708 -1.5708 1.5708 3.08982 5.39377 0.000150055 -2.29269 3.01993 2.12842 -2.03022 2.77913 2.3699 -1.74137 2.99245 2.59358 1.5686 2.71319 3.07899 3.98489 4.13782 2.38849 3.98527 4.48852 1.63392 -0.308669 4.98079 2.52818 -0.583163 5.14887 2.3346 1.86139 4.72703 1.97262 3.98543 4.7049 0.827456 0.529904 -3.0953 3.23055 3.03605 -0.804028 3.06719 0.268235 -3.11852 2.96873 0.555009 5.06512 2.41134 -2.88413 4.38708 0.0111695 -2.80919 4.51987 -0.216912 3.98441 4.77911 -0.00176514 -2.80909 4.52015 0.216187 -1.87158 -1.31072 1.73628 -1.87524 -1.31209 1.73378 -2.12655 -1.46145 1.5751 -2.88746 4.37936 0.000218157 -1.44074 2.19662 1.98415 0.512892 -3.09781 3.24196 0.5336 -3.09594 3.14658 -5.38704 2.95565 1.07591 -5.86026 2.02973 0.735186 -5.85971 1.87114 1.0771 2.21751 2.21646 2.94274 2.2189 2.21577 2.95072 2.02142 2.3953 3.10885 1.79513 2.56928 2.92734 1.1043 2.92985 2.93348 0.686147 2.66274 3.01029 0.266641 2.94199 3.12389 -0.669078 0.432762 1.43552 -0.414596 0.356666 1.39351 1.0234 2.84345 2.95523 1.32974 3.03142 2.83081 1.65989 2.76254 2.64021 -0.788964 0.394222 1.30349 -5.85892 2.15978 0.000893222 -6.15336 1.09709 0.18615 -5.85961 2.1274 0.376379 -2.57112 -1.7986 2.98666 -2.56974 -1.79799 2.95927 -0.841869 -3.02478 3.24912 -1.5708 1.5708 1.5708 -2.95104 1.05278 3.22398 -2.84412 1.32953 3.02778 -1.38711 2.71976 2.78704 -1.01634 2.95844 2.94886 -1.31698 -0.714667 0.997166 -2.62709 -1.41882 -0.000980715 -1.5708 -1.5708 1.5708 -2.84321 1.33158 3.02909 -2.84311 1.33159 3.02662 -0.171753 2.91787 3.11043 0.27674 2.62284 3.08608 2.56913 1.44783 0.611882 2.54438 -4.94122 0.396363 2.42544 -5.04671 0.578405 -0.232627 0.406897 1.51894 -2.63077 -1.42447 0.010738 -2.69138 -1.54466 -0.214976 -2.54176 -1.31278 -0.1958 2.45283 -4.93886 0.789317 2.45017 1.341 0.790032 -0.589628 2.66262 3.04836 -2.63073 -1.4244 0.0106747 -2.69161 -1.54512 0.214963 -2.54554 -1.31865 0.207163 2.21691 2.21693 2.94122 -5.3857 2.72548 1.57395 4.75796 4.02018 -0.00129918 1.07692 2.60177 2.90146 0.682263 2.87429 3.03786 0.617897 3.14333 3.06562 2.2169 2.2169 2.94076 2.56913 1.44782 0.611854 -1.5708 1.5708 1.5708 2.54682 1.34519 0.395297 0.190427 0.393548 1.50213 -0.00712494 0.335254 1.41208 0.366357 0.341941 1.37744 -3.05843 -3.25953 0.68464 -3.00647 -3.11443 0.911056 -2.88428 1.2451 3.1585 -5.76905 2.48912 0.00407874 -2.65467 -3.33443 1.65323 -2.81397 -3.13086 1.3968 0.595012 0.405727 1.41714 -2.90892 -3.28993 1.15976 -5.51485 2.96273 0.0222522 -5.73538 2.48349 0.468086 -5.38791 3.14641 0.00250983 -2.88462 1.24437 3.13047 -5.29522 3.31901 -0.536699 -5.70581 2.58116 -0.307388 4.76013 3.7767 1.37619 4.76162 3.47984 2.01118 2.52806 -3.62484 1.80139 2.64027 -3.80397 1.55589 2.33234 -3.7848 1.99209 -5.33589 3.25309 0.563278 -5.74798 2.47442 0.331791 0.112775 -3.1004 3.63252 -2.20781 -1.34215 1.32558 -5.4684 2.93198 0.426677 -2.71872 1.55953 3.1853 -1.42672 -5.80617 0.848902 -1.41725 -5.76921 0.978033 -0.857828 -3.01959 3.26726 -0.432933 -3.08075 2.86129 -2.21748 -2.21649 2.94271 -1.54714 -0.835448 1.46889 -5.3875 3.0972 0.54087 -0.863535 -3.02058 3.14516 -2.40838 -2.00622 3.13519 -1.43809 -0.929978 1.69454 -1.17453 -5.86638 1.02567 -1.12834 -5.83567 1.15688 0.232157 -3.10517 3.55741 5.38947 2.40614 2.01737 5.39026 2.71785 1.57144 4.76158 3.07924 2.58206 -5.46847 2.9315 -0.427985 -0.786937 -5.89034 1.30181 -0.866632 -5.92415 1.16631 -0.48462 -0.924057 2.1619 -0.219473 -0.822148 2.10751 -0.711184 -0.807682 1.97906 -0.784206 -5.88986 1.30445 -0.991168 -0.917071 1.97403 -1.16346 -0.814479 1.76082 -5.23321 3.4253 -0.412383 4.76148 3.95803 0.700148 -5.23339 3.42538 -0.411317 5.38881 3.09356 0.543022 -1.98696 -2.42063 3.13747 -0.714121 -5.53987 1.88835 -1.06766 -5.37719 1.93179 -2.75783 1.48172 3.30176 -1.75543 -2.59263 2.88653 -1.79606 -2.56836 2.92405 2.57114 1.79857 2.98675 2.40837 2.00623 3.1352 2.94872 1.06044 3.2251 2.8467 1.3246 3.03524 -4.756 3.96175 0.694472 5.38905 2.95015 1.07638 -0.51092 -5.44188 2.07779 -0.18887 -5.58241 1.95742 0.0817003 -5.46544 2.1125 2.72135 1.55501 3.18109 0.0591247 -0.956012 2.24588 0.830925 -5.54445 1.83536 0.644927 -5.45178 2.02897 -2.56949 1.80125 2.99055 0.790984 -0.915912 2.0713 1.09107 -1.05974 2.07576 0.331101 -5.5809 1.94125 5.39076 3.13934 0.00161776 -2.56952 1.80108 2.98905 0.596935 -1.00077 2.21131 0.299221 -0.860297 2.1391 1.15443 -5.40184 1.85153 0.4753 -3.1 3.32474 0.4084 -3.1022 3.42185 0.314104 -3.10346 3.5131 -2.63042 1.71766 3.13114 -2.11048 5.48729 1.99441 -3.09739 5.06488 1.83774 -3.09703 4.66418 2.69725 5.86033 2.16512 0.00117708 2.96111 -3.67656 0.902902 2.98679 -3.82937 0.666372 -1.57605 2.70861 3.07171 -5.44754 2.95893 0.480181 -1.32807 2.8357 2.88733 -1.32927 2.83506 2.88654 -3.09467 5.31006 0.936907 -1.33162 2.83322 2.87848 5.38925 2.01809 2.40624 -1.5708 1.5708 4.71239 -2.01221 0.744047 0.269018 -2.10083 0.811768 0.129348 -2.11072 5.83659 0.000618353 2.85283 -3.81856 1.11294 2.78787 -3.65561 1.35394 -5.26137 3.43454 -0.00264224 5.39018 1.57065 2.71846 5.85906 1.38912 1.66143 5.86054 1.08329 1.87528 -2.03316 0.781087 0.390473 5.85846 1.66284 1.38992 1.91836 -5.35389 1.12891 1.88776 -5.28319 1.31132 -3.09667 4.12644 3.46756 -2.10899 5.05578 2.92159 -3.10897 -3.10554 0.450105 1.63377 -5.4169 1.41368 5.8605 1.87512 1.08367 5.85945 2.03224 0.746418 -2.11646 5.7514 1.01164 1.56217 -5.34529 1.60405 1.26623 -5.48474 1.65716 2.1588 -3.58157 2.23955 6.1517 0.721657 0.853796 1.24138 -0.980765 1.91295 -1.69442 -3.45854 2.6095 -2.03268 -3.18971 2.39489 -2.25808 -3.39066 2.15408 -2.50237 -3.15823 1.89933 1.51772 -1.1218 1.85878 1.94097 -1.1073 1.4014 2.1427 -1.23149 1.26672 1.6262 -1.04696 1.68452 5.85871 2.13365 0.373687 1.86886 -1.18155 1.58338 1.02325 -3.44049 2.9552 1.35434 -3.70803 2.76431 1.66009 -3.52003 2.64017 1.90793 -3.75516 2.40698 3.0322 0.818753 3.07064 -1.06942 5.74706 2.09332 -1.07156 5.2979 3.05418 -1.38513 -3.23069 2.81835 6.15108 1.10179 0.193391 0.00377813 5.37327 3.10493 -1.0695 4.68455 3.92474 -3.00584 4.01818 0.199559 -1.5708 1.5708 1.5708 -3.06825 3.76103 0.216355 6.15197 1.11676 -9.63925e-05 -0.966259 -3.52757 2.94628 2.18197 -1.15555 1.079 -3.05202 3.88635 0.00994888 -3.06999 3.75405 -0.205357 -0.124257 -3.57732 3.09068 -0.577395 -3.27845 3.08504 0.297918 -3.31872 3.12241 0.70732 -3.60126 3.00955 0.685382 -3.07308 3.04701 0.670949 -3.64122 3.01372 -1.52652 1.94109 1.80592 -5.29246 -0.289504 3.27806 -3.00575 4.01863 -0.198583 -4.51082 -0.365378 4.2635 -5.7978 -0.230229 2.29946 -1.95209 5.09675 1.48254 -1.8715 4.97213 1.73674 -1.57668 5.13007 1.84026 -3.00322 4.11576 3.52404 6.15196 1.05074 0.379916 -2.20717 4.94181 1.32561 -6.15336 -0.186161 1.09709 -5.8596 -0.376387 2.1274 -5.85873 -0.000285296 2.16015 -2.23805 5.05361 1.08267 -2.91354 -1.96652 0.00937606 -1.5708 -1.5708 1.5708 -2.949 -2.08926 -0.199654 3.03496 2.7463 0.685257 -2.40949 -1.48794 1.13628 -2.4396 4.90779 0.893599 -2.85225 -1.84768 -0.19016 -2.8547 -1.85356 0.198725 3.08612 0.530563 3.27514 -1.39277 -4.96703 3.37536 -5.3875 -0.540868 3.0972 -5.38794 -0.00093195 3.14609 3.12983 0.27058 3.11781 3.12982 0.270534 3.11653 -1.45547 -0.980041 1.18254 -2.91306 -1.96533 -0.00934343 -2.94909 -2.08933 0.198602 -5.38686 0.542773 3.09806 -5.86042 0.376147 2.12528 -0.421491 -5.03696 3.52648 6.23638 3.18242e-05 -1.88312e-05 -5.38651 1.07588 2.9562 -5.85992 0.736057 2.03028 -0.898692 5.00056 2.36774 -1.06881 4.12731 4.48557 -2.1008 4.14059 4.09409 -6.09598 -0.1905 1.3568 -3.10216 2.92768 0.447745 -1.11127 5.1524 2.13147 -1.43224 4.99574 2.09295 -3.39751 -0.457502 5.16801 -5.859 1.38795 1.65528 -5.92207 1.90672 -0.396094 0.551952 -5.05276 3.4884 -5.86027 -0.73518 2.02972 -5.38703 -1.07591 2.95565 -1.95763 -0.557768 5.84358 1.46558 -5.00844 3.27964 -0.295791 -0.648471 6.14088 -4.7572 1.38043 3.77908 -5.80129 2.34614 -0.389746 1.37054 -0.410982 6.05736 -6.07416 1.52995 -0.289497 -5.85322 2.20288 -0.50374 1.71109 0.53705 0.383867 1.60544 0.486643 0.493353 -1.5708 1.5708 1.5708 -5.85925 1.07738 1.87213 6.15214 0.851762 0.721685 1.3673 -0.716434 5.99624 -6.03846 1.67978 0.307899 -6.07621 1.48807 0.42352 -5.9218 1.90794 0.395711 -2.11533 0.825022 -0.130509 -2.05628 0.766453 0.00572965 -5.79231 2.34753 0.513547 -2.07319 0.815237 -0.386079 -2.04421 0.770149 -0.258986 5.85872 0.746779 2.03403 5.85879 0.374578 2.13332 6.15239 0.377949 1.04989 -1.97524 0.751943 -0.507563 -1.69169 0.516304 0.0308803 6.14985 0.561916 0.970701 -2.91103 3.32746 1.14902 -2.81443 3.14978 1.39589 -6.15276 0.183772 1.0996 -6.15504 0.380718 1.04243 -2.98271 0.961587 3.27617 6.14982 0.972209 0.559518 -1.37441 0.542182 1.09825 -1.12954 0.448396 1.15778 -6.15453 0.554523 0.962244 -6.15511 0.71352 0.849152 -2.10082 0.811762 0.129349 -2.0563 0.76647 0.00568858 -2.01208 0.743897 0.268674 -6.15503 0.849549 0.713518 -6.15444 0.962374 0.554906 -1.05081 0.482123 1.29301 -6.15488 1.04311 0.380447 -3.00103 4.02701 0.227945 -5.91072 1.92472 0.445571 -3.05202 3.88635 0.00998442 2.16552 3.84678 4.34583 -2.0332 0.781052 0.389988 3.06525 3.71226 3.90722 1.41794 4.80224 2.25861 1.0879 4.99019 2.28619 -3.08602 0.532733 3.27864 -3.03594 0.804686 3.06978 0.895541 4.87322 2.46355 1.14377 3.9716 4.60948 -6.07598 1.48845 0.424408 -1.02455 0.380135 0.706733 -2.05923 0.769014 -0.00726717 -2.11431 0.824168 0.133223 -1.99078 0.71653 0.129067 -3.12932 0.276855 3.12322 -6.15737 1.10472 -0.00214669 0.0383149 4.06906 4.66025 0.727216 0.366254 1.27993 3.81091 3.58244 3.33828 2.25379 -4.93636 2.93437 2.89548 -4.8461 2.49221 3.39319 -4.76304 1.98378 4.0281 -4.35166 2.05683 -6.15735 0.00217207 1.1048 -6.23383 1.78803e-05 -0.00494843 1.62594 0.45743 0.117132 1.75609 0.541419 0.119805 4.82427 3.39461 1.94897 2.48005 4.61075 1.24922 4.39714 3.47251 2.67609 1.56486 4.912 2.06125 5.85871 -0.373698 2.13365 6.15108 -0.193391 1.1018 6.15195 -6.88276e-05 1.11702 5.86015 -0.000507278 2.16546 6.15105 0.19362 1.10185 -6.15488 -0.380462 1.0431 -6.15445 -0.554901 0.962373 2.06829 -5.18457 1.17243 6.14982 -0.559524 0.972202 6.15196 -0.379923 1.05074 2.89595 2.76911 1.1441 2.96097 2.6061 0.903049 2.78772 2.62705 1.35406 1.03417 0.39739 1.1267 1.68877 0.492518 -0.00321789 0.849088 0.249266 0.573219 -1.86096 5.49413 0.921004 -1.84604 5.4169 1.13346 -2.06252 5.38337 0.768136 -2.037 5.46061 0.56623 -3.12942 0.275567 3.1229 -2.22525 1.18919 1.05164 -2.41046 1.33263 0.873205 -1.93847 1.09397 1.38533 -1.85551 1.16799 1.57918 3.12994 0.269533 3.1205 -1.60435 5.53079 1.24933 -1.54821 5.4466 1.46956 -2.18072 1.25513 1.23539 -3.12761 0.254068 2.98967 3.1299 0.260851 3.06889 3.12845 0.25037 3.00108 -0.710991 5.47559 1.97903 -0.44493 5.57715 1.92512 -3.12995 0.0237026 2.87288 -3.12851 0 2.85519 -3.12992 -0.0232212 2.87246 -3.13168 -0.107573 2.9203 -3.12897 -0.153137 2.90554 -0.881238 5.57952 1.76547 -1.16216 5.47011 1.75983 -1.27548 5.56192 1.53442 0.816542 -3.02244 2.88136 -1.5708 1.5708 4.71239 0.877649 -3.00794 2.91915 0.548295 -3.08461 3.05243 -1.5708 -1.5708 4.71239 0.815993 -3.02185 2.87291 -0.268287 -3.11838 2.87077 -1.5708 -1.5708 4.71239 -0.271305 -3.11746 2.86327 -0.547925 -3.08458 3.05414 -0.815954 -3.0222 2.87679 -0.816602 -3.02207 2.87728 -0.673616 -3.01862 3.31357 -1.32024 -2.84053 2.90079 -0.816315 -3.02304 2.8877 -0.402986 -3.05411 2.61169 0.269651 -3.11838 2.87217 -1.5708 -1.5708 4.71239 -1.5708 1.5708 4.71239 1.32239 -2.83963 2.90202 -1.5708 -1.5708 4.71239 1.57367 -2.71026 3.08042 -1.5708 1.5708 4.71239 -1.5708 -1.5708 4.71239 1.79543 -2.56815 2.91656 -1.5708 1.5708 4.71239 2.02071 -2.39584 3.10939 -1.5708 -1.5708 4.71239 -1.5708 1.5708 4.71239 -0.0088616 3.13276 3.02966 -0.275744 3.11673 2.85954 -1.5708 -1.5708 4.71239 -0.274191 3.11742 2.86567 -1.5708 1.5708 4.71239 -0.5406 3.08623 3.04734 -1.5708 -1.5708 4.71239 -0.803483 3.02563 2.87787 -1.5708 1.5708 4.71239 -1.07887 2.94145 3.05238 -1.5708 -1.5708 4.71239 -1.32817 2.83583 2.88933 -1.5708 1.5708 4.71239 -1.33047 2.83467 2.88846 -1.5708 -1.5708 4.71239 -1.33553 2.83089 2.87323 -1.5708 1.5708 4.71239 -1.57668 2.70825 3.0704 -1.5708 -1.5708 4.71239 -1.5708 1.5708 4.71239 -1.5708 1.5708 1.5708 -1.5708 -1.5708 1.5708 -1.5708 1.5708 1.5708 -1.5708 -1.5708 1.5708 -1.5708 1.5708 1.5708 -1.5708 -1.5708 1.5708 -1.5708 1.5708 1.5708 -1.5708 -1.5708 1.5708 -1.5708 1.5708 1.5708 -1.5708 -1.5708 1.5708 -1.5708 1.5708 1.5708 -1.5708 -1.5708 1.5708 -1.5708 1.5708 1.5708 -1.5708 -1.5708 1.5708 -1.5708 1.5708 1.5708 -1.5708 -1.5708 1.5708 -1.5708 1.5708 1.5708 -1.5708 -1.5708 1.5708 -1.5708 1.5708 1.5708 -1.5708 -1.5708 1.5708 -1.5708 1.5708 1.5708 -1.5708 -1.5708 1.5708 3.12992 0 2.87098 3.13257 -0.0582257 2.91446 3.12991 -0.110168 2.89432 -1.5708 -1.5708 1.5708 -3.1294 -0.169625 2.92326 -1.54907 0.99427 1.69085 3.1306 -0.138724 2.91911 3.13045 -0.172148 2.94114 -3.13031 -0.221367 2.99542 3.13074 -0.218952 3.00073 -1.41027 1.07703 1.88993 3.03655 0.804239 3.09488 3.03651 0.804154 3.09095 0 0 6.28319 3.12931 0.276986 3.12477 0 0 6.28319 3.12927 0.276852 3.11709 3.12937 0.276143 3.12268 3.12898 -0.152936 2.90553 -0.540297 3.08591 3.05427 3.13168 -0.107501 2.92019 3.12932 -0.276853 3.12334 3.12942 -0.275575 3.12296 3.08673 0.529827 3.27726 2.84636 1.32414 3.0212 2.8458 1.32578 3.02617 -2.21765 -2.2176 2.95751 -3.12933 0.276987 3.12875 -3.12929 0.276808 3.11838 -3.0858 0.533459 3.27951 -3.12944 -0.255051 3.03611 3.13003 -0.245223 3.03037 1.73948 0.530698 -0.128371 1.69171 0.4944 -0.00960272 1.75656 0.541829 0.121066 1.68284 0.500167 0.246018 -3.12915 -0.26325 3.04821 1.69501 0.496512 0.00923554 1.73733 0.529398 0.132861 -3.12937 -0.276165 3.12301 -3.98234 3.66126 3.0757 -4.7554 3.08463 2.5825 -4.75335 2.58309 3.087 -1.06596 0.903256 1.92955 -3.12931 -0.276982 3.12462 -3.12927 -0.276851 3.11712 1.64602 0.478355 -0.259588 1.50628 0.390616 0.00014613 1.24129 5.30256 1.91286 0.941558 5.44667 1.90798 3.12991 -0.259456 3.06448 -6.15275 -1.09961 0.183762 -6.15736 -1.1047 0.00220192 -0.511292 0.841041 2.07741 -0.865431 1.0021 2.11848 -6.15504 -1.04242 0.380715 3.12989 -0.270049 3.11982 -0.239676 0.957927 2.23231 -2.94963 1.05596 3.2269 -0.220283 5.4598 2.10879 -6.15453 -0.962245 0.554525 3.0861 -0.530906 3.27487 6.15198 -1.11693 3.03175e-05 0.0811988 0.816335 2.11097 0.391176 0.946794 2.20105 0.647659 0.83505 2.03224 -6.15503 -0.713515 0.849552 0.0198821 5.55553 2.00174 0.790994 5.36776 2.07078 -4.75602 3.96174 0.694446 -5.38749 3.0972 0.540888 -5.38703 2.95566 1.07592 -4.75803 4.02435 0.00127747 1.81825 1.07259 1.50088 1.56352 0.939297 1.60465 -5.38826 3.14581 0.00232579 1.44554 0.748556 1.41808 -2.40631 2.00852 3.15101 -2.56987 1.80094 2.99331 -2.21676 2.21807 2.95248 1.62616 5.23633 1.68442 1.34983 5.37741 1.73856 1.69837 5.31053 1.50238 -2.8432 1.33161 3.0293 -2.71942 1.55849 3.1836 -5.3857 2.72547 1.57397 -4.75652 3.77992 1.38082 1.94101 5.1759 1.40132 2.67548 2.80635 1.59952 -3.12916 0.264584 3.05244 -3.12944 0.255052 3.03619 0.491564 5.50712 2.0001 1.44494 1.01838 1.79906 -3.05681 3.324 0.67776 -3.0065 3.16871 0.91096 1.1511 0.877948 1.84945 0.97534 0.976132 2.0448 1.97974 5.25198 1.2144 1.5856 0.917768 1.5425 1.85806 0.928316 1.22223 1.66119 0.832705 1.33383 -3.13032 0.221369 2.99549 -3.1294 0.169573 2.92333 0.298956 5.42174 2.14037 -2.21741 2.21737 2.95189 3.13074 0.218881 3.00055 3.13003 0.245201 3.03045 -3.98067 4.70745 0.830171 -1.54834 -5.29019 1.68991 -1.63356 -5.36311 1.49506 -3.12896 0.153009 2.90541 3.13046 0.172217 2.94136 3.1306 0.138659 2.91896 -3.13166 0.107878 2.92016 3.12991 0.110274 2.89445 -1.9391 -5.18821 1.38594 3.06079 -3.68898 0.44892 3.06051 2.59302 0.449381 3.05091 -3.8371 0.216532 -0.219671 -0.823078 2.1085 -0.218285 -0.821649 2.10709 3.13257 0.058236 2.91448 -1.43721 -0.929217 1.69437 -1.54688 -0.835498 1.46925 -2.22326 -5.09704 1.05021 -2.2362 -5.16275 0.873321 -1.98057 -5.25604 1.20474 -0.991492 -0.917342 1.97414 -0.711058 -0.807722 1.97915 -0.483178 -0.92469 2.16277 -4.75594 0.694292 3.96168 -3.98636 1.63829 4.48824 -4.7572 1.38044 3.77909 -3.98068 0.825427 4.70818 -1.78811 -0.949762 1.35464 -1.16366 -0.814412 1.76061 -2.27577 3.32782 2.14173 -2.50189 3.12731 1.89999 -2.66334 3.32706 1.64005 -1.20185 -5.4621 1.73318 -1.84752 -0.867519 1.13352 -1.06677 -5.37783 1.93154 6.14985 -0.970705 0.56191 6.15239 -1.04989 0.377946 -3.98066 -0.830166 4.70746 -4.75601 -0.694454 3.96174 -4.75652 -1.38083 3.77992 6.1517 -0.853796 0.721658 -2.04933 -0.978129 0.97991 -3.98518 0.00262386 4.78014 -4.75827 0.000406397 4.0238 -2.22015 -1.00465 0.58982 2.15896 2.70196 2.23947 2.35489 2.86174 2.04847 2.5279 2.65784 1.80148 -0.511259 -5.44164 2.07798 -0.713606 -5.53979 1.88868 -1.87349 -5.65746 0.143842 -1.91999 -5.61424 0.263101 -0.189172 -5.5826 1.95713 0.0817033 -5.46547 2.11246 0.331158 -5.58091 1.94124 0.644907 -5.45177 2.02898 -2.03276 3.09336 2.39482 -1.72231 3.32074 2.6042 5.38947 -2.01738 2.40613 5.85845 -1.38993 1.66284 5.8605 -1.08366 1.87513 -1.89274 -5.64439 -0.117488 -2.06202 -5.50232 -0.0102641 5.39025 -1.57144 2.71785 0.99269 -0.539949 1.45452 1.22436 -0.628981 1.42791 0.890119 -0.582194 1.58305 0.646651 -0.493521 1.56178 0.617904 3.14331 3.06562 1.02347 2.84347 2.95521 1.32984 3.03125 2.83076 1.65985 2.76258 2.64023 0.830813 -5.54451 1.83534 1.15436 -5.40189 1.85151 5.85907 -1.66143 1.38912 1.91034 2.93638 2.47313 0.508401 -0.539539 1.6783 0.269984 -0.453154 1.60281 0.102099 -0.503883 1.6961 -0.114059 -0.428046 1.57901 -5.38651 1.07587 2.9562 -4.75575 2.00993 3.48807 -5.38661 1.57178 2.72509 5.85945 -0.746411 2.03224 -5.38811 2.02163 2.40874 -5.85925 1.07738 1.87212 -0.576588 3.00742 3.08531 -0.15231 3.26503 3.1172 5.38905 -1.07637 2.95015 0.297411 2.9631 3.12239 0.693994 3.21141 3.04631 -2.01697 -5.5446 0.13324 -1.89383 -5.64372 0.115341 -1.87349 -5.65745 0.143845 -5.859 1.38797 1.65527 -5.38716 2.4105 2.0216 0.6852 2.66207 3.01034 -1.91999 -5.61425 0.263113 1.50401 -0.672238 1.22223 1.54559 -0.630807 1.08477 -0.999508 3.30037 2.95592 -1.38577 3.05003 2.81795 -0.983803 -2.79535 2.46247 -2.6547 -3.33444 1.65316 -2.81398 -3.13078 1.39678 -2.90894 -3.28994 1.15972 1.29866 -0.588865 1.29099 1.08191 -2.7096 2.38048 -1.5708 -1.5708 1.5708 2.07017 -5.49532 0.163201 1.4246 -5.55295 1.41437 1.34154 -5.47124 1.62562 -4.75763 3.48681 2.00817 1.53547 -5.33637 1.64041 1.26621 -5.48475 1.65718 2.23236 -5.33962 0.187967 2.52801 -3.62495 1.80143 2.64026 -3.80391 1.55594 1.69595 -5.52505 1.1367 1.66501 -5.44726 1.33463 1.562 -5.34522 1.60431 1.72804 -0.714835 0.98895 -5.85971 -1.0771 1.87114 -5.859 -1.65528 1.38795 -5.38811 -2.40875 2.02161 -5.85921 -1.38782 1.65474 -5.3857 -1.57396 2.72547 -5.38716 -2.02161 2.4105 2.05165 -5.50949 0.187538 2.2827 -5.27762 -0.00118256 -3.03615 0.804061 3.07165 2.84683 -1.32361 3.02668 0 0 6.28319 3.00875 -0.630926 3.52475 5.86064 -2.16369 -0.0024432 -5.85961 2.12739 0.376363 -5.85874 2.16024 0.000507736 -6.15335 1.09707 0.186148 3.0807 -0.432054 2.83884 -2.84589 1.32425 3.01186 2.05185 -5.50912 -0.19053 -4.7554 -2.5825 3.08463 -4.75335 -3.08701 2.58308 -4.75763 -2.00818 3.48681 -3.97561 -4.86436 0.0513343 -3.97616 -4.83853 0.498442 -5.85971 1.87114 1.07712 -5.86027 2.02973 0.735157 -3.92934 -4.87203 0.536112 -4.75652 -1.38084 3.77992 2.58181 4.66253 3.17705 -3.92732 -4.87405 0.531503 2.96108 -3.67664 0.902949 2.85282 -3.81854 1.11298 -3.98292 -3.66185 3.07358 1.83967 4.77222 3.509 -3.87371 -4.91459 0.558552 2.78786 -3.6556 1.35396 3.20933 4.55562 2.73313 -2.84403 1.33024 3.03415 -3.00648 -3.11434 0.911022 -3.05842 -3.25937 0.684714 -3.10897 -3.10557 0.450159 -6.15512 -0.849145 0.713525 -4.02252 -4.82516 0.0146382 -1.96369 -5.59383 0.00761776 -2.50239 -3.15821 1.89931 -2.25811 -3.39069 2.15405 -5.85925 -1.87212 1.07738 -6.15504 0.380702 1.04238 -5.85992 0.736045 2.03029 -6.15454 0.554487 0.962213 -6.15504 0.849517 0.713474 -6.15511 0.713505 0.849121 -5.85921 1.65474 1.38784 1.00521 4.87337 3.70033 1.90787 -3.75512 2.40704 2.15878 -3.58166 2.23955 2.3323 -3.78472 1.99217 3.1036 -2.94214 0.444399 3.0648 -3.07732 0.664165 6.08521 -0.0086494 1.34317 -3.78123 -4.91652 1.00017 -6.15445 0.962327 0.554899 -3.08673 -0.529839 3.27713 -6.15488 1.04306 0.380461 -3.03643 -0.804042 3.08508 0.115072 4.95054 3.72995 -1.3851 -3.23069 2.81836 -1.69445 -3.45852 2.60948 -2.03271 -3.18969 2.39487 1.35436 -3.70813 2.76428 1.02322 -3.44048 2.95521 0.670905 -3.64124 3.01373 -3.0365 -0.804146 3.09035 -5.85879 -2.16015 0.00013574 -3.03582 0.804739 3.06537 1.66006 -3.52 2.64019 2.90454 -4.54667 3.21042 2.90783 -4.53088 3.22944 -5.85992 -2.03029 0.736052 -6.15725 1.10512 -0.00239756 -0.966256 -3.52756 2.94628 -0.577397 -3.27844 3.08504 0.707282 -3.60139 3.00953 0.29786 -3.31869 3.12242 -0.124229 -3.57735 3.09068 5.85879 -2.13332 0.374577 5.85872 -2.03403 0.746776 1.10559 -3.35379 2.93296 0.687093 -3.07144 3.04646 3.03224 -0.818793 3.07306 1.89358 -5.43047 1.02226 6.15105 -1.10185 0.193623 3.02163 -2.59343 0.639686 6.02259 0.888289 1.30682 3.03895 -2.46832 0.425583 3.71058 4.46387 2.20256 1.74884 -0.669764 0.837402 5.86053 -1.87528 1.0833 -3.03648 -0.804311 3.09152 6.15214 -0.721685 0.851761 -2.94953 -1.05689 3.22401 -5.85873 -0.000280358 2.16015 -5.38686 0.542769 3.09806 -5.86042 0.376142 2.12528 -5.86042 -2.12528 0.376145 3.11579 -5.42622 0.493692 3.50708 -5.01768 0.891109 3.11022 -5.42912 0.499992 -5.38794 -0.000927597 3.14609 -2.84314 -1.3312 3.02305 3.14538 -5.40425 0.557574 2.18119 5.12908 1.07791 3.03224 -0.818863 3.0737 4.08154 4.39589 1.61185 2.93856 -5.46726 0.942242 -2.22528 1.18915 1.05152 -2.18076 1.25519 1.2354 -0.610164 5.92576 1.31451 -0.483896 5.86755 1.4848 -0.825111 5.86609 1.32887 -0.908679 5.91792 1.14823 -1.166 5.89914 0.943773 -1.36861 5.83243 0.869431 -2.41046 1.33261 0.873171 -6.15489 -0.380443 1.04306 -5.86026 -0.735194 2.02972 -5.8596 -0.376377 2.1274 -5.38818 -3.14571 -0.00049303 -2.84282 -1.33145 3.01814 -1.13053 5.85143 1.11725 -5.38686 -3.09806 0.542776 2.96744 -5.44099 0.996628 -1.93841 1.09394 1.38538 0.748795 5.83203 1.43329 0.99261 5.74347 1.45415 -5.38703 -1.07591 2.95565 -5.85971 -1.0771 1.87114 0.0588533 5.90588 1.4854 -5.3875 -0.540873 3.0972 -1.41016 1.07717 1.89015 -1.54897 0.994176 1.69083 -0.112952 5.85655 1.57665 -0.286897 5.92209 1.42754 0.269894 5.82821 1.60588 0.405586 5.87493 1.48864 -5.38661 -2.72509 1.57178 -1.85544 1.16799 1.57925 -4.75575 -3.48807 2.00993 -5.38571 -1.57394 2.72548 -0.238789 0.958534 2.23292 0.0819429 0.816095 2.11068 -2.11485 -3.75474 4.47113 -2.11548 -4.47106 3.75439 -1.07154 -3.93036 4.68312 -1.06702 -3.05777 5.29403 -3.09765 -4.12596 3.46728 -2.11998 -4.47013 3.75438 -3.09667 -3.46756 4.12644 -2.118 -3.75219 4.4722 -2.10899 -2.92159 5.05578 0.527661 1.52465 2.62649 0.831831 1.35037 2.44319 0.151688 1.33486 2.56559 0.155849 1.33684 2.56674 -3.9292 -4.87238 0.533518 -4.05192 -4.77295 0.0105336 -3.92675 -4.87503 0.527547 -1.06935 -5.2945 3.05646 0.000905074 -4.75365 3.98821 -1.07228 -4.68244 3.93128 -1.0695 -3.92475 4.68455 3.03496 2.74637 0.685272 2.9868 -3.82935 0.666357 -0.000903882 -3.9882 4.75366 -0.00156655 -3.10034 5.37628 -3.99863 -4.81214 0.0422052 -6.15336 -0.186157 1.09705 -6.15735 0.00217526 1.10475 -1.06501 -4.68516 3.92525 -3.10886 3.1792 0.450782 -1.07156 -3.05417 5.2979 -0.00220388 -4.75601 3.98954 -6.15276 0.183771 1.09956 -1.06942 -2.09332 5.74707 -0.865087 1.00227 2.11877 -0.510935 0.84083 2.07727 1.07228 -3.93128 4.68244 1.06934 -3.05646 5.2945 -1.06566 0.90315 1.92959 0.00218399 -3.98954 4.756 0.00377963 -3.10492 5.37328 0.000741969 -2.12536 5.8328 1.06502 -3.92525 4.68515 1.37054 -0.410808 6.05737 1.06509 -3.05347 5.29935 1.06703 -5.29403 3.05777 2.11485 -4.47113 3.75473 1.07154 -4.68312 3.93036 0.00156775 -5.37628 3.10034 -3.92638 -4.87215 -0.03556 -3.96339 -4.85136 -0.473333 -3.96231 -4.84609 -0.00130136 2.11585 -5.05526 2.91769 -3.98658 -4.13533 2.39211 2.11431 -2.91836 5.05552 -6.23425 2.13168e-05 -0.00150094 1.72905 1.5834 2.09816 1.41932 1.40172 2.19727 1.06478 5.78424 1.31818 -2.91102 3.32742 1.14906 -2.81443 3.14976 1.39589 1.68207 1.30132 1.91146 1.5166 1.43567 2.14739 -3.98236 -3.07568 3.66124 1.41934 1.17047 1.97553 1.1898 1.54448 2.41607 -3.09745 -4.66396 2.69724 2.02908 1.3175 1.55729 1.92786 1.43759 1.79165 -0.000740491 -5.8328 2.12535 -2.84298 -1.33106 3.01782 -2.69271 -1.59718 3.2149 0.646521 5.78969 1.56179 -2.53752 -1.84233 2.95481 2.22911 1.44358 1.40878 2.28134 1.33328 1.18114 2.82843 2.96266 1.35557 2.92041 3.1019 1.14212 2.11549 -3.75439 4.47107 -5.38651 -2.9562 1.07588 -2.56962 -1.80123 2.99251 -2.40765 -2.00711 3.14833 -4.7582 -4.02416 0.00181423 2.5688 3.00689 1.80353 2.69833 3.15014 1.59648 -3.13026 -0.0233141 2.8765 -3.12887 0 2.85914 -3.13026 0.0232977 2.87646 -3.12939 0.276218 3.12666 -1.79779 -2.56643 2.91573 -1.7992 -2.56646 2.92758 -3.13195 -0.107511 2.92415 -3.12953 -0.163302 2.92037 -4.75594 -3.96168 0.694293 -3.05681 3.32404 0.677732 -3.00649 3.16875 0.910984 -3.10886 3.17918 0.45078 -3.12358 3.31996 0.228969 3.09296 -3.46571 4.13091 -4.7572 -3.77908 1.38044 -2.66334 3.327 1.64006 -3.12881 -0.166262 2.91246 6.03664 0.50733 1.44335 5.98283 1.23285 0.881953 6.18984 0.499752 0.468887 -3.97612 -4.83854 0.498708 -3.97563 -4.86435 0.0513308 -3.13066 -0.218741 2.99943 3.09293 -4.13037 3.46672 -3.12962 -0.251722 3.03339 -4.05455 -4.79877 0.0335459 -3.9783 -4.84863 0.221398 3.0943 -4.66907 2.69586 -4.03862 -4.79753 0.21565 -4.10125 -4.74577 0.263905 3.0958 -2.69764 4.66711 -3.12941 -0.265543 3.06488 1.29697 5.69642 1.28854 1.34316 5.73638 1.14869 -3.98657 -4.85537 0.0224972 -3.12784 -0.254378 2.99493 -2.21708 -2.21807 2.95637 -3.9843 -4.78047 -0.000242305 3.98489 -2.38849 4.13783 -2.02114 -2.39576 3.10721 3.98416 -3.66034 3.06937 -3.98069 -4.70817 0.825416 3.98335 -3.0693 3.66112 -1.42286 -4.97529 2.10427 -1.79593 -4.74554 2.01782 -1.91567 -4.85989 1.78946 -3.98639 -4.48823 1.63829 -6.15503 -0.713485 0.849514 -6.15445 -0.554892 0.962334 -2.72979 -4.56435 0.607655 -2.73165 -4.4686 0.804191 -2.53363 -4.5419 1.22044 -2.56129 -4.64081 1.01607 -1.79867 -2.56605 2.91849 -2.29811 -4.74178 1.4115 -2.22903 -4.64107 1.62868 -3.09987 -5.38666 0.000204109 4.76135 -3.07957 2.58201 -0.769692 -0.168467 0.655323 -0.632952 -0.144793 0.698669 -3.09561 -5.06569 1.83963 4.76158 -2.58206 3.07924 -1.2368 -4.84558 2.3316 -0.832219 -5.07098 2.32166 -0.565142 -4.91975 2.52753 0.231958 -0.167444 0.985008 0.139583 -0.183109 1.0436 0.00148106 -0.153383 0.969639 0.391301 -0.202512 1.03429 -0.111093 -0.170694 1.01103 -2.11538 -5.84072 -0.000953485 -1.07661 -6.11159 0.00192746 -0.227266 -0.144958 0.915491 -0.367792 -0.166473 0.934014 -1.07401 -6.01936 1.0629 0.463629 -0.186788 0.961134 -2.1078 -5.48881 1.99156 -2.11147 -5.05691 2.91899 -0.184159 -5.12217 2.41768 0.154697 -4.94906 2.56491 0.465837 -5.11895 2.38324 0.833984 -4.92944 2.44493 -4.05392 -4.79928 -0.0196768 -4.02173 -4.82586 0.0168846 -1.06913 -5.74448 2.09046 -3.12941 0.26406 3.05993 -2.11719 -5.75009 1.01694 -1.07419 -5.7454 2.09532 -1.0651 -5.29935 3.05347 -3.1296 0.25181 3.03305 -0.139051 -3.13133 2.9584 2.29314 -5.0568 0.957884 2.2816 -4.94961 1.18111 -0.0013566 -6.20679 -0.000963108 0.135989 -3.13148 2.95696 -3.13067 0.219041 3.00015 -1.58046 -2.70642 3.06613 -3.12878 0.165846 2.91172 -2.50189 3.12729 1.89998 -2.27577 3.32782 2.14173 1.68938 -4.6999 2.12184 1.39283 -5.12877 1.98505 -3.09408 -5.31097 0.932639 -3.12951 0.163295 2.92016 -3.13195 0.107472 2.924 -1.33275 -2.83411 2.89428 1.41762 -4.88384 2.19648 1.0569 -5.07651 2.22592 2.52791 2.65856 1.80165 2.56849 3.00677 1.80395 2.35484 2.86203 2.04858 2.15892 2.70194 2.23951 1.91029 2.93623 2.47316 -1.32737 -2.8364 2.89157 -2.11108 -5.83674 -0.00263274 -1.0729 -2.94357 3.05455 -3.88424 -4.82914 0.0154925 -3.97792 -4.79503 -0.240906 1.68045 -4.98393 1.91089 1.78449 -5.10205 1.67582 2.08152 -5.07564 1.32968 2.02941 -4.96529 1.55732 -3.12934 -0.27681 3.12609 -3.12945 -0.275577 3.12694 1.56993 -5.00286 1.97445 -0.000436121 -6.10982 1.07946 -0.570104 -0.162503 0.813161 -1.5409 5.67865 1.99866 -0.443175 -0.139677 0.813426 -1.06822 -6.1165 -0.000497358 -0.801335 -3.02595 2.87491 -1.0696 -6.01894 1.06155 -6.1573 -1.1049 0.0017957 -6.15277 -1.09955 0.183759 1.07415 -6.11222 0.00249857 -0.802958 -3.02517 2.87098 -0.353049 -3.11352 2.92399 -0.623929 -3.0721 2.99936 1.07326 -6.01998 1.06187 -1.98961 5.65988 1.62223 1.06903 -5.74437 2.09166 -6.15512 -0.849098 0.713507 -5.85921 -1.38781 1.65475 -1.01067 5.68641 2.30071 -5.25211 -3.12123 1.13136 -2.41954 1.26436 0.70101 -5.85899 -1.65529 1.38795 -0.275846 -3.11813 2.87553 -0.273452 -3.1178 2.86936 -0.000926796 -6.20392 -0.00436204 0.000680547 -3.13276 3.03009 -5.38812 -2.40875 2.0216 -5.38716 -2.0216 2.41049 0.00159896 -6.11466 1.07257 0.272959 -3.11742 2.86447 -2.00971 -2.4138 3.09689 2.11567 -5.48792 1.99534 -3.08678 -0.529772 3.27654 0.00220732 -5.82865 2.11971 -4.44652 -3.41555 2.63927 1.40911 5.5284 2.46506 -6.15504 -1.0424 0.380681 -0.00379623 -5.37328 3.10493 -6.15454 -0.962196 0.554519 -3.74111 -3.60506 3.35447 -4.93778 -3.2484 1.88706 -0.425772 5.67478 2.50407 0.813192 5.59235 2.58777 0.191832 5.64393 2.60136 -3.03644 -0.803991 3.0845 -2.03278 3.09333 2.3948 -3.03646 -0.804142 3.08828 -5.85925 -2.15921 0.001089 3.0908 -5.0664 1.8457 3.98604 -4.13743 2.38739 -5.85991 -2.03029 0.736055 1.79589 -2.56812 2.91983 3.98402 -4.77928 -7.53592e-05 0.617924 3.14342 3.0656 1.02351 2.84342 2.95519 0.686148 2.66177 3.00995 -5.85926 -1.87211 1.07739 1.65988 2.76252 2.64021 2.21725 -2.21727 2.94894 -2.81251 -3.79555 3.97755 3.09237 -5.39232 0.00125957 3.98657 -4.70406 0.825659 3.09118 -5.31009 0.933271 1.06775 -6.11653 0.000535912 0.275792 -3.11757 2.86898 3.98587 -4.48788 1.63433 2.95458 -2.35228 0.6947 2.86543 4.21932 0.682063 2.96657 -2.21448 0.45775 -4.75335 -3.08701 2.58308 -5.38661 -2.72508 1.57178 1.06941 -5.74706 2.09333 4.75916 -4.01894 0.00108085 -4.75539 -2.58251 3.08463 -4.75763 -2.00818 3.48681 -2.05761 -2.37399 3.13771 -3.9829 -3.66186 3.0736 1.06502 4.68516 3.92525 0.00218629 4.75601 3.98954 1.06949 3.92475 4.68454 2.11783 -5.84032 0.000271746 1.13643 -2.92204 3.02282 1.94671 5.45775 2.2435 -3.03647 -0.804309 3.09127 1.06941 2.09332 5.74707 2.11051 1.99441 5.48728 2.10903 2.92158 5.05576 2.11492 -5.75052 1.01078 -2.95055 -1.0546 3.22223 -1.7223 3.32071 2.60421 -5.86042 -2.12528 0.376129 -2.57854 -1.40403 0.449016 -2.59229 -1.51368 0.681969 2.40348 5.39049 1.94657 -2.84392 -1.32991 3.0273 -1.38573 3.05 2.81797 -0.999506 3.30038 2.95592 -0.576603 3.00744 3.08531 -0.418308 -4.04406 4.63334 4.30687 -4.54879 0.348462 3.56774 -5.04175 0.319428 1.32987 3.03129 2.83075 1.10626 2.93152 2.93286 0.693989 3.21141 3.04631 0.297413 2.96308 3.12238 -2.84292 -1.3315 3.02103 -5.38902 -3.14487 0.00265525 -0.15229 3.26501 3.1172 2.3468 -1.18551 0.732033 2.46776 -1.28684 0.563236 -1.5708 -1.5708 1.5708 -1.68405 -3.95146 4.42549 -2.65471 -3.33447 1.65315 -2.81399 -3.1308 1.39677 -2.843 -1.33109 3.01856 -2.76175 -1.49015 3.14041 -2.61925 -1.73121 3.05226 4.76111 -3.48034 2.01117 3.12355 -5.41143 -0.0848162 2.95334 -5.50556 0.0797871 3.04436 -5.46399 -0.52416 3.56721 -5.04202 -0.320898 5.38925 -2.40624 2.01809 -5.38685 -3.09806 0.542749 5.39018 -2.71846 1.57066 -2.10074 4.47503 1.91793 -1.80438 4.66151 2.06156 -2.68209 -1.53143 0.22945 -2.52672 4.98684 0.23109 -2.57878 4.8788 0.448999 -5.38651 -2.95619 1.07588 2.76649 -1.4552 3.25689 2.88296 -1.23346 2.9673 2.57101 -1.79836 2.98226 5.3916 -3.13761 -0.00278063 -2.45784 4.4479 1.45677 -2.50697 4.5964 1.1947 3.04268 -5.46516 -0.521939 5.38946 -3.09243 0.54479 2.82817 -3.32161 1.35596 2.90948 -3.48955 1.11765 -2.21332 4.62909 1.64651 -2.56959 -1.80113 2.99076 3.00134 -3.35021 0.904459 3.04231 -3.50631 0.670148 3.12457 -5.4282 -0.44427 -4.75594 -3.9617 0.694269 2.56879 -3.27646 1.80353 2.69855 -3.46464 1.56325 -2.90894 -3.28992 1.15972 5.38916 -2.94966 1.07632 -4.75575 -3.48806 2.00993 1.07155 3.05417 5.2979 2.11804 3.75218 4.47218 2.7227 1.55209 3.18246 -2.56967 -1.80099 2.99036 2.84671 -1.32409 3.02908 -2.4081 -2.0065 3.15018 -4.75865 -4.02373 0.00266275 2.44116 1.45066 1.01081 5.09825 3.3522 1.18155 -2.21766 -2.21766 2.95832 2.12001 4.47012 3.75437 -4.7572 -3.77909 1.38042 3.09702 2.69726 4.66419 3.09739 1.83774 5.0649 2.6526 4.69707 0.622323 2.76878 4.56408 0.424277 2.40844 2.00611 3.14256 2.57019 1.7999 2.98642 3.09666 3.46758 4.12646 0.896308 4.87448 2.46238 0.895813 4.8733 2.46339 2.57215 -1.79632 2.97767 2.41415 -1.99933 3.13537 -1.5708 1.5708 4.71239 0.27157 3.1188 2.87915 -1.5708 1.5708 4.71239 -1.5708 -1.5708 4.71239 0.546676 3.08516 3.04742 -3.9807 -4.70818 0.825437 -3.98635 -4.48826 1.63827 2.21747 -2.21783 2.95804 2.21892 -2.21615 2.95549 -3.98654 -4.13536 2.39212 4.75982 -3.95993 0.699717 4.75999 -3.77657 1.37662 3.98434 1.63717 4.48986 3.98554 2.39049 4.13763 1.08824 4.98994 2.28625 1.41799 4.80235 2.25849 1.56502 4.91192 2.06122 1.86138 4.72703 1.97262 -2.11999 3.75437 4.47013 -2.11803 4.47219 3.75218 -3.09766 3.46728 4.12596 3.98231 3.07571 3.66126 1.96308 4.83461 1.7652 2.21539 4.66029 1.62948 -2.1115 2.91899 5.05689 -1.06501 3.92525 4.68516 -1.06509 3.05348 5.29935 2.27722 4.76726 1.41816 2.50642 4.71963 1.0344 2.4801 4.61066 1.24921 4.75652 1.38083 3.77992 3.98064 0.830173 4.70748 -1.06949 4.68453 3.92476 -3.00649 -3.11434 0.910994 -3.05844 -3.25931 0.68466 -2.2581 -3.39071 2.15405 -2.5024 -3.15825 1.89929 -1.62786 4.48945 2.32443 -0.00219319 3.98955 4.75601 0.00219853 4.75599 3.98956 2.39291 -3.42918 2.00318 -1.29247 4.68027 2.40219 -1.04005 4.48926 2.6404 2.20059 -3.21263 2.24097 1.9709 -3.37819 2.42266 1.99265 -0.756572 0.443528 -1.5708 -1.5708 1.5708 1.88203 -0.692518 0.574122 0.590671 4.57982 2.71879 0.958135 4.35542 2.73463 -0.694448 4.67462 2.6406 -0.380748 4.46373 2.82429 -0.00378671 3.10492 5.37327 -0.052396 4.64115 2.74828 0.305379 4.41593 2.85524 3.12439 -5.42806 0.447412 3.48694 -5.18226 -0.00054233 1.06948 3.92475 4.68455 1.07155 3.05417 5.2979 1.06501 4.68514 3.92526 1.0696 -1.06157 6.01893 2.11134 0.00245068 5.83666 1.06815 0.000678217 6.11645 -2.19467 -0.927468 0.388166 -2.13526 5.43299 0.200109 -2.19496 5.35546 0.388014 -2.4095 -1.48789 1.13621 -2.43977 -1.37561 0.893549 -2.20791 -1.34221 1.32551 -2.12425 -1.4644 1.58069 -1.86972 -1.30901 1.73649 2.11802 3.75219 4.47219 3.06467 -5.46236 0.4302 3.6 -5.02295 0.294994 2.12 4.47012 3.75437 1.07418 -2.09531 5.74541 2.10783 -1.99156 5.48879 2.11722 -1.01694 5.75008 -2.59229 -1.51368 0.681994 -2.53257 1.73828 1.21919 -2.70271 1.9147 1.01351 -2.73281 1.81776 0.805484 -2.84646 1.9644 0.595732 0.439122 -3.10387 2.9809 0.27432 -3.11739 2.86548 -1.21919 -1.43921 2.32941 -1.43275 -1.28804 2.09312 2.32068 5.18444 0.539675 4.31587 4.35778 0.984571 2.34755 5.09647 0.732856 2.10902 2.92157 5.05577 2.1165 1.01164 5.75138 -2.22994 1.64481 1.62992 -2.10752 1.75766 1.86015 3.09669 3.46756 4.12644 -2.46659 1.84105 1.43325 1.06794 1.062 6.01883 -1.7283 -1.44571 1.98862 4.2233 -4.59397 -0.00284362 -1.60964 1.66613 2.24411 -1.79555 1.53632 2.0171 3.09767 4.12595 3.46729 -1.65922 5.79192 0.30388 -1.51848 5.85439 0.438203 3.09408 -0.932645 5.31099 2.11349 -1.72844 1.83506 1.86127 -1.55493 1.97174 1.71626 -1.66534 2.16821 3.09797 -0.00264801 5.38814 2.41743 -1.77943 1.46173 2.21501 -1.62077 1.62801 3.60069 -5.02354 0.290127 1.41788 -1.48341 2.26045 -3.98289 3.07359 3.66186 -3.98556 4.13761 2.39049 0.527432 1.52482 2.62662 2.48023 -1.673 1.24951 -3.98436 4.48985 1.63717 3.09465 0.936912 5.31008 2.63611 -1.81414 1.06212 -3.09703 4.66418 2.69723 -3.0974 5.0649 1.83773 -1.23664 1.43666 2.33099 -0.898536 -1.28236 2.36759 -0.227331 1.53778 2.6759 -0.565074 1.36426 2.52812 -0.971022 1.58842 2.53666 -0.790797 -0.149777 0.541555 -0.913926 -0.175534 0.478615 0.0157489 -1.48558 2.65804 -3.09669 4.12644 3.46756 2.16119 -5.42169 -0.00614301 3.98516 -0.00262145 4.78016 0.155618 1.3367 2.56666 1.22315 -1.59952 2.43842 0.652479 -1.53558 2.60921 0.89583 -1.40836 2.46232 4.75601 0.694461 3.96174 1.03679 -0.25664 0.686816 1.01695 -0.27098 0.767795 0.308196 -1.34697 2.56007 -2.10901 5.05578 2.92157 -0.623519 -1.4501 2.56092 1.16902 -0.294399 0.624159 1.17414 -0.275941 0.528244 1.27397 -0.307662 0.458142 -0.308276 -1.30162 2.52766 -2.69579 4.42643 0.975461 -5.25697 3.00116 1.4015 -2.69992 4.56342 0.722675 4.25224 -4.6133 0.197019 2.63165 1.44462 0.197626 2.48999 1.24075 0.18996 2.56786 1.33172 -0.00150202 2.57025 1.33513 -0.0090471 2.5677 1.33149 -0.000294355 1.26866 1.27708 2.1863 1.41936 1.40176 2.19727 -1.38506 -3.23072 2.81838 -1.69445 -3.45861 2.60947 -2.03273 -3.18967 2.39485 1.28687 0.670042 0.962273 -3.49969 3.1491 4.02285 -4.29997 3.10495 3.20895 1.68209 1.30135 1.91147 1.51603 1.43607 2.14805 0.832059 1.35047 2.44319 1.18996 1.54441 2.41596 -2.57525 5.60699 0.734964 0.728476 -3.2235 3.04034 0.312274 -2.91648 3.11792 1.92789 1.43759 1.79162 -2.02881 2.38962 3.10395 -1.79614 2.56929 2.9365 0.586286 -2.8053 3.05328 1.06753 -3.02873 2.9525 -4.88188 3.05283 2.32087 4.75828 -0.00040649 4.0238 2.22912 1.44358 1.40877 2.28138 1.33331 1.18112 -0.908593 -0.157124 0.370138 -1.00456 -0.180584 0.29457 2.44115 1.45062 1.01078 2.45016 1.341 0.790042 2.92816 -5.54438 0.347802 -3.98516 4.7798 -0.00448099 4.75763 2.00817 3.48681 2.0291 1.31751 1.55727 -1.79472 2.5679 2.90826 3.06215 -5.46213 0.31584 -2.3347 5.63308 1.19496 -3.09874 5.38719 -0.00625605 -3.09465 5.31007 0.936948 -1.42283 -4.97526 2.10432 -1.23677 -4.84558 2.33161 5.38571 1.57395 2.72547 1.70249 -3.1307 2.64027 1.41513 -3.31042 2.78649 -1.5708 -1.5708 4.71239 -1.5708 1.5708 4.71239 -1.5708 -1.5708 4.71239 2.11151 -2.91898 5.05689 3.09744 -2.69725 4.66398 3.09561 -1.83964 5.06571 3.98634 -1.6383 4.48826 3.98653 -2.39213 4.13536 3.05393 5.28594 1.15729 -2.48783 3.16588 4.69435 3.13722 -5.43647 0.0170809 3.13586 -5.43725 0.0132447 3.18164 -5.39852 0.185663 -2.11019 5.83669 0.000175342 1.74199 5.66125 0.689087 1.74756 5.61473 0.836202 -2.11648 5.75139 1.01167 -1.30803 3.14478 5.15865 3.98066 -0.825433 4.7082 2.73166 -4.67192 0.198771 -1.5708 -1.5708 1.5708 2.85111 -4.43182 0.222575 1.4022 -2.27878 2.04031 2.80862 -4.54916 -0.00135129 -2.73163 -4.46867 0.804168 -2.56131 -4.64075 1.0161 -2.72983 -4.5643 0.607587 -1.7959 -4.74563 2.01777 2.66908 -4.66947 0.619631 2.77892 -4.54539 0.420176 2.80904 -4.54832 -0.000229793 2.73191 -4.6716 0.198155 1.80275 -2.5353 3.41933 1.44422 -2.78995 3.13863 2.88974 -5.57922 -0.00288217 1.88224 5.59046 0.574303 4.7572 -1.38043 3.77908 1.22475 2.97047 5.28404 -2.1105 5.48728 1.9944 4.75576 -2.00993 3.48806 3.18116 -5.39753 0.407103 -2.29813 -4.74178 1.41148 -2.53363 -4.54188 1.22045 4.75594 -0.694286 3.96168 2.66169 4.58144 0.843714 -1.5708 1.5708 1.5708 -1.91571 -4.85991 1.78941 5.21561 -3.18325 1.22572 -1.06794 6.01883 1.06201 -2.22906 -4.64107 1.62863 -1.5708 -1.5708 4.71239 -1.5708 1.5708 4.71239 -1.07157 5.29791 3.05415 -1.06943 5.74708 2.09331 0.914838 -5.14209 2.23214 1.14326 -4.72212 2.44187 1.23 -4.99188 2.22107 1.41753 -4.88383 2.19654 5.33942 -3.19162 0.396618 3.13645 -5.43697 -0.0287155 3.07746 -5.47208 0.0464537 -1.06877 6.1161 -0.00121868 -0.966242 -3.52754 2.94629 -0.577406 -3.27841 3.08504 1.05688 -5.07646 2.22598 0.833958 -4.92944 2.44494 0.70744 -3.60152 3.00946 1.10573 -3.3537 2.93291 2.66305 -1.70563 0.846051 2.7776 -1.83238 0.641181 0.00379835 5.37327 3.10492 5.33992 -3.19111 0.395952 5.5847 -2.81768 0.427611 1.5686 -2.7183 3.05445 3.14522 -5.43076 -0.0154574 -0.124143 -3.57743 3.09066 0.297945 -3.31866 3.12242 2.80656 -1.41164 3.13272 -0.00221583 5.82865 2.11969 -0.00160916 6.11466 1.07257 -0.832219 -5.07098 2.32166 -0.56512 -4.91977 2.52751 0.154709 -4.94901 2.56494 -0.184101 -5.12214 2.41771 0.465771 -5.11895 2.38325 5.37766 -3.2184 0.000575003 3.03889 3.81517 0.425453 3.03895 -2.46838 0.425633 2.95779 3.96569 0.643092 1.3927 -5.12858 1.98534 1.68011 -4.98411 1.91101 5.67041 -2.62638 0.31508 1.68382 -4.98232 1.90946 1.88966 -4.55406 2.07454 2.01056 -4.70687 1.82679 0.547595 3.08497 3.04795 0.803045 3.02515 2.87111 0 3.14159 3.14159 -0.00219039 6.2041 -0.00335839 2.6888 -1.60922 3.27947 1.06959 6.01894 1.06155 2.11098 5.83664 -0.00343768 1.06719 6.11644 -0.00220362 2.11722 5.75008 1.01694 1.0651 5.29936 3.05345 5.32468 -3.27666 0.52441 -1.5708 -1.5708 1.5708 1.5708 -1.5708 1.5708 0.00367375 -3.1331 3.04306 0.275859 3.11844 2.87918 1.0742 5.74541 2.09531 -0.0408354 3.07645 5.36046 3.13005 -0.227888 2.99902 3.12953 -0.243633 3.01407 3.12973 -0.262292 3.06687 3.09262 -0.388426 3.37362 3.13487 -0.14485 3.04117 3.03373 -0.813341 3.07424 3.03485 -0.805389 3.03841 2.3192 -4.68699 1.43862 2.50785 -4.54621 1.26781 2.24922 -4.55222 1.6795 0.274235 -3.11741 2.8656 0.465979 -3.09986 2.99838 3.12954 0.274003 3.1189 3.1296 0.273503 3.12164 -1.07355 -2.94338 3.05791 -1.32776 -2.8363 2.89246 3.08632 0.531054 3.27396 -1.79798 -2.56735 2.92804 -2.02134 -2.39558 3.10735 2.94913 1.05903 3.22349 2.53428 -4.67389 1.03445 1.06959 6.01894 1.06156 -0.00263553 3.13295 3.03974 -0.275229 3.11765 2.86938 3.13167 0.107463 2.92004 -0.273665 3.11665 2.85676 0.268101 3.11884 2.8761 0.547522 3.08489 3.04982 1.07841 2.94202 3.06216 1.32312 2.83838 2.89151 0.811616 3.02365 2.87995 -0.811626 3.02385 2.8824 3.13064 -0.260051 3.11196 -0.810919 3.02357 2.87698 0.281295 -3.11655 2.86313 0.275796 -3.11778 2.87142 -3.08615 0.531701 3.27443 0.465979 -3.09986 2.99838 -0.273675 -3.11889 2.88232 -0.275834 -3.11829 2.87737 1.06673 6.11659 -0.00184184 3.00135 2.93302 0.904447 -2.72113 -1.55517 3.18221 -2.84585 -1.32566 3.02605 -3.08612 -0.531838 3.27445 -3.12955 -0.273975 3.11949 -3.12961 0.27325 3.1192 -3.12989 0.264242 3.08235 -3.12959 0.27411 3.13073 -3.12952 0.273973 3.11593 -3.03339 0.814443 3.07206 0.802762 3.02541 2.87317 0.801103 3.0252 2.86592 2.1115 5.05691 2.91897 4.70828 -0.561371 4.03405 3.84018 -0.436661 4.86523 2.63223 1.446 0.200127 -4.75845 3.07985 2.5856 -3.98917 3.07328 3.6561 -3.98698 3.65801 3.07356 2.1172 5.75009 1.01697 2.57052 -1.80609 3.13357 5.14198 -3.61083 -0.00218725 -3.98279 4.13735 2.39033 2.11056 5.83684 -0.00319942 2.70806 -0.274574 5.57092 -3.09491 4.12946 3.46202 -3.0939 3.46387 4.12908 -3.09295 4.67043 2.6915 2.10783 5.48879 1.99156 1.07418 5.7454 2.09531 -3.09638 5.06774 1.84167 2.10782 5.4888 1.99156 3.09745 4.66398 2.69722 -2.11207 3.75101 4.47565 -2.11245 4.47555 3.75088 2.79032 1.86414 0.649364 2.68042 1.73979 0.848474 -1.5708 1.5708 1.5708 3.09562 5.0657 1.83964 1.07251 2.9437 3.05338 1.32917 2.83585 2.89486 -2.11275 5.05815 2.92109 3.09705 2.69725 4.66418 3.98556 2.39048 4.13762 3.98233 3.07569 3.66125 1.32848 2.83569 2.88934 3.9829 3.66186 3.0736 -2.92788 4.04896 0.665612 -2.90865 3.92087 0.895604 -2.76844 4.09126 1.12512 -2.71175 3.9449 1.36774 1.40467 0.867742 1.1096 2.80395 1.72476 0.000345261 -1.07093 4.68385 3.92806 -1.07036 3.92732 4.68438 1.32712 2.83661 2.8926 1.57171 2.71136 3.06656 2.15646 4.07462 2.08537 2.27584 4.19096 1.884 1.79704 2.56775 2.92504 1.32827 2.83603 2.89219 2.5134 3.97018 1.69288 1.07206 2.94387 3.05317 2.80385 1.72456 0.000241259 2.7345 1.61657 0.206301 1.06509 5.29935 3.05348 2.59428 4.08553 1.48806 2.77009 3.89147 1.27824 2.81775 4.00849 1.07176 2.65067 -3.57744 4.42788 -5.38873 1.07179 2.95162 -4.75856 2.0116 3.48254 -5.38956 1.57164 2.71796 -4.75934 1.37687 3.77797 3.06111 -5.4813 0.0918313 3.09408 5.31097 0.932661 2.94045 3.84057 0.857205 2.85361 1.85592 0.21204 2.85375 1.85642 0.212806 3.09663 5.3884 -0.000977488 -4.75735 2.58574 3.08122 -5.38973 2.01991 2.40507 1.32326 -0.0787715 6.04305 -3.01721 3.89643 0.443051 3.98068 4.70817 0.82543 3.98487 4.78007 6.52357e-05 1.52128 -0.251348 6.04344 -4.75735 0.697091 3.96025 -5.39035 0.54311 3.09272 -2.50831 4.13835 1.59265 1.79901 2.56643 2.92572 -2.39735 3.97311 1.85227 -2.11468 4.1926 2.05654 -5.38911 2.40593 2.02051 1.84866 4.32098 2.23914 1.68412 4.19843 2.43237 1.31271 4.46742 2.51631 -3.98106 1.63129 4.49381 2.85127 -4.4319 0.220338 2.73212 -4.67134 0.197646 -1.5708 -1.5708 1.5708 -1.92743 3.9982 2.32827 -1.28981 4.00826 2.73036 -1.56958 4.23586 2.47551 2.80917 -4.54805 1.38255e-05 1.40201 -2.27914 2.04129 3.98656 4.13534 2.39212 4.75335 3.08701 2.58308 4.75575 3.48806 2.00993 3.98637 4.48825 1.63829 2.80617 -4.55401 0.00847754 -3.98203 0.828457 4.70839 -0.504021 3.99428 2.98136 -0.0941939 4.23172 2.92779 -3.98553 2.38963 4.13563 2.80869 -4.54902 0.000720589 2.80671 -4.55294 -0.00841245 2.11151 5.05689 2.91898 4.75539 2.58251 3.08463 -0.881063 4.25396 2.7858 0.342233 3.9464 3.01741 -3.08898 2.68967 4.67413 3.19393 -5.40472 0.0450112 2.73193 -4.67156 0.198164 5.38812 2.40875 2.02161 1.12194 3.87721 2.84072 0.693646 4.15962 2.87445 -3.09791 0.938658 5.30633 -3.09484 1.84311 5.06772 -2.11948 2.00064 5.48256 -2.11624 1.01064 5.74891 5.38661 2.72509 1.57178 1.39867 4.06526 2.64305 1.33749 3.61093 2.75135 4.51968 -3.20279 2.83887 0.680809 4.61212 2.67905 1.09372 4.33483 2.6925 3.09409 5.31099 0.932643 3.09617 5.38891 0.000444037 3.91013 -3.22127 3.60348 2.02179 2.39524 3.107 0.403375 4.46526 2.82042 2.64962 -3.59103 4.41736 3.09764 4.12597 3.46729 3.09745 4.66398 2.69725 -2.11426 2.9187 5.05844 -2.81449 3.14975 1.39576 -2.66311 3.32738 1.64036 2.77911 1.73814 0.420076 4.75595 3.96168 0.694284 4.75865 4.02373 0.00264599 2.77894 -4.54534 0.42018 2.21712 2.21798 2.95568 -2.91113 3.32703 1.14889 5.5855 -2.81601 0.42715 -2.47213 -2.00211 1.55321 -2.55832 -1.86737 1.3042 4.7572 3.77909 1.38042 5.61283 -2.82387 -9.20563e-07 2.56887 3.00698 1.80344 2.37621 3.22295 2.04159 -2.72367 -2.03483 1.09051 -2.76058 -1.91262 0.859332 -2.87395 -2.06233 0.643546 -2.87411 -1.9466 0.425557 5.38685 3.09805 0.54279 2.5134 -2.31251 1.69265 2.39477 -2.42923 1.89335 5.38833 3.14549 -0.000176237 2.68912 -2.50667 1.48294 -5.39123 -0.541532 3.09147 -5.38963 -1.07187 2.95021 -4.75657 -0.697644 3.96109 2.4081 2.0065 3.15018 2.14388 -5.41175 0.346043 2.77008 -2.39137 1.27807 2.89261 -2.55975 1.06429 2.07116 -5.49464 0.161566 2.94047 -2.44306 0.857494 5.38651 2.95619 1.07588 2.82845 2.96269 1.35554 2.92042 3.10186 1.1421 3.02164 -2.59352 0.639724 -4.75805 0.000182532 4.02229 4.94723 -3.18821 2.04147 2.6984 3.15004 1.59638 5.85991 2.0303 0.73603 5.86042 2.12528 0.376127 -2.2423 -1.81419 1.75491 -5.38992 -0.000593578 3.14011 -1.7818 -1.76163 2.18872 -2.08691 -1.9713 2.02028 -3.00648 3.16868 0.911023 -3.05679 3.32407 0.677823 -3.10885 3.17926 0.450794 -4.75765 -1.37784 3.77959 -3.98381 -0.828555 4.70713 2.71894 1.55923 3.1841 2.84435 1.32937 3.03176 1.68412 -2.08467 2.43234 1.46582 -2.21757 2.60836 2.56966 1.801 2.99032 1.99121 -2.33259 2.27999 2.15637 -2.21027 2.08622 -2.27577 3.32811 2.1417 -2.03275 3.09355 2.39483 -2.50173 3.12694 1.90019 -1.54097 -1.94905 2.44791 2.20046 3.07017 2.24109 3.06075 -5.48168 -0.0846564 3.13691 -5.43642 -0.0124755 -5.38911 -2.02051 2.40593 -4.75846 -2.5856 3.07985 -4.7594 -2.00997 3.48237 -5.38863 -1.57273 2.71926 -1.17183 -1.72917 2.5498 -1.60948 1.66629 2.2443 -1.79582 1.53651 2.01701 2.94988 1.05518 3.22712 2.84296 1.3315 3.02208 -0.0264322 -1.9798 2.90159 -0.434618 -1.73008 2.77279 -0.833462 -1.94793 2.7667 0.35162 -1.7771 2.80787 2.84286 1.33119 3.01629 -2.00805 3.48999 2.3908 -2.01034 3.48822 2.38913 -3.98222 -1.63254 4.49213 3.14084 -5.43416 -0.018351 -3.98278 -2.39034 4.13735 1.35413 3.43358 2.80663 1.70276 3.15314 2.64009 0.652821 3.56258 3.02975 1.06725 3.25368 2.95263 0.81546 -2.09627 2.83468 0.937685 -1.4842 2.451 1.93273 3.3186 2.4582 -3.98655 2.39211 4.13536 -3.09488 -0.937475 5.30819 -3.09637 -1.84168 5.06774 -1.67688 3.72879 2.57389 -3.98439 0.000814262 4.77934 1.45905 -2.11618 2.57252 1.09351 -1.94949 2.69309 -3.09563 1.83964 5.06568 3.09561 5.0657 1.83964 -3.0941 0.932638 5.31097 3.98634 4.48826 1.63829 1.08252 -1.86167 2.65698 -3.09747 2.69724 4.66396 -2.84649 1.96453 0.595829 0.771127 -2.03908 2.82323 -2.10764 1.7574 1.85985 3.98287 3.66187 3.0736 -3.09451 -0.00109055 5.39004 3.98653 4.13536 2.39212 -2.2299 1.64479 1.62995 -2.46658 1.84109 1.43329 -2.73277 1.81772 0.805553 -2.70273 1.91469 1.01346 -5.44673 2.02927 2.2129 -4.92875 2.10169 3.13313 -2.11789 -1.99826 5.48434 -2.11817 -1.01046 5.74797 -2.53262 1.73835 1.21916 -4.1461 2.17585 4.04758 -5.76088 1.96567 1.31224 -2.11589 -0.000681367 5.83991 -1.35917 3.47567 2.81259 -0.95549 3.73017 2.91636 -0.552079 3.44099 3.07818 -0.130185 3.69705 3.07137 2.8538 1.85669 0.213329 -1.5708 1.5708 1.5708 2.80405 1.72495 -0.000174635 0.70423 3.63571 3.00497 0.731209 3.09067 3.03769 1.40452 0.867446 1.10911 0.321219 3.39744 3.11464 2.80427 1.72538 -0.000190535 2.73399 1.61589 0.206997 -2.11275 -2.92108 5.05815 -1.06905 -2.09492 5.74243 -3.09799 0.00265054 5.38813 -1.06991 -1.06022 6.02019 -3.09467 -0.93691 5.31006 -2.11721 1.01694 5.75008 -1.06913 1.05895 6.0203 2.80618 1.7292 -0.0080888 2.85375 1.85644 0.212806 -2.7218 1.55422 3.17939 1.92182 -2.40922 3.39445 -2.84601 1.32577 3.03125 -2.84619 1.32521 3.02923 1.08275 -2.94002 3.05823 -2.84584 1.3252 3.02066 -2.79287 -2.78687 1.39414 -2.65256 -2.97122 1.65881 -2.70374 1.55904 0.184844 -2.50355 1.26263 0.0197336 -2.40709 2.00755 3.14388 2.09857 -2.33237 3.05357 -2.57053 1.79953 2.98765 -2.21647 2.2176 2.94385 2.0363 -2.36258 2.80582 -2.11133 -0.00244809 5.83666 -4.75656 3.96109 0.69765 -5.39123 3.09147 0.541536 -5.38963 2.95022 1.07187 -2.11649 -1.01164 5.75138 -2.90771 -2.9532 1.15684 -4.75738 4.02276 -0.00180621 -5.39001 3.13998 0.000584729 -2.66392 1.47635 0.00960474 -2.21754 2.21754 2.95551 1.32815 2.83536 2.88397 -2.10781 1.99156 5.4888 -4.75939 3.48238 2.00997 -2.64129 1.47824 -0.355579 -2.71295 1.57408 -0.178524 1.79679 2.56826 2.92902 2.02263 2.39446 3.11638 2.21764 2.21751 2.95622 1.57066 2.71204 3.0666 -2.71354 1.575 0.176747 -2.59369 1.38247 0.175638 -1.3327 0.739343 1.01518 -2.65987 1.46987 -0.0017001 2.80665 -4.55306 -0.00843188 2.80746 -4.55147 -0.0037045 -1.5708 -1.5708 1.5708 1.40323 -2.27674 2.03691 -5.38863 2.71926 1.57273 -4.75764 3.77959 1.37785 2.56924 -3.27625 1.8029 2.56888 -3.27637 1.80341 2.85144 -4.43118 0.221697 2.80861 -4.54918 0.000203181 1.31904 2.04711 2.61821 0.951217 1.82673 2.68997 -1.06794 -1.06199 6.01884 -1.06814 -0.000677453 6.11645 -1.68582 2.23764 5.48124 2.16135 0.861654 0.00731228 -1.5708 1.5708 1.5708 2.07471 0.791831 0.16776 2.57354 -2.81506 1.77197 2.7316 -4.67202 0.198813 -3.06109 2.22948 4.87302 2.83232 -2.8798 1.3338 2.72589 -3.01257 1.54392 2.93415 -3.05117 1.10393 3.00431 -2.91993 0.891404 -1.06959 1.06157 6.01894 -2.98598 -2.78648 0.909627 -1.07417 2.09531 5.74541 -3.08914 -2.79036 0.451048 -3.12132 -2.93123 0.231467 -2.02169 2.39511 3.10934 -3.05407 -2.93709 0.683544 2.80666 -4.55304 -0.00844371 2.73191 -4.67159 0.1982 -2.2599 -3.00645 2.16187 -2.47795 -2.7836 1.89769 -3.98381 4.70714 0.828549 -9.86635e-07 2.9917e-06 6.20453 -0.123227 2.1813 5.75001 2.23266 0.943417 0.181355 3.98065 4.7082 0.825431 -0.97115 1.58851 2.53668 -1.23639 1.43639 2.33093 -1.79728 2.567 2.91827 2.71835 -1.56009 3.18657 3.98605 4.77994 0.00618023 -3.98222 4.49213 1.63255 5.61313 -2.82328 -0.00166881 1.07984 0.430033 0.756634 -3.98556 -2.39048 4.13762 -3.98436 -1.63716 4.48984 4.75594 3.96168 0.694292 4.7582 4.02416 0.00181834 1.14067 1.9351 2.65404 1.1168 1.56787 2.46049 2.09732 2.50185 5.18937 2.20057 -3.21264 2.24099 1.97088 -3.37815 2.42268 2.39301 -3.42929 2.00303 1.41241 1.73505 2.42824 -1.57967 2.70698 3.0776 -3.09705 -2.69723 4.66418 -3.98233 -3.07569 3.66125 -3.98462 4.77942 0.000797399 -1.36018 -2.81031 2.81243 -1.6942 -3.04618 2.62686 -3.09741 -1.83774 5.06489 -2.00784 -2.79336 2.39101 1.99186 2.35332 5.32168 2.50824 1.73743 1.26754 2.65454 1.86793 1.08108 2.17039 1.97894 5.33389 2.43866 1.87261 1.5084 -3.09488 5.30819 0.937472 2.80807 1.90011 5.16461 -1.3244 2.83912 2.90723 2.9502 -1.0547 3.22492 -1.33191 2.83512 2.9013 -3.09766 -4.12597 3.46727 -2.11998 -4.47013 3.75436 -3.09669 -3.46756 4.12644 -3.09624 5.38988 0.00635055 1.43318 2.06105 5.62624 0.728465 -3.22334 3.04035 0.706823 -2.66218 3.00649 1.70253 -3.13072 2.64024 2.84325 -1.33111 3.02466 -1.07524 2.9432 3.06172 3.03593 -0.804681 3.06954 2.12639 1.88153 1.92754 2.24977 1.7319 1.67955 1.70023 1.90092 2.32024 1.88955 1.72782 2.07376 1.41514 -3.31035 2.78648 2.77907 1.73808 0.420125 1.06754 -3.02873 2.9525 4.7572 3.77908 1.38044 -2.11789 5.48433 1.99827 0.603005 2.04035 2.86388 -2.11801 -3.75219 4.47219 -2.10902 -2.92157 5.05577 -1.06947 -3.92476 4.68454 -1.07153 -3.05418 5.2979 -2.11817 5.74797 1.01046 -2.1105 -1.99441 5.48728 1.47321 1.02577 1.2141 2.98175 2.19307 0.220271 -1.5708 1.5708 1.5708 2.88658 1.93167 0.216589 -1.06502 -4.68515 3.92527 -2.11555 5.83971 -0.00146085 -0.56518 1.36446 2.52824 0.00218278 -3.98953 4.75601 0.210261 1.81864 2.84168 0.210013 1.81784 2.84133 0.154477 1.33768 2.56742 -0.22893 1.53672 2.67527 2.94653 2.05187 -0.000263372 2.9817 2.19277 0.21981 3.08768 -0.513872 3.29102 2.40765 2.00711 3.14833 -1.0694 -2.09332 5.74707 -1.06904 5.74243 2.09493 -0.00218404 -4.75601 3.98953 2.94858 -4.22576 0.00860591 2.97976 -4.09586 0.22825 -1.5708 -1.5708 1.5708 2.88501 -4.35613 0.207499 1.47495 -2.11108 1.91955 2.56966 1.80117 2.99248 2.56962 1.80123 2.99253 0.00378507 -3.10492 5.37329 -1.07255 6.11379 -0.00249817 2.88478 -4.35653 0.208071 2.95002 -4.22183 0.000230626 -1.55783 -4.52783 2.33495 -1.93394 -4.26512 2.20616 4.7554 2.5825 3.08463 2.91835 2.06309 0.435526 2.91863 -4.21942 0.43531 -0.00160875 -1.07257 6.11465 4.75334 3.08702 2.58308 -5.85942 1.65823 1.38944 -5.85903 1.38919 1.65935 4.75576 3.48806 2.00993 -5.86072 1.87399 1.07673 0.00161054 1.07257 6.11466 5.86713 -2.16289 0.441781 1.06793 1.06201 6.01883 -2.90063 -4.14391 0.649872 -2.88838 -4.02639 0.862565 1.06814 0.000679391 6.11645 0.00221277 2.11971 5.82865 -2.47592 -4.30155 1.53329 -2.69355 -4.09003 1.30952 -2.7407 -4.20905 1.08856 5.38811 2.40875 2.02161 2.16348 0.863674 -0.00717939 2.23277 0.943591 0.181848 -2.08451 -4.41172 1.96373 1.0694 2.09333 5.74707 -2.38343 -4.1718 1.76848 -6.1522 0.85739 0.716218 3.12946 0.27557 3.13085 3.12799 0.254098 2.99761 -3.13074 0.218881 3.00055 -2.66392 1.47635 0.00961616 1.06959 -1.06156 6.01894 -3.12991 0.110274 2.89445 -3.1306 0.138659 2.91896 3.1297 0.255073 3.04414 3.12938 0.264602 3.06039 -3.13046 0.172217 2.94136 5.38866 3.14497 -9.92315e-05 -2.94822 1.06093 3.22536 2.88599 1.93074 0.218663 2.94621 2.051 0.000295912 -1.5708 1.5708 1.5708 2.94847 2.05713 -0.00890533 2.98171 2.19283 0.219861 2.9819 2.19423 0.222089 -0.103289 -3.1433 3.12155 -0.550963 -2.83947 3.07811 -0.952767 -3.09425 2.97497 1.4732 1.02575 1.21406 -3.03334 0.814166 3.06705 -5.85966 2.16344 0.000451736 0.744594 -3.17591 3.03504 1.12583 -2.937 2.92579 0.320329 -2.88778 3.1149 2.88479 -4.35649 0.208112 2.94807 -4.22715 -0.00849345 -1.5708 -1.5708 1.5708 2.91863 -4.2194 0.435326 2.09797 -2.2624 2.65758 -5.86124 2.03131 0.738265 -4.48523 0.319308 4.27986 -5.27056 0.352353 3.28919 2.97979 -4.0957 0.228295 2.95037 -4.2209 -0.000255586 -5.85928 2.1305 0.379046 -5.78163 0.371038 2.30365 1.32816 -2.83607 2.89205 2.88495 -4.35621 0.207721 1.47495 -2.11109 1.91957 2.11049 1.99441 5.48728 -2.57659 -4.92264 0.199875 -2.66259 -4.80897 0.00882455 2.91834 2.06309 0.435579 5.38716 2.0216 2.4105 2.11649 1.01164 5.75138 -6.15136 0.193022 1.10253 -5.86141 0.739971 2.03043 -6.15275 0.383679 1.04847 -5.85995 0.377313 2.12932 2.11133 0.00245514 5.83666 3.09468 0.936904 5.31006 -5.85999 1.07765 1.87509 3.09741 1.83775 5.06488 5.38703 1.07591 2.95565 5.85971 1.0771 1.87114 2.1422 -5.41309 0.347728 -1.5708 -1.5708 1.5708 5.859 1.65528 1.38795 -5.85959 0.000243193 2.16341 5.38661 2.7251 1.57177 5.38651 2.9562 1.07588 2.24922 -4.55215 1.67956 2.3191 -4.68705 1.4387 -2.59144 -4.90466 0.164899 -2.66599 -4.80353 -0.00172753 2.94851 2.05725 -0.00891414 2.98168 2.19271 0.219922 -1.5708 1.5708 1.5708 1.07416 -2.09531 5.74541 2.10782 -1.99156 5.48879 2.1172 -1.01694 5.75008 5.38685 3.09806 0.542774 2.94618 2.05091 0.000218579 -2.61685 -4.83934 0.373319 -2.57664 -4.9226 0.199673 2.98165 2.19232 0.219169 2.88703 1.93245 0.215998 1.47321 1.02578 1.21372 2.9485 2.05721 -0.00880145 -2.6626 -4.80895 0.00887698 -2.71001 -4.71423 0.184058 3.0941 -0.932642 5.31097 0.801487 -3.02643 2.88095 -6.15336 1.11489 -0.000624343 2.72473 1.54743 3.19409 3.09799 -0.00264255 5.38813 -6.15213 0.716203 0.857715 -6.15251 0.969133 0.554982 -3.12992 0 2.87098 -3.13257 0.058236 2.91448 3.13068 0.221394 3.00344 2.84849 1.31972 3.0234 -6.15264 1.04891 0.383571 5.85925 1.87212 1.07738 5.85992 2.03029 0.73605 1.51946 -1.96907 1.82419 -1.5708 -1.5708 1.5708 2.98463 -4.08252 0.214153 -6.15152 1.10181 0.193978 3.98518 -0.00261685 4.78014 3.98066 0.83017 4.70746 3.03893 -3.93811 -1.24597e-05 2.98508 -4.08163 0.212775 2.50786 -4.54635 1.26762 2.53453 -4.6736 1.03429 2.6807 -4.54293 0.848355 3.05688 -3.80589 0.233332 5.86042 2.12528 0.376148 3.00629 -3.93806 0.444333 -2.59101 -4.90493 -0.168457 2.01184 -4.70546 1.82666 1.89015 -4.5544 2.07386 1.60325 -4.72094 2.1808 5.85846 2.16115 0.000633229 -2.72255 -4.68211 -0.0593298 2.92112 -4.07572 0.658301 5.81274 -1.86069 1.32572 -1.33021 -2.40622 2.13376 -1.32772 -4.36135 2.57273 -0.00220509 -2.11972 5.82865 2.84299 1.33111 3.01839 2.84274 1.33142 3.01615 1.41165 -4.54942 2.42794 2.91836 2.06315 0.435592 5.94312 -1.87455 0.429422 1.06501 -3.92526 4.68515 1.06947 -4.68455 3.92476 2.99313 -0.943751 3.226 1.06507 -3.05347 5.29935 2.54109 -4.94563 0.397347 2.62931 -4.83997 0.216924 2.57519 -4.94102 -0.000414227 1.21449 -4.64121 2.46561 0.950388 -4.45791 2.68955 6.04379 -1.59786 0.454432 2.48381 -5.05069 0.181834 2.54177 -4.94512 0.395348 1.08438 -4.72377 2.47616 1.27852 -4.22907 2.63502 -6.23562 2.52464e-05 0.00356983 2.11801 -4.47219 3.75218 -6.15246 0.555308 0.96916 1.28757 -2.47054 2.17759 2.48381 -5.0507 0.181814 2.05484 -5.41683 0.685958 5.98611 -1.88786 -0.000351551 0.555789 -4.68041 2.66732 0.209974 -4.46412 2.84191 2.11999 -3.75437 4.47013 2.1115 -2.91898 5.05689 -6.07921 0.384532 1.3627 5.94302 -1.87505 0.428979 5.37804 0.134225 3.12608 5.80327 -2.29287 0.514778 -6.15251 -0.554994 0.969122 -5.86072 -1.07673 1.874 -5.86124 -0.738259 2.03132 -0.901055 -4.62371 2.60378 3.09766 -3.46728 4.12596 -0.588962 -4.43098 2.80361 3.09747 -2.69723 4.66397 -0.170911 -4.68106 2.71721 -6.15264 -0.383584 1.04891 -5.85928 -0.379037 2.1305 3.09563 -1.83963 5.06569 5.95664 -1.93548 0.369045 -6.15152 -0.193965 1.10181 -6.15329 0.000754167 1.11516 -3.12837 -2.79288 4.54632 3.98655 -2.39211 4.13536 -4.14753 -2.60206 3.80121 3.98068 -0.825428 4.70818 3.98437 1.63716 4.48984 -3.13074 -0.218952 3.00073 -3.13045 -0.172148 2.94114 3.13062 0.0237079 2.88078 2.94809 1.06161 3.22153 -5.4043 -2.26359 2.09739 3.03455 0.81023 3.07338 3.03649 0.80427 3.09161 -5.71296 -2.14817 1.2488 6.15504 0.713459 0.849487 6.15512 0.849079 0.713469 4.756 0.694467 3.96174 4.75652 1.38084 3.77992 6.15454 0.96217 0.554482 2.99201 2.49204 0.680508 -1.5708 1.5708 1.5708 3.00622 2.34491 0.444434 4.75762 2.00818 3.48681 5.38703 1.07591 2.95565 6.15735 1.10476 0.00215825 3.03573 2.33295 2.48814e-05 3.05842 2.48221 0.22192 2.98708 2.20841 0.221328 -2.55161 1.39147 0.524543 3.05839 2.4813 0.220563 3.03646 0.804138 3.08813 1.51787 1.16649 1.30759 4.75594 -0.694279 3.96169 4.75828 -0.000405003 4.0238 3.00632 -3.93795 0.444361 -1.5708 -1.5708 1.5708 2.92115 -4.07563 0.658287 2.98491 -4.08195 0.213324 3.05685 -3.80653 0.232477 3.03734 -3.94412 0.00986121 3.98636 -1.63829 4.48825 3.03892 -3.93815 7.75176e-06 5.81211 0.0461017 2.23826 -2.99643 -3.98372 0.426435 2.98508 -4.08163 0.212772 3.00136 2.93306 0.904422 -4.89784 -2.41872 2.95781 1.51945 -1.9691 1.82424 5.38686 -0.542774 3.09806 4.7572 -1.38043 3.77908 6.04398 -1.59943 0.451124 4.75576 -2.00993 3.48806 -3.12965 0.240145 3.01035 5.38661 -1.57178 2.72509 5.38651 -1.07588 2.9562 -3.1321 0.000168202 2.9001 -3.12948 -0.0436435 2.86949 -3.12947 0.0437944 2.86935 -3.13092 0.138112 2.92321 -3.13163 0.0846793 2.90787 -3.13018 0.228371 3.00258 -3.13164 -0.0847044 2.90799 -3.13097 -0.13961 2.92495 -5.25765 -3.36206 0.0190125 -5.20888 -3.42613 0.054682 3.05842 2.4816 0.220745 2.98708 2.20847 0.221601 -1.5708 1.5708 1.5708 3.0357 2.33285 -9.41744e-06 3.03736 2.33912 -0.00992325 -3.13087 -0.187479 2.96312 -3.13023 -0.227901 3.00299 3.05843 2.48231 0.221987 3.0062 2.34485 0.444473 -3.12967 -0.240397 3.01118 1.51786 1.16646 1.30752 -3.09746 -4.66398 2.69723 -3.12989 -0.264275 3.08234 -3.12961 -0.273053 3.118 5.3875 0.54087 3.0972 -3.1296 -0.274202 3.13433 -3.09563 -5.06568 1.83965 3.05686 -3.80597 0.233403 -1.5708 -1.5708 1.5708 3.03894 -3.93806 -2.33763e-05 5.86027 0.735185 2.02972 2.98463 -4.08253 0.214141 5.8596 0.376386 2.1274 -6.15246 -0.969166 0.555311 -6.15213 -0.857695 0.716204 1.51947 -1.96903 1.82414 -6.1522 -0.716222 0.857383 5.85921 1.38781 1.65475 -2.84407 -4.41365 0.403388 3.03734 -3.94415 -0.00989095 -2.11152 -5.05689 2.91898 2.98507 -4.08164 0.212747 6.15489 0.380431 1.04302 3.00631 -3.93798 0.444357 6.15445 0.554859 0.962299 -3.98442 -4.78035 -0.000295695 -2.2171 -2.21799 2.95562 5.38794 0.000930007 3.14609 5.38686 -0.542771 3.09806 -3.09409 -5.31097 0.932631 5.85873 0.0002833 2.16015 -1.84639 -2.95475 5.09517 -3.09583 -5.38953 0.00408609 -1.56387 -2.71551 3.08542 -2.84317 1.86722 0.402437 -0.389725 -3.05495 5.34455 3.03568 2.33277 3.21561e-05 3.03732 2.33898 -0.00990821 -1.5708 1.5708 1.5708 -1.32018 -2.83895 2.88275 5.86042 -0.376147 2.12528 3.05845 2.48239 0.22194 1.4405 0.430228 6.04308 -1.32825 -2.83598 2.89141 3.03733 2.339 -0.00990776 3.05843 2.48213 0.221593 2.98674 2.20774 0.222428 1.51792 1.16668 1.3077 -2.10782 -5.4888 1.99156 -3.13095 0.188453 2.96581 0 0 0 -2.1172 -5.75009 1.01692 -1.06508 -5.29935 3.05346 1.54676 -1.84449 1.74301 3.0507 -3.83761 0.217366 3.10099 -3.55292 0.233726 -2.87235 3.66079 1.14442 -2.79179 3.49995 1.39539 -2.8441 -4.41359 0.403394 -2.9866 3.49407 0.908605 3.06078 -3.68907 0.448909 3.05091 -3.83711 0.216494 3.09365 -3.6883 0.000378124 -0.00377996 -5.37329 3.10492 2.90288 3.53553 1.12013 3.00426 3.3622 0.891814 6.15504 1.04235 0.380675 1.07153 -5.2979 3.05417 6.15276 1.09952 0.18375 2.67928 3.59927 1.56324 2.83246 3.40458 1.33328 2.35678 3.69286 1.9914 2.57339 3.4666 1.77247 6.15318 -1.10053 0.459523 2.10903 -5.05577 2.92156 -3.02078 3.6438 0.67811 -3.08904 3.49341 0.451277 4.70111 -4.05162 0.361301 4.37727 -4.47384 0.471906 -2.61625 3.68709 1.63587 5.06105 -3.6993 0.273295 3.08675 0.529853 3.27686 1.0694 -5.74707 2.09332 2.1105 -5.48728 1.99441 -2.47909 3.49647 1.89678 -2.22768 3.71005 2.12505 6.13034 -1.35571 -0.000415302 6.08712 -1.3466 0.435763 1.91855 3.81011 2.38468 2.20793 3.55411 2.19647 3.09704 -4.66419 2.69724 3.09669 -4.12645 3.46754 1.32807 -2.83561 2.88637 1.32665 -2.83651 2.88901 1.79757 -2.53834 3.27162 3.09889 -5.38793 -0.000365096 1.71917 3.66274 2.5773 1.99195 -2.38983 2.75841 1.79826 -2.56556 2.90967 4.32493 -4.55775 2.6933e-05 3.12935 0.276768 3.12872 -1.67441 3.7266 2.5763 -1.35895 3.47585 2.81267 4.73394 -4.08551 -0.000109444 -2.00761 3.4904 2.39112 6.09455 -1.4375 0.379657 6.08738 -1.34613 0.434864 6.1486 -1.09106 0.534525 -2.97891 -4.10115 0.223184 2.16003 0.860397 -0.0024073 6.15276 -0.183761 1.09952 5.85992 -0.736053 2.03028 -0.955236 3.72996 2.91651 -0.552153 3.44092 3.07817 6.15504 -0.380691 1.04234 6.15735 -0.00217214 1.10471 3.09739 -5.06489 1.83777 4.70099 -4.05172 0.361403 0.652907 3.56288 3.02968 1.06732 3.25369 2.9526 6.15336 0.186144 1.09701 -2.84317 1.86722 0.402421 1.09467 3.78483 2.87358 -1.93369 2.01485 2.20474 -2.23076 2.25721 2.01249 3.98068 -4.70746 0.830159 3.09467 -5.31006 0.936892 -5.86317 -2.07722 0.424664 1.35375 3.94591 2.70607 1.09669 3.78501 2.87279 6.23474 1.72894e-05 0.00280028 3.98554 -4.13762 2.3905 5.95616 -1.3293 1.3435 3.00621 2.34478 0.444327 -0.130266 3.69711 3.07135 0.32111 3.39734 3.11466 3.98233 -3.66127 3.07569 3.06516 -0.67799 3.21283 5.3857 1.57397 2.72547 1.1246 3.34298 2.92648 0.730192 3.09086 3.03809 0.704169 3.63584 3.00495 -2.3835 2.1119 1.76869 -2.60113 2.32381 1.54538 -2.69373 2.19416 1.30987 -2.84158 2.37608 1.08301 -2.88836 2.25675 0.862564 -2.26004 -3.00637 2.16173 -2.47792 -2.78352 1.89771 5.38716 2.02162 2.41048 -2.65253 -2.97126 1.65885 -2.7929 -2.78692 1.3941 5.85921 1.38783 1.65474 -2.99642 -3.98375 0.426446 -2.90064 -4.14387 0.649898 -2.97888 -4.10124 0.223124 -3.05022 2.43907 0.213779 -2.98415 2.41703 0.639322 -2.99647 2.29966 0.426535 5.85971 1.07711 1.87114 -3.12991 -0.259456 3.06448 -3.13003 -0.245223 3.03037 3.05198 2.45246 0.226998 3.10198 2.73545 0.223884 3.102 2.73519 0.223465 3.09141 2.58237 -0.000358518 3.0927 2.58961 0.00964094 5.85924 1.87213 1.07739 1.54566 1.29094 1.38873 2.93414 -3.05112 1.10393 2.83232 -2.87983 1.3338 2.72596 -3.01219 1.54378 2.57362 -2.81514 1.77187 3.00432 -2.91999 0.89138 -1.5708 -1.5708 1.5708 -0.441934 -3.0733 3.6188 -0.547003 -3.06185 3.58119 -2.84669 -1.32459 3.03482 -2.57134 -1.79811 2.98479 -2.72137 -1.55498 3.18061 -0.659598 -3.04988 3.50412 3.13059 -0.0232264 2.88037 3.13223 -0.107591 2.92822 -2.57261 -1.79839 3.01087 -0.74814 -3.03925 3.41072 -2.986 -2.78654 0.909586 -2.90772 -2.95319 1.15683 -3.05408 -2.93711 0.683474 -6.15308 -1.1159 8.68935e-05 3.12955 -0.153166 2.91345 3.12994 -0.169655 2.93118 -6.15136 -1.10253 0.19303 2.1619 -2.27943 3.13718 3.13067 -0.221392 3.00336 3.12969 -0.255072 3.04406 1.54677 -1.84446 1.74297 3.05108 -3.83668 0.215839 3.09238 -3.69538 -0.010576 3.10104 -3.55393 0.232098 3.09387 -3.68704 -0.00110586 3.12938 -0.263269 3.05616 2.36723 -2.0425 3.33133 2.43868 1.87257 1.50834 2.50824 1.73745 1.26757 2.20815 -2.72788 2.19603 2.00955 -2.87582 2.3881 3.12941 -0.276169 3.13096 -6.15275 -1.04847 0.383672 1.71889 -2.62143 2.57768 3.12935 -0.276985 3.13257 6.1854 -1.10393 -0.00306839 2.12639 1.88148 1.92751 2.24979 1.73192 1.67954 2.42477 -2.95402 1.97683 6.18521 -1.10507 -0.000671966 1.88955 1.72783 2.07376 3.0354 0.806436 3.06681 3.14159 0 3.14159 6.15512 -0.713465 0.849085 6.15504 -0.849484 0.713464 5.85887 2.15998 0.000343986 2.65453 1.8679 1.08107 -2.98416 2.41703 0.639314 -2.90046 -4.14413 0.650233 -2.99648 2.29968 0.426521 -2.00796 -2.79341 2.39091 -1.69414 -3.04619 2.62689 3.102 2.7352 0.223464 3.0605 2.59297 0.449368 -1.5708 1.5708 1.5708 -0.913249 -2.53423 2.92594 -1.28851 -2.27401 2.73069 3.03652 0.804314 3.09463 -1.35766 -2.80771 2.81334 -1.36016 -2.81022 2.81243 -3.12989 -0.269946 3.1192 6.15504 1.04238 0.380722 6.15454 0.962197 0.554519 -1.7069 2.18306 2.44099 6.15275 1.09958 0.183753 3.09144 2.58255 -0.00115955 3.05213 2.45291 0.226727 -3.06984 -3.64281 0.440975 -2.99169 -3.80261 0.671904 -3.06508 -3.77049 0.228363 3.09269 2.58954 -0.0113287 6.15739 1.10461 0.00240023 -3.03221 -0.818782 3.07153 -3.08609 -0.53095 3.27489 -3.10888 2.78468 0.221372 -3.07006 2.6424 0.441748 -3.10888 2.78472 0.221375 1.46166 -2.78241 2.74458 1.09652 -2.4985 2.87292 1.54566 1.29095 1.38876 3.10199 2.73514 0.223432 0.781676 -2.67499 2.9925 1.31891 2.04725 2.61832 0.951073 1.82665 2.68998 5.859 1.65527 1.38797 3.09237 -3.69545 -0.0104975 -1.5708 -1.5708 1.5708 3.05092 -3.83705 0.216634 1.14138 1.93469 2.65361 1.11775 1.56849 2.46053 -0.0670935 -2.57429 3.07109 -0.504683 -2.29014 2.9816 -3.1121 -3.48141 -0.204236 -6.19938 -0.68378 -0.40472 -3.13497 -3.34513 0.0104961 3.05097 -3.83693 0.216444 3.10103 -3.55354 0.232575 3.09387 -3.68702 -0.00114045 0.768769 -2.62131 2.98489 0.342186 -2.33668 3.01739 6.15512 0.849114 0.71348 1.54701 -1.84306 1.74138 3.09237 -3.69545 -0.0105364 3.12994 0.169603 2.93125 -3.03339 -0.814266 3.06992 -3.03351 -0.814209 3.07455 3.12955 0.153037 2.91332 0.714649 -2.14738 2.87823 -5.85974 -2.1627 -0.00111192 -5.85995 -2.12932 0.377325 3.13221 0.107897 2.92808 1.4124 1.73505 2.42824 1.70016 1.90092 2.32028 -5.86141 -2.03043 0.739978 -5.85998 -1.8751 1.07764 -5.85903 -1.65935 1.38919 2.54682 1.3452 0.395313 -1.5708 1.5708 1.5708 3.03646 0.804142 3.08774 3.09247 -0.553297 3.13177 3.08672 0.529866 3.27729 2.63233 1.44622 0.200303 2.48881 1.23961 0.19312 -6.19286 -0.696318 0.456978 -3.10913 -3.48818 0.233179 3.1293 -0.276764 3.11969 6.15743 -1.10415 -0.00257447 6.15503 0.713499 0.849517 -1.01353 2.11563 2.77396 -1.32766 1.92392 2.57375 -5.85941 -1.38944 1.65823 -0.589108 1.8513 2.80316 6.15454 -0.55448 0.96217 0.602375 2.04078 2.86412 0.209434 1.81751 2.84122 3.06481 -3.07731 0.664118 -0.207849 2.0681 2.92759 -3.03344 -0.81426 3.07233 3.13271 2.90564 -0.00115148 -1.5708 1.5708 1.5708 3.10695 2.77361 0.228422 -2.95126 -1.05429 3.21689 2.68044 1.73982 0.848446 -2.84754 -1.32212 3.02708 -2.84578 -1.32568 3.02441 3.1276 3.06178 0.221497 3.12763 3.06172 0.221202 4.75335 -2.58308 3.08701 5.38811 -2.02161 2.40875 1.56632 1.45238 1.49173 -2.0845 -4.41173 1.96373 -1.93396 -4.26513 2.20614 3.10083 2.91584 0.45107 -2.4759 -4.30159 1.53328 -2.38344 -4.17177 1.7685 -2.88837 -4.02643 0.862563 3.10635 -3.51675 0.218102 -1.5708 -1.5708 1.5708 3.12693 -3.22989 0.234567 -3.12797 3.07441 0.228163 -3.10217 2.92775 0.447692 1.56688 -1.68157 1.63781 5.38716 -2.4105 2.02161 5.859 -1.38796 1.65528 5.85921 -1.65475 1.38781 3.13369 -3.36408 -0.000749896 5.85925 -1.07737 1.87213 3.12929 0.276808 3.11838 -2.74066 -4.20913 1.08858 -2.69357 -4.09 1.30951 -3.1022 -3.35301 0.448636 5.38651 -1.07588 2.9562 -2.6338 1.443 -0.168706 -2.58092 1.35041 0.0102655 -1.83394 1.16005 5.76076 5.38794 0.000934668 3.14609 -3.1022 -3.35301 0.448622 -3.10913 -3.48824 0.232985 5.3875 0.540862 3.0972 -5.39017 -3.14001 0.00105358 1.40502 0.864834 5.94468 -3.12796 3.07438 0.228218 -2.63446 1.44447 0.17144 -2.51036 1.26467 0.171057 1.61764 0.609264 5.99825 -5.38873 -2.95161 1.0718 -3.12795 3.07443 0.228302 1.48146 1.50393 5.8661 1.34781 1.35543 5.94565 5.85873 0.000288631 2.16015 5.8596 0.376381 2.1274 -3.14131 -3.10089 0.0115907 -3.12679 -3.24295 0.232045 3.13321 -3.37064 -0.0119354 1.43701 0.98396 5.90981 -6.23287 -0.167871 0.461057 3.10642 -3.51653 0.217792 -2.6228 1.42654 0.174779 -0.197308 1.08851 6.04893 -3.12358 3.31995 0.228975 6.15336 0.186159 1.09705 -1.28858 0.6725 0.958935 2.31913 -4.68713 1.43856 2.2492 -4.55218 1.67957 5.86027 0.735171 2.02972 -2.53651 1.32232 0.354963 -2.42133 1.15595 0.0211614 6.23405 -0.455361 0.460338 -3.14131 -3.10083 0.0115294 -3.12679 -3.24315 0.231958 3.08771 -0.51289 3.29233 3.13073 -0.258872 3.11157 -5.38957 -2.71795 1.57165 3.03594 -0.804733 3.07019 -5.38973 -2.40507 2.01991 6.15735 -0.00216915 1.10475 5.86042 -0.376139 2.12528 2.53451 -4.67365 1.03426 2.68072 -4.54293 0.848303 2.63226 1.44605 0.200117 2.56625 1.32944 0.000309537 -3.10897 -3.10559 0.450152 -1.07342 3.05842 5.29402 5.85961 -2.12739 0.376382 6.15336 -1.09701 0.186139 6.15489 -1.04302 0.380427 -3.12679 -3.24312 0.231955 -3.14131 3.18217 0.0114684 2.50794 -4.54625 1.26758 6.15445 -0.962301 0.554864 5.86026 -2.02972 0.735184 -2.71175 3.94488 1.36776 -2.76846 4.09132 1.12502 2.56748 1.33118 -0.000972503 2.01184 -4.70546 1.82667 -2.9087 3.92078 0.895511 -3.12356 3.32012 0.229 1.28712 0.670396 0.96298 -1.07261 5.29517 3.05658 -2.92788 4.04897 0.665558 6.26625 -0.460412 0.000689142 6.26638 -0.458662 -0.00178629 -6.21673 0.387697 0.463534 -3.12222 -2.79342 0.0113942 5.85992 -0.736062 2.03029 5.85925 -1.07738 1.87212 6.15453 -0.554508 0.962203 -1.32768 -4.36138 2.57274 -1.55779 -4.52791 2.33492 2.35673 3.69288 1.99145 2.57339 3.4666 1.77246 -3.09003 3.63093 0.230977 0.00055992 3.10223 5.37433 -0.00072684 3.98858 4.75459 -3.08915 -2.79036 0.451009 1.89011 -4.55445 2.07387 1.60325 -4.72089 2.18084 0.000731459 4.75461 3.98857 -1.5708 -1.5708 1.5708 2.8433 -1.33167 3.03258 2.84346 -1.33107 3.02931 5.85877 -2.16003 0.000278378 -3.12132 -2.93122 0.231427 -0.00055062 5.37433 3.10224 2.95055 -1.05389 3.22476 1.41169 -4.54942 2.42791 1.08423 -4.7239 2.47614 2.90287 3.53535 1.12023 3.00424 3.36232 0.891882 2.57013 -4.94823 0.00980127 2.62858 -4.8426 0.20851 2.67927 3.59939 1.56321 2.83246 3.40462 1.33326 -3.01723 3.89636 0.443033 -3.00102 4.02702 0.227942 6.15504 -0.380702 1.04238 1.07262 3.05658 5.29518 0.00108337 2.12414 5.83208 -2.50838 4.13826 1.59261 -2.39735 3.97318 1.85223 -3.01677 -2.38539 0.44366 5.3857 -2.72547 1.57396 5.85972 -1.87114 1.0771 1.27844 -4.22891 2.6351 -2.11465 4.1926 2.05657 -3.07785 3.6769 0.26736 -3.08643 3.50044 0.437731 1.21453 -4.6412 2.4656 1.07095 3.92806 4.68384 6.15489 0.380443 1.04306 6.15445 0.554861 0.962341 2.11243 3.7509 4.47556 2.11272 2.92109 5.05816 -5.9495 1.56707 0.947541 -3.07504 -2.76718 0.523029 -6.00797 1.45178 0.822964 1.06949 -4.68455 3.92474 3.036 -0.804027 3.06513 3.03615 -0.804512 3.07692 6.15722 -1.10491 -0.00341374 0.950385 -4.45792 2.68955 0.555749 -4.68037 2.66735 -2.84305 4.45046 0.220656 2.20794 3.55403 2.19647 1.91848 3.81029 2.38467 1.07342 5.29401 3.05843 -2.82432 -4.49788 -0.178237 -2.95202 -4.17008 0.00440134 2.11803 -4.47218 3.75218 2.12002 -3.75436 4.47013 2.11425 5.05844 2.91871 2.11947 5.48256 2.00065 -1.92745 3.99814 2.32827 -1.56966 4.23583 2.47548 -2.88497 -4.38516 0.0105384 -2.81243 -4.51712 0.212685 -2.81241 -4.51713 0.212779 -2.88499 -4.38511 0.0105337 6.15512 -0.713493 0.849108 5.859 -1.38794 1.65528 5.85921 -1.65475 1.38781 -2.91913 -4.27621 0.199761 -0.901046 -4.6237 2.6038 -0.588959 -4.43101 2.80359 3.09764 -3.46729 4.12597 -2.82392 -4.49822 0.18154 3.10094 -3.36661 0.450729 6.15276 -0.183768 1.09956 1.07036 4.68439 3.92731 3.98287 -3.0736 3.66187 -0.170844 -4.68108 2.71719 0.210029 -4.46408 2.84192 -1.44354 -2.19014 1.97343 1.12192 3.87725 2.84072 0.767754 3.65111 2.98758 0.693611 4.15964 2.87445 1.07155 -5.2979 3.05417 1.71911 3.66277 2.57733 1.35358 3.94603 2.70612 2.11204 4.47566 3.75101 2.48546 -5.04841 0.182683 1.09659 3.78494 2.87284 2.5739 -4.94286 0.00118177 2.57129 -4.94658 -0.00970435 2.48587 -5.04801 0.181815 2.11051 -5.48728 1.9944 2.10902 -5.05577 2.92158 3.08898 4.67412 2.68966 -1.28981 4.00828 2.73035 1.2841 -2.4755 2.18687 2.57443 -4.94211 -0.00147047 3.09667 -4.12645 3.46757 3.09491 3.46201 4.12945 3.09391 4.12907 3.46386 -0.0942136 4.2318 2.92776 0.342226 3.94641 3.01741 -0.504036 3.99428 2.98136 -0.881035 4.25392 2.78583 0.675995 4.08835 2.90467 3.09703 -4.66419 2.69725 -5.50118 -3.00629 -0.0888227 -5.42982 -3.0093 -0.346377 -5.54878 -2.90915 0.024627 3.09485 5.06771 1.84312 0.70605 -3.05386 2.9444 -2.6228 1.42655 0.17476 -5.4088 -3.03972 0.391633 1.06794 -6.01883 1.06199 3.98555 4.13562 2.38964 2.11419 -5.83569 0.00280146 0.801445 -3.02636 2.87999 0.806397 -3.026 2.89134 1.08673 -2.9387 3.05161 2.11651 -5.75138 1.01163 1.32902 -2.83471 2.88129 2.669 -4.6696 0.619639 -1.07007 2.0937 5.74291 -2.60003 -2.5021 1.6276 -2.71119 -2.33704 1.36812 -2.85094 -2.50792 1.14032 -5.83611 -2.32039 0.0221172 -5.83633 -2.31984 0.0209095 3.09778 -5.38827 -0.00289336 1.32815 -2.83578 2.88862 3.09466 -5.31008 0.936911 -5.86066 -2.25984 -0.0297912 -5.57428 -2.7129 -0.367017 -2.91083 -2.36811 0.893527 6.23443 2.08328e-05 5.37243e-05 -0.00104922 1.07777 6.1119 3.09739 -5.0649 1.83774 3.98554 -4.13762 2.3905 3.98231 -3.66127 3.0757 2.68912 -2.50681 1.48299 2.51334 -2.31239 1.69267 2.39479 -2.42925 1.89333 3.12761 3.06174 0.221478 3.10084 2.91581 0.451033 -1.5708 1.5708 1.5708 3.98435 -4.48986 1.63716 4.75763 -3.48681 2.00817 -5.58545 -2.84297 0.113047 -5.50129 -2.94325 0.380116 -5.55449 -2.74606 0.411401 -5.482 -2.90293 0.11469 -5.76632 -2.39093 -0.177174 -5.42824 -3.06401 0.662292 1.99124 -2.33272 2.28001 2.15637 -2.21027 2.08622 2.77008 -2.39134 1.27804 2.94047 -2.44296 0.857422 2.89268 -2.55993 1.06419 0.00105853 -1.07777 6.1119 -0.00107125 -2.12415 5.83207 -3.00051 -2.52008 0.669189 -3.06772 -2.52603 0.225567 4.75539 -3.08463 2.58251 -1.07304 0.0013329 6.11385 3.12758 3.06191 0.221744 3.10683 2.77284 0.229242 1.56632 1.45236 1.49175 3.13026 -0.0233141 2.8765 3.13195 -0.107511 2.92415 3.12887 0 2.85914 3.12851 -0.132247 2.88773 -5.59085 -2.76552 0.206903 -2.39673 -2.30874 1.85247 3.13256 2.90365 0.000753313 3.13321 2.9125 -0.011964 -2.20922 -2.50302 2.12408 3.13114 -0.17723 2.95859 3.13013 -0.225996 2.9977 1.32857 -2.83558 2.8886 1.31658 -2.84011 2.87726 3.12962 -0.251722 3.03339 1.56671 -2.7135 3.08153 -5.40884 -3.03966 0.391509 3.12941 -0.265543 3.06488 3.12784 -0.254378 2.99493 3.12945 -0.27555 3.12677 1.68416 -2.08483 2.43238 -5.78414 -2.3199 0.7863 -5.79316 -2.2584 0.0682113 1.79868 -2.56615 2.91977 2.0227 -2.39433 3.10862 3.98665 -4.77881 -0.00388211 -1.92666 -2.28358 2.32839 -2.68211 -1.53151 0.229657 -2.57841 -1.40389 0.449223 -2.38351 2.11188 1.76866 -2.60111 2.32373 1.54538 3.98064 -4.70748 0.830169 3.12874 -3.08535 0.215406 -1.5708 -1.5708 1.5708 3.11057 -2.80374 0.228315 3.13476 -2.93467 -0.000604419 3.13476 -2.93466 -0.000766849 3.12868 -3.08573 0.216058 -5.54753 -2.77565 -0.100292 -5.50031 -2.90906 -0.734038 1.56788 -1.47518 1.51332 -2.88838 2.2568 0.862547 2.2167 -2.218 2.95105 1.98033 -2.3989 2.76008 4.75683 -4.02604 0.00300141 -2.84158 2.37608 1.083 -0.0670156 -2.57437 3.07111 -0.504656 -2.29029 2.98164 -0.914464 -2.53561 2.92575 -1.28905 -2.27337 2.73023 2.20312 -2.1905 3.31995 -1.6467 -2.51098 2.58293 4.7151e-06 2.35485e-06 6.20566 -5.78558 -2.31511 -0.783405 -5.73932 -2.40287 -0.0443857 4.756 -3.96175 0.694467 -2.94417 -2.07933 0.215046 6.21645 -0.0288129 0.433659 4.75652 -3.77992 1.38084 0.781789 -2.67508 2.99248 1.09658 -2.49845 2.87289 3.12941 0.26406 3.05993 3.12939 0.276218 3.12666 -2.69374 2.19418 1.30989 2.56965 -1.80117 2.99233 5.38781 -3.14649 0.00207268 3.13519 0.200131 3.12976 0.716413 -2.14566 2.87708 1.12122 -2.40832 2.84162 0.768825 -2.62115 2.98485 3.1332 -0.229147 3.12967 5.38703 -2.95565 1.07591 1.09307 -1.94894 2.69302 1.0987 -2.49835 2.87204 3.1296 0.25181 3.03305 3.13014 0.226271 2.99842 3.12933 0.276987 3.12875 1.46542 -2.21801 2.6087 2.5695 -1.80119 2.98987 2.71871 -1.55958 3.18475 3.13112 0.176712 2.95771 5.3875 -3.0972 0.540869 0.342251 -2.33669 3.01738 3.1285 0.132254 2.88757 2.6458 2.07433 1.31541 2.77891 2.21251 1.11806 2.01918 2.09368 2.16666 2.01992 2.09379 2.16602 3.13195 0.107472 2.924 -5.54845 -2.90947 0.0215143 3.13472 -0.0145572 3.26633 6.21638 -0.0286893 0.434004 2.24446 2.25475 1.99938 3.13026 0.0232977 2.87646 2.38572 2.08139 1.74754 1.06992 1.06022 6.02019 2.56123 2.22962 1.56159 2.91671 2.20278 0.670112 2.81892 2.0692 0.879346 -5.24913 -3.41789 0.255046 1.07304 -0.00132824 6.11385 -1.5708 1.5708 1.5708 -5.305 -3.32899 0.366154 -3.08596 0.532845 3.27913 -3.03592 0.804746 3.06963 1.06905 2.09492 5.74243 -5.49959 -3.0073 0.135016 -5.57074 -2.81367 0.282978 6.15488 -1.04307 0.380425 6.15337 -1.09704 0.186138 -5.48377 -2.98493 0.264723 2.11815 1.01046 5.74798 2.11787 1.99827 5.48435 -5.75964 -2.43362 0.541876 -2.23078 2.25731 2.01249 4.6993 1.23745 3.86194 -1.93364 2.01487 2.20479 -1.70697 2.183 2.44093 -2.12 3.75436 4.47012 -2.11804 4.47218 3.75218 -3.09764 3.46729 4.12597 6.15503 -0.849506 0.713503 5.85972 -1.87114 1.07711 -1.32775 1.924 2.57374 -5.56123 -2.82453 -0.630566 -2.11151 2.91899 5.05689 -1.06502 3.92525 4.68516 -1.0651 3.05347 5.29935 -1.0695 4.68453 3.92476 -5.16494 -3.51738 0.156214 6.23879 0.401 0.455199 5.3203 1.07326 3.03158 6.22861 -0.422001 0.574765 3.09488 0.937476 5.30818 3.09637 1.84166 5.06773 6.25933 0.230554 0.350653 3.03585 -0.804569 3.06494 3.08752 -0.514486 3.2914 6.26941 -0.0309623 -0.000208868 3.13064 -0.260045 3.11196 1.11774 1.56869 2.46067 1.31887 2.04718 2.61832 3.09295 2.6915 4.67043 5.75179 0.957296 2.17603 5.85961 -2.1274 0.376354 1.14136 1.93466 2.65361 5.86026 -2.02972 0.735198 6.15445 -0.962328 0.554904 1.41238 1.73504 2.42825 3.98699 3.07357 3.658 1.70035 1.90132 2.32035 1.07008 -2.09371 5.74291 1.06913 -1.05895 6.0203 3.04287 3.49742 0.6731 2.11622 -1.01064 5.74892 -5.55463 -2.74597 0.41119 -0.00377882 3.10492 5.37327 -0.00218556 3.98955 4.75601 -5.52497 -2.90723 -0.366795 3.98289 -3.07359 3.66186 -1.5708 -1.5708 1.5708 -1.5708 1.5708 1.5708 0.00220617 4.75599 3.98956 -1.5708 1.5708 1.5708 0.00380624 5.37327 3.10492 -1.01348 2.11566 2.77398 -0.589079 1.85128 2.80315 -0.207934 2.06802 2.92756 4.75335 -2.58308 3.087 1.0695 3.92475 4.68455 -1.5708 -1.5708 1.5708 -1.5708 -1.5708 1.5708 0.602453 2.04075 2.8641 0.951087 1.82659 2.68995 -4.7554 3.08463 2.5825 -3.98554 4.13762 2.39049 -4.75763 3.48681 2.00817 3.85735 1.44535 4.62769 1.88968 1.72801 2.07376 4.75763 -3.48681 2.00817 5.38716 -2.4105 2.0216 4.7554 -3.08463 2.5825 5.38811 -2.0216 2.40876 5.38661 -1.57176 2.72509 -4.75335 2.58309 3.087 -3.98232 3.66127 3.07571 2.77322 1.68521 5.26079 3.13515 3.34239 0.0098857 -1.5708 1.5708 1.5708 3.12824 3.20375 0.226565 0.209393 1.81754 2.84124 3.10359 3.34362 0.443271 3.04286 3.49761 0.67301 2.11946 -2.00064 5.48257 3.13573 3.33316 0.000621553 3.11014 3.48751 0.215219 2.11587 0.000686013 5.83992 3.10999 3.48802 0.216044 3.1356 3.33531 -0.00174158 1.56743 1.67359 1.6388 3.09452 0.00109481 5.39003 3.12874 -3.08544 0.215448 -1.5708 -1.5708 1.5708 3.1036 -2.94214 0.444417 -2.00383 -3.86016 2.3104 -1.93526 -4.26708 2.20401 -1.94476 -4.27468 2.19167 -2.10376 -4.39769 1.95382 -2.38329 -4.17165 1.76876 -5.59484 -2.82737 0.0878274 3.09791 -0.938655 5.30632 -1.63022 0.608373 0.881927 -1.40706 0.506589 0.972871 -1.65637 0.577803 0.743647 3.09485 -1.84311 5.06771 -5.43009 -3.00901 0.346108 3.13484 -2.93594 0.000590243 3.13518 -2.94128 -0.011455 5.8587 -2.16012 -0.000104558 2.84316 -1.33161 3.02825 2.84341 -1.33113 3.02883 1.56777 -1.47346 1.51138 3.13477 -2.93485 -0.0016087 3.12874 -3.08544 0.215456 3.1106 -2.80264 0.226132 2.95055 -1.05389 3.22444 0.959949 0.435275 1.26688 -2.88833 -4.02622 0.862881 1.24817 0.469667 1.0751 -3.98434 4.48986 1.63718 6.27055 0.397782 0.000110681 -2.69346 -4.08981 1.30987 -2.47562 -4.30184 1.53352 6.27053 0.397861 0.000177946 1.45729 0.496523 0.858584 1.28725 0.433016 0.93605 5.38571 -2.72547 1.57396 -3.98286 3.0736 3.66187 -2.7404 -4.2094 1.08891 -1.5708 1.5708 1.5708 3.13532 3.33972 -0.0104923 3.11013 3.48765 0.215152 3.10358 3.3437 0.44331 3.13532 3.33972 -0.0104499 3.13559 3.33553 -0.00172955 -1.65131 -5.70922 0.741653 3.13566 3.3344 -0.000649042 3.12816 3.2037 0.227736 2.56959 -1.80113 2.99076 2.56969 -1.80119 2.99332 3.10986 3.48858 0.216598 3.98382 0.828563 4.70713 1.56745 1.67322 1.63822 1.89387 -5.43029 1.02211 1.69592 -5.52508 1.13664 5.38824 -3.14613 0.00380607 4.75759 -4.02508 0.00257298 2.71892 -1.55922 3.186 5.38749 -3.0972 0.540852 -1.06991 6.02019 1.06022 0.00106239 6.1119 1.07778 2.4707 -4.35637 1.50109 2.38583 -4.20171 1.74745 3.08338 -2.60403 0.210791 -1.5708 -1.5708 1.5708 3.02527 -2.33833 0.216013 1.89364 -5.50436 0.826156 1.53486 -1.23673 1.35915 3.06724 -2.46219 -0.000181779 2.82084 -4.3531 0.644268 2.81897 -4.21389 0.87931 3.08336 -2.60351 0.210118 3.06727 -2.46232 -0.000282853 2.64608 -4.20827 1.31531 2.68577 -4.35201 1.07688 -5.64515 -2.69766 0.506633 5.38703 -2.95565 1.07592 -0.00107068 5.83208 2.12415 2.01999 -4.18964 2.16584 2.16151 -4.36234 1.91403 3.98437 -4.48985 1.63714 -5.83628 -2.32001 0.0208719 -5.83607 -2.32047 0.0219243 -1.81502 0.65699 0.625268 -1.65468 -5.73636 0.624118 -4.75602 3.96174 0.694446 -4.75804 4.02433 0.00126817 -5.38749 3.0972 0.540888 -5.38781 3.14643 0.00171027 6.1529 0.865426 0.421388 6.13698 1.34743 -0.00053722 3.06844 0.673925 3.13245 3.06859 0.673263 3.15132 -2.56951 1.80117 2.98998 -2.40632 2.0085 3.15102 -2.21677 2.21805 2.95244 -2.02597 2.39182 3.10612 3.10234 0.436123 3.28513 -2.8435 1.33157 3.03661 -2.71883 1.5594 3.18414 -2.87409 4.33666 0.425502 4.75652 -3.77993 1.38082 6.23443 0.627091 0.326362 6.09228 1.36914 0.546708 -5.38703 2.95566 1.07592 1.79653 -2.56668 2.90876 1.88015 -2.51107 2.99076 2.21677 -2.21805 2.95244 3.98334 -4.78146 -0.00386222 2.09857 -2.33237 3.05357 6.20468 0.873136 0.000859408 -4.75652 3.77992 1.38082 -5.78937 -2.37483 0.339278 -5.86343 -2.25139 0.0855667 6.10834 1.34428 0.433512 -5.83518 -2.25458 0.370496 -5.80747 -2.39262 0.0756903 -1.79593 2.56895 2.93016 -1.79587 2.56733 2.91084 2.21624 -2.21918 2.95957 2.40836 -2.00622 3.1514 -2.59577 4.53716 1.07253 -2.55837 4.41565 1.30427 -3.98065 4.70746 0.830173 -2.76105 4.36976 0.858961 -2.76067 4.4863 0.641504 0.909445 -4.11996 2.84347 1.35674 -3.81365 2.7326 4.756 -3.96175 0.694458 6.15274 0.865657 0.42194 1.02772 -4.0448 2.82801 1.31867 -4.25644 2.61032 -3.98538 4.77963 -0.00465214 1.20442 -4.35199 2.62436 1.84868 4.32095 2.23913 2.15654 4.07437 2.08539 1.53057 -4.16497 2.54552 -1.79841 2.56575 2.913 2.27485 4.19174 1.88489 3.13531 0.198265 3.13153 -0.941149 -4.22357 2.77846 -1.37127 -3.93785 2.71204 -3.09738 5.06491 1.83774 -3.09463 5.31008 0.936951 2.51185 3.97471 1.69297 2.36759 4.50394 1.55181 2.84583 1.32562 3.02504 3.03352 0.814287 3.07619 -2.1116 -5.83688 -0.000304258 -3.09891 5.38714 -0.00610969 2.3679 4.50303 1.55214 2.42367 4.59571 1.36122 -5.81174 -2.38288 0.0372052 -5.57347 -2.71483 0.367198 2.61776 4.41691 1.17918 3.23197 -5.04759 1.79978 3.14342 -4.98179 2.05935 2.93593 -5.05276 2.02015 -1.06959 -6.01893 1.06156 -1.06931 -6.11636 1.39732e-05 3.07501 -4.96084 2.24411 3.14273 -4.98087 2.06241 -0.0006727 6.20569 7.0735e-05 2.55817 -5.41297 1.90508 1.74249 -4.36402 2.2989 -0.803433 -3.02487 2.86905 -0.666157 -3.06331 2.97357 0.256712 3.11777 2.8532 -0.395109 -3.10951 2.95249 -1.63368 -4.13374 2.47729 -1.07416 -5.74541 2.09531 0.247289 -4.03925 3.00044 0.623276 -4.28597 2.84293 3.795 -4.57904 2.02634 3.28423 -5.02927 1.47227 2.7812 4.46837 0.592013 -1.5708 1.5708 1.5708 2.87989 4.3329 0.395787 -5.76751 -2.38488 -0.711477 -0.272839 -3.11219 2.81078 -0.275805 -3.11827 2.87713 -0.594477 -4.00351 2.96198 -0.156581 -4.27925 2.90722 1.07355 6.11367 0.000793913 0.0019369 -6.20509 0.00409649 2.84412 4.45347 0.190006 1.07006 5.74292 2.0937 1.06912 6.0203 1.05895 -0.273863 -3.11894 2.88307 2.72038 -5.46682 1.45452 2.71452 -5.46951 1.45831 2.72388 -5.45608 1.49175 0.012139 -3.1328 3.04867 -3.09667 4.12645 3.46757 0.00160965 -6.11466 1.07257 -3.09701 4.66419 2.69724 0.281038 -3.11663 2.86368 2.64343 4.51434 0.986133 -2.99643 -3.98366 0.426542 3.12439 3.0283 0.247347 3.1204 3.34079 0.236431 -2.32863 4.60363 1.50579 0.00220503 -5.82865 2.11973 -2.10902 5.05578 2.92157 1.06799 -6.11642 8.20723e-05 1.57071 1.58641 1.57686 -2.24206 4.46935 1.75494 0.731432 -3.04719 2.92734 3.14144 3.17192 6.44318e-05 2.33433 -5.52335 1.86071 -2.11051 5.48728 1.9944 1.06793 -6.01883 1.062 -2.11649 5.75139 1.01166 3.12029 3.34121 0.237113 3.14136 3.17854 -0.0112687 3.41041 -2.42792 4.59405 -1.07158 5.29791 3.05415 -1.06944 5.74707 2.09331 -1.9366 4.67873 1.92388 -1.78254 4.52038 2.18886 2.11194 -5.83631 0.00213731 0.801465 -3.02639 2.88044 0.803585 -3.02593 2.88166 2.31977 -2.37451 5.2399 1.32951 -2.83455 2.88206 1.08228 -2.94017 3.05854 2.11649 -5.75139 1.01163 -1.57663 2.70828 3.07037 -1.34158 2.82703 2.86298 -1.08418 2.9397 3.04898 -0.806749 3.02524 2.88352 3.10954 3.17394 0.427479 2.11622 5.74892 1.01063 2.11551 5.83981 -0.00238476 -1.33241 2.83395 2.89066 -2.28396 1.17055 0.861912 -2.49427 1.38225 0.743608 -2.4781 1.45383 0.923952 -2.11103 5.83658 0.0015702 -0.800918 3.02633 2.87799 -0.801524 3.02675 2.88476 -1.0789 2.94204 3.0574 -0.816514 3.02245 2.88141 -0.548668 3.08454 3.05106 -0.284689 3.11514 2.85104 3.09503 5.39025 0.00255421 -5.83585 -2.32139 -0.0197749 2.0557 0.941188 0.883044 1.89463 0.853535 1.02214 -1.06795 6.01882 1.06201 -1.06871 6.11613 -0.00115192 -3.13257 -0.0582257 2.91446 -3.08613 0.530542 3.27512 -3.1306 -0.138724 2.91911 -3.12985 -0.27058 3.12092 -0.540511 3.08625 3.04728 -1.92711 -2.0585 5.49891 0.914268 3.3223 2.99645 1.18182 3.28083 2.89087 1.31595 4.57364 2.45448 -2.77305 -1.45586 2.9786 -5.54686 -2.91265 -0.0216692 -2.80749 -1.37273 3.33953 -3.29712 -1.90966 4.88078 -2.91823 -1.15935 3.07339 3.11146 -2.83045 0.235635 -1.5708 -1.5708 1.5708 3.0666 -2.52884 0.241141 1.55289 -1.33434 1.41657 3.11143 -2.83077 0.236105 3.10578 -2.66864 0.00017815 3.09792 5.30631 0.938646 1.57141 2.71151 3.081 3.0358 -2.82771 0.72 -4.76012 1.37618 3.7767 -4.76162 2.01118 3.47983 -5.38905 1.07638 2.95015 -3.98335 3.0693 3.66113 -4.76159 2.58206 3.07924 -0.00220777 5.82865 2.11969 2.10499 2.26278 3.67888 -0.00160144 6.11466 1.07257 3.07016 -2.67795 0.478296 -3.98489 2.38849 4.13783 -2.40434 -5.08637 0.536812 -2.42191 -5.01517 0.70259 -3.98528 1.63392 4.48853 6.03901 1.12095 0.743663 -0.000717617 6.20391 -0.00415548 2.43417 -2.04505 5.37121 -3.98415 3.66034 3.06937 -4.76135 3.07957 2.582 2.60185 -2.17036 5.1882 0.288746 3.1191 2.90223 0.280098 3.11698 2.86679 -0.00832204 3.13275 3.02994 -0.274266 3.1174 2.86556 1.79762 2.56683 2.91902 1.8828 2.49658 2.89252 2.39619 -2.6606 5.09549 -3.09296 3.46571 4.13092 2.56507 -2.4921 5.11731 1.07421 5.74541 2.09531 -4.75735 -3.08121 2.58574 -4.75855 -3.48255 2.0116 -3.98916 -3.65611 3.07327 1.06961 6.01893 1.06156 -3.98698 -3.07356 3.65801 1.68412 4.1984 2.43239 5.98276 1.23284 0.881911 -3.09579 2.69764 4.6671 -3.09244 1.8438 5.0663 -3.09296 -2.6915 4.67044 -1.41436 4.74042 2.29007 -2.11431 2.91836 5.05552 1.06641 6.11668 -0.00163964 -2.11359 1.99538 5.48876 0.275829 3.11765 2.86997 -3.09293 4.13037 3.46672 -1.17094 4.55546 2.54941 -0.771537 4.77321 2.55582 -0.434591 4.55309 2.7728 -0.0562322 4.75574 2.67906 -3.98634 1.6383 4.48826 -3.98653 2.39212 4.13537 -4.7572 1.38044 3.77909 1.20732 -2.19534 5.65273 -3.98066 0.82543 4.7082 -3.09561 1.83964 5.0657 -2.11549 3.75439 4.47106 -3.09408 0.93264 5.31099 -3.09745 2.69725 4.66397 -2.11485 4.47113 3.75473 -2.11585 5.05526 2.91769 -0.362168 -2.1596 5.773 -1.06913 2.09046 5.74448 -1.06934 3.05646 5.2945 3.14132 0.0388493 3.12826 -3.98105 -4.49381 1.63129 -3.08899 -4.67413 2.68967 -3.98552 -4.13563 2.38964 -3.09391 -4.12909 3.46386 -3.09491 -3.46201 4.12946 -4.75601 -0.694454 3.96174 -4.75652 -1.38083 3.77992 -3.98064 -0.830168 4.70748 -3.98516 0.00262386 4.78016 -4.75827 0.000406397 4.0238 -2.11206 -4.47565 3.751 -2.11244 -3.75089 4.47555 -5.63056 -2.70206 -0.164637 -4.75594 0.694292 3.96168 -1.0726 -3.05659 5.29517 -3.09797 0.00265053 5.38814 -1.07035 -4.68439 3.92731 -3.09465 -0.936913 5.31008 -1.07094 -3.92806 4.68385 -2.46224 2.49752 1.84178 -2.28389 2.6676 2.08878 -2.65742 2.71257 1.60435 1.89359 -5.50449 0.825871 -2.11426 -5.05844 2.91869 -1.07342 -5.29402 3.05843 -4.75809 -0.00082337 4.0201 -5.39108 0.0015335 3.13871 -5.38946 -0.544791 3.09243 -2.96532 2.60947 0.890701 -3.04331 2.77174 0.662573 -4.75982 -0.699716 3.95993 -4.76148 0.700151 3.95803 -2.77173 2.56336 1.36116 -2.90131 2.74646 1.12113 -5.38881 0.54303 3.09356 -2.10783 1.99156 5.4888 -5.14204 -3.57916 0.347327 -2.11722 1.01694 5.75008 -5.39034 -3.09273 0.54309 2.02023 2.094 2.16583 2.24467 2.25446 1.99905 -3.98543 0.827457 4.7049 -5.15449 -3.57039 0.245455 6.24905 0.503506 -0.000207002 6.23352 0.0654519 0.618207 -1.07417 2.09531 5.74541 0.680781 4.61215 2.67903 1.0937 4.33482 2.69251 0.663145 4.68276 2.64176 1.08228 4.42025 2.65769 -3.98457 -0.0012231 4.77905 -2.57006 -1.79975 2.98263 -4.75735 -3.96025 0.697094 1.31267 4.46745 2.51632 2.38583 2.08148 1.74745 -4.75934 -3.77797 1.37686 2.56129 2.2295 1.56144 2.64579 2.07435 1.31544 -3.09164 0.933945 5.3097 -2.11134 -0.00244812 5.83666 -3.07006 2.64245 0.441797 -2.1165 -1.01164 5.75138 -2.733 -1.5189 3.32972 3.12452 0.251715 3.26826 6.18979 0.499183 0.469458 -2.40792 -2.00679 3.14198 -2.57027 -1.80009 2.99002 -4.75738 -4.02314 0.000171094 -2.21731 -2.21729 2.94988 -4.7611 -2.01118 3.48034 -3.98588 -1.63433 4.48788 -4.75999 -1.37662 3.77657 -2.00319 2.42342 2.31108 -1.02625 2.56516 2.89494 -1.37149 2.34427 2.71162 -1.73999 2.61821 2.54598 0.351354 4.50545 2.80821 -5.38917 -1.07631 2.94966 -1.06815 -0.000677497 6.11645 -1.0696 1.06157 6.01893 -2.21742 -2.21742 2.9527 -1.06794 -1.06199 6.01883 -3.98604 -2.38739 4.13742 -3.98202 -4.7084 0.828447 -3.11655 -2.93042 0.269495 -3.98657 -0.82566 4.70407 6.21797 0.72886 0.377632 6.17709 0.929959 0.488167 -4.86401 -3.69697 1.46276 -4.91388 -3.63657 1.44443 -2.21728 -2.21732 2.94982 -3.98492 -4.77907 0.00196768 -2.02222 -2.3947 3.10899 -3.09118 -0.933266 5.31009 -4.91422 -3.63458 1.44858 -0.00160103 -1.07257 6.11465 -1.06941 -2.09332 5.74707 6.94204e-06 2.95251e-06 6.20453 -3.0914 -0.000394502 5.39271 0.00161826 1.07257 6.11466 1.23526 2.34975 2.76454 1.53044 2.118 2.54551 -3.0908 -1.8457 5.0664 1.80772 2.29257 2.41271 -1.79778 -2.56724 2.92507 -4.95919 -3.58422 1.4229 0.00222082 2.11971 5.82865 -2.24229 -1.81417 1.7549 -2.47208 -2.00209 1.55328 -3.09792 -5.30633 0.938659 -3.09483 -5.06773 1.84311 -2.55834 -1.86751 1.3043 -1.7969 -2.56809 2.92786 -1.57035 -2.71218 3.08015 -1.21602 -2.88983 2.96546 -1.32252 -2.83868 2.89171 -2.55383 -1.86707 1.31234 -3.09379 -5.39121 0.00357483 1.06961 -1.06156 6.01894 1.06816 0.000679392 6.11645 1.02847 2.24007 2.82827 0.651123 2.48529 2.98586 -2.83771 -2.95515 1.31601 -2.11626 -5.74889 1.01065 -2.11564 -5.83961 -0.00359851 1.06795 1.06201 6.01883 1.06941 2.09333 5.74707 -3.02753 -2.94047 0.787142 -0.811626 -3.02385 2.8824 -0.959391 -2.98475 2.97789 -2.94027 -2.77057 1.04249 -3.98434 -1.63717 4.48986 -2.11949 -5.48256 2.00065 -3.09739 -1.83774 5.0649 -2.11492 -1.01078 5.75053 -2.11567 -1.99533 5.48792 -2.11741 0.00111424 5.84021 -3.98231 -3.0757 3.66126 -3.09703 -2.69724 4.66419 -3.98554 -2.39049 4.13763 -3.09667 -3.46757 4.12645 -0.594014 2.28119 2.96251 -0.189265 2.52054 3.05572 5.11712 -3.60332 0.403521 5.14075 -3.61257 -0.000127679 -2.11051 -1.9944 5.48727 0.90933 2.16271 2.84333 1.23108 1.95097 2.61512 1.38863 2.47039 2.72196 0.247485 2.24404 3.00046 -3.09764 -4.12598 3.46728 -2.12 -4.47013 3.75435 -2.11803 -3.75219 4.47218 -2.11336 1.00975 5.75108 -2.10903 -2.92157 5.05577 0.000560663 -5.37432 3.10223 -0.000732463 -4.75461 3.98857 -2.57495 -3.93335 1.6016 -2.77168 -3.72167 1.36048 -2.8364 -3.85805 1.12862 -2.46224 -3.78295 1.84273 -1.06948 -3.92476 4.68454 -1.07154 -3.05417 5.2979 2.65053 -3.24182 1.67069 2.49958 -3.059 1.90129 0.000723655 -3.98857 4.7546 -0.000555417 -3.10223 5.37433 2.88233 -2.81232 1.18958 2.7579 -2.64488 1.42016 3.07005 3.60588 0.478376 2.98868 3.7661 0.715538 2.7875 -3.08072 1.44767 2.78745 -3.0806 1.44776 2.68577 -4.352 1.07688 2.81898 -4.2139 0.879281 -1.06503 -4.68515 3.92527 2.82086 -4.35306 0.644224 0.00379296 -3.10492 5.37329 2.31373 -3.22939 2.11151 1.07261 -5.29518 3.05659 1.07094 -4.68385 3.92805 2.64607 -4.20826 1.31534 2.38582 -4.20173 1.74744 2.16152 -4.36235 1.91402 1.07037 -3.92732 4.68439 1.07342 -3.05843 5.29401 2.47072 -4.35634 1.50109 2.68071 -4.54292 0.848326 -2.9917 -3.80259 0.671926 -2.9654 -3.67251 0.891137 -3.06985 -3.64278 0.440961 2.95466 -2.66552 0.955466 -0.00217242 -4.75601 3.98953 0.0021944 -3.98953 4.75602 3.0654 3.76147 0.231478 -0.00219703 -2.11972 5.82865 -2.08689 -1.97123 2.02026 2.11424 -2.91871 5.05844 -2.00327 -3.86104 2.31061 -2.18332 -4.03007 2.06199 3.10774 3.60148 -0.000149904 3.11029 3.45698 0.249595 1.06503 -3.92526 4.68515 3.06486 3.76274 0.233665 1.55388 1.80068 1.71451 -1.54087 -1.94887 2.4479 -1.78177 -1.76167 2.18877 3.089 -2.68966 4.67412 -3.98657 4.70406 0.825659 -3.09019 5.39301 -0.00188385 -3.98401 4.77929 -7.47327e-05 1.07417 -2.09531 5.74541 2.02 -4.18964 2.16583 1.74246 -4.36405 2.2989 -1.57005 2.71214 3.0821 -1.79542 2.56816 2.9166 -2.02071 2.39585 3.10939 -2.21728 2.2173 2.94961 -1.63324 -4.13341 2.47777 -1.37135 -3.93785 2.71201 1.55289 -1.33432 1.41658 3.11132 -2.83144 0.237582 3.06612 -2.52775 0.243408 -3.98604 4.13743 2.38739 -3.0943 4.66907 2.69586 -3.0908 5.0664 1.8457 1.20448 -4.35203 2.62431 1.35651 -3.81343 2.73273 -5.38651 1.07587 2.9562 -4.75575 2.00993 3.48807 -5.38661 1.57178 2.72509 3.10569 -2.66808 -0.000245242 1.3109 -3.1877 2.84262 0.984762 -2.95069 2.97715 -5.38811 2.02163 2.40874 -5.85925 1.07738 1.87212 2.11203 -3.75101 4.47566 2.11242 -4.47556 3.75089 1.31879 -4.25645 2.61025 -5.859 1.38796 1.65527 -5.85921 1.65474 1.38783 -3.09118 5.31009 0.933271 3.10676 -2.67522 -0.0106942 1.02775 -4.04486 2.82798 3.1114 -2.83069 0.236364 3.07006 -2.67738 0.478392 2.66899 -4.66962 0.619643 3.09491 -4.12946 3.462 3.0939 -3.46385 4.12908 -5.38716 2.4105 2.0216 -2.91556 1.99953 0.200984 -2.75287 1.65586 0.0246804 -3.98587 4.48788 1.63433 0.247387 -4.03936 3.0004 0.623408 -4.28587 2.84295 3.09296 -4.67043 2.6915 3.98279 -4.13735 2.39034 3.98699 -3.65801 3.07356 -2.92167 2.0128 0.189378 -2.82653 1.79098 0.191606 -2.11492 5.75052 1.01078 -0.156482 -4.27917 2.90726 -0.594373 -4.00359 2.96197 -0.94118 -4.22377 2.77836 -1.32017 2.83976 2.8916 -1.44127 0.946182 1.15918 -2.95106 1.05269 3.22489 -2.84411 1.32973 3.0299 -2.8842 1.89624 0.00987351 -2.92174 2.01232 -0.186007 1.53057 -4.16495 2.54552 -2.11567 5.48792 1.99534 2.11273 -5.05817 2.92107 6.17681 0.930785 0.489053 -2.88422 1.89628 0.00984647 -2.91556 1.99952 0.200965 2.11788 -5.48435 1.99828 2.10689 -3.02886 2.32764 6.21339 0.933663 -0.000222021 6.21338 0.933701 -0.000319015 -0.811598 -3.02365 2.87993 -5.85961 2.12739 0.376363 -5.8591 2.15956 0.00198628 -6.15336 1.09702 0.186141 1.86878 -3.2106 2.51279 -1.07354 -6.11367 0.000798737 -3.03606 0.804037 3.06779 1.60248 -2.992 2.69802 -0.547522 -3.08489 3.04982 -2.84314 1.33158 3.02731 -2.84323 1.33165 3.03034 2.7903 1.86408 0.649355 -1.06912 -6.0203 1.05895 -1.07008 -5.7429 2.09372 2.77892 -4.5454 0.420197 -0.271268 -3.11889 2.87984 -2.11904 5.83958 -0.0018208 0.000983555 -6.2063 0.00430285 -0.00104638 -6.1119 1.07776 0.272976 -3.11781 2.86889 -0.816084 3.0222 2.8772 2.77891 2.21253 1.11808 0.00108614 -5.83207 2.12415 2.81896 2.06925 0.879292 -1.07326 6.01998 1.06187 1.07188 -6.11434 0.000656462 -2.82448 -4.49763 -0.177916 -2.95191 -4.1706 0.00410584 -6.15454 0.554466 0.962176 -6.15504 0.849485 0.713446 -6.15512 0.713477 0.849088 -5.85971 1.87114 1.07712 -2.93987 1.08026 3.23765 -2.83626 1.3449 3.01442 -6.15445 0.96229 0.554878 -3.06508 -3.77047 0.228363 -3.10888 2.78471 0.22132 0.400341 -3.05452 2.61109 0.811748 -3.02339 2.87738 0.272166 -3.11785 2.86857 0.134253 -3.11677 2.78582 -6.15489 1.04302 0.380446 -5.86027 2.02973 0.735157 0.412891 -3.09811 3.13808 -2.81262 -4.51684 0.212217 -2.9193 -4.27571 0.199179 -5.3857 2.72547 1.57397 -1.44353 -2.19017 1.97346 -2.82381 -4.49839 0.181789 1.06991 -6.02019 1.06022 1.06906 -5.74242 2.09494 -2.84661 1.32424 3.02852 -2.72103 1.55518 3.18312 2.11533 -5.83966 -0.00258437 -4.75999 3.77657 1.37663 -5.38916 2.94966 1.07632 -5.39018 2.71846 1.57066 0.677746 -3.01723 3.31454 2.11816 -5.74797 1.01047 -3.1293 0.276764 3.11966 -6.15739 1.10458 -0.00193735 -2.88499 -4.3851 0.0105409 -2.81242 -4.51713 0.21271 2.58718 -1.86283 5.34782 -1.17186 -1.72919 2.54979 3.09287 -5.39105 0.00214 1.32255 -2.83916 2.89742 1.32173 -2.8391 2.89237 1.57207 -2.71095 3.08356 3.09489 -5.30818 0.93747 1.79793 -2.56663 2.91914 3.11042 3.45949 0.246654 -1.5708 1.5708 1.5708 3.06556 3.76098 0.231054 3.09637 -5.06773 1.84167 -0.0264409 -1.97979 2.90159 -0.434634 -1.73014 2.77282 0.351575 -1.77707 2.80786 -0.833552 -1.94797 2.76669 -5.74537 -2.48623 0.387797 1.79753 -2.56679 2.91778 3.10667 3.60862 -0.0109218 3.06544 3.76128 0.23153 3.10665 3.60873 -0.0110596 1.55387 1.80072 1.71431 2.91672 2.20275 0.67006 0.647698 -3.15905 3.06134 -2.56976 1.80042 2.98518 -2.57098 1.79841 2.98233 -2.28396 2.66772 2.08873 -2.46225 2.49746 1.84175 3.98917 3.65611 3.07327 -5.39131 3.13836 -0.00154823 0.886272 -1.81567 2.69213 -2.77173 2.56331 1.36114 -2.90133 2.74651 1.1211 -2.96532 2.60949 0.890716 -2.65743 2.71262 1.60434 4.75733 3.08123 2.58576 3.07005 3.60587 0.478389 0.771206 -2.03918 2.82323 3.10779 3.60115 0.000128822 2.98869 3.76599 0.715606 -4.75766 4.0204 -0.000227032 -2.57109 1.79794 2.97877 3.98224 1.63254 4.49213 -5.85992 0.736045 2.03029 -6.15276 0.183764 1.09952 -5.86042 0.376142 2.12528 2.91673 2.20281 0.670112 1.5007 -1.10679 1.27335 2.99808 -2.20293 -0.0012909 3.02695 -2.35267 0.22661 2.38583 2.08145 1.74742 2.2447 2.25451 1.99904 2.02023 2.09396 2.16581 -5.38703 -1.07591 2.95565 -5.86026 -0.735194 2.02972 -5.85971 -1.0771 1.87114 3.9828 2.39034 4.13734 2.94161 -2.07586 0.228513 2.99798 -2.20263 -0.000435137 -4.75982 3.95993 0.699717 -5.38946 3.09243 0.544783 -5.38794 -0.000927597 3.14609 -5.85873 -0.000280358 2.16015 -5.8596 -0.376377 2.1274 2.77894 2.21258 1.11804 2.81895 2.06922 0.879278 3.02697 -2.35311 0.227398 2.96658 -2.2145 0.457727 4.75763 1.37784 3.7796 2.56128 2.22948 1.56145 2.6458 2.07439 1.31545 4.75938 2.00998 3.48239 3.9844 -0.000813277 4.77934 4.75656 0.697647 3.9611 2.90627 -3.92982 0.895486 -3.07005 2.64235 0.441749 -5.3875 -0.540873 3.0972 5.90142 1.3915 1.40162 6.05039 1.38432 0.454846 -3.04334 2.7718 0.662483 -2.92167 2.0128 0.189432 -2.826 1.78975 0.189927 -5.89513 1.71465 1.09583 -5.94977 1.56703 0.946655 -2.82441 1.78552 -0.179246 2.95459 -2.35229 0.694683 5.38965 1.07185 2.95018 5.38865 1.57272 2.71922 -5.38686 0.542769 3.09806 -1.44128 0.946214 1.15923 4.75844 2.58561 3.07986 3.05376 0.700199 3.28287 -2.92177 2.01245 -0.186018 6.05063 1.38439 0.45342 1.23521 2.34979 2.76457 1.53043 2.11801 2.54552 -5.39026 1.57144 2.71785 -5.8605 1.08366 1.87513 -5.85945 0.746414 2.03224 5.39125 0.541526 3.09143 1.80776 2.29255 2.41268 -2.0032 2.42348 2.31109 -5.38947 2.01738 2.40614 -1.74001 2.61825 2.54597 -1.37146 2.34429 2.71165 5.38914 2.02048 2.40591 -5.85845 1.38993 1.66284 -5.38925 2.40624 2.01809 -5.85907 1.66144 1.38912 5.38975 2.40503 2.01989 5.99971 1.86588 -0.000527653 2.99984 0.932977 3.13088 3.00014 0.931998 3.15402 5.86125 0.738259 2.03129 6.17878 0.769191 0.607507 5.85943 1.38942 1.65821 -2.98584 -4.08701 0.190675 -3.03433 -3.95547 8.02906e-05 3.98107 -1.63129 4.4938 3.98205 -0.828449 4.70839 -6.15336 -0.18615 1.09701 -6.15735 0.00217526 1.10471 -3.12982 0.270534 3.11653 -6.152 1.11666 -0.000147295 -6.1517 0.853797 0.721657 -6.15214 0.721684 0.851761 -6.15505 0.380687 1.04234 -2.84661 1.32429 3.02906 6.10772 1.39946 0.000174787 -5.86054 1.87527 1.0833 0.651075 2.48532 2.98587 0.247431 2.24403 3.00046 5.96592 1.8622 0.466481 3.98554 -2.38963 4.13563 6.08386 1.48208 0.364474 4.75733 -0.697091 3.96027 -5.62331 1.75061 2.03294 -5.36158 1.50372 2.77592 -0.189297 2.52054 3.05572 -3.03245 -3.96241 0.00981717 -3.05186 -3.84182 0.206054 4.75932 -1.37688 3.77798 -2.98542 -4.08775 -0.192948 -3.05363 -3.83447 -0.197531 -5.70044 1.60107 1.90238 4.75803 -0.000178327 4.0223 -5.70051 1.60115 1.90237 0.942764 2.15063 2.82789 -0.593985 2.28114 2.9625 -1.02619 2.56515 2.89496 -1.51538 -1.98434 1.8404 1.02848 2.24007 2.82827 -3.12935 0.276988 3.13273 -6.23473 2.62105e-05 0.00279201 2.99201 2.492 0.68048 5.39037 -0.5431 3.09268 -5.78302 1.47246 1.78866 5.38994 0.000598383 3.14007 2.92114 -4.07567 0.658274 -3.03246 -3.96239 0.00981322 -5.878 -2.04973 -0.376556 -2.57493 -3.93338 1.60161 -2.77169 -3.72171 1.36045 -2.83644 -3.85793 1.12861 2.4724 -3.89914 1.78409 2.57211 -4.06589 1.53682 2.90627 -3.92983 0.895466 2.90672 2.35459 0.895106 1.49912 2.03988 1.87655 3.00164 4.06879 -0.00122807 2.99972 4.07496 0.00956079 3.02517 3.93514 0.238707 5.38875 -1.07178 2.95158 5.85997 -0.377312 2.1293 -3.03225 0.818792 3.07347 3.00197 4.06772 0.000514147 5.86143 -0.739962 2.03041 -3.12922 0 2.86309 -3.13059 -0.0233167 2.88045 -3.13222 0.107481 2.92796 -3.13059 0.0233003 2.88042 -3.12937 0.263294 3.05616 -3.12969 0.255093 3.04397 -3.12941 0.276146 3.13064 -3.08678 -0.529772 3.27654 2.93863 4.21588 0.219372 -3.13223 -0.10752 2.92811 -3.12956 -0.152965 2.91344 2.96612 4.0706 0.456798 2.93909 4.21504 0.218047 -6.06506 -1.64108 -0.00250791 -3.03268 -0.819993 3.13206 -5.85872 2.03403 0.746784 -5.85879 2.13332 0.374568 -3.12996 -0.169939 2.93179 4.75854 -2.01161 3.48256 2.78595 -4.0708 1.10078 -3.13067 -0.221173 3.00283 -3.12971 -0.255007 3.04432 -6.15105 1.10185 0.19362 -5.86019 2.16548 -0.000261687 5.38959 -1.57161 2.71792 -3.12938 -0.264602 3.06056 2.73276 -3.91699 1.34178 2.26187 -4.06068 1.96534 -3.12803 -0.254303 2.99891 -6.15277 -1.09951 0.183752 -6.1573 -1.10488 0.0018088 -6.15504 -1.04236 0.380667 4.01199 1.49285 4.40209 3.69186 1.71383 4.51684 3.70564 2.50261 4.28544 -2.96539 -3.67253 0.891169 3.02695 -2.35305 0.227491 2.99979 -2.20844 -0.0102188 -1.5708 -1.5708 1.5708 2.2172 2.21765 2.95276 2.21733 2.21735 2.95075 2.84589 1.32566 3.02691 2.02147 2.39538 3.1084 1.79747 2.56674 2.91675 -2.18336 -4.03003 2.06196 -2.46223 -3.78293 1.84275 3.69293 1.71354 4.51621 3.98107 4.49381 1.63129 -2.00327 -3.86099 2.31062 1.50075 -1.10695 1.27356 2.9985 -2.20428 0.000224534 -6.03909 -1.63862 -0.391401 3.98204 4.70839 0.828448 4.75933 3.77798 1.37689 2.98678 -3.82936 0.666413 4.51032 2.27714 3.60157 4.31869 1.75247 4.01771 3.02695 -2.35309 0.227558 2.94095 -2.07412 0.227953 2.9998 -2.20849 -0.0102359 2.10445 -3.86934 2.21614 2.02088 -4.18933 2.16515 2.02033 -4.18944 2.16561 3.98451 4.7795 0.0023581 1.74269 -4.36432 2.29855 1.20437 -4.35186 2.62446 1.53043 -4.16503 2.54558 -3.13068 0.221465 3.00354 2.99835 -2.2038 0.000446398 -1.37136 -3.93789 2.71199 -1.63331 -4.13332 2.47777 -5.79152 -2.3985 -0.269565 -6.00652 -1.74064 -0.49894 -6.04018 -1.637 -0.387942 4.52827 1.55439 3.7954 4.75853 3.48257 2.0116 -3.12993 0.169489 2.931 -3.12955 0.152962 2.91325 4.52838 1.55409 3.7953 2.99211 2.49233 0.680291 4.75733 3.96027 0.697096 5.00021 1.60298 3.2398 4.7852 1.35635 3.6324 4.75763 4.02273 -0.000284457 -3.12946 -0.275578 3.13092 5.39037 3.09267 0.54311 5.39002 3.13978 -0.00144519 0.554143 -4.3137 2.84788 0.62141 -3.78001 2.99289 -2.88416 1.89614 0.00991823 6.00018 1.8644 2.90401e-05 -3.12935 -0.276766 3.12885 -2.91557 1.99953 0.200911 5.99979 1.86561 -0.00180968 5.15479 1.42316 2.99996 5.38875 2.95158 1.07177 5.15479 1.42258 3.00062 5.35651 1.24635 2.80503 -5.91687 -2.06558 0.018284 0.623422 -4.28589 2.84293 0.247345 -4.03937 3.0004 -6.15445 -0.55487 0.962297 -6.15489 -0.380428 1.04302 -6.15512 -0.849065 0.713479 -5.85921 -1.38781 1.65475 -6.15504 -0.713457 0.849481 -0.156502 -4.27914 2.90728 1.02777 -4.04484 2.82798 -0.594314 -4.00362 2.96198 -0.941133 -4.22376 2.77838 3.03353 0.814243 3.07609 0.909572 -4.11986 2.84346 -3.03646 -0.804142 3.08828 -3.03644 -0.803991 3.0845 -6.03945 -1.60096 0.517985 5.85997 2.1293 0.377321 5.40491 1.33698 2.62658 5.72199 0.535965 2.39117 -2.9591 -1.03218 3.27555 -5.87788 -2.05 0.376763 5.10405 -1.82187 3.09048 -6.15454 -0.962159 0.554497 4.47554 -1.78755 3.9497 3.0608 -3.68897 0.448871 5.38958 2.71793 1.57161 -5.85881 -2.16006 -7.94126e-05 -5.86042 -2.12528 0.376129 5.53883 -1.84428 2.21389 -5.74487 -2.48673 0.389785 -5.8424 -2.27565 0.290127 -5.85991 -2.03029 0.736055 6.00002 1.86485 0.000122874 -5.38571 -1.57394 2.72548 -5.38716 -2.0216 2.41049 5.49434 1.49098 2.41169 5.86143 2.0304 0.739965 5.75399 1.17017 1.93677 -4.76111 3.48034 2.01117 -5.38812 -2.40875 2.0216 -4.75539 -2.58251 3.08463 -4.75335 -3.08701 2.58308 -4.75763 -2.00818 3.48681 3.05999 3.07264 0.684839 -2.41069 2.00345 3.13533 5.8598 2.16318 0.00164005 -3.98288 -3.66187 3.0736 5.85905 1.65933 1.38917 5.86001 1.87507 1.07763 -2.21779 2.21657 2.94719 2.84275 4.44971 0.223258 -1.5708 1.5708 1.5708 2.72071 4.69086 0.201246 -2.56959 -1.80113 2.99076 -2.53761 -1.84239 2.95657 -2.69263 -1.59724 3.21646 -2.84299 -1.33111 3.01846 -3.03647 -0.804309 3.09127 -2.94966 -1.05661 3.22353 1.93845 -1.88063 5.67128 -2.84323 -1.33101 3.02306 1.93786 -1.8654 5.67657 -5.85926 -1.87211 1.07739 -5.85899 -1.65529 1.38794 2.79934 4.56751 -0.00195118 -2.84298 -1.33153 3.02281 -5.38838 -3.14564 0.00092673 3.06001 3.07269 0.684791 2.79708 4.57193 -0.00948368 6.15327 1.11522 0.000691166 1.4001 2.28291 2.0388 5.8593 0.379028 2.13048 -5.38685 -3.09806 0.542749 -3.05351 2.44766 0.196462 -3.03076 2.31455 -8.99901e-06 -1.51712 1.1637 1.31175 -5.38651 -2.95619 1.07588 2.72054 4.69109 0.201593 5.86074 1.07672 1.87397 -5.38661 -2.72508 1.57178 2.44109 -1.19891 0.369672 2.52718 -1.29107 0.188875 6.15151 0.193976 1.10186 6.15263 0.383601 1.04896 2.7846 4.36168 0.791812 5.77163 1.26453 1.76581 -2.65743 2.71254 1.60431 -2.77172 2.5633 1.36115 6.1525 0.555021 0.969167 2.52714 -1.291 0.188793 2.38157 -1.10523 0.18021 1.23039 -0.59431 0.897385 6.15219 0.716243 0.857434 2.46234 -1.19058 -0.00210861 -3.05345 2.44784 -0.197946 -3.03272 2.32177 0.0101093 2.46532 -1.19437 -0.00968866 6.15212 0.857752 0.716246 6.15245 0.969222 0.55532 -4.7572 -3.77909 1.38042 2.90672 2.35459 0.895099 -2.98739 2.20205 0.200929 -4.75575 -3.48806 2.00993 -3.03272 2.32177 0.0100914 -2.98553 2.19563 -0.192116 -2.5697 -1.80122 2.9938 -2.40759 -2.00717 3.14961 -4.75836 -4.02418 0.0030902 -2.21766 -2.21766 2.95832 -4.75594 -3.9617 0.694269 2.85323 2.50768 1.13665 -3.98632 -4.48828 1.63827 2.63388 2.53422 1.5885 2.73297 2.36667 1.34162 6.15274 1.04852 0.38369 -2.21712 -2.21798 2.95568 6.15135 1.10259 0.19304 -3.98437 -4.78037 -0.000318103 -2.02131 -2.39561 3.10737 -3.98067 -4.70819 0.82544 2.47293 2.38559 1.78401 -5.86015 0.000505828 2.16546 -5.85879 -0.374579 2.13332 -5.85871 0.373697 2.13365 -3.98652 -4.13537 2.39212 -2.98598 -4.08671 0.190275 -3.03388 -3.95713 -0.00222089 -3.04334 2.77181 0.662482 -2.96532 2.6095 0.890709 2.7976 1.42933 3.13333 5.22424 3.34304 0.385833 2.63094 1.69008 3.32874 -2.46227 2.49747 1.84172 -2.90131 2.7465 1.12114 -1.79871 -2.56625 2.92107 -1.79958 -2.5669 2.93638 -3.09593 -5.38966 0.00516394 5.51589 2.93326 0.563026 4.99062 3.79563 0.270304 -3.09407 -5.31098 0.932634 -3.09561 -5.0657 1.83966 -2.28391 2.66765 2.08876 -6.15196 0.379923 1.05074 -6.14982 0.559524 0.972202 4.90625 3.89027 0.374892 2.31413 2.5751 2.03575 -6.14985 0.970705 0.561911 -1.79786 -2.56764 2.93055 5.26192 3.37997 -0.00236037 4.93011 3.89515 -0.00397816 -1.56478 -2.71512 3.08366 -2.98541 -4.08778 -0.192968 -3.05364 -3.8344 -0.197621 -1.32158 -2.83851 2.88507 -2.00317 2.42339 2.31108 -1.74001 2.61834 2.54598 -1.3283 -2.8361 2.89309 3.12948 0.24384 3.01314 3.12973 0.262258 3.06687 -3.09744 -4.664 2.69724 -3.03248 -3.96232 0.00975607 2.07855 1.38357 5.67012 2.33138 1.57157 5.54814 -3.03249 -3.96228 0.00985038 1.85976 1.24785 5.79633 -3.05182 -3.8422 0.205673 -1.51577 -1.98292 1.83805 -2.11161 -5.83688 -0.000297988 6.2352 1.95649e-06 4.42733e-05 5.99273 1.12695 1.05126 -2.10783 -5.4888 1.99156 2.84583 -1.32563 3.0251 5.85981 -2.1626 -0.0017502 2.84586 -1.32566 3.02617 5.22401 3.34281 0.387448 -2.11153 -5.05689 2.91898 1.02862 2.23988 2.82816 0.651317 2.48554 2.98585 0.247487 2.24397 3.00044 -3.12983 0.27058 3.11781 -6.15239 1.04989 0.37794 5.77197 1.26411 1.76546 5.82114 1.41692 1.55533 5.85905 -1.38918 1.65933 5.38974 -2.01989 2.40504 5.38914 -2.40591 2.02048 5.85943 -1.65821 1.38943 -1.06508 -5.29934 3.05346 -1.02623 2.56508 2.89493 -1.37144 2.34433 2.71167 -6.23638 -4.88068e-06 -8.7654e-06 -6.15108 0.19339 1.1018 5.85961 -0.000238334 2.16339 -0.594027 2.28116 2.9625 1.38821 1.51504 5.79755 5.86 -1.07763 1.87508 6.15274 -0.383697 1.04852 2.25811 1.26871 5.63181 -1.5708 1.5708 1.5708 6.15135 -0.19303 1.10259 6.15328 -0.000749737 1.11522 1.881 1.67736 5.66282 1.3603 1.51501 5.77728 -0.00377207 -5.37329 3.10492 2.68903 2.75725 4.83703 2.72926 1.3484 5.37351 -0.189221 2.52057 3.05573 0.583322 2.80821 3.05428 0.722662 2.11342 2.86312 1.06949 -4.68455 3.92476 0.975463 2.521 2.92112 1.29356 2.71134 2.81691 1.60841 2.45674 2.61029 -1.07356 -2.94338 3.0579 -1.32773 -2.83631 2.8924 1.87306 2.63333 2.45791 2.65164 1.88293 5.09878 2.1043 2.4132 2.21607 -6.15239 -0.377949 1.04989 -6.15105 -0.193621 1.10185 -6.15195 6.73761e-05 1.11702 -2.11721 -5.75009 1.01692 -2.63013 -3.61573 1.63635 -2.80612 -3.40755 1.38729 -0.803244 -3.02501 2.87013 -0.665679 -3.06341 2.97326 -0.395109 -3.10951 2.95249 -1.06909 -6.11644 0.000253641 2.44145 5.08377 0.369978 -1.0696 -6.01893 1.06156 -1.07416 -5.74541 2.09531 2.46742 5.08618 -0.000786359 2.46556 5.08853 0.006933 2.65242 1.8829 5.09839 2.52484 4.9949 0.19727 2.37791 5.18241 0.173389 1.23386 2.54289 2.23544 0.00200083 -6.20507 0.00392207 2.46476 5.08954 -0.00790748 2.37833 5.18203 0.17264 0.0124091 -3.13277 3.04906 3.42328 1.93034 4.70699 0.00161736 -6.11466 1.07257 3.02267 1.65447 5.05415 0.00221309 -5.82865 2.11973 1.06804 -6.11641 9.66799e-05 2.03975 -0.75997 0.15046 1.95861 -0.702532 0.290572 2.78601 -4.07068 1.10074 2.90628 -3.92981 0.895459 1.06941 -5.74707 2.09332 1.07154 -5.29789 3.05417 2.83074 3.78792 1.18395 2.95461 3.61573 0.956587 1.07156 3.05417 5.2979 2.57203 -4.06589 1.53693 2.4724 -3.89881 1.78423 3.12959 0.236231 3.00221 2.73277 -3.91705 1.34173 1.06502 4.68514 3.92526 2.26209 -4.06031 1.96528 2.0404 -0.760714 0.152275 1.89485 -0.642062 0.141773 3.12845 0.0540207 2.85988 3.13133 0.0846712 2.90391 3.13064 0.138099 2.91925 3.13294 0.000252405 2.91467 3.12847 -0.0537865 2.86007 3.13134 -0.0846963 2.90403 3.13069 -0.139597 2.92099 3.13064 -0.187465 2.95916 1.96936 -0.6939 -0.00154312 1.97433 -0.697911 -0.00692507 -3.03898 -3.51501 0.679839 -2.99934 -3.37515 0.905009 -3.10222 -3.35288 0.448536 0.985559 -0.347657 0.676429 2.109 2.92158 5.05578 2.11799 3.7522 4.4722 -2.88665 -3.55767 1.15063 3.09667 3.46756 4.12644 -2.49716 -3.452 1.88081 2.11998 4.47013 3.75438 -2.2354 -3.69312 2.12191 3.03577 -2.82761 0.720056 1.88866 -0.739461 0.720176 3.12958 -0.274114 3.12848 3.12962 -0.273167 3.1196 2.10455 -3.86945 2.21601 1.60874 -3.82556 2.61032 1.83968 -4.04595 2.36848 -2.03071 -3.50596 2.36919 2.9546 3.61572 0.956618 -1.67607 -3.77793 2.56339 1.06511 5.29936 3.05345 -3.12988 0.270141 3.12046 4.42095 4.35078 0.325218 3.93345 4.8827 0.294294 0.619463 -3.96256 2.95431 0.660988 -3.40344 3.04105 2.1078 5.48881 1.99156 -0.141997 -3.91418 3.02401 -0.589119 -3.61864 3.04876 -0.958365 -3.85802 2.88728 -1.3875 -3.56448 2.78668 0.673183 -3.92845 2.94965 0.27656 -3.65999 3.08616 2.85355 -2.20027 0.916948 -3.12991 -0.110168 2.89432 2.11102 5.83663 -0.00333275 -3.12991 0.259456 3.06457 0.80248 3.02557 2.87412 0.546135 3.08527 3.04715 2.11148 5.05692 2.91898 2.85382 4.08114 0.917903 2.11718 5.7501 1.01697 -6.15107 -1.1018 0.19339 -6.15197 -1.05074 0.379923 -6.14982 -0.972208 0.559519 -6.15214 -0.851762 0.721685 1.07214 2.94385 3.05311 1.32804 2.83562 2.88631 1.57244 2.7109 3.06719 1.33183 2.83508 2.90045 1.32898 2.83529 2.88757 0.975533 -3.76181 2.92118 1.29083 -4.0161 2.7143 -4.47577 -1.0104 4.19028 -5.2496 -0.893692 3.23143 0 0 0 -3.13003 0.245201 3.03045 -5.75453 -0.801162 2.27125 3.0956 5.0657 1.83964 -1.9365 4.67894 1.92379 -2.33927 3.49762 2.06623 3.09765 4.12595 3.46729 3.09743 4.66398 2.69722 -2.496 3.70399 1.80727 -2.33138 3.49814 2.07537 3.98292 3.66184 3.07359 3.98236 3.07568 3.66124 -6.15195 -1.11705 7.45919e-05 3.98658 4.13533 2.39211 -2.69639 3.51101 1.56927 4.75575 3.48806 2.00993 3.98639 4.48823 1.63829 -2.98848 3.68335 0.776349 -2.94001 3.51363 1.04286 -2.79965 3.69425 1.29511 -6.14985 -0.561915 0.970701 4.75539 2.58251 3.08463 4.75335 3.08701 2.58308 4.7572 3.77909 1.38042 -5.38947 -2.40614 2.01738 -5.38925 -2.0181 2.40623 -5.85846 -1.66284 1.38993 2.46423 1.94861 3.13305 -5.85872 -0.746775 2.03403 2.85355 -2.2003 0.916956 -5.85906 -1.38913 1.66143 -5.39017 -1.57066 2.71846 -5.86054 -1.08329 1.87528 2.47245 3.67266 1.86402 2.24514 3.87561 2.06 -3.05352 2.44784 0.196783 -2.98747 2.20251 0.201986 -3.05345 2.44788 -0.198025 -2.98552 2.19562 -0.192198 -3.03134 2.31664 -0.00326095 -1.51659 1.1617 1.30848 -3.03272 2.32177 0.0100822 2.5857 3.82208 1.63717 2.75793 3.64019 1.41945 -2.43979 -1.37563 0.893527 3.12998 0.222103 2.9886 3.09406 5.31097 0.932661 3.13073 0.18844 2.96184 3.09697 5.38811 -0.00142397 -6.1517 -0.721658 0.853796 2.34086 -1.26586 0.921104 -5.86005 -2.16562 0.000346683 -5.85945 -2.03224 0.746414 -5.86049 -1.87512 1.08367 2.21935 2.19671 3.35713 4.82932 3.97564 0.50977 -3.03219 -0.818762 3.07031 -2.94845 -1.06107 3.2252 4.93003 3.89525 -2.76072e-05 -5.85871 -2.13365 0.373695 -5.39069 -3.13936 0.00111813 -5.38881 -3.09356 0.543031 4.00111 4.83364 0.208444 4.43879 4.39312 -0.000753811 3.94707 4.88865 7.01769e-05 -2.84651 -1.32446 3.02839 -5.38905 -2.95015 1.07638 4.42058 4.35148 0.323623 -5.39026 -2.71784 1.57144 -4.76135 -2.58201 3.07957 -4.76158 -3.07924 2.58207 -3.98416 -3.06936 3.66034 -2.42626 5.01696 0.660293 -3.09296 -4.13091 3.46572 -3.09293 -3.46672 4.13037 -3.98335 -3.66113 3.0693 -3.07554 3.51342 0.521922 -3.05364 -3.83428 -0.197836 -2.98531 -4.08802 -0.19299 -1.78248 4.52055 2.18881 -3.09431 -2.69586 4.66907 2.02134 2.39558 3.10735 1.79726 2.5674 2.92275 -6.05435 -0.735044 1.34432 3.12955 -0.274003 3.12121 6.15331 -1.11447 -0.00223228 3.9807 4.70816 0.825427 -3.05182 -3.842 0.206359 6.15263 -1.04895 0.383588 6.15151 -1.10186 0.193987 2.18803 5.20903 0.887496 6.1525 -0.969171 0.555031 -1.51714 -1.97782 1.82977 -2.98588 -4.08693 0.190583 3.98444 4.78034 -0.000341333 -2.11584 -2.91769 5.05526 6.15219 -0.857421 0.716243 4.75595 3.96168 0.694284 4.75836 4.02419 0.0030738 -3.03251 -3.96221 0.00993896 -2.97884 -4.10132 0.223228 -3.37616 -1.14021 5.07036 2.40759 2.00717 3.14961 2.21712 2.21798 2.95568 -2.11431 -5.05553 2.91836 -2.06234 -0.899636 0.768096 -6.06503 -1.64117 -0.00240377 -3.03264 -0.820141 3.15101 -3.03252 -0.820542 3.13108 5.86126 -2.03129 0.738257 5.38685 3.09805 0.54279 1.98447 -1.2487 5.82901 1.94887 -1.59694 5.74911 2.05027 -1.13801 5.82776 6.15245 -0.555333 0.969204 1.97456 5.58508 0.00790502 -1.5708 1.5708 1.5708 2.03629 5.52592 0.158729 0.988543 2.79153 2.4591 -0.330254 -3.08071 3.65861 2.56964 1.80119 2.99246 2.56968 1.80124 2.99373 1.97657 5.58347 -0.00132302 1.95904 5.58026 0.290951 1.84819 5.64451 0.421232 1.3049 -1.41401 5.8806 -4.76013 -3.7767 1.37618 -4.76162 -3.47984 2.01117 6.15212 -0.71625 0.857745 5.38651 2.95619 1.07588 2.72652 1.5438 3.19582 3.78263 4.99686 0.399127 -4.75797 -4.02017 -0.0012877 5.85991 2.0303 0.73603 5.86042 2.12528 0.376127 -0.327293 -1.36221 6.01768 -4.76148 -3.95803 0.70015 5.3886 3.14481 -0.00138836 2.84972 1.31672 3.01988 2.84289 1.33117 3.01686 -0.345242 5.07924 2.44866 -0.637579 5.24927 2.2269 -1.95714 -1.26539 5.72696 2.84284 1.33144 3.01847 -3.98489 -4.13782 2.38849 -1.17177 4.55547 2.54902 -1.41623 4.73802 2.29068 -1.00218 5.07694 2.26267 -1.00598 5.07377 2.26369 0.611607 4.07849 2.92355 0.98588 3.82999 2.90237 -0.802518 -3.03118 3.3348 -3.98411 -4.77926 -0.00239439 -3.98543 -4.7049 0.827456 -3.98527 -4.48852 1.63392 2.11647 1.01164 5.7514 2.11047 1.99442 5.48729 -1.54744 5.81047 0.593387 -1.37114 5.87693 0.702533 3.09466 0.936904 5.31006 3.09739 1.83775 5.06488 -3.11098 2.79072 0.203112 -3.07057 2.53065 0.210205 3.09703 2.69725 4.66418 1.54759 5.65015 1.08707 -3.10399 2.65708 -0.00986018 -1.55148 1.32523 1.41082 1.56539 5.69621 0.937876 -1.79572 -2.5681 2.91833 -3.09145 -5.39263 -0.000667672 -3.09165 -5.3097 0.93395 2.84609 -1.32547 3.02982 2.11131 0.00245518 5.83667 -3.09243 -5.0663 1.8438 2.95025 -1.05647 3.21877 2.65254 4.69718 0.622288 -3.09579 -4.66711 2.69763 2.11718 -1.01694 5.7501 -2.11336 -5.75107 1.00975 5.86074 -1.87397 1.07672 5.38964 -2.95018 1.07187 -2.1136 -5.48875 1.99538 2.84277 4.44969 0.22367 2.72078 4.69077 0.201184 5.8593 -2.13048 0.379039 3.09408 -0.932642 5.31097 3.09797 -0.00264254 5.38813 1.40007 2.28298 2.03886 -1.79587 -2.56804 2.91879 -1.57162 -2.71131 3.08216 2.76879 4.56406 0.424257 2.72058 4.69101 0.20161 2.79991 4.56639 -0.000314146 0.883667 -0.236148 0.804442 -3.0626 3.0677 0.671985 -2.99936 2.9073 0.904741 0.627743 -0.225463 0.981737 0.679312 -0.209849 0.901671 3.98069 0.830168 4.70745 3.98439 1.63715 4.48983 0.843118 -0.251254 0.892726 2.76735 -1.71577 0.4224 2.47289 2.3855 1.78402 2.31416 2.57506 2.03572 4.75844 -3.07985 2.58561 3.98918 -3.07326 3.65611 4.756 0.694467 3.96174 4.75652 1.38084 3.77992 2.84554 -1.83908 0.215524 2.72227 -1.59547 0.208484 3.98559 2.39047 4.13761 -1.07228 3.93128 4.68244 4.75734 -2.58575 3.08123 -1.07154 4.68312 3.93036 -1.06703 5.29403 3.05777 3.9852 -0.00261686 4.78013 0.000905078 3.9882 4.75366 -0.000905074 4.75365 3.98821 -0.00156775 5.37628 3.10034 1.07228 4.68244 3.93128 1.06935 5.2945 3.05646 1.79725 -2.56704 2.91835 1.84124 -2.53832 2.95509 3.98407 -4.78007 0.00204217 2.63385 2.53428 1.58857 2.733 2.36676 1.34162 2.85323 2.50761 1.13661 5.38703 1.07591 2.95565 5.3857 1.57397 2.72547 4.75762 2.00818 3.48681 -2.91876 3.05735 1.14141 -2.80615 2.87486 1.38709 0.295083 3.88646 3.03771 -3.06948 2.52376 -0.199536 2.11549 4.47106 3.75439 1.25181 4.0082 2.73665 -2.67378 3.03906 1.63071 -2.49702 2.83241 1.8812 -2.29274 3.01968 2.12837 -3.06956 -3.75917 -0.199251 -3.11094 -3.4929 -0.203119 2.79729 -1.71165 0.00769782 3.09562 -1.83963 5.06569 3.9807 -0.825425 4.70817 -3.06958 -3.75893 0.199945 -3.10998 -3.49892 0.21328 -1.07484 0.000277373 6.11173 -0.000434474 1.07946 6.10982 -1.07402 1.06291 6.01936 2.77195 5.32955 1.57785 1.39764 -0.853867 1.09435 -0.000743077 2.12536 5.8328 -1.55247 -1.81 1.7208 -3.10402 -3.62588 0.0103548 2.79464 -1.70648 -0.000922675 2.79775 -1.71256 -0.00880269 -3.11103 2.79109 -0.202648 -6.18057 -0.968349 -0.401739 2.84554 -1.83906 0.215447 2.06165 -2.36347 3.08063 1.79738 -2.56663 2.91479 -3.10399 -0.484531 3.13193 4.75594 -0.694279 3.96169 4.75828 -0.000405003 4.0238 3.98223 -4.49213 1.63254 1.59101 3.77376 2.63413 1.80212 3.93828 2.43598 2.08504 3.7192 2.27785 4.75836 -4.02186 -0.000634802 2.2172 -2.21723 2.94794 4.75656 -3.96111 0.69765 3.98382 -4.70713 0.82855 5.56548 2.85305 0.434414 5.59482 2.85939 6.9982e-05 4.75763 -3.7796 1.37783 -3.07057 2.53066 0.210205 -3.10389 2.65645 0.0100633 -3.06954 2.52402 -0.199788 0.00156775 3.10034 5.37628 4.75939 -3.48239 2.00997 1.87304 2.63335 2.45793 2.10431 2.41327 2.21609 -0.0838904 4.13818 2.96535 -0.437016 3.93402 3.00844 -0.294723 3.90719 3.0218 -0.0162459 5.23234 2.33147 -2.04122 -2.50941 2.28808 -2.25144 -2.30537 2.02518 1.06903 2.09166 5.74437 -3.11098 2.79073 0.20311 1.07327 1.06188 6.01998 2.57033 -1.79994 2.98915 2.57028 -1.79979 2.98653 1.06702 3.05777 5.29403 -3.11104 2.79107 -0.202553 -1.55153 1.32556 1.41117 -2.03034 2.7792 2.36981 5.38989 -3.14037 0.00186216 2.72117 -1.55514 3.182 -1.74153 2.99235 2.59347 1.07154 3.93036 4.68312 -1.5708 1.5708 1.5708 -2.77871 -2.494 1.29602 -2.85684 -2.32751 1.02243 -2.61275 -2.31362 1.53545 -2.47504 -2.49652 1.80849 -2.96864 -2.49656 0.773043 -3.06941 -3.75957 -0.199866 -3.11093 -3.49244 -0.203715 -1.38722 2.71984 2.787 -1.01638 2.95845 2.94885 5.38865 -2.71921 1.57273 -3.11004 -3.49764 0.213782 -0.17204 2.91751 3.11042 0.276496 2.62305 3.08614 -0.589672 2.66269 3.04837 0.680598 2.87232 3.03819 0.643597 2.33214 2.94822 0.583539 2.80789 3.05422 -1.55248 -1.80993 1.72071 -3.06945 -3.75922 0.200469 0.975415 2.52095 2.92113 1.29348 2.71144 2.81695 -3.10402 -3.6259 0.0104004 1.6084 2.45677 2.6103 -1.07327 -1.06188 6.01998 5.39125 -3.09143 0.541513 -3.10389 2.65644 0.0100711 1.80695e-07 -5.48551e-07 6.20695 1.87494 -2.72857 2.47535 2.08511 -2.56368 2.2777 -6.18058 -0.968296 0.422417 0.000433549 -1.07946 6.10982 2.43073 -1.9757 3.16817 2.58865 -1.77106 2.96537 2.21727 -2.21734 2.94997 -2.63012 -3.61575 1.63637 -2.80609 -3.4077 1.38732 2.88229 -2.81322 1.18988 2.95459 -2.66514 0.955503 -2.53652 1.32233 0.354937 1.07484 -0.000277737 6.11173 1.07402 -1.06291 6.01936 2.57202 -4.0659 1.53694 2.73278 -3.91698 1.34175 2.26208 -4.06032 1.96529 2.4724 -3.89886 1.78421 -1.06903 -2.09166 5.74437 2.75783 -2.64489 1.42031 -5.58576 -2.84174 0.118737 -5.50075 -2.94374 0.381428 -5.73174 -2.54317 0.254492 2.31249 -2.76604 2.08139 -3.07022 2.52932 0.210564 -3.06954 2.524 -0.199779 -3.11095 2.79147 0.204212 2.47255 -2.60971 1.86365 2.64411 -2.79404 1.64786 3.06844 3.81554 0.0085879 3.08217 3.68491 0.219311 2.78601 -4.07068 1.10072 3.024 3.95089 0.205997 3.06973 3.80964 -7.61966e-05 1.53359 1.91062 1.79161 -2.88665 -3.55775 1.15061 -2.99934 -3.37518 0.904999 -3.03898 -3.51485 0.679977 1.06913 -2.09046 5.74448 -0.82917 -6.17117 -0.04698 -0.817692 -6.17407 0.059574 -3.10913 -3.48827 0.233003 3.06877 3.81406 -0.00814207 3.06979 3.80939 0.000985477 -1.55151 1.32546 1.41105 -5.80746 -2.39266 0.0756224 -3.11104 2.79106 -0.202502 3.02402 3.95086 0.205865 -2.03064 -3.50608 2.36923 -2.2354 -3.6932 2.12188 -2.49718 -3.452 1.88078 2.10454 -3.86938 2.21604 3.08334 -2.60342 0.210178 -1.75656 -2.30546 2.46678 -0.529354 -6.21468 0.37987 -0.620564 -6.20513 0.311675 3.06846 -2.46774 -0.00903747 -0.728194 -6.18873 0.230355 2.11567 1.99533 5.48792 -1.67604 -3.77779 2.56345 -1.38747 -3.56456 2.78669 -3.12977 -3.20814 -0.205205 -3.12945 -3.21495 0.214053 -3.11224 -3.48121 0.202498 2.11585 2.91769 5.05526 2.11485 3.75473 4.47113 3.09293 3.46672 4.13038 1.53488 -1.23684 1.35917 3.06754 -2.46355 0.000433693 -1.47261 -2.53091 2.69268 -3.13508 -3.34351 -0.0102483 -3.13529 -3.34036 -0.00509998 -1.56754 -1.67188 1.6352 1.06509 -3.05347 5.29935 3.0908 1.8457 5.0664 3.09431 2.69586 4.66907 2.11997 -3.75438 4.47014 2.11148 -2.91899 5.0569 3.08336 -2.60348 0.210127 3.06852 -2.46802 -0.00930939 -3.10389 2.65646 0.0100761 -6.2169 -0.778477 -0.330672 3.02532 -2.33805 0.214446 3.06744 -2.46308 0.000303689 2.1078 -1.99157 5.48881 2.11492 1.01078 5.75053 -6.24184 -0.406182 -0.40957 0.619889 -3.96214 2.95437 0.659904 -3.40506 3.04131 3.09118 0.933267 5.31009 -6.23659 -0.397899 -0.486301 3.98604 2.38739 4.13743 3.98587 1.63433 4.48788 -0.958309 -3.85802 2.8873 -6.19939 -0.683939 0.404549 -6.22621 -0.596047 0.503627 0.975537 -3.76186 2.92116 2.11799 -4.4722 3.75219 -6.18383 -0.974791 0.349556 6.13704 1.34708 0.00110483 3.09296 4.13091 3.46572 0.276564 -3.65995 3.08617 0.673168 -3.92842 2.94966 -6.18041 -0.968864 0.422726 -0.589174 -3.6186 3.04876 1.29083 -4.01606 2.71431 3.98415 3.06937 3.66034 6.1372 1.34645 1.72037e-05 3.98335 3.66112 3.0693 1.8397 -4.04594 2.36847 1.60874 -3.82553 2.61032 -0.620512 -6.20514 0.311663 -0.529346 -6.21468 0.379889 -3.11981 -0.343304 3.22237 -3.13509 -0.201848 3.13187 -0.142049 -3.9143 3.02397 1.0765 -3.67879 2.9021 3.09745 -2.69723 4.66397 3.09765 -3.46728 4.12596 -0.795586 -2.56109 2.96942 -1.13912 -2.31982 2.81011 -0.607302 -6.20106 -0.373034 -0.786325 -6.14892 -0.0126386 4.76135 2.58201 3.07957 -0.699781 -6.18839 -0.309479 2.11741 -0.00111551 5.84021 2.11359 -1.99538 5.48876 3.98658 -2.39211 4.13534 3.98638 -1.63829 4.48823 2.11336 -1.00975 5.75108 -0.790025 -6.17831 0.151233 0.985941 -2.45306 2.90232 1.32353 -2.68983 2.8013 4.7572 -1.38043 3.77908 0.669047 -2.64512 3.0165 0.295487 -2.39556 3.03739 -0.056358 -2.60014 3.08065 -0.437963 -2.35126 3.00885 1.59035 -2.51196 2.63514 3.09164 -0.933945 5.3097 3.0914 0.000393037 5.39271 5.38794 0.000934668 3.14609 -0.819488 -6.17093 -0.142128 3.09243 -1.8438 5.0663 1.30511 -1.07169 5.98917 -0.72819 -6.18874 0.230344 -0.790017 -6.17831 0.151221 -0.767325 -6.17918 -0.228979 -0.817679 -6.17407 0.0595716 -4.2539 2.66229 3.61439 -4.91934 1.1856 3.59094 -4.56982 1.68497 3.83442 5.38716 2.02162 2.41048 3.98457 0.00122163 4.77905 5.85921 1.38783 1.65474 5.85971 1.07711 1.87114 3.98657 0.825659 4.70407 5.38812 2.40875 2.02161 -4.24751 2.66419 3.62229 -4.2431 2.66769 3.62085 3.98528 -1.63392 4.48852 5.38661 2.72509 1.57178 -0.891353 -6.15332 0.0549351 -3.1126 2.80831 0.213347 -3.11208 2.80161 -0.204185 -3.77245 3.17943 3.73757 -0.829177 -6.17117 0.0468247 3.98543 -0.827457 4.7049 -1.07982 2.94114 3.0518 -0.80403 3.02567 2.87994 -0.274246 3.1174 2.86559 -0.540605 3.08623 3.04734 0.276044 3.1185 2.88019 0.271803 3.11908 2.88274 -4.15287 2.55534 3.83462 -3.48727 2.92589 4.20825 4.76148 -0.700152 3.95803 5.85924 1.87213 1.07739 -3.98657 2.39211 4.13534 -3.98638 1.63829 4.48823 -3.09745 2.69724 4.66396 -3.09561 1.83963 5.06569 -1.56767 1.47171 1.50999 -3.13461 2.93233 -0.00189034 4.76012 -1.37618 3.7767 5.859 1.65527 1.38797 -3.09765 3.46729 4.12596 -2.11999 3.75438 4.47013 -2.11148 2.91899 5.05691 4.75982 0.699715 3.95993 4.75999 1.37662 3.77657 -5.52741 1.18292 2.57916 -2.1078 1.99157 5.48881 4.76111 2.01118 3.48034 -3.05023 2.43909 0.213751 2.94835 1.0606 3.22327 -2.118 4.4722 3.7522 -5.91003 1.17279 1.54625 5.38917 1.07631 2.94966 2.63384 2.53425 1.58858 2.73298 2.3667 1.34162 -2.99362 -2.33724 0.510739 -2.11718 1.01694 5.7501 -1.07418 2.09531 5.74541 -1.0651 3.05347 5.29935 5.85865 2.1609 0.00152882 2.85315 2.50747 1.13677 2.90672 2.35468 0.895196 -1.06503 3.92525 4.68515 4.75809 0.00082184 4.0201 -3.10389 2.65643 0.0100449 3.03465 0.80979 3.07274 2.47288 2.38543 1.784 -3.10402 -3.62591 0.0104027 -3.0626 3.06771 0.671981 -2.99936 2.90735 0.904743 -3.10217 2.92774 0.447687 -2.91877 3.0574 1.14139 -2.80616 2.87489 1.38707 5.38946 0.544793 3.09243 0.386317 -6.25122 -0.220476 0.385838 -6.25131 0.219982 5.39108 -0.00153498 3.13871 6.15453 0.962234 0.554541 -2.49703 2.8324 1.88118 -2.29278 3.01976 2.12832 -2.0303 2.77922 2.36984 5.38881 -0.543029 3.09356 0.491543 -6.24385 0.0528861 0.459517 -6.24613 0.138546 0.5387 -6.22089 -0.000365845 6.15275 1.09962 0.18376 6.1574 1.10459 0.00241635 4.76162 -2.01118 3.47984 1.87313 2.63348 2.45787 2.10435 2.41311 2.21599 -2.67376 3.03904 1.63074 -3.12986 3.07519 0.203679 -3.12977 3.07497 -0.205179 -3.13507 2.93963 0.0109444 -1.74149 2.99232 2.5935 -1.38723 2.71989 2.787 6.15488 0.380458 1.0431 6.15445 0.554882 0.962378 5.86027 0.735171 2.02972 6.15503 0.713526 0.84955 6.15512 0.849147 0.713507 -3.13499 -3.34497 0.0103889 -3.12942 -3.21471 0.214423 1.07581 2.60259 2.90202 0.642683 2.33239 2.94859 6.15504 1.04242 0.380736 -3.12986 -3.20722 -0.203698 -3.13498 -3.34501 0.0104047 0.459223 -6.24617 -0.138667 -1.06903 5.74437 2.09166 -3.13508 2.93966 0.0109843 -3.11215 -3.4817 0.202767 -3.13545 -3.33771 -0.000540429 -1.56728 -1.67574 1.64079 -1.01637 2.9584 2.94886 -0.589676 2.66272 3.04837 -3.11214 -3.48129 -0.203938 -3.13498 -3.34498 0.0104064 0.583465 2.80792 3.05424 -1.07468 6.11211 0.00209794 1.29346 2.71135 2.81696 0.975411 2.52102 2.92114 0.680614 2.87231 3.03819 -0.274224 3.11832 2.87619 -6.24197 -0.406346 -0.408651 2.31416 2.57506 2.0357 -2.74374 3.26642 4.46403 -3.14131 3.18216 0.0114602 0.00043403 6.10982 1.07946 -3.1252 3.32084 -0.205714 -0.172059 2.91747 3.11042 0.00220036 2.11972 5.82865 -0.003795 3.10492 5.37329 -3.3182 2.72765 4.42971 0.491852 -6.2438 -0.0526618 0.500122 -6.24262 0.0422585 0.488875 -6.2419 0.133094 0.276504 2.62308 3.08615 -0.00219766 3.98954 4.75601 -2.75912 2.77056 4.72947 -2.36338 2.97193 4.88835 -2.14221 2.75748 5.07196 -3.12974 3.07518 -0.205486 -3.17504 2.59806 4.63797 2.52808 -3.62489 1.80135 2.33236 -3.78476 1.99209 -3.11254 2.80812 0.213789 -3.13508 2.93968 0.0109773 -3.11203 2.8014 -0.20391 -3.12219 3.49003 0.0114823 -1.56771 1.47253 1.5113 -3.13454 2.9314 -0.000627784 -3.12982 3.07547 0.204062 0.500388 -6.24258 0.0419702 0.56029 -6.23211 0.0543998 -4.75601 -0.694459 3.96174 -3.05203 3.88633 0.0099592 -4.75828 0.000404574 4.0238 -3.11216 -3.48172 0.202681 -3.13543 -3.33812 -0.00112339 -3.12942 -3.21518 0.214856 -3.12983 -3.20709 -0.204069 -3.11208 -3.48154 -0.204249 -4.75594 0.694287 3.96168 -1.56731 -1.67536 1.64019 -6.24167 -0.405764 0.432379 -3.9852 0.00261953 4.78013 2.96111 -3.6766 0.902888 -3.98069 -0.830168 4.70745 -3.9807 0.825427 4.70817 -0.784379 2.72799 5.45745 -1.0276 2.95238 5.33391 -0.564247 2.5549 5.59645 -3.13507 2.93961 0.0110209 -3.12975 3.07523 -0.205368 2.85283 -3.81859 1.11291 2.78787 -3.65558 1.35396 -3.11251 2.80877 0.215441 -3.11203 2.80142 -0.203871 -3.12978 3.07576 0.204498 -3.13452 2.93108 0.000439485 -1.5678 1.47397 1.51305 -1.48557 2.75816 5.25877 -3.09408 0.932641 5.31097 -3.1288 -3.23996 -0.205936 2.64034 -3.80383 1.55585 5.3875 0.540862 3.0972 -1.95327 2.60003 5.25974 5.85873 0.000288631 2.16015 5.8596 0.376381 2.1274 -3.12531 -2.96288 -0.205058 -3.12562 -2.97119 0.21513 -2.88667 -3.55765 1.15059 -2.80612 -3.40766 1.38727 -3.12898 -3.23896 0.204638 -3.14131 -3.10103 -0.0114915 -3.98558 -2.39048 4.1376 -2.99933 -3.37514 0.90502 -3.03897 -3.51487 0.679995 -1.57061 -1.54679 1.55206 -6.23737 -0.161095 -0.408653 -3.98439 -1.63716 4.48983 -2.23547 -3.69311 2.12184 -2.49715 -3.45198 1.88083 -6.25398 0.0804727 -0.411851 -2.03066 -3.5061 2.36921 -2.63007 -3.61583 1.63641 -6.24935 0.0750769 -0.482614 -6.25899 -0.252654 -0.337155 2.15882 -3.58161 2.23953 -6.23761 -0.16212 0.406756 -6.24207 -0.405513 0.429601 -1.38747 -3.5645 2.7867 -1.676 -3.77779 2.56347 -6.24606 -0.410823 0.357251 -3.09466 -0.936911 5.31006 0.975297 -3.76194 2.92123 6.15735 -0.00216915 1.1048 6.15336 0.186166 1.09709 -3.06993 -2.52896 -0.20507 -3.05157 -2.395 0.0108152 -6.25347 -0.074502 0.50631 5.38651 -1.07588 2.9562 5.38686 -0.542774 3.09806 -3.13843 -0.0813618 3.20773 -3.11942 3.51394 0.0131872 5.86042 -0.376139 2.12528 -3.135 -0.20316 3.12993 -3.11945 -2.76952 0.013051 5.859 -1.38795 1.65528 6.15453 -0.55453 0.96224 5.85925 -1.07738 1.87212 6.15512 -0.713518 0.84914 -3.12871 3.04277 -0.206563 -3.12538 3.31995 0.2046 -3.12876 3.05085 0.217063 -1.5707 1.58754 1.57807 -3.07782 3.67701 0.267392 -3.14131 -3.10084 0.0115341 -3.12521 -2.96247 -0.205835 5.38661 -1.57176 2.72509 5.85992 -0.736062 2.03029 -3.12872 -3.24036 -0.206522 -0.956098 -6.14998 -0.0655751 -0.816193 -6.16554 0.0313396 -3.05724 -2.49672 0.261645 -3.12543 -2.97036 0.216402 -3.12882 -3.23986 0.205823 -1.57061 -1.54679 1.55211 -3.0388 -2.34464 0.0123687 -6.09227 1.16576 0.529931 -6.25394 0.0804474 -0.4121 0.659866 -3.40502 3.04131 0.619624 -3.96198 2.95449 5.85921 -1.65475 1.38781 6.15503 -0.849539 0.713528 -0.589148 -3.61859 3.04877 -0.958255 -3.85808 2.8873 -0.327014 -6.03818 -0.000713669 -1.07591 -6.13717 0.0248802 -2.99425 3.94409 0.509976 -2.9756 4.09615 0.26052 -1.96653 4.18166 2.2041 -2.2514 3.97791 2.02519 -3.12535 3.32008 0.204888 -3.12873 3.05059 0.217285 -3.14131 3.18218 0.011444 -3.12877 3.04313 -0.206229 -3.09797 0.00264601 5.38813 -2.3891 4.16079 1.75221 -3.03879 -2.34458 0.0123691 -3.03932 3.93657 0.0114368 -3.05725 -2.49679 0.261622 -3.12527 3.32057 -0.205289 -1.5707 1.58758 1.57812 -2.99361 -2.33722 0.51074 6.15276 -0.183775 1.0996 -3.1287 -3.24047 -0.206695 -3.14131 -3.10085 0.0115435 -2.85596 3.95777 1.02319 -2.68989 4.13789 1.26315 -2.61267 3.96972 1.5355 -2.88412 4.38712 0.0112717 -2.79909 4.53453 0.249415 -3.12518 -2.9623 -0.206012 -2.11131 -0.00245245 5.83667 -3.12558 -2.97109 0.215352 -1.06961 1.06156 6.01894 -2.88265 4.11342 0.758313 -1.57061 -1.5468 1.55212 -3.12895 -3.23923 0.204826 -1.06816 -0.000678659 6.11645 -2.8358 -1.88042 0.487108 -2.8307 -2.01578 0.741083 -2.92095 -2.02794 0.248877 -3.09703 -2.69724 4.66418 -3.09739 -1.83774 5.06489 -2.11048 -1.99441 5.48729 -2.83507 4.4042 0.487663 -6.25431 0.08016 0.43248 -2.11647 -1.01164 5.7514 1.90788 -3.75523 2.407 0.673144 -3.92836 2.94969 0.276498 -3.66001 3.08616 -3.14131 3.18218 0.0114788 -0.142126 -3.91423 3.02399 1.07646 -3.67879 2.90211 -1.06795 -1.062 6.01883 -2.79901 4.53468 0.249354 -1.5707 1.58755 1.57809 -3.1254 3.31987 0.204492 2.75792 3.64024 1.41945 2.5857 3.82203 1.6372 2.47248 3.67268 1.86398 -7.68201e-06 -7.08739e-07 6.20453 6.23383 2.55978e-05 -0.00495669 -3.12878 3.05087 0.216778 -3.12873 3.04291 -0.206512 5.24757 -1.25978 3.13615 -3.12522 3.32083 -0.205618 -0.00221839 -2.11972 5.82865 4.61692 -1.19878 4.01349 1.80209 3.93817 2.43604 2.08503 3.71927 2.27784 -0.0016185 -1.07257 6.11466 2.2452 3.87571 2.05989 -3.1232 -2.93225 -0.207383 -3.09274 -2.65669 -0.203977 0.00160262 1.07257 6.11466 -3.12317 -2.93246 0.207632 -3.09343 -2.66349 0.215877 -1.5607 -1.39301 1.45391 -6.22156 0.38579 -0.410259 -6.26013 0.126167 -0.326739 5.68207 -1.30185 2.24423 -2.83508 4.40414 0.487709 2.83077 3.78775 1.18399 -6.2162 0.693732 -0.409969 -6.22795 0.556362 -0.499346 3.12939 0.16946 2.92308 3.13032 0.22144 2.9956 3.12896 0.152934 2.90534 3.12992 0.023295 2.87251 3.12851 0 2.85519 3.12992 -0.0233115 2.87255 -1.06795 6.01883 1.06199 -6.25425 0.0800441 0.432743 3.12942 -0.16991 2.92387 -6.22164 0.386564 0.409472 -3.1321 0.194618 3.22846 3.12945 -0.254986 3.03637 3.13031 -0.221148 2.99488 -6.26054 0.139647 0.350421 3.12766 -0.254273 2.99097 3.12917 -0.264584 3.05261 -1.06878 6.1161 -0.00119642 -0.00251097 6.20432 -0.00201303 -0.00161729 6.11466 1.07256 -6.22578 0.573882 0.518244 -0.00222069 5.82865 2.11971 -3.12221 0.348234 3.13004 -0.783363 4.17236 2.84925 -0.436987 3.93407 3.00843 -0.00962293 3.13282 3.03009 -1.42333 4.18785 2.58421 -1.13971 3.96217 2.81022 -1.75698 3.97691 2.46675 -0.0838253 4.13821 2.96534 -3.12219 3.49 0.0114992 -3.12322 3.35125 -0.206896 -3.09284 3.62616 -0.203556 -3.09275 3.62654 0.203814 -3.1224 3.3584 0.218489 -1.56152 1.74124 1.67608 0.611509 4.07852 2.92356 0.295037 3.88645 3.03772 -3.98558 4.1376 2.39048 1.25182 4.00813 2.73667 1.59099 3.77377 2.63414 -3.12326 -2.93163 -0.20646 -3.12221 -2.79338 0.0113925 -3.9844 4.48983 1.63714 -3.09293 -2.65722 -0.202897 -3.12324 -2.93166 0.206506 -3.09368 -2.66424 0.214748 -4.75652 3.77992 1.38084 -1.56071 -1.39309 1.45402 3.12915 0.263275 3.0482 3.12943 0.255073 3.03602 -6.21598 0.694653 0.433629 0.9859 3.83001 2.90236 -1.75654 -2.30547 2.4668 -2.04117 -2.50939 2.28812 -3.0699 3.75451 -0.204816 -3.0058 4.01852 -0.19845 -2.47504 -2.49646 1.80848 -2.25147 -2.3054 2.02516 -1.52685 1.93972 1.80451 -3.05157 3.88821 -0.00997395 -3.00608 4.01766 0.198842 -3.06821 3.76169 0.21561 -2.61278 -2.31366 1.53542 -2.7787 -2.49388 1.296 -2.85684 -2.3276 1.02247 -0.68456 -6.17562 -0.0574404 -2.96866 -2.49662 0.773019 6.15736 -1.10443 -0.00297726 -3.00611 -2.266 -0.200026 -3.05158 -2.39505 0.0108339 6.15488 -1.04311 0.38044 6.15336 -1.09708 0.186145 -3.00735 -2.2713 0.210149 -3.0698 -2.52857 0.206171 6.15504 -0.380717 1.04242 -1.52506 -1.19453 1.32604 2.57449 -2.30202 1.58049 2.38413 -2.12813 1.7772 -6.07569 1.48925 -0.404156 2.25228 -2.26257 1.99489 -3.05169 0.746112 3.13221 2.80475 -2.33245 1.14577 2.66204 -2.17117 1.35699 5.85972 -1.87114 1.07711 5.86026 -2.02972 0.735198 6.15444 -0.962365 0.554925 -1.13917 -2.31985 2.81009 -1.47262 -2.53083 2.69267 -0.724374 -2.00405 2.82424 -1.0412 -1.796 2.641 -1.13972 -2.3209 2.81018 -0.0223079 -2.0435 2.93056 -0.380097 -1.81847 2.82391 0.671029 -2.09462 2.87297 0.305874 -1.86586 2.85457 2.00894 -2.07054 2.16486 1.82725 -2.2128 2.36972 1.53217 -1.99851 2.49308 -0.414102 -6.22704 0.420098 1.30095 -2.15083 2.67113 0.958491 -1.93052 2.73573 -3.0815 3.67163 -0.236048 -0.15621 -6.2464 0.450174 -0.295039 -6.23675 0.448137 -0.0399832 -6.24896 0.459 0.0711014 -6.2521 0.432493 2.10901 -5.05579 2.92157 3.09668 -4.12645 3.46754 0.379544 -6.24581 0.297267 0.434342 -6.2451 0.217797 4.45263 1.58226 4.02878 0.183548 -6.25195 0.399384 -3.1182 3.36121 0.253042 -3.08173 3.67107 0.234893 -1.56023 1.75264 1.68288 3.58755 1.69371 4.76651 -3.1191 3.35219 -0.241116 1.3281 -2.83576 2.88822 3.09867 -5.38773 -0.0022395 0.287544 -6.2501 0.349516 3.09703 -4.66419 2.69724 5.11607 1.49347 3.2 3.98291 -3.07358 3.66185 5.59313 1.43057 2.31839 -3.08173 -2.6121 -0.23491 -3.11945 -2.76951 0.0131078 -3.11918 -2.93028 -0.2401 -3.08274 -2.6205 0.248019 3.98235 -3.66125 3.07568 4.75335 -2.58308 3.087 4.7554 -3.08463 2.5825 4.75576 -2.00993 3.48806 -3.1192 -2.93022 0.239882 -0.422864 -6.19656 -0.057111 -0.389328 -6.18395 0.0364732 -0.558512 -6.18599 0.0316243 -0.292088 -6.21159 -0.000690054 -1.55923 -1.38063 1.44553 -1.90849 0.736695 0.656089 -1.71212 0.581976 0.613239 -1.9104 0.70414 0.528012 4.75763 -3.48681 2.00817 5.38716 -2.4105 2.0216 -6.20064 0.740753 -0.4769 2.11048 -5.48729 1.99441 3.09737 -5.06489 1.83777 -1.48977 2.11362 5.60966 -0.108691 2.04116 5.8289 3.98439 -4.48984 1.63713 3.98556 -4.13761 2.39049 1.48126 0.467985 0.726147 1.62155 0.525235 0.619118 -3.08156 3.67151 -0.235688 -3.11943 3.51385 0.0131923 -3.11808 3.36052 0.254441 -3.11911 3.35262 -0.240742 1.26091 1.93565 5.73442 -1.56023 1.75258 1.68281 -3.08145 3.67187 0.235979 2.51641 1.81597 5.35663 -1.7942 -5.68958 0.386102 -1.81219 -5.65735 0.506481 1.32594 -2.83651 2.88526 1.79699 -2.56659 2.91121 1.88091 -2.51049 2.99018 2.11647 -5.7514 1.01163 3.09465 -5.31005 0.936892 -2.69581 4.42637 0.975474 -2.50706 4.59628 1.19467 3.98382 -4.78117 -0.00331401 0.00100167 -6.22182 -0.000663428 -2.45784 4.44795 1.45673 -2.21334 4.62908 1.64649 3.9807 -4.70745 0.830157 -2.10075 4.47505 1.9179 0.270012 -6.22701 -0.000522609 -2.69993 4.56339 0.722672 4.75652 -3.77993 1.38082 2.02143 -5.49099 0.496958 2.05462 -5.41695 0.686233 2.21677 -2.21805 2.95244 4.75709 -4.02591 0.00401254 2.2522 -2.1521 3.283 4.756 -3.96175 0.694458 -3.06002 -2.49933 -0.237408 -2.98135 -2.19585 -0.227588 1.5314 4.27986 2.49575 1.71076 4.42309 2.29197 -2.98322 -2.20345 0.241264 2.38406 4.15683 1.77627 2.14073 4.34809 1.9469 -3.0599 -2.49953 0.239457 2.47219 4.28746 1.55207 2.66209 4.11159 1.35719 2.56982 -1.80117 2.99518 -1.51854 -1.16903 1.3089 2.00904 4.21365 2.16427 2.71105 4.24361 1.12797 5.38571 -2.72547 1.57396 5.38811 -2.0216 2.40875 -1.62782 4.48951 2.32442 -1.80434 4.66156 2.06156 -6.07217 1.44644 -0.583034 -6.04159 1.58735 -0.464846 -6.06218 1.48074 0.608638 -3.7238 -4.9516 1.03869 -1.29253 4.68022 2.40221 -6.10037 1.15668 0.469273 -1.04009 4.48928 2.64037 -3.03893 0.796488 3.13068 -3.65248 -4.99978 1.06476 -3.72184 -4.95477 1.03072 0.591466 4.58084 2.71801 0.305384 4.41613 2.85515 -0.0523946 4.64129 2.74821 -0.380714 4.46368 2.82431 1.19299 4.50576 2.55567 0.958942 4.35444 2.73478 -0.694444 4.67473 2.64053 -6.10032 1.1567 -0.46915 5.85841 -2.16071 -0.00068175 -6.20093 0.838017 0.384619 -1.92367 -1.9807 2.18175 -2.10281 -1.81121 1.91778 -2.69563 -1.8565 0.975567 -2.6433 -2.00127 1.23956 -2.45511 -1.83097 1.4575 -2.34852 -1.99152 1.7257 -6.20077 0.740693 0.502105 -6.20141 0.828501 -0.360359 5.85961 -2.1274 0.376354 0.717963 -6.21746 -0.000275 -1.62787 -1.79377 2.32444 1.82725 -2.21286 2.36973 1.53214 -1.99851 2.49309 2.56959 -1.80113 2.99076 2.56937 -1.80136 2.98985 2.57452 -2.30214 1.5805 2.38408 -2.12803 1.77721 2.2523 -2.26241 1.99481 5.38781 -3.1467 0.00316744 2.66207 -2.17115 1.35693 2.84328 -1.33166 3.03186 2.80478 -2.33253 1.14576 -3.0799 0.583833 3.26572 5.38749 -3.0972 0.540852 5.38703 -2.95565 1.07592 -1.04129 -1.79594 2.64094 -1.37735 -1.98627 2.56267 -0.724541 -2.00416 2.82423 -0.0223871 -2.04357 2.93058 1.30093 -2.1509 2.67117 0.958472 -1.93054 2.73574 2.00898 -2.07054 2.16482 -0.380168 -1.81834 2.82384 0.670983 -2.09475 2.87302 0.305841 -1.86586 2.85457 -1.52029 1.96589 1.82182 -2.98136 4.08697 0.229167 0.274367 -3.11738 2.86541 0.731432 -3.04719 2.92734 -3.05795 3.79123 0.251205 1.06795 -6.01882 1.06199 0.803856 -3.02596 2.88274 2.11216 -5.83628 0.00239039 -3.03933 3.93654 0.0114809 -3.06009 3.78331 -0.238309 1.32945 -2.83457 2.88197 -2.98121 4.08761 -0.228025 2.70153 -5.48571 1.4207 3.00092 -5.41771 1.02402 2.97942 -5.43575 0.986607 -3.06002 -2.49928 -0.237304 -2.98178 -2.1974 -0.229054 -2.98338 -2.20384 0.240518 -3.05989 -2.49928 0.239138 -1.51852 -1.16897 1.30885 -6.04156 1.58628 0.490472 -2.80947 4.51946 -0.216314 -2.88467 4.38585 -0.0108172 -2.88616 4.38241 -0.000596342 -1.44117 2.19564 1.98219 -2.80955 4.51948 0.215168 -2.92392 4.25131 0.240512 -2.92661 4.24482 -0.230847 -2.88461 -1.8972 0.0106572 -1.44287 -0.949902 1.16579 -2.88258 -1.89248 -0.00339813 -2.92662 -2.03856 -0.231309 -2.80892 -1.76262 -0.215819 -2.81249 -1.77035 0.225686 -2.92661 -2.03796 0.229177 -2.88461 -1.89719 0.0106827 -5.73602 2.48138 -0.446872 -5.76896 2.48938 -0.000320074 -2.63032 4.85941 0.0111031 -2.63032 4.85941 0.0110703 -2.69135 4.73859 -0.214668 -2.54157 4.97052 0.196661 -2.68796 4.74353 0.226326 -2.54212 4.96988 -0.196272 -2.63544 4.85155 0.00228638 -1.3126 2.43361 2.15701 -2.69153 -1.54497 -0.215141 -2.63073 -1.4244 0.0108955 -2.69174 -1.54543 0.215371 -2.54533 -1.31842 0.207762 -2.5416 -1.3126 -0.195981 -1.3134 -0.709188 0.986816 -5.26128 3.43443 0.0181772 -2.63012 1.71787 3.17289 -5.23313 3.42564 0.433665 -2.63077 1.71712 3.13019 0.513918 -6.22408 -0.000385523 -2.24757 5.33657 0.0103651 -2.15322 5.41876 0.168111 -2.31533 5.25076 0.199388 -2.24757 5.33657 0.0103665 -2.13548 5.43283 0.199799 -2.37862 5.16942 -0.00205373 -2.15291 5.41899 -0.168423 -1.12599 2.66603 2.3393 -2.30703 -1.02396 0.198467 -1.12141 -0.470874 0.791999 -2.32013 -1.03744 0.189623 -2.24739 -0.946429 0.0104931 -2.32037 -1.03774 -0.189782 -2.04171 -0.768912 0.021145 -2.30701 -1.02392 0.198407 -2.15747 -0.868863 0.178931 -4.47331 4.38159 0.376903 -1.71224 5.77556 0.00516918 -1.6056 5.83529 0.15369 -1.62518 5.82494 -0.128712 -1.71222 5.77557 0.0051572 -1.60559 5.8353 0.153712 -1.62463 5.82505 0.132822 -1.7774 5.7246 0.159507 -0.855954 2.88789 2.56414 -1.83549 5.67899 -0.00233257 -0.985848 -0.165092 0.195323 -1.06236 -0.187808 0.0996443 1.26548 -0.289236 0.363639 1.31114 -0.292941 0.188953 1.34005 -0.314941 0.28051 -1.023 -0.171228 0.00319497 -0.965866 -0.15403 0.083728 -1.07416 -0.191856 0.095431 -1.02013 -0.170241 -0.000889838 -1.06237 -0.187815 0.0996761 -0.887354 -0.130598 0.0146707 -0.512133 -0.0858317 0.332989 -1.07519 -0.192455 -0.100697 -1.023 -0.171228 0.00319361 -1.01204 -0.173081 -0.182483 1.36247 -0.31388 0.103318 1.32166 -0.291541 0.00591893 1.27985 -0.27924 0.196223 1.37612 -0.320522 0.102758 1.26178 -0.266997 0.0958847 0.659016 -0.144931 0.431086 1.28746 -0.282497 -0.193956 1.17101 -0.229536 -0.00438723 1.35954 -0.312017 -0.0954169 1.32164 -0.291536 -0.00603146 1.37453 -0.319545 0.0993209 -2.71335 5.58271 0.251848 3.22742 5.26046 0.712428 -3.40647 5.263 0.299451 -3.35762 5.27816 0.0161052 -2.71335 5.58271 0.251803 -3.41155 5.25903 0.302807 -3.03205 5.49021 0.157153 -1.91838 5.97266 0.232165 -2.74542 5.56852 0.235044 -1.36564 2.80355 3.3825 -1.02224 2.97063 3.13914 -3.20251 5.38197 -0.17994 -2.74383 5.56987 -0.231816 -2.0681 5.92208 0.111367 -2.04529 5.94097 -0.00277754 2.57056 5.72069 -0.000778394 2.63488 5.6975 0.198564 2.65427 5.69102 0.128709 2.63443 5.69753 0.200936"/>
   </IndexedFaceSet>
  </Shape>
 </Scene>
</X3D>
