#VRML V2.0 utf8

# Generated by VCGLIB, (C)Copyright 1999-2001 VCG, IEI-CNR

NavigationInfo {
	type [ "EXAMINE", "ANY" ]
}
Transform {
  scale 1 1 1
  translation 0 0 0
  children
  [
    Shape
    {
      geometry IndexedFaceSet
      {
        creaseAngle .5
        solid FALSE
        coord Coordinate
        {
          point
          [
            -74.2 -9.1 -3.05176e-06, -56.2 -9.1 -3.05176e-06, -60.7 -14.698 -3.05176e-06, -74.2 -14.698 -3.05176e-06, 
            -74.2 -15.003 -3.05176e-06, -60.7 -15.003 -3.05176e-06, -60.7 -15.498 -3.05176e-06, -74.2 -15.498 -3.05176e-06, 
            -67.7972 -24.298 5.15796, -68.206 -24.253 5.304, -68.1931 -24.298 5.29499, -74.2 -15.803 -3.05176e-06, 
            -60.7 -15.803 -3.05176e-06, -60.7 -16.298 -3.05176e-06, -74.2 -16.298 -3.05176e-06, -69.112 -24.154 5.888, 
            -68.2973 -23.803 5.47826, -69.0752 -24.298 5.84419, -68.2128 -24.298 5.3018, -74.2 -16.603 -3.05176e-06, 
            -60.7 -16.603 -3.05176e-06, -60.7 -17.098 -3.05176e-06, -74.2 -17.098 -3.05176e-06, -74.2 -17.403 -3.05176e-06, 
            -60.7 -17.403 -3.05176e-06, -60.7 -17.898 -3.05176e-06, -74.2 -17.898 -3.05176e-06, -74.2 -18.2 -3.05176e-06, 
            -60.7 -18.2 -3.05176e-06, -60.7 -18.698 -3.05176e-06, -74.2 -18.698 -3.05176e-06, -74.2 -19.003 -3.05176e-06, 
            -60.7 -19.003 -3.05176e-06, -60.7 -19.498 -3.05176e-06, -74.2 -19.498 -3.05176e-06, -74.2 -19.803 -3.05176e-06, 
            -60.7 -19.803 -3.05176e-06, -60.7 -20.298 -3.05176e-06, -74.2 -20.298 -3.05176e-06, -74.2 -20.603 -3.05176e-06, 
            -60.7 -20.603 -3.05176e-06, -60.7 -21.098 -3.05176e-06, -74.2 -21.098 -3.05176e-06, -74.2 -21.403 -3.05176e-06, 
            -60.7 -21.403 -3.05176e-06, -60.7 -21.898 -3.05176e-06, -74.2 -21.898 -3.05176e-06, -74.2 -22.2 -3.05176e-06, 
            -60.7 -22.2 -3.05176e-06, -60.7 -22.698 -3.05176e-06, -74.2 -22.698 -3.05176e-06, -74.2 -23.003 -3.05176e-06, 
            -60.7 -23.003 -3.05176e-06, -60.7 -23.498 -3.05176e-06, -74.2 -23.498 -3.05176e-06, -59.353 -9.749 13.174, 
            -59.353 -9.66 12.842, -59.7 -9.721 13.184, -74.2 -23.803 -3.05176e-06, -60.7 -23.803 -3.05176e-06, 
            -60.7 -24.298 -3.05176e-06, -74.2 -24.298 -3.05176e-06, -74.2 -24.603 -3.05176e-06, -60.7 -24.603 -3.05176e-06, 
            -60.7 -25.098 -3.05176e-06, -74.2 -25.098 -3.05176e-06, -68.9561 -36.0204 12.078, -69.007 -35.9806 12.0778, 
            -68.964 -36.02 12.125, -74.2 -25.403 -3.05176e-06, -60.7 -25.403 -3.05176e-06, -60.7 -25.898 -3.05176e-06, 
            -74.2 -25.898 -3.05176e-06, -74.2 -26.2 -3.05176e-06, -60.7 -26.2 -3.05176e-06, -60.7 -26.698 -3.05176e-06, 
            -74.2 -26.698 -3.05176e-06, -74.2 -27.003 -3.05176e-06, -60.7 -27.003 -3.05176e-06, -60.7 -27.498 -3.05176e-06, 
            -74.2 -27.498 -3.05176e-06, -69.185 -35.8415 12.0779, -74.2 -27.803 -3.05176e-06, -60.7 -27.803 -3.05176e-06, 
            -60.7 -28.298 -3.05176e-06, -74.2 -28.298 -3.05176e-06, -74.2 -28.603 -3.05176e-06, -60.7 -28.603 -3.05176e-06, 
            -60.7 -29.098 -3.05176e-06, -74.2 -29.098 -3.05176e-06, -74.2 -30.2 -3.05176e-06, -60.7 -30.2 -3.05176e-06, 
            -60.7 -30.698 -3.05176e-06, -74.2 -30.698 -3.05176e-06, -74.2 -31.003 -3.05176e-06, -60.7 -31.003 -3.05176e-06, 
            -60.7 -31.498 -3.05176e-06, -74.2 -31.498 -3.05176e-06, -74.2 -31.803 -3.05176e-06, -60.7 -31.803 -3.05176e-06, 
            -60.7 -32.298 -3.05176e-06, -74.2 -32.298 -3.05176e-06, -74.2 -32.603 -3.05176e-06, -60.7 -32.603 -3.05176e-06, 
            -60.7 -33.098 -3.05176e-06, -74.2 -33.098 -3.05176e-06, -71.664 -10.451 12.5, -71.664 -10.4513 12.497, 
            -71.8462 -10.6335 12.497, -71.849 -10.636 12.5, -61.7739 -24.603 7.87942, -61.8321 -24.603 7.76178, 
            -74.2 -34.2 -3.05176e-06, -60.7 -34.2 -3.05176e-06, -60.7 -34.698 -3.05176e-06, -74.2 -34.698 -3.05176e-06, 
            -74.2 -35.003 -3.05176e-06, -60.7 -35.003 -3.05176e-06, -60.7 -35.498 -3.05176e-06, -74.2 -35.498 -3.05176e-06, 
            -74.2 -36.603 -3.05176e-06, -60.7 -36.603 -3.05176e-06, -74.2 -47.6 -3.05176e-06, -74.2 -35.803 -3.05176e-06, 
            -60.7 -35.803 -3.05176e-06, -60.7 -36.298 -3.05176e-06, -74.2 -36.298 -3.05176e-06, -74.2 -33.403 -3.05176e-06, 
            -60.7 -33.403 -3.05176e-06, -60.7 -33.898 -3.05176e-06, -74.2 -33.898 -3.05176e-06, -56.2 -9.1 12.497, 
            -60.7 -9.1 12.497, -59.353 -9.63026 12.497, -74.2 -29.403 -3.05176e-06, -60.7 -29.403 -3.05176e-06, 
            -60.7 -29.898 -3.05176e-06, -74.2 -29.898 -3.05176e-06, -59.353 -9.63 12.5, -59.697 -9.60053 12.497, 
            -59.7 -9.6 12.5, -71.45 -10.301 12.5, -71.56 -10.3784 12.497, -59.3506 -9.6309 12.497, 
            -68.964 -36.02 12.031, -71.6632 -10.4507 12.497, -71.849 -10.6362 12.497, -59.3499 -9.63109 12.497, 
            -59.7 -9.60026 12.497, -69.0512 -35.951 12.497, -68.9657 -36.02 12.497, -68.966 -36.02 12.435, 
            -56.2 -47.6 -3.05176e-06, -60.7 -15 -3.05176e-06, -60.7 -14.7 -3.05176e-06, -59.016 -9.749 12.826, 
            -71.664 -10.468 12.7, -59.016 -9.834 13.143, -59.016 -9.721 12.5, -69.2347 -35.803 12.425, 
            -74.2 -36.298 12.497, -59.272 -9.65213 12.497, -71.2773 -24.603 8.80569, -71.5336 -24.603 9.64668, 
            -69.3825 -34.2 8.37824, -69.5019 -34.2 8.54079, -63.2975 -16.2351 10.9802, -63.3317 -16.2241 10.791, 
            -63.2539 -16.298 10.9691, -70.722 -24.603 7.6623, -71.107 -24.603 8.45536, -63.2538 -16.298 11.0007, 
            -70.0152 -24.603 6.67038, -70.5261 -24.603 7.38749, -69.8805 -34.2 9.05519, -59.0129 -9.72272 12.497, 
            -59.016 -9.72126 12.497, -68.966 -36.02 11.59, -69.234 -35.803 11.7851, -69.2347 -35.803 11.58, 
            -63.6184 -15.803 10.6971, -63.3358 -16.2231 10.7673, -63.3807 -16.217 10.479, -63.2795 -16.298 10.7849, 
            -71.6612 -10.4493 12.497, -62.3024 -24.603 6.81008, -61.4529 -24.603 8.94401, -61.4095 -24.603 9.08778, 
            -74.2 -24.298 12.497, -58.7 -9.894 12.801, -63.6281 -15.803 10.6287, -74.2 -24.603 12.497, 
            -71.999 -11.025 12.982, -72.11 -11.207 12.83, -71.999 -11.118 13.075, -62.3681 -24.603 6.72285, 
            -65.5328 -14.5986 12.497, -69.2003 -11.6 12.497, -65.533 -14.5986 12.497, -63.5569 -15.803 11.1267, 
            -58.76 -9.84035 12.497, -71.999 -11.225 13.15, -71.849 -10.98 13.239, -71.849 -11.118 13.335, 
            -69.8142 -24.603 6.47661, -69.1829 -24.603 5.86811, -67.8446 -15.803 11.1033, -68.3095 -16.298 10.734, 
            -67.8061 -15.803 10.8637, -68.3089 -16.298 10.7302, -71.849 -10.861 13.12, -71.849 -10.765 12.982, 
            -67.6936 -15.803 10.526, -58.7 -9.972 13.092, -59.016 -9.972 13.44, -65.5333 -14.5986 12.497, 
            -65.5339 -14.5986 12.497, -70.3203 -34.2 9.98901, -70.2678 -34.2 9.82406, -58.7 -10.1 13.366, 
            -62.7086 -33.403 12.3403, -60.7 -33.403 12.497, -62.7106 -33.403 11.8284, -71.664 -10.861 13.38, 
            -66.9458 -34.2 7.08703, -66.676 -34.2 7.05471, -71.664 -10.72 13.239, -74.2 -32.298 12.497, 
            -58.7 -9.868 12.5, -62.9737 -24.603 5.9193, -63.0392 -24.603 5.86317, -63.7636 -24.603 5.24295, 
            -58.7 -9.86826 12.497, -58.414 -10.273 13.266, -58.414 -10.16 13.024, -66.2367 -34.2 7.10843, 
            -65.9446 -34.2 7.144, -68.9495 -34.2 7.9699, -58.414 -10.091 12.766, -65.6283 -14.6144 12.497, 
            -69.2686 -12.032 12.497, -66.113 -14.698 12.497, -67.4131 -34.2 7.14378, -62.7082 -33.403 11.5775, 
            -62.7074 -33.403 11.8085, -58.414 -10.068 12.5, -62.7074 -33.403 12.3475, -64.3417 -34.698 8.65968, 
            -64.322 -34.698 8.68092, -64.3215 -34.698 8.6815, -62.708 -33.403 12.4924, -62.708 -33.403 12.497, 
            -65.5499 -14.6009 12.497, -65.6204 -14.6131 12.497, -71.999 -10.895 12.757, -72.11 -11.118 12.675, 
            -72.11 -11.156 12.757, -58.4107 -10.0716 12.497, -58.4139 -10.0683 12.497, -58.414 -10.0683 12.497, 
            -58.6968 -9.87051 12.497, -66.6946 -24.603 4.77165, -67.1273 -24.603 4.93457, -67.1692 -24.603 4.93816, 
            -65.2222 -15.003 9.92829, -65.343 -15.003 9.89196, -68.1056 -24.603 5.23388, -68.2586 -24.603 5.28689, 
            -68.9972 -24.603 5.7514, -65.1348 -15.003 9.981, -72.11 -11.087 12.5, -72.177 -11.343 12.545, 
            -72.11 -11.095 12.589, -61.2355 -12.8808 12.497, -61.292 -12.8 12.497, -65.5165 -14.6027 12.497, 
            -74.2 -9.1 12.497, -72.11 -11.0873 12.497, -72.1088 -11.0846 12.497, -63.8207 -24.603 5.21455, 
            -64.6421 -24.603 4.80591, -62.9749 -33.898 12.497, -62.9749 -33.898 12.4949, -60.7 -33.898 12.497, 
            -72.1074 -11.0818 12.497, -72.072 -11.0061 12.497, -65.5756 -24.603 4.62503, -65.5992 -24.603 4.62715, 
            -68.5193 -16.603 10.6787, -68.9079 -17.098 10.9257, -68.8564 -17.098 10.5965, -65.4433 -15.003 9.86244, 
            -62.9774 -33.898 11.0201, -62.9743 -33.898 11.7999, -62.9776 -33.898 11.8202, -68.7037 -17.098 10.1243, 
            -68.462 -16.603 10.5016, -64.6845 -24.603 4.79773, -62.9774 -33.898 11.8651, -62.9743 -33.898 12.3561, 
            -62.9755 -33.898 12.3489, -58.248 -10.2343 12.497, -71.999 -10.95 12.875, -58.168 -10.314 12.5, 
            -66.5329 -24.603 4.71173, -66.5294 -24.603 4.71046, -67.2779 -24.603 4.94741, -58.2423 -10.24 12.497, 
            -69.0641 -17.403 10.5459, -74.2 -17.403 12.497, -69.0922 -17.403 10.7257, -65.6743 -15.003 9.86146, 
            -65.5643 -15.003 9.86258, -65.7924 -15.003 9.89262, -61.395 -25.098 9.06715, -61.7265 -25.098 7.97335, 
            -62.7438 -33.4862 12.497, -62.7417 -33.4811 12.4925, -62.2984 -25.098 6.77377, -62.2374 -25.098 6.89672, 
            -65.9088 -15.003 9.92376, -61.7639 -25.098 7.84974, -62.8183 -33.657 12.3264, -62.8146 -33.6485 12.3433, 
            -71.999 -10.85 12.5, -62.7845 -33.5804 12.497, -62.8203 -33.657 11.8252, -62.8202 -33.6568 11.8254, 
            -58.168 -10.392 12.94, -58.168 -10.487 13.143, -70.4519 -25.098 7.15049, -70.8059 -25.098 7.64721, 
            -70.0963 -25.098 6.65142, -62.8182 -33.657 12.3435, -62.8182 -33.6569 12.3434, -65.5345 -14.5986 12.497, 
            -63.9307 -34.698 9.33194, -62.817 -33.657 12.351, -71.999 -10.8503 12.497, -64.2119 -15.498 9.80203, 
            -64.2184 -15.498 9.79273, -65.4398 -14.6246 12.497, -65.1832 -14.698 12.497, -60.9893 -13.1284 12.497, 
            -64.8196 -34.698 8.15683, -71.999 -10.861 12.63, -65.4459 -14.6229 12.497, -61.232 -12.8857 12.497, 
            -64.8301 -34.698 8.14576, -64.4471 -15.498 9.45722, -64.452 -15.498 9.45248, -65.5352 -14.5987 12.497, 
            -57.968 -10.834 13.143, -57.968 -10.734 13, -58.168 -10.615 13.326, -62.817 -33.657 11.805, 
            -64.7325 -15.498 9.17995, -64.7307 -15.498 9.18106, -66.0629 -34.698 7.52493, -66.6644 -34.698 7.46258, 
            -66.0152 -34.698 7.54208, -64.8727 -15.498 9.09544, -65.4188 -34.698 7.75643, -65.3915 -34.698 7.77439, 
            -62.8372 -33.6829 11.8247, -58.168 -10.334 12.723, -62.9459 -33.8495 11.8212, -57.968 -10.615 12.674, 
            -60.986 -13.1317 12.497, -65.0543 -15.498 8.99535, -65.0502 -15.498 8.99763, -62.8176 -33.657 12.497, 
            -60.986 -13.1318 12.497, -60.808 -13.2562 12.497, -58.1646 -10.3192 12.497, -58.168 -10.3143 12.497, 
            -57.821 -10.9163 12.497, -57.9643 -10.6082 12.497, -71.849 -10.65 12.667, -57.968 -10.66 12.842, 
            -65.3925 -15.498 8.91222, -65.4053 -15.498 8.90906, -65.7459 -15.498 8.92244, -57.968 -10.6003 12.497, 
            -66.7335 -34.698 7.45533, -66.1302 -15.498 9.03786, -66.0991 -15.498 9.02791, -71.9963 -10.8464 12.497, 
            -67.9467 -34.698 7.75617, -68.0519 -34.698 7.79637, -65.7683 -15.498 8.92329, -57.968 -10.6 12.5, 
            -71.9301 -10.752 12.497, -67.4051 -34.698 7.54948, -67.3154 -34.698 7.53699, -66.4382 -15.498 9.23036, 
            -65.5406 -14.5994 12.497, -65.5377 -14.599 12.497, -65.5362 -14.5988 12.497, -62.8893 -33.7669 12.497, 
            -71.213 -10.275 12.982, -71.45 -10.379 12.944, -71.45 -10.475 13.15, -57.821 -10.916 12.5, 
            -71.5347 -25.098 9.35696, -71.746 -25.098 10.0495, -71.45 -10.3013 12.497, -62.821 -33.657 10.802, 
            -71.3192 -10.24 12.497, -71.4466 -10.2997 12.497, -71.45 -10.321 12.726, -71.4471 -10.2999 12.497, 
            -57.968 -10.957 13.266, -60.7 -15.003 12.497, -64.4514 -15.003 11.1227, -64.4223 -15.003 11.3408, 
            -71.213 -10.19 12.5, -71.3635 -25.098 8.79517, -71.0681 -25.098 8.18716, -62.9344 -33.8358 12.4948, 
            -57.968 -11.1 13.366, -57.821 -11.16 13.024, -57.821 -11.258 13.092, -64.4561 -15.003 11.088, 
            -57.821 -11.076 12.94, -67.0633 -15.498 9.95216, -67.0234 -15.498 9.8947, -71.45 -10.605 13.335, 
            -71.213 -10.379 13.205, -61.3774 -25.098 9.18846, -66.7922 -15.498 9.56168, -57.821 -11.008 12.842, 
            -57.821 -10.957 12.734, -71.213 -10.212 12.745, -66.7513 -15.498 9.52183, -66.4758 -15.498 9.2537, 
            -69.7104 -25.098 6.27936, -57.73 -11.377 12.766, -68.536 -34.698 8.11048, -63.7739 -25.098 5.20297, 
            -63.655 -25.098 5.30392, -62.9767 -25.098 5.87964, -62.8885 -25.098 5.99565, -68.6505 -34.698 8.18478, 
            -69.5187 -34.698 9.16492, -69.6252 -34.698 9.31234, -69.0655 -34.698 8.58539, -57.821 -10.926 12.619, 
            -69.1806 -34.698 8.69655, -67.9636 -25.098 5.1347, -68.333 -25.098 5.26271, -68.8706 -25.098 5.6008, 
            -69.261 -25.098 5.84618, -57.8165 -10.9331 12.497, -70.96 -10.212 13.005, -70.96 -10.321 13.239, 
            -64.5085 -25.098 4.84233, -57.73 -11.258 12.56, -70.7 -10.301 13.25, -70.96 -10.468 13.45, 
            -61.6026 -29.403 12.3065, -60.7 -29.403 12.497, -61.604 -29.403 12.2957, -57.73 -11.253 12.5, 
            -64.6589 -25.098 4.76829, -69.8806 -34.698 9.82843, -61.6041 -29.403 12.2654, -61.6058 -29.403 11.7488, 
            -65.5982 -25.098 4.59227, -65.4172 -25.098 4.62601, -66.3497 -25.098 4.66414, -66.5561 -25.098 4.68376, 
            -67.1417 -25.098 4.90424, -67.3486 -25.098 4.92186, -61.6031 -29.403 12.497, -62.293 -24.843 6.783, 
            -61.6026 -29.403 11.7255, -62.969 -24.807 5.892, -61.76 -24.872 7.856, -64.0652 -34.2 8.43204, 
            -64.3323 -34.2 8.14468, -64.6115 -34.2 7.8435, -64.815 -34.674 8.124, -57.73 -11.274 12.619, 
            -63.8531 -34.2 8.78503, -72.177 -11.645 12.757, -72.11 -11.689 13.005, -72.11 -11.6 13.013, 
            -63.6322 -34.2 9.15303, -61.7376 -29.898 10.5034, -60.7 -29.898 12.497, -61.7338 -29.898 11.7211, 
            -71.6583 -24.603 10.0554, -63.9218 -34.698 9.34683, -63.4894 -34.2 9.54286, -61.7368 -29.898 11.7425, 
            -61.735 -29.898 12.3022, -57.73 -11.2533 12.497, -65.056 -15.488 9.006, -71.999 -11.73 13.239, 
            -71.999 -11.6 13.25, -57.7069 -11.52 12.497, -57.7291 -11.264 12.497, -61.7344 -29.898 12.497, 
            -61.734 -29.898 12.3679, -61.7338 -29.898 12.3109, -71.999 -11.47 13.239, -72.11 -11.511 13.005, 
            -65.406 -15.469 8.941, -57.7 -11.6 12.5, -71.999 -11.343 13.205, -72.11 -11.425 12.982, 
            -65.5478 -34.2 7.29464, -66.036 -34.611 7.432, -65.393 -34.644 7.702, -61.392 -24.893 9.071, 
            -61.2456 -24.603 10.2263, -65.2465 -34.2 7.40896, -64.9052 -34.2 7.64245, -63.763 -24.763 5.219, 
            -72.11 -11.27 12.893, -61.708 -29.834 11.722, -65.762 -15.449 8.977, -72.11 -11.775 12.982, 
            -71.999 -11.857 13.205, -64.644 -24.715 4.788, -66.111 -15.43 9.109, -65.578 -24.664 4.615, 
            -71.849 -11.27 13.406, -61.7207 -29.8581 11.7431, -67.131 -24.7293 4.92685, -61.7109 -29.8338 11.7436, 
            -61.711 -29.834 11.7434, -66.7753 -15.003 11.125, -66.716 -15.003 10.9336, -74.2 -15.003 12.497, 
            -72.11 -11.343 12.944, -57.73 -11.334 12.723, -66.53 -24.612 4.709, -61.7092 -29.8339 12.3011, 
            -61.707 -29.8249 12.301, -61.708 -29.834 12.31, -64.4213 -15.003 11.6005, -64.4222 -15.003 11.3739, 
            -61.7092 -29.834 12.3012, -64.454 -15.003 11.8588, -64.4255 -15.003 11.6337, -57.821 -11.366 13.143, 
            -57.821 -11.481 13.174, -57.73 -11.481 12.826, -64.4631 -15.003 11.894, -64.4773 -15.003 11.9495, 
            -57.73 -11.426 12.801, -61.7692 -25.403 7.84129, -62.171 -25.403 7.03274, -72.177 -11.555 12.757, 
            -72.177 -11.511 12.745, -61.7086 -29.834 12.497, -57.73 -11.299 12.674, -64.8414 -15.003 10.2249, 
            -64.9463 -15.003 10.1224, -72.177 -11.47 12.726, -72.177 -11.433 12.7, -64.4223 -15.003 12.2798, 
            -64.4222 -15.003 12.3129, -64.4514 -15.003 12.0617, -72.177 -11.4 12.667, -72.177 -11.374 12.63, 
            -65.0197 -15.003 10.0509, -72.177 -11.355 12.589, -61.6069 -29.403 10.4213, -61.712 -29.834 10.441, 
            -61.6041 -29.403 11.2954, -68.091 -34.507 7.606, -64.4561 -15.003 12.0269, -68.731 -34.474 7.984, 
            -68.3255 -34.2 7.52767, -68.1267 -34.2 7.40315, -72.177 -11.3402 12.497, -72.1747 -11.3317 12.497, 
            -67.6494 -34.2 7.22984, -67.411 -34.541 7.383, -61.6116 -29.4339 12.296, -64.4214 -15.003 12.497, 
            -64.4214 -15.003 12.4946, -64.4213 -15.003 12.4615, -64.4217 -15.003 12.4589, -72.1929 -11.52 12.497, 
            -72.177 -11.34 12.5, -66.717 -34.577 7.324, -66.0185 -15.003 9.9853, -69.306 -34.445 8.503, 
            -66.439 -15.412 9.336, -66.735 -15.396 9.646, -66.985 -15.382 10.029, -67.0724 -15.4819 10.0054, 
            -72.177 -11.6 12.76, -72.2 -11.6 12.5, -66.8265 -15.003 12.4444, -66.8269 -15.003 12.4474, 
            -70.178 -34.4 9.881, -69.9644 -34.2 9.22161, -69.795 -34.42 9.144, -68.7913 -34.2 7.82047, 
            -57.821 -11.719 13.174, -57.73 -11.66 12.842, -57.73 -11.6 12.847, -57.821 -11.6 13.184, 
            -57.73 -11.54 12.842, -72.177 -11.689 12.745, -72.177 -11.73 12.726, -67.0792 -15.498 9.98601, 
            -57.73 -11.774 12.801, -57.73 -11.719 12.826, -71.4166 -25.403 8.78869, -71.5354 -25.403 9.17844, 
            -71.0441 -25.403 8.0219, -66.2329 -15.003 10.1419, -66.8266 -15.003 12.4825, -66.8267 -15.003 12.497, 
            -64.1795 -35.003 9.52475, -64.4463 -35.003 9.0895, -64.1097 -35.003 9.71218, -63.9191 -35.003 10.2236, 
            -72.1985 -11.5829 12.497, -63.9687 -15.803 9.69319, -63.8195 -15.803 10.01, -64.2209 -15.803 9.29461, 
            -64.3077 -15.803 9.1731, -57.7015 -11.5829 12.497, -64.553 -35.003 8.91582, -64.8779 -35.003 8.574, 
            -64.0333 -15.803 9.55684, -72.1986 -11.584 12.497, -57.7008 -11.5918 12.497, -57.7014 -11.584 12.497, 
            -65.9423 -35.003 7.92797, -66.1573 -35.003 7.85072, -72.1997 -11.5995 12.497, -72.1997 -11.6 12.497, 
            -72.1997 -11.6005 12.497, -72.1997 -11.6011 12.497, -72.1997 -11.6017 12.497, -65.5642 -35.003 8.06383, 
            -65.3831 -35.003 8.1833, -65.0218 -35.003 8.42234, -59.019 -13.4795 12.497, -60.7 -15.803 12.497, 
            -59.016 -13.4787 12.497, -59.353 -13.5697 12.497, -60.7 -15.498 12.497, -59.272 -13.5479 12.497, 
            -60.0464 -13.5698 12.497, -60.7 -14.698 12.497, -59.703 -13.5995 12.497, -60.047 -13.5697 12.497, 
            -60.1065 -13.5537 12.497, -60.0501 -13.5689 12.497, -60.384 -13.4787 12.497, -60.3871 -13.4773 12.497, 
            -60.7 -13.3317 12.497, -60.296 -13.5025 12.497, -60.384 -13.4787 12.497, -59.356 -13.57 12.497, 
            -60.7 -16.298 12.497, -60.7 -16.603 12.497, -58.7029 -13.3331 12.497, -60.7 -17.098 12.497, 
            -58.7 -13.3317 12.497, -60.7 -17.403 12.497, -60.7 -17.898 12.497, -58.4169 -13.1337 12.497, 
            -60.7 -18.2 12.497, -58.414 -13.1317 12.497, -60.7 -21.898 12.497, -60.7 -22.2 12.497, 
            -59.2 -38.1003 12.497, -59.272 -38.1066 12.497, -60.7 -22.698 12.497, -59.457 -38.123 12.497, 
            -60.7 -23.003 12.497, -59.46 -38.1233 12.497, -60.7 -23.498 12.497, -59.7101 -38.1895 12.497, 
            -60.7 -23.803 12.497, -59.713 -38.1903 12.497, -60.7 -24.298 12.497, -59.784 -38.2235 12.497, 
            -60.7 -24.603 12.497, -59.9466 -38.2997 12.497, -60.7 -25.098 12.497, -59.9471 -38.2999 12.497, 
            -60.7 -25.403 12.497, -59.95 -38.3013 12.497, -60.7 -25.898 12.497, -60.7 -36.603 12.497, 
            -60.7 -26.2 12.497, -60.7 -26.698 12.497, -60.7 -27.003 12.497, -60.7 -27.498 12.497, 
            -60.7 -27.803 12.497, -60.7 -28.298 12.497, -60.7 -28.603 12.497, -60.7 -29.098 12.497, 
            -60.7 -30.2 12.497, -60.7 -30.698 12.497, -60.7 -31.003 12.497, -60.7 -31.498 12.497, 
            -60.7 -31.803 12.497, -60.7 -32.298 12.497, -60.7 -32.603 12.497, -60.7 -33.098 12.497, 
            -60.7 -34.2 12.497, -60.7 -34.698 12.497, -60.7 -35.003 12.497, -60.7 -35.498 12.497, 
            -60.7 -35.803 12.497, -60.7 -36.298 12.497, -57.7003 -11.6 12.497, -57.7003 -11.6005 12.497, 
            -57.7003 -11.6011 12.497, -74.2 -14.698 12.497, -72.1997 -11.6025 12.497, -64.5259 -15.803 8.97292, 
            -57.7003 -11.6017 12.497, -57.7003 -11.6025 12.497, -72.1996 -11.6036 12.497, -57.7004 -11.6036 12.497, 
            -64.6348 -15.803 8.87332, -69.2855 -39.1041 12.497, -69.2686 -39.168 12.497, -69.2 -39.0347 12.497, 
            -69.2043 -39.552 12.497, -63.2 -41.1 12.497, -69.2156 -39.424 12.497, -69.2015 -39.5829 12.497, 
            -69.2003 -39.6017 12.497, -66.134 -41.6383 12.497, -69.2003 -39.6011 12.497, -69.2071 -39.68 12.497, 
            -69.2015 -39.6171 12.497, -69.223 -39.3402 12.497, -63.5345 -42.8512 12.497, -63.5313 -42.8583 12.497, 
            -60.296 -40.6167 12.497, -60.6957 -39.552 12.497, -60.6844 -39.424 12.497, -60.677 -39.3402 12.497, 
            -72.1995 -11.6052 12.497, -57.7005 -11.6052 12.497, -66.8249 -15.003 11.8324, -66.8257 -15.003 11.6249, 
            -66.8269 -15.003 11.4774, -66.7972 -15.003 11.2718, -72.1992 -11.6083 12.497, -66.8261 -15.003 12.346, 
            -66.8249 -15.003 12.198, -72.1985 -11.6171 12.497, -60.164 -38.72 13.239, -60.349 -38.861 13.12, 
            -60.349 -38.98 13.239, -64.8726 -15.803 8.74226, -72.1957 -11.648 12.497, -72.1844 -11.776 12.497, 
            -66.8023 -15.003 11.9758, -66.796 -15.003 12.0155, -68.2704 -35.003 8.28271, -67.9894 -35.003 8.10038, 
            -57.7008 -11.6082 12.497, -72.177 -11.857 12.545, -72.177 -11.86 12.5, -65.2501 -15.803 8.60956, 
            -65.0022 -15.803 8.67051, -72.177 -11.845 12.589, -57.7015 -11.6171 12.497, -65.3981 -15.803 8.5731, 
            -60.61 -39.0873 12.497, -66.5317 -35.003 7.8119, -72.177 -11.826 12.63, -57.73 -11.9467 12.497, 
            -57.73 -11.947 12.5, -65.6454 -15.803 8.58282, -65.8079 -15.803 8.58897, -66.0457 -15.803 8.66418, 
            -72.177 -11.767 12.7, -66.7751 -35.003 7.78636, -67.7162 -35.003 7.99598, -60.349 -38.65 12.667, 
            -60.499 -38.861 12.63, -60.499 -38.895 12.757, -60.349 -38.636 12.5, -66.9631 -15.803 9.30953, 
            -66.8001 -15.803 9.15055, -60.499 -38.85 12.5, -66.9956 -15.803 9.35625, -60.349 -38.6362 12.497, 
            -60.4963 -38.8464 12.497, -60.3462 -38.6335 12.497, -68.7755 -35.003 8.68471, -68.5408 -35.003 8.45816, 
            -69.0294 -35.003 8.92988, -60.5279 -38.912 12.497, -60.499 -38.8503 12.497, -60.499 -38.95 12.875, 
            -60.349 -38.694 12.83, -69.2157 -35.003 9.18786, -70.8576 -25.403 7.6379, -72.1992 -11.5917 12.497, 
            -72.1995 -11.5948 12.497, -67.3938 -35.003 7.87289, -66.6061 -15.803 8.96182, -61.3995 -25.403 9.06143, 
            -61.6813 -25.403 8.13172, -66.4352 -15.803 8.85572, -66.2161 -15.803 8.71876, -69.4389 -35.003 9.49703, 
            -67.001 -15.803 9.36077, -67.3415 -15.803 9.78501, -67.1565 -15.803 9.55511, -72.1996 -11.5964 12.497, 
            -72.1997 -11.5975 12.497, -67.1298 -35.003 7.83614, -60.296 -38.5833 12.497, -57.7004 -11.5964 12.497, 
            -57.7005 -11.5948 12.497, -60.164 -38.468 12.7, -64.1924 -16.298 8.64946, -64.0957 -16.298 8.73818, 
            -72.1997 -11.5983 12.497, -57.7003 -11.5975 12.497, -57.7003 -11.5983 12.497, -72.1997 -11.5989 12.497, 
            -57.7003 -11.5989 12.497, -63.8561 -16.298 9.07373, -71.8293 -25.098 10.6183, -71.7849 -24.603 10.9195, 
            -71.939 -25.098 11.3643, -66.4692 -35.498 8.36282, -66.3165 -35.498 8.37884, -57.7003 -11.5995 12.497, 
            -65.3328 -35.498 8.87122, -64.9725 -35.498 9.25105, -63.5862 -16.298 9.58232, -63.5169 -16.298 9.72958, 
            -63.7707 -16.298 9.19316, -65.8003 -35.498 8.56274, -65.8239 -35.498 8.55425, -66.3105 -35.498 8.37945, 
            -60.349 -39.433 13.45, -60.164 -39.207 13.58, -60.349 -39.27 13.406, -60.164 -39.4 13.632, 
            -64.9292 -35.498 9.29655, -65.3695 -35.498 8.84692, -62.9847 -25.403 5.86668, -62.8041 -25.403 6.1043, 
            -62.3048 -25.403 6.76273, -64.4827 -16.298 8.38386, -64.6488 -35.498 9.75302, -64.5844 -16.298 8.3278, 
            -57.73 -11.901 12.674, -57.73 -11.926 12.619, -60.164 -39.8 13.632, -60.349 -39.767 13.45, 
            -60.349 -39.93 13.406, -57.73 -11.866 12.723, -64.6073 -35.498 9.82061, -60.164 -39.6 13.649, 
            -60.349 -39.6 13.464, -64.3834 -35.498 10.4221, -69.6465 -25.403 6.15782, -70.1463 -25.403 6.63973, 
            -70.4061 -25.403 7.00445, -65.0191 -16.298 8.11837, -64.9176 -16.298 8.14331, -63.8419 -15.498 11.1184, 
            -63.8447 -15.498 11.0979, -65.3864 -16.298 8.02787, -65.4824 -16.298 8.03164, -65.8721 -16.298 8.04639, 
            -65.9589 -16.298 8.07387, -63.5567 -25.403 5.38124, -63.7839 -25.403 5.18837, -57.968 -12.243 13.266, 
            -57.821 -12.04 13.024, -57.821 -11.942 13.092, -63.8399 -15.498 11.6028, -63.873 -15.498 11.8575, 
            -57.968 -12.1 13.366, -68.2946 -35.498 8.91872, -68.3407 -35.498 8.95023, -67.8777 -35.498 8.63431, 
            -67.8403 -35.498 8.61883, -67.3921 -25.403 4.90612, -67.8761 -25.403 5.0736, -68.3788 -25.403 5.2478, 
            -68.7926 -25.403 5.50801, -66.3556 -16.298 8.20088, -66.4305 -16.298 8.24768, -57.821 -12.124 12.94, 
            -69.3091 -25.403 5.83267, -67.373 -35.498 8.42534, -67.3483 -35.498 8.42123, -66.8435 -35.498 8.33544, 
            -66.8332 -35.498 8.33617, -60.499 -39.343 13.205, -60.349 -39.118 13.335, -60.499 -39.225 13.15, 
            -57.821 -11.834 13.143, -60.499 -39.118 13.075, -60.61 -39.343 12.944, -65.3042 -25.403 4.63375, 
            -65.6124 -25.403 4.5763, -57.968 -11.942 13.44, -66.2366 -25.403 4.63599, -66.5725 -25.403 4.66791, 
            -63.8405 -15.498 12.4236, -63.8399 -15.498 12.4282, -63.8419 -15.498 12.0884, -60.61 -39.27 12.893, 
            -60.499 -39.025 12.982, -67.1505 -25.403 4.88554, -63.8447 -15.498 12.0679, -68.7479 -35.498 9.35902, 
            -69.0377 -35.498 9.77304, -64.6708 -25.403 4.7526, -64.4006 -25.403 4.8856, -63.8402 -15.498 12.497, 
            -62.3152 -25.898 6.74482, -62.0631 -25.898 7.25349, -61.7779 -25.898 7.82757, -68.6976 -35.498 9.30832, 
            -67.5824 -15.498 12.497, -74.2 -15.498 12.497, -67.5826 -15.498 12.4196, -67.35 -16.298 8.94021, 
            -66.9301 -16.298 8.59301, -60.349 -38.765 12.982, -66.9 -16.298 8.56827, -66.8177 -16.298 8.48811, 
            -67.5819 -15.498 12.4156, -70.3319 -25.898 6.76744, -70.9416 -25.898 7.62281, -67.7562 -16.298 9.44524, 
            -67.3772 -16.298 8.97422, -66.8792 -16.298 8.54798, -69.0865 -35.498 9.84236, -72.11 -11.857 12.944, 
            -72.11 -11.993 12.83, -71.999 -12.175 12.982, -72.11 -11.93 12.893, -71.999 -11.975 13.15, 
            -71.999 -12.082 13.075, -67.5812 -15.498 12.0411, -67.5794 -15.498 12.0309, -60.6314 -39.168 12.497, 
            -57.823 -12.288 12.497, -57.7 -12.8 12.497, -57.821 -12.2837 12.497, -57.821 -12.284 12.5, 
            -60.61 -39.095 12.589, -60.61 -39.087 12.5, -60.677 -39.343 12.545, -57.821 -12.2837 12.497, 
            -60.6087 -39.0846 12.497, -67.5812 -15.498 12.0207, -71.849 -12.22 13.239, -71.849 -12.339 13.12, 
            -71.849 -12.082 13.335, -63.9696 -15.3953 11.2296, -64.103 -15.2887 11.1827, -60.61 -39.156 12.757, 
            -60.61 -39.118 12.675, -64.1062 -15.2917 11.132, -71.849 -11.93 13.406, -68.398 -35.4 8.814, 
            -64.109 -15.294 11.0907, -71.5366 -25.898 8.88872, -71.5029 -25.898 8.77817, -71.664 -12.48 13.239, 
            -67.903 -35.425 8.521, -64.1322 -15.2948 10.9099, -71.0051 -25.898 7.7537, -68.844 -35.377 9.216, 
            -60.6074 -39.0818 12.497, -61.6078 -25.898 8.38876, -61.4068 -25.898 9.05214, -61.3205 -25.898 9.64682, 
            -72.177 -11.8 12.667, -63.977 -15.3885 11.5193, -63.84 -15.498 11.5815, -62.6672 -25.898 6.28062, 
            -62.9978 -25.898 5.84565, -72.11 -12.044 12.757, -60.677 -39.511 12.745, -60.61 -39.425 12.982, 
            -60.677 -39.47 12.726, -60.677 -39.4 12.667, -60.677 -39.433 12.7, -60.61 -39.207 12.83, 
            -67.377 -35.452 8.349, -69.3872 -25.898 5.81074, -69.5427 -25.898 5.96056, -70.2274 -25.898 6.62076, 
            -72.1726 -27.498 11.2299, -72.0065 -27.498 10.072, -72.014 -27.364 10.064, -64.3545 -15.1242 10.8939, 
            -60.677 -39.374 12.63, -72.177 -11.8598 12.497, -60.677 -39.355 12.589, -72.164 -11.9088 12.497, 
            -66.84 -35.479 8.303, -64.2255 -25.898 4.95582, -63.8001 -25.898 5.16469, -63.3971 -25.898 5.50673, 
            -68.4532 -25.898 5.22361, -67.734 -25.898 4.97442, -67.4629 -25.898 4.88057, -72.1314 -12.032 12.497, 
            -72.11 -12.113 12.5, -60.6747 -39.3317 12.497, -68.666 -25.898 5.35742, -67.0415 -15.9428 9.19395, 
            -66.9181 -16.2515 8.64971, -72.11 -12.082 12.675, -60.677 -39.34 12.5, -64.69 -25.898 4.72713, 
            -65.1208 -25.898 4.64631, -66.5991 -25.898 4.64219, -66.0529 -25.898 4.5903, -65.6355 -25.898 4.55037, 
            -57.821 -12.274 12.619, -57.821 -12.243 12.734, -66.9871 -25.898 4.78829, -67.1641 -25.898 4.85514, 
            -57.736 -11.969 12.497, -67.7695 -16.298 9.46991, -57.73 -11.942 12.56, -71.8611 -29.098 10.1847, 
            -71.938 -28.726 10.145, -71.9838 -29.098 11.0607, -69.222 -35.358 9.712, -69.3044 -35.498 10.2967, 
            -57.821 -12.192 12.842, -72.1145 -12.0959 12.497, -57.73 -11.823 12.766, -72.11 -12.1127 12.497, 
            -60.61 -39.6 13.013, -60.499 -39.47 13.239, -60.61 -39.511 13.005, -72.11 -12.105 12.589, 
            -66.9068 -15.0785 11.2094, -67.289 -15.294 11.001, -66.9067 -15.0789 11.2043, -60.499 -39.6 13.25, 
            -72.109 -12.1149 12.497, -66.9038 -15.0859 11.1102, -69.5763 -35.003 9.77463, -57.7323 -11.9552 12.497, 
            -69.518 -35.342 10.282, -66.9225 -15.1009 11.0778, -63.3506 -16.603 9.514, -63.6088 -16.603 8.96908, 
            -66.0133 -35.803 9.03094, -66.2934 -35.803 8.93957, -65.8804 -35.803 9.11331, -65.6094 -35.803 9.28202, 
            -65.2583 -35.803 9.63676, -65.1796 -35.803 9.76072, -63.3304 -16.603 9.55681, -60.677 -39.689 12.745, 
            -60.61 -39.775 12.982, -60.61 -39.689 13.005, -71.999 -12.35 12.5, -72.0279 -12.288 12.497, 
            -65.5035 -35.803 9.38927, -71.999 -12.339 12.63, -66.8971 -15.1459 10.7563, -63.6313 -16.603 8.93764, 
            -67.772 -35.803 9.10773, -67.9727 -35.803 9.24461, -60.499 -39.857 13.205, -60.61 -39.857 12.944, 
            -66.9 -35.803 8.85627, -60.499 -39.73 13.239, -64.389 -16.603 8.08227, -63.987 -16.603 8.45016, 
            -66.7243 -35.803 8.86865, -66.4493 -35.803 8.88878, -67.158 -35.803 8.90012, -67.3463 -35.803 8.93149, 
            -71.999 -12.25 12.875, -63.9651 -16.603 8.4702, -71.849 -12.435 12.982, -60.499 -39.975 13.15, 
            -65.3792 -16.603 7.69191, -65.382 -16.603 7.69202, -60.384 -12.808 13.94, -60.384 -13.04 13.708, 
            -60.047 -12.866 14.009, -60.047 -12.585 14.206, -71.45 -12.595 13.335, -71.213 -12.68 13.406, 
            -71.45 -12.435 13.495, -71.213 -12.506 13.58, -71.213 -12.305 13.721, -65.911 -16.603 7.72005, 
            -66.4174 -16.603 7.89323, -65.5435 -16.603 7.69814, -65.9026 -16.603 7.71953, -64.0539 -15.3354 12.0724, 
            -64.2474 -15.1889 11.9303, -64.0546 -15.336 12.0622, -60.047 -13.306 13.485, -59.7 -13.132 13.786, 
            -60.047 -13.109 13.766, -70.96 -12.55 13.632, -71.8 -25.403 10.0458, -71.8877 -25.898 10.0398, 
            -59.7 -12.886 14.032, -59.7 -12.6 14.232, -64.0732 -15.3371 11.9122, -60.677 -39.645 12.757, 
            -60.677 -39.6 12.76, -70.96 -12.732 13.45, -61.3557 -25.403 9.36321, -70.96 -12.339 13.779, 
            -70.7 -12.749 13.464, -60.677 -39.555 12.757, -70.96 -12.105 13.888, -64.8655 -16.603 7.81847, 
            -64.8767 -16.603 7.81571, -59.353 -12.866 14.009, -59.353 -12.585 14.206, -64.4068 -16.603 8.07243, 
            -70.7 -12.564 13.649, -70.7 -12.35 13.799, -59.7 -12.284 14.379, -70.44 -12.55 13.632, 
            -67.1514 -25.4363 4.8835, -70.44 -12.339 13.779, -59.353 -13.306 13.485, -59.016 -13.04 13.708, 
            -59.353 -13.109 13.766, -59.7 -13.332 13.5, -63.962 -15.428 11.8667, -63.9397 -15.4205 11.6213, 
            -64.033 -15.37 11.8957, -59.016 -13.228 13.44, -71.664 -12.595 13.075, -59.016 -12.54 14.128, 
            -60.7 -39.6 12.5, -66.9377 -16.603 8.22259, -66.9078 -16.603 8.20326, -68.1625 -35.803 9.37422, 
            -61.7831 -26.2 7.81921, -61.9973 -26.2 7.38817, -67.4431 -16.603 8.67515, -67.03 -16.603 8.31223, 
            -71.664 -12.339 13.38, -67.0237 -16.603 8.30875, -66.4375 -16.603 7.90006, -71.45 -12.725 13.15, 
            -67.864 -16.603 9.19027, -67.5223 -16.603 8.74491, -59.7 -13.479 13.184, -72.0027 -12.3417 12.497, 
            -71.999 -12.3497 12.497, -67.5784 -35.803 9.0276, -71.999 -12.3498 12.497, -67.9474 -16.603 9.29889, 
            -68.21 -16.603 9.80623, -71.5032 -26.2 8.68943, -71.5455 -26.2 8.77772, -59.016 -12.808 13.94, 
            -71.999 -12.305 12.757, -71.8525 -12.5588 12.497, -71.849 -12.5638 12.497, -71.849 -12.564 12.5, 
            -70.9659 -26.2 7.58433, -70.989 -26.2 7.61732, -60.6997 -39.6005 12.497, -60.6997 -39.6 12.497, 
            -60.6997 -39.5995 12.497, -60.6985 -39.5829 12.497, -71.4532 -12.8965 12.497, -71.5258 -12.8456 12.497, 
            -60.6997 -39.6011 12.497, -60.6997 -39.6017 12.497, -71.849 -12.55 12.667, -61.4113 -26.2 9.04647, 
            -61.5631 -26.2 8.54557, -61.299 -26.2 9.81985, -61.2198 -26.2 10.3674, -58.7 -12.713 13.827, 
            -71.849 -12.506 12.83, -62.3215 -26.2 6.73389, -60.6996 -39.6025 12.497, -71.569 -30.655 10.308, 
            -71.6303 -30.2614 10.6666, -71.753 -30.646 11.48, -64.0497 -15.3314 12.1395, -63.9681 -15.3966 12.1683, 
            -60.6996 -39.6036 12.497, -58.7 -12.927 13.613, -60.6995 -39.6052 12.497, -63.9813 -15.3848 12.4343, 
            -63.9748 -15.3905 12.4297, -58.7 -13.1 13.366, -63.981 -15.3851 12.4389, -64.0306 -15.3421 12.4408, 
            -58.7 -12.466 14, -60.6992 -39.6083 12.497, -68.3287 -35.803 9.54104, -68.5056 -35.803 9.71951, 
            -63.9749 -15.3899 12.4422, -60.6986 -39.616 12.497, -71.6673 -12.7454 12.497, -71.664 -12.749 12.5, 
            -58.414 -12.366 13.827, -71.664 -12.7487 12.497, -58.414 -12.774 13.485, -71.664 -12.732 12.7, 
            -58.414 -12.585 13.674, -64.2917 -17.098 7.74465, -64.1439 -17.098 7.87632, -63.8221 -17.098 8.16258, 
            -71.664 -12.68 12.893, -60.677 -39.767 12.7, -60.677 -39.73 12.726, -62.902 -17.098 10.0734, 
            -63.0563 -17.098 9.54778, -63.3374 -17.098 8.889, -63.1146 -17.098 9.35065, -71.56 -12.8216 12.497, 
            -63.4255 -17.098 8.70561, -63.7039 -17.098 8.32396, -71.45 -12.899 12.5, -58.168 -12.585 13.326, 
            -65.9569 -36.298 10.3679, -66.1398 -36.298 10.2002, -71.45 -12.821 12.944, -58.168 -12.426 13.485, 
            -64.6418 -17.098 7.55911, -64.8175 -17.098 7.46584, -65.181 -17.098 7.38446, -67.1927 -36.298 9.98743, 
            -67.01 -36.298 9.94474, -66.9273 -36.298 9.94437, -67.281 -36.298 10.0084, -66.73 -36.298 9.94461, 
            -60.384 -13.479 12.5, -60.047 -13.57 12.5, -66.6558 -36.298 9.96268, -66.4523 -36.298 10.014, 
            -60.047 -13.54 12.842, -67.4438 -36.298 10.0872, -71.213 -12.925 12.982, -71.213 -12.821 13.205, 
            -65.3808 -17.098 7.33985, -65.7431 -17.098 7.36144, -65.9608 -17.098 7.3748, -66.3075 -17.098 7.49337, 
            -63.9766 -15.3886 11.5969, -63.9769 -15.3885 11.5367, -60.047 -13.451 13.174, -60.6992 -39.5917 12.497, 
            -71.213 -12.988 12.745, -70.96 -12.988 13.005, -70.96 -12.879 13.239, -60.6995 -39.5948 12.497, 
            -59.7 -13.5997 12.497, -68.6004 -17.098 9.80254, -68.3882 -17.098 9.39264, -59.7 -13.6 12.5, 
            -59.7 -13.5997 12.497, -60.6996 -39.5964 12.497, -71.45 -12.8987 12.497, -60.6996 -39.5975 12.497, 
            -62.5837 -26.2 6.38819, -63.0058 -26.2 5.83282, -67.0919 -17.098 7.93399, -67.2281 -17.098 8.00938, 
            -71.45 -12.879 12.726, -60.6997 -39.5983 12.497, -60.6997 -39.5989 12.497, -71.4488 -12.8993 12.497, 
            -66.8536 -17.098 7.77598, -66.5352 -17.098 7.57069, -70.2867 -26.2 6.62284, -70.565 -26.2 7.01342, 
            -70.2769 -26.2 6.60919, -69.4794 -26.2 5.84022, -69.4349 -26.2 5.79736, -71.2161 -13.0083 12.497, 
            -71.213 -13.01 12.5, -71.213 -13.0097 12.497, -64.4182 -15.0506 11.9434, -64.2786 -15.1629 11.9291, 
            -67.4905 -17.098 8.23992, -67.7657 -17.098 8.48232, -68.2305 -17.098 9.08799, -67.9766 -17.098 8.75719, 
            -60.6929 -39.68 12.497, -60.6985 -39.6171 12.497, -67.0808 -17.098 7.92289, -59.7 -13.57 12.847, 
            -66.1896 -36.298 10.1559, -65.968 -36.173 9.817, -66.3902 -36.298 10.0487, -70.96 -13.077 12.5, 
            -71.048 -13.0534 12.497, -70.96 -13.055 12.757, -60.677 -39.86 12.5, -60.677 -39.857 12.545, 
            -59.353 -13.57 12.5, -70.9631 -13.0759 12.497, -70.9599 -13.0767 12.497, -70.96 -13.0767 12.497, 
            -59.353 -13.54 12.842, -65.712 -36.186 10.108, -59.353 -13.451 13.174, -60.677 -39.8 12.667, 
            -60.61 -39.93 12.893, -66.27 -36.157 9.597, -63.05 -16.74 10.161, -63.1563 -16.603 10.1603, 
            -60.61 -39.993 12.83, -70.7803 -13.0926 12.497, -70.703 -13.0995 12.497, -70.7 -13.1 12.5, 
            -70.7 -13.0997 12.497, -60.499 -40.175 12.982, -60.499 -40.082 13.075, -70.7 -13.077 12.76, 
            -70.6987 -13.0996 12.497, -63.9735 -15.3912 12.497, -59.016 -13.366 13.143, -60.677 -39.8598 12.497, 
            -70.7 -13.01 13.013, -63.551 -16.712 8.889, -67.674 -36.086 9.547, -60.677 -39.845 12.589, 
            -70.7 -12.899 13.25, -60.677 -39.826 12.63, -63.927 -16.692 8.392, -63.254 -16.728 9.486, 
            -66.604 -36.14 9.457, -67.32 -36.104 9.431, -66.959 -36.122 9.401, -60.664 -39.9088 12.497, 
            -63.2998 -26.2 5.58329, -60.6568 -39.936 12.497, -60.61 -40.113 12.5, -58.7 -13.228 13.092, 
            -58.414 -12.927 13.266, -60.61 -40.082 12.675, -58.6718 -13.312 12.497, -58.414 -13.132 12.5, 
            -67.506 -26.2 4.86498, -67.6474 -26.2 4.91392, -67.1724 -26.2 4.83658, -60.61 -40.044 12.757, 
            -68.5888 -26.2 5.26554, -58.248 -12.9657 12.497, -64.369 -16.668 8.018, -58.7 -13.332 12.5, 
            -58.414 -13.109 12.766, -58.7 -13.306 12.801, -70.44 -13.077 12.5, -70.536 -13.0852 12.497, 
            -58.414 -13.04 13.024, -71.0459 -33.098 10.4939, -71.193 -32.603 10.4445, -71.0648 -33.098 10.616, 
            -60.349 -40.339 13.12, -60.499 -40.25 12.875, -70.44 -12.988 13.005, -58.168 -12.886 12.5, 
            -60.349 -40.22 13.239, -60.349 -40.082 13.335, -64.4168 -15.007 12.497, -60.164 -40.48 13.239, 
            -70.44 -10.468 13.45, -70.7 -10.451 13.464, -70.44 -10.65 13.632, -59.016 -13.479 12.5, 
            -59.016 -13.4787 12.497, -68.007 -36.069 9.744, -60.6145 -40.0959 12.497, -70.44 -11.095 13.888, 
            -70.187 -11.118 13.825, -70.187 -10.895 13.721, -59.016 -13.451 12.826, -60.61 -40.1127 12.497, 
            -63.8099 -26.2 5.15023, -60.61 -40.105 12.589, -63.5066 -34.698 10.8935, -63.6436 -34.698 10.1061, 
            -68.307 -36.053 10.015, -60.609 -40.1148 12.497, -64.1187 -26.2 4.99866, -64.7018 -26.2 4.71159, 
            -65.0089 -26.2 4.65397, -65.379 -16.612 7.682, -67.3615 -15.2887 12.425, -67.358 -15.286 12.084, 
            -68.4986 -26.2 5.20885, -66.8796 -26.2 4.72601, -66.6153 -26.2 4.62651, -65.9409 -26.2 4.56243, 
            -60.5729 -40.192 12.497, -60.499 -40.35 12.5, -65.6495 -26.2 4.53456, -70.1397 -34.698 10.5551, 
            -70.2034 -34.698 10.7587, -74.2 -34.698 12.497, -64.859 -16.641 7.778, -62.332 -26.698 6.71586, 
            -61.8888 -26.698 7.61026, -60.5027 -40.3417 12.497, -60.499 -40.3498 12.497, -60.499 -40.3498 12.497, 
            -58.168 -12.713 13.143, -66.8483 -15.0353 12.0155, -66.8738 -15.0495 12.0313, -66.8489 -15.0331 11.9894, 
            -67.358 -15.286 11.978, -57.968 -12.366 13.143, -60.499 -40.339 12.63, -57.968 -12.466 13, 
            -63.7975 -33.403 7.95296, -64.2937 -33.403 7.40988, -63.5003 -34.698 10.93, -63.1753 -34.2 10.8687, 
            -63.2587 -34.2 10.3901, -60.499 -40.305 12.757, -57.968 -12.5997 12.497, -57.968 -12.5997 12.497, 
            -57.9707 -12.6036 12.497, -57.968 -12.6 12.5, -63.3084 -33.403 8.71559, -63.2132 -33.403 8.87568, 
            -66.8495 -15.032 11.9746, -57.968 -12.585 12.674, -71.3443 -26.698 8.29212, -71.5854 -26.698 8.79519, 
            -63.6901 -33.403 8.07079, -60.4301 -40.448 12.497, -71.7847 -26.698 9.45646, -71.9638 -26.698 10.0508, 
            -66.8526 -15.0243 11.8748, -60.349 -40.55 12.667, -70.7589 -26.698 7.25233, -71.0328 -26.698 7.64241, 
            -61.7918 -26.698 7.80542, -57.968 -12.54 12.842, -60.349 -40.435 12.982, -70.44 -10.861 13.779, 
            -70.187 -10.694 13.58, -63.535 -42.8503 12.497, -60.3525 -40.5588 12.497, -57.8235 -12.2892 12.497, 
            -60.349 -40.5638 12.497, -60.349 -40.564 12.5, -68.2858 -16.603 9.95262, -70.44 -34.387 10.687, 
            -60.349 -40.5638 12.497, -70.187 -10.52 13.406, -60.349 -40.506 12.83, -69.95 -10.95 13.625, 
            -69.95 -11.156 13.721, -70.5319 -34.2 10.6578, -70.5565 -34.2 10.8195, -63.785 -42.4933 12.497, 
            -63.7815 -42.4982 12.497, -69.95 -10.765 13.495, -67.7906 -33.403 6.72034, -68.2066 -33.403 6.87188, 
            -58.1676 -12.8851 12.497, -58.168 -12.8857 12.497, -60.7 -21.403 12.497, -59.197 -38.1005 12.497, 
            -60.7 -20.603 12.497, -60.7 -21.098 12.497, -58.94 -38.1233 12.497, -60.164 -40.732 12.7, 
            -60.164 -40.68 12.893, -58.2363 -12.954 12.497, -58.1708 -12.8885 12.497, -60.164 -40.595 13.075, 
            -58.168 -12.866 12.723, -58.168 -12.808 12.94, -69.736 -11.207 13.58, -69.736 -11.025 13.495, 
            -68.2194 -33.403 6.87654, -68.9342 -33.403 7.32431, -68.9668 -33.403 7.34481, -69.5852 -33.403 7.92889, 
            -59.713 -38.694 13.58, -59.713 -38.52 13.406, -59.95 -38.765 13.495, -69.736 -10.861 13.38, 
            -69.6313 -33.403 7.97238, -70.1391 -33.403 8.66372, -59.713 -38.895 13.721, -59.46 -38.65 13.632, 
            -59.46 -38.861 13.779, -70.1904 -33.403 8.73346, -70.6256 -33.403 9.59714, -70.578 -33.403 9.50279, 
            -69.551 -11.27 13.406, -69.736 -11.4 13.632, -59.46 -38.468 13.45, -61.4892 -26.698 8.80416, 
            -61.4186 -26.698 9.03713, -63.0189 -26.698 5.81166, -62.4459 -26.698 6.56557, -64.4004 -33.403 7.33512, 
            -59.2 -38.636 13.649, -59.2 -38.451 13.464, -70.3273 -26.698 6.63761, -64.9977 -33.403 6.91689, 
            -65.0916 -33.403 6.8798, -70.0522 -26.698 6.36748, -69.4944 -26.698 5.81967, -69.523 -35.498 10.9641, 
            -74.2 -35.498 12.497, -69.4925 -35.498 10.8639, -67.4177 -33.403 6.58949, -67.4308 -33.403 6.59407, 
            -65.7736 -33.403 6.61142, -65.8451 -33.403 6.6018, -59.2 -38.85 13.799, -66.5906 -33.403 6.50117, 
            -66.6339 -33.403 6.50581, -66.8778 -15.0373 12.1816, -67.3497 -15.2869 12.0309, -58.94 -38.65 13.632, 
            -58.94 -38.861 13.779, -58.94 -38.468 13.45, -70.44 -11.857 13.955, -70.187 -11.6 13.91, 
            -70.44 -11.6 13.977, -64.2853 -35.498 10.9766, -63.7846 -35.003 10.9844, -63.8845 -35.003 10.4198, 
            -63.4567 -33.898 9.03551, -63.3898 -33.898 9.21807, -63.806 -33.898 8.45338, -63.9097 -33.898 8.28076, 
            -64.3384 -33.898 7.8195, -58.687 -38.694 13.58, -66.9103 -15.0564 11.4741, -67.359 -15.286 11.489, 
            -58.687 -38.52 13.406, -70.44 -12.105 13.888, -70.187 -12.082 13.825, -70.187 -11.845 13.888, 
            -63.1411 -33.898 9.89727, -63.1686 -17.403 8.889, -62.9996 -17.403 9.23908, -62.8933 -17.403 9.5987, 
            -62.7759 -17.403 9.9988, -70.44 -13.0767 12.497, -70.443 -13.077 12.497, -65.1468 -33.898 7.20964, 
            -64.9627 -33.898 7.33564, -69.9713 -35.003 10.8291, -69.721 -35.332 10.905, -69.8453 -35.003 10.4258, 
            -58.687 -38.895 13.721, -70.187 -11.355 13.888, -63.5363 -17.403 8.27285, -63.7432 -17.403 7.99023, 
            -58.45 -38.765 13.495, -63.3263 -17.403 8.5607, -70.44 -11.343 13.955, -64.4819 -33.898 7.66478, 
            -67.4137 -15.3457 12.0308, -64.2369 -17.403 7.55077, -63.9843 -17.403 7.77583, -58.45 -38.605 13.335, 
            -64.7529 -35.803 10.7362, -64.779 -35.803 10.5946, -69.95 -11.826 13.779, -69.4768 -33.898 8.22445, 
            -69.1904 -33.898 7.95436, -68.8578 -33.898 7.64024, -69.95 -11.6 13.799, -69.9979 -33.898 8.93328, 
            -69.7433 -33.898 8.58737, -67.359 -15.286 12.427, -68.5561 -33.898 7.45061, -60.164 -38.861 13.38, 
            -60.164 -38.605 13.075, -65.9915 -17.403 7.16206, -70.1969 -33.898 9.32815, -60.164 -38.52 12.893, 
            -69.95 -11.374 13.779, -70.4034 -33.898 9.73807, -59.95 -38.475 13.15, -59.95 -38.379 12.944, 
            -64.4968 -17.403 7.41302, -65.653 -33.898 7.01757, -65.382 -17.403 7.12513, -65.0568 -17.403 7.19772, 
            -64.7897 -17.403 7.25751, -65.9209 -36.298 10.4207, -65.7681 -36.298 10.6432, -66.6432 -33.898 6.839, 
            -59.95 -38.605 13.335, -67.5818 -15.498 11.8676, -69.736 -11.6 13.649, -65.6449 -17.403 7.1408, 
            -68.1618 -33.898 7.2036, -67.415 -33.898 6.93192, -67.8605 -33.898 7.0942, -69.551 -11.433 13.45, 
            -68.0489 -36.298 10.6544, -67.9583 -36.298 10.5177, -67.1291 -33.898 6.8972, -59.713 -38.379 13.205, 
            -65.8774 -33.898 6.93238, -68.1203 -36.298 10.7623, -68.1858 -36.298 10.9083, -68.242 -36.298 11.0329, 
            -66.3841 -33.898 6.87068, -62.9529 -33.403 9.59527, -62.984 -33.648 9.832, -62.8819 -33.403 9.79143, 
            -67.3587 -15.286 12.4251, -69.2008 -17.403 12.3677, -69.1999 -17.403 12.3621, -69.2003 -17.403 12.4835, 
            -69.2001 -17.403 11.6041, -69.1988 -17.403 12.0053, -67.0004 -17.403 7.62923, -66.8202 -17.403 7.51271, 
            -63.9425 -26.698 5.0693, -63.8262 -26.698 5.1264, -63.1392 -26.698 5.70954, -69.2004 -17.403 12.497, 
            -64.345 -33.579 7.476, -63.761 -33.609 8.136, -67.5197 -17.403 7.97174, -67.3501 -17.403 7.82278, 
            -66.2399 -17.403 7.247, -66.5954 -17.403 7.36774, -65.37 -36.203 10.854, -67.5753 -26.698 4.86251, 
            -67.4559 -26.698 4.85051, -67.9156 -17.403 8.32053, -60.164 -38.4513 12.497, -60.1632 -38.4507 12.497, 
            -67.2493 -26.698 4.82986, -68.3742 -26.698 5.15145, -63.302 -33.632 8.932, -69.551 -11.6 13.464, 
            -68.4049 -17.403 8.95804, -68.498 -17.403 9.1378, -65.7448 -36.298 10.7012, -65.6339 -36.298 10.9713, 
            -68.7943 -17.403 9.71007, -68.8526 -17.403 9.89184, -67.3587 -15.286 12.4253, -60.164 -38.451 12.5, 
            -69.551 -11.118 13.335, -68.0459 -17.403 8.49034, -60.1612 -38.4493 12.497, -66.8866 -15.0415 12.4426, 
            -65.51 -36.196 10.457, -59.95 -38.301 12.5, -59.95 -38.321 12.726, -64.148 -17.898 7.2361, 
            -64.2615 -17.898 7.17593, -69.401 -11.225 13.15, -69.2487 -26.698 5.66124, -68.565 -26.698 5.2204, 
            -60.7 -19.498 12.497, -60.7 -19.803 12.497, -60.7 -20.298 12.497, -70.187 -12.305 13.721, 
            -69.95 -12.25 13.625, -69.95 -12.044 13.721, -69.736 -11.993 13.58, -69.736 -12.175 13.495, 
            -68.76 -36.03 10.732, -65.03 -33.544 6.976, -66.8838 -15.0401 12.2922, -66.8846 -15.0406 12.3171, 
            -66.8861 -15.0412 12.4419, -59.713 -38.19 12.5, -69.0101 -35.803 10.5835, -68.8868 -35.803 10.3255, 
            -59.713 -38.212 12.745, -65.79 -33.505 6.657, -69.736 -11.8 13.632, -69.5199 -17.898 12.358, 
            -74.2 -17.898 12.497, -69.519 -17.898 12.3521, -69.5195 -17.898 12.497, -69.5195 -17.898 12.4937, 
            -62.6289 -17.898 9.68135, -62.8131 -17.898 9.05801, -62.5712 -17.898 9.8777, -63.7252 -17.898 7.61273, 
            -69.3766 -17.898 10.4712, -69.507 -17.898 11.3335, -69.518 -17.898 12.0243, -69.5199 -17.898 11.4191, 
            -67.3589 -15.286 12.497, -67.3297 -15.2709 12.497, -67.1704 -15.1884 12.4779, -69.0725 -35.803 10.7883, 
            -69.551 -11.93 13.406, -67.418 -33.422 6.598, -59.713 -38.275 12.982, -69.551 -12.082 13.335, 
            -66.8866 -15.0414 12.4439, -63.1654 -17.898 8.32552, -62.8947 -17.898 8.889, -69.551 -11.767 13.45, 
            -70.8873 -33.403 10.4194, -74.2 -33.403 12.497, -63.6153 -17.898 7.71051, -69.314 -17.77 10.485, 
            -59.46 -38.145 12.757, -63.2643 -17.898 8.1899, -60.7 -18.698 12.497, -60.7 -19.003 12.497, 
            -59.46 -38.321 13.239, -59.46 -38.212 13.005, -66.8813 -17.898 7.15081, -66.8566 -17.898 7.14401, 
            -66.9251 -17.898 7.17511, -66.7661 -17.898 7.08544, -69.448 -17.755 11.421, -66.8866 -15.0414 12.4813, 
            -66.8875 -15.0418 12.445, -59.46 -38.123 12.5, -64.7212 -26.698 4.68597, -64.8244 -26.698 4.66661, 
            -66.693 -17.898 7.03837, -66.13 -17.898 6.84714, -66.6421 -26.698 4.60063, -66.7023 -26.698 4.62332, 
            -70.5351 -33.898 10.1521, -70.6802 -33.898 10.6108, -59.2 -38.301 13.25, -69.448 -17.755 12.36, 
            -69.4522 -17.7651 12.3538, -66.8867 -15.0415 12.497, -66.8866 -15.0414 12.4817, -65.6727 -26.698 4.50847, 
            -65.7562 -26.698 4.51646, -69.4847 -17.8289 12.497, -59.2 -38.19 13.013, -59.2 -38.123 12.76, 
            -64.7447 -17.898 6.91939, -64.8552 -17.898 6.89467, -65.4855 -17.898 6.78271, -65.3838 -17.898 6.77665, 
            -66.0413 -17.898 6.81681, -69.4461 -17.755 12.031, -71.8818 -29.403 10.8146, -71.7162 -29.898 10.4153, 
            -71.7981 -29.403 10.2172, -67.5482 -17.898 7.51993, -67.5671 -17.898 7.53651, -69.4471 -17.7551 12.3539, 
            -68.1397 -17.898 8.04097, -68.158 -17.898 8.05763, -68.1587 -17.898 8.05831, -70.44 -10.1233 12.497, 
            -70.4369 -10.1241 12.497, -69.2 -9.1 12.497, -59.2 -38.1 12.5, -69.4476 -17.755 12.497, 
            -70.44 -10.145 12.757, -70.187 -10.19 12.5, -70.44 -10.123 12.5, -70.187 -10.212 12.745, 
            -58.94 -38.321 13.239, -69.4471 -17.755 12.3541, -74.2 -47.6 12.497, -56.2 -47.6 12.497, 
            -65.7 -46.5997 12.497, -70.536 -10.1148 12.497, -58.94 -38.212 13.005, -66.596 -33.464 6.529, 
            -63.2004 -44.1036 12.497, -63.2005 -44.1052 12.497, -63.2008 -44.1083 12.497, -63.238 -44.5338 12.497, 
            -63.238 -44.5337 12.497, -63.2407 -44.544 12.497, -63.2403 -44.5423 12.497, -68.6795 -17.898 8.75553, 
            -69.0663 -17.898 9.5205, -68.6616 -17.898 8.73142, -58.943 -41.077 12.497, -58.94 -41.0767 12.497, 
            -63.2284 -43.776 12.497, -63.2015 -44.0829 12.497, -59.713 -41.0097 12.497, -59.7162 -41.0083 12.497, 
            -63.238 -43.6662 12.497, -59.9532 -40.8965 12.497, -60.164 -40.7487 12.497, -63.351 -43.2453 12.497, 
            -69.0916 -17.898 9.57057, -58.94 -38.145 12.757, -65.7 -41.6003 12.497, -66.131 -41.638 12.497, 
            -69.2003 -39.5989 12.497, -66.1324 -41.6381 12.497, -65.697 -41.6005 12.497, -65.266 -41.6383 12.497, 
            -64.845 -41.7513 12.497, -64.8419 -41.7527 12.497, -65.2629 -41.6391 12.497, -66.44 -41.7204 12.497, 
            -69.223 -39.8597 12.497, -66.552 -41.7505 12.497, -70.6987 -41.0996 12.497, -70.536 -41.0852 12.497, 
            -68.162 -43.6662 12.497, -70.44 -41.0767 12.497, -70.703 -41.0995 12.497, -70.7803 -41.0926 12.497, 
            -58.94 -38.123 12.5, -71.8851 -26.2 9.90477, -67.865 -45.3497 12.497, -67.8687 -45.3417 12.497, 
            -68.162 -44.5338 12.497, -68.1835 -44.288 12.497, -68.1985 -44.0829 12.497, -68.1992 -44.0917 12.497, 
            -68.194 -44.032 12.497, -68.1716 -43.776 12.497, -68.1597 -43.6577 12.497, -58.9369 -38.1241 12.497, 
            -58.76 -38.1709 12.497, -58.687 -38.379 13.205, -70.282 -26.231 6.608, -69.454 -26.321 5.792, 
            -69.2008 -17.403 11.4287, -67.615 -42.869 13.533, -67.307 -42.869 13.967, -67.307 -42.633 13.731, 
            -58.687 -38.212 12.745, -69.4138 -17.707 12.497, -69.2812 -17.5181 12.4832, -67.307 -42.441 13.458, 
            -58.687 -38.19 12.5, -68.532 -26.422 5.198, -66.95 -42.441 13.892, -66.95 -42.708 14.159, 
            -66.95 -42.225 13.583, -70.187 -10.275 12.982, -70.44 -10.212 13.005, -66.95 -42.066 13.24, 
            -58.687 -38.275 12.982, -58.45 -38.475 13.15, -66.555 -42.59 14.3, -66.555 -42.3 14.01, 
            -69.5242 -18.2 10.4387, -69.4475 -18.2 10.1966, -74.2 -18.2 12.497, -58.45 -38.379 12.944, 
            -70.187 -10.1903 12.497, -70.1839 -10.1917 12.497, -66.555 -42.066 13.675, -58.45 -38.95 13.625, 
            -58.236 -39.025 13.495, -58.236 -38.861 13.38, -70.1819 -10.1927 12.497, -58.236 -38.72 13.239, 
            -61.7917 -29.403 9.16274, -61.9054 -29.403 8.79187, -62.1506 -29.403 7.99679, -62.3069 -29.403 7.68704, 
            -69.6714 -18.2 12.497, -69.6714 -18.2 12.4881, -66.134 -42.214 14.083, -66.134 -42.517 14.386, 
            -58.6838 -38.1917 12.497, -58.45 -38.3013 12.497, -70.1199 -29.403 6.87408, -70.3718 -29.403 7.13475, 
            -58.4468 -38.3035 12.497, -70.0808 -10.24 12.497, -70.747 -29.403 7.69192, -58.687 -38.1903 12.497, 
            -69.6699 -18.2 12.01, -69.671 -18.2 12.3483, -70.44 -10.321 13.239, -70.9907 -29.403 8.05373, 
            -71.2612 -29.403 8.64, -71.4705 -29.403 9.09362, -66.8415 -17.7648 7.23978, -67.865 -43.672 13.675, 
            -67.615 -43.297 13.892, -67.865 -43.475 13.583, -67.615 -43.55 14.01, -66.8811 -15.039 12.1851, 
            -58.45 -38.321 12.726, -71.6446 -29.403 9.69053, -69.6718 -18.2 12.3537, -69.6718 -18.2 11.4149, 
            -58.45 -38.301 12.5, -67.615 -43.067 13.731, -67.865 -43.297 13.458, -67.553 -26.529 4.848, 
            -61.6675 -29.403 10.0091, -58.236 -38.468 12.7, -58.236 -38.451 12.5, -67.1826 -26.5694 4.81389, 
            -67.615 -43.821 14.083, -67.865 -43.883 13.731, -62.6681 -29.403 6.97072, -58.248 -38.4428 12.497, 
            -62.8512 -29.403 6.73391, -63.3235 -29.403 6.12253, -67.865 -43.142 13.303, -69.634 -29.403 6.37211, 
            -69.3979 -29.403 6.20866, -68.802 -29.403 5.79608, -67.307 -43.445 14.3, -69.9215 -18.698 12.3411, 
            -69.9223 -18.698 12.3466, -74.2 -18.698 12.497, -63.5169 -29.403 5.96254, -64.2784 -29.403 5.39865, 
            -64.091 -29.403 5.48706, -69.9219 -18.698 12.4875, -69.9219 -18.698 12.497, -58.236 -38.605 13.075, 
            -58.051 -38.861 13.12, -58.051 -38.765 12.982, -58.236 -38.52 12.893, -69.9208 -18.698 12.082, 
            -67.307 -43.767 14.386, -65.1071 -29.403 5.05783, -65.8361 -29.403 4.93474, -67.307 -43.142 14.159, 
            -69.9205 -18.698 11.9967, -69.9209 -18.698 11.8661, -70.187 -10.379 13.205, -58.051 -38.98 13.239, 
            -64.9394 -29.403 5.08626, -65.9737 -29.403 4.95035, -66.95 -43.017 14.375, -66.8862 -15.0411 11.5059, 
            -69.9223 -18.698 11.4082, -57.901 -39.025 12.982, -66.8477 -29.403 5.07825, -66.7452 -29.403 5.03785, 
            -66.95 -43.724 14.632, -66.95 -43.36 14.534, -66.555 -43.297 14.708, -66.555 -43.692 14.814, 
            -57.901 -38.95 12.875, -67.6328 -29.403 5.38861, -67.6409 -29.403 5.39433, -68.656 -17.842 8.771, 
            -67.9056 -29.403 5.43219, -68.6043 -29.403 5.71571, -69.95 -10.321 12.726, -69.95 -10.301 12.5, 
            -68.158 -17.896 8.059, -58.236 -38.4513 12.497, -67.762 -29.403 5.41165, -66.9359 -17.5502 7.47092, 
            -69.95 -10.605 13.335, -69.95 -10.475 13.15, -66.555 -42.925 14.534, -61.8223 -27.003 7.74628, 
            -62.3384 -27.003 6.70482, -69.6316 -18.2 11.1488, -58.051 -38.65 12.667, -58.051 -38.636 12.5, 
            -69.8371 -18.698 10.8442, -58.2327 -38.4546 12.497, -61.7971 -27.003 7.79697, -69.6961 -18.2498 12.3476, 
            -62.782 -29.898 7.0837, -62.7399 -29.898 7.16629, -58.051 -38.694 12.83, -69.7939 -18.4464 11.9984, 
            -70.6322 -27.003 7.049, -70.3569 -27.003 6.65695, -62.2736 -29.898 8.08088, -62.251 -29.898 8.15374, 
            -61.9198 -29.898 9.21731, -61.9105 -29.898 9.28038, -57.901 -38.861 12.63, -70.4693 -29.898 7.52204, 
            -70.3251 -29.898 7.30791, -57.901 -38.85 12.5, -70.92 -29.898 8.19104, -67.865 -44.317 13.731, 
            -67.865 -44.528 13.675, -67.615 -44.379 14.083, -58.051 -38.6362 12.497, -67.5581 -15.498 11.3308, 
            -71.0095 -29.898 8.38514, -71.3811 -29.898 9.19017, -67.5826 -15.498 11.4814, -71.4301 -29.898 9.35823, 
            -57.901 -38.895 12.757, -71.247 -27.003 8.04879, -71.6098 -27.003 8.8059, -71.6959 -29.898 10.27, 
            -67.615 -44.1 14.107, -69.046 -17.799 9.59, -71.0595 -27.003 7.65778, -57.79 -39.118 12.675, 
            -57.79 -39.095 12.589, -63.3563 -29.898 6.34986, -67.865 -44.1 13.75, -64.075 -29.898 5.73337, 
            -63.4245 -29.898 6.26276, -61.444 -27.003 8.96254, -61.4231 -27.003 9.0314, -61.2418 -27.003 10.2799, 
            -67.615 -44.65 14.01, -67.307 -44.433 14.386, -57.901 -38.8503 12.497, -57.9009 -38.8506 12.497, 
            -69.1068 -29.898 6.22219, -68.8169 -29.898 6.02146, -58.0475 -38.6412 12.497, -69.6166 -29.898 6.57511, 
            -69.8291 -29.898 6.79472, -63.0269 -27.003 5.7987, -63.0409 -27.003 5.78686, -62.3616 -27.003 6.67422, 
            -64.1752 -29.898 5.65176, -69.9021 -27.003 6.2104, -66.8809 -15.0389 11.8453, -66.8837 -15.0401 11.6168, 
            -67.865 -44.903 13.458, -67.615 -45.133 13.731, -67.615 -44.903 13.892, -67.865 -44.725 13.583, 
            -64.8671 -29.898 5.33358, -64.0937 -18.2 7.04413, -63.5671 -18.2 7.51323, -57.79 -39.0873 12.497, 
            -57.8721 -38.912 12.497, -65.8738 -29.898 5.1349, -65.7035 -29.898 5.16159, -65.0023 -29.898 5.2715, 
            -66.5533 -29.898 5.22007, -57.8973 -38.8583 12.497, -63.7626 -27.003 5.17427, -63.834 -27.003 5.11426, 
            -67.307 -44.755 14.3, -66.8837 -15.04 11.6073, -67.307 -45.058 14.159, -68.6014 -27.003 5.24515, 
            -69.0827 -27.003 5.55546, -67.6155 -27.003 4.88871, -68.1997 -27.003 5.1, -67.9556 -29.898 5.67161, 
            -67.6606 -29.898 5.62942, -69.527 -27.003 5.84206, -60.164 -39.025 13.495, -66.95 -44.476 14.632, 
            -66.95 -44.84 14.534, -63.8363 -27.003 5.11232, -67.307 -44.1 14.415, -67.6115 -29.898 5.59436, 
            -68.3261 -29.898 5.82198, -59.95 -39.156 13.721, -69.95 -10.379 12.944, -59.95 -39.374 13.779, 
            -69.736 -10.52 12.893, -67.3876 -29.898 5.50323, -59.95 -38.95 13.625, -62.4464 -18.2 9.80381, 
            -66.7549 -29.898 5.24527, -63.5372 -18.2 7.53986, -69.736 -10.72 13.239, -66.95 -44.1 14.665, 
            -69.736 -10.605 13.075, -63.0984 -18.2 8.13929, -63.0672 -18.2 8.18204, -62.4675 -18.2 9.73178, 
            -62.6993 -18.2 8.94753, -62.24 -29.805 8.056, -62.743 -29.777 7.042, -66.555 -44.903 14.708, 
            -66.555 -44.508 14.814, -62.7275 -18.2 8.889, -63.382 -29.742 6.199, -61.891 -29.824 9.204, 
            -66.555 -44.1 14.849, -64.7008 -27.003 4.69387, -64.7346 -27.003 4.67755, -65.6171 -27.003 4.51989, 
            -65.6879 -27.003 4.50717, -70.0757 -19.003 12.3423, -74.2 -19.003 12.497, -70.0753 -19.003 12.4871, 
            -66.6568 -27.003 4.60667, -67.309 -27.003 4.85789, -70.0753 -19.003 12.497, -66.5487 -27.003 4.59549, 
            -70.074 -19.003 12.0033, -70.0749 -19.003 12.3366, -66.555 -45.275 14.534, -66.134 -44.942 14.814, 
            -59.95 -39.6 13.799, -66.134 -44.528 14.925, -59.95 -39.826 13.779, -59.713 -39.355 13.888, 
            -66.134 -43.672 14.925, -70.0748 -19.003 11.7057, -70.0757 -19.003 11.404, -67.865 -42.8503 12.497, 
            -69.95 -40.8987 12.497, -67.9385 -43.008 12.497, -68.0465 -43.2398 12.497, -70.187 -41.0097 12.497, 
            -68.0483 -43.2437 12.497, -62.2173 -27.498 7.05428, -62.3809 -27.498 6.72726, -63.5569 -15.803 12.0656, 
            -63.5858 -15.803 11.8633, -67.615 -42.4933 12.497, -69.736 -40.7487 12.497, -67.8623 -42.8464 12.497, 
            -67.6122 -42.4905 12.497, -69.551 -40.5638 12.497, -59.713 -39.6 13.91, -67.615 -42.517 12.779, 
            -67.865 -42.869 12.717, -67.865 -42.925 12.928, -59.713 -39.845 13.888, -61.8393 -27.498 7.81199, 
            -67.615 -42.493 12.5, -67.865 -42.85 12.5, -63.5566 -15.803 12.1314, -67.464 -42.3423 12.497, 
            -70.024 -10.2666 12.497, -59.713 -39.118 13.825, -67.615 -42.708 13.303, -63.5642 -15.803 11.7036, 
            -63.5554 -15.803 11.6382, -69.9468 -10.3035 12.497, -69.736 -10.4513 12.497, -69.7327 -10.4546 12.497, 
            -69.95 -10.3013 12.497, -63.5554 -15.803 12.4239, -63.5558 -15.803 12.4206, -63.5556 -15.803 12.497, 
            -63.5556 -15.803 12.4859, -70.3246 -19.498 12.3835, -70.3243 -19.498 12.496, -74.2 -19.498 12.497, 
            -70.3243 -19.498 12.497, -67.865 -43.017 13.125, -67.615 -42.59 13.05, -70.7909 -27.498 7.23811, 
            -70.4265 -27.498 6.719, -70.3238 -19.498 12.3293, -70.323 -19.498 12.0268, -66.7494 -18.2 6.85203, 
            -66.7237 -18.2 6.84295, -59.46 -39.857 13.955, -59.46 -39.6 13.977, -64.966 -29.656 5.154, 
            -67.9027 -15.803 12.218, -74.2 -15.803 12.497, -67.9034 -15.803 12.4043, -71.0838 -27.498 7.66374, 
            -70.3247 -19.498 12.3353, -64.133 -29.701 5.562, -71.6047 -27.498 8.75901, -71.0993 -27.498 7.68629, 
            -71.6382 -27.498 8.8302, -71.973 -27.498 9.95919, -59.46 -39.343 13.955, -61.7338 -27.498 8.15913, 
            -59.46 -39.095 13.888, -61.413 -27.498 9.39709, -61.2718 -27.498 10.3643, -67.307 -42.1853 12.497, 
            -61.4651 -27.498 9.04054, -70.3246 -19.498 11.4454, -70.3247 -19.498 11.3973, -63.0685 -27.498 5.82931, 
            -62.8437 -27.498 6.12327, -67.307 -42.214 12.833, -59.2 -39.6 14, -65.85 -29.608 4.991, 
            -67.9042 -15.803 12.409, -69.736 -10.468 12.7, -64.7173 -18.2 6.7131, -64.118 -18.2 7.03128, 
            -67.3042 -42.1833 12.497, -69.401 -40.3498 12.497, -69.736 -10.451 12.5, -67.307 -42.3 13.155, 
            -70.2256 -19.3018 12.4868, -67.904 -15.803 12.497, -60.164 -40.175 13.495, -60.164 -39.993 13.58, 
            -69.551 -10.65 12.667, -69.551 -10.636 12.5, -66.9622 -18.2 6.98797, -66.9493 -18.2 6.9841, 
            -67.6768 -29.5693 5.47751, -69.6585 -27.498 5.95547, -69.58 -27.498 5.87839, -70.4049 -27.498 6.68834, 
            -67.5495 -18.2 7.32923, -66.95 -41.9353 12.497, -59.95 -40.25 13.625, -60.164 -40.339 13.38, 
            -67.307 -42.185 12.5, -64.4189 -27.498 4.88872, -63.8752 -27.498 5.1519, -59.95 -40.044 13.721, 
            -63.5872 -27.498 5.39363, -67.6798 -29.5074 5.44889, -69.1283 -18.2 9.3085, -69.2307 -18.2 9.51132, 
            -67.6625 -29.4611 5.42467, -68.8065 -18.2 8.67208, -66.95 -41.968 12.876, -67.632 -29.51 5.416, 
            -66.9471 -41.9339 12.497, -69.29 -40.1127 12.497, -66.9489 -41.9347 12.497, -59.95 -40.595 13.335, 
            -59.713 -40.68 13.406, -59.95 -40.435 13.495, -66.95 -41.935 12.5, -66.75 -29.559 5.08, 
            -67.6808 -27.498 4.93123, -67.3147 -27.498 4.89441, -68.8132 -27.498 5.38377, -69.2926 -40.1182 12.497, 
            -66.555 -41.7513 12.497, -69.2253 -39.8683 12.497, -68.2703 -18.2 7.95408, -68.6915 -18.2 8.51796, 
            -67.6472 -18.2 7.38613, -68.1572 -18.2 7.85111, -68.6605 -27.498 5.28533, -69.963 -19.003 10.6577, 
            -67.9166 -27.498 5.01651, -69.551 -10.694 12.83, -66.555 -41.892 13.303, -66.0713 -18.2 6.61259, 
            -59.713 -40.506 13.58, -59.713 -40.305 13.721, -59.46 -40.55 13.632, -59.46 -40.339 13.779, 
            -66.555 -41.786 12.908, -59.713 -40.082 13.825, -70.4492 -19.803 12.497, -70.4497 -19.803 12.3322, 
            -74.2 -19.803 12.497, -70.4487 -19.803 12.3255, -59.46 -40.732 13.45, -66.555 -41.751 12.5, 
            -64.7321 -18.2 6.70977, -59.2 -40.564 13.649, -65.5699 -18.2 6.57538, -66.0603 -18.2 6.61178, 
            -65.3882 -18.2 6.56423, -65.385 -18.2 6.56404, -70.4479 -19.803 12.0437, -70.4497 -19.803 11.3941, 
            -69.223 -39.8598 12.497, -69.551 -10.6362 12.497, -59.46 -40.105 13.888, -66.134 -41.786 13.342, 
            -59.2 -40.749 13.464, -70.6306 -20.298 12.2538, -70.6308 -20.298 12.3203, -74.2 -20.298 12.497, 
            -70.6319 -20.298 12.3279, -70.6315 -20.298 12.497, -69.512 -10.6919 12.497, -69.5475 -10.6412 12.497, 
            -59.2 -40.35 13.799, -66.134 -41.638 12.5, -70.6319 -20.298 11.3896, -70.6301 -20.298 12.0729, 
            -64.0366 -18.698 6.81678, -63.8981 -18.698 6.93838, -69.551 -10.98 13.239, -70.4312 -19.803 11.2706, 
            -70.5702 -20.298 10.9764, -59.2 -39.86 13.977, -69.551 -10.861 13.12, -68.049 -43.445 13.05, 
            -68.049 -43.55 13.155, -69.551 -10.765 12.982, -68.049 -43.36 12.928, -59.2 -39.34 13.977, 
            -70.5883 -20.1826 12.3213, -58.94 -39.343 13.955, -62.2907 -18.698 9.70859, -62.508 -18.698 8.98106, 
            -58.94 -39.6 13.977, -59.2 -39.087 13.91, -62.9506 -18.698 8.00312, -62.8708 -18.698 8.16711, 
            -62.5601 -18.698 8.80666, -69.401 -11.025 12.982, -67.9037 -15.803 11.7087, -67.9042 -15.803 11.4705, 
            -63.4487 -18.698 7.33177, -58.94 -39.095 13.888, -63.3396 -18.698 7.47867, -68.162 -43.767 12.779, 
            -69.2015 -11.5829 12.497, -69.2014 -11.584 12.497, -61.6996 -11.5964 12.497, -63.5566 -15.803 11.1925, 
            -58.94 -39.857 13.955, -61.6997 -11.5989 12.497, -61.6997 -11.5983 12.497, -69.2005 -11.5948 12.497, 
            -69.2008 -11.5917 12.497, -61.6997 -11.5975 12.497, -69.401 -10.85 12.5, -68.049 -43.2453 12.497, 
            -70.7431 -20.603 12.3175, -70.7423 -20.603 12.0788, -74.2 -20.603 12.497, -70.7427 -20.603 11.9609, 
            -70.7442 -20.603 11.3868, -70.7442 -20.603 12.3253, -65.7156 -27.498 4.55039, -65.311 -27.498 4.62309, 
            -64.7682 -27.498 4.72007, -70.7438 -20.603 12.497, -68.1227 -43.52 12.497, -68.049 -43.245 12.5, 
            -66.6782 -27.498 4.64949, -67.1484 -27.498 4.83058, -66.2314 -27.498 4.60331, -70.9265 -21.098 11.3823, 
            -70.9256 -21.098 11.692, -74.2 -21.098 12.497, -70.7948 -21.098 10.501, -69.95 -40.8987 12.497, 
            -68.049 -43.297 12.792, -63.028 -27.043 5.797, -62.34 -27.081 6.702, -70.9253 -21.098 12.3131, 
            -70.9245 -21.098 12.0567, -68.049 -43.258 12.648, -61.799 -27.11 7.794, -70.024 -40.9334 12.497, 
            -70.9265 -21.098 12.321, -70.926 -21.098 12.497, -58.687 -39.118 13.825, -63.2477 -16.298 11.0434, 
            -63.2462 -16.298 11.4082, -70.6559 -20.603 10.7952, -69.401 -11.118 13.075, -58.687 -39.355 13.888, 
            -68.162 -44.025 12.928, -68.049 -43.808 13.303, -68.162 -43.952 12.908, -68.049 -43.952 13.342, 
            -58.687 -39.6 13.91, -58.45 -39.374 13.779, -68.049 -43.672 13.24, -58.45 -39.156 13.721, 
            -69.401 -11.343 13.205, -69.29 -11.343 12.944, -68.387 -16.298 11.2113, -74.2 -16.298 12.497, 
            -69.29 -11.207 12.83, -68.049 -44.1 13.355, -69.401 -10.95 12.875, -69.401 -10.895 12.757, 
            -68.7408 -18.698 8.16595, -69.0159 -18.698 8.53448, -63.2455 -16.298 12.4095, -63.2458 -16.298 12.4832, 
            -71.0384 -21.403 11.5264, -71.0387 -21.403 11.3795, -74.2 -21.403 12.497, -58.94 -40.105 13.888, 
            -58.687 -40.082 13.825, -58.687 -39.845 13.888, -69.401 -10.861 12.63, -71.0367 -21.403 12.043, 
            -63.2585 -16.298 11.9061, -63.2477 -16.298 11.9819, -71.0387 -21.403 12.3184, -71.0376 -21.403 12.3103, 
            -71.0383 -21.403 12.497, -71.0384 -21.403 12.4654, -63.2462 -16.298 12.3467, -63.246 -16.298 12.4056, 
            -58.45 -39.826 13.779, -70.3135 -41.0432 12.497, -68.162 -43.666 12.5, -69.401 -10.8503 12.497, 
            -58.45 -39.6 13.799, -68.162 -43.821 12.833, -68.162 -43.724 12.717, -61.6997 -11.6 12.497, 
            -61.6997 -11.5995 12.497, -69.2004 -11.5964 12.497, -69.4009 -10.8505 12.497, -68.162 -43.692 12.648, 
            -69.29 -11.156 12.757, -69.29 -11.118 12.675, -71.1975 -21.898 12.497, -74.2 -21.898 12.497, 
            -71.1981 -21.898 12.3149, -68.162 -43.672 12.575, -58.236 -39.6 13.649, -58.236 -39.4 13.632, 
            -71.196 -21.898 12.0313, -71.1981 -21.898 11.3759, -69.2305 -18.698 8.9589, -69.4602 -18.698 9.41361, 
            -69.6022 -18.698 9.86254, -71.1969 -21.898 12.3066, -69.29 -11.095 12.589, -71.179 -21.898 11.2464, 
            -63.2455 -16.298 11.653, -68.4542 -18.698 7.7822, -68.1559 -18.698 7.51055, -67.8013 -18.698 7.18719, 
            -69.29 -11.087 12.5, -63.2692 -16.298 11.8294, -71.0152 -21.898 10.1376, -70.963 -21.697 10.145, 
            -63.2458 -16.298 12.497, -64.5259 -18.698 6.56394, -59.2 -40.113 13.91, -69.3973 -10.8583 12.497, 
            -69.3271 -11.008 12.497, -67.5007 -18.698 7.01223, -70.8805 -21.403 10.3197, -71.14 -21.678 11.377, 
            -58.94 -40.55 13.632, -58.94 -40.732 13.45, -71.1394 -21.678 12.497, -58.94 -40.339 13.779, 
            -68.4244 -16.298 12.3894, -68.4239 -16.298 12.386, -68.4224 -16.298 12.0303, -66.8225 -18.698 6.63438, 
            -66.5973 -18.698 6.55468, -71.1425 -21.692 12.3077, -68.4248 -16.298 11.4529, -68.4244 -16.298 11.4504, 
            -67.0835 -18.698 6.76984, -66.9806 -18.698 6.73881, -68.2 -44.1 12.5, -58.687 -40.68 13.406, 
            -68.162 -43.883 12.876, -68.4244 -16.298 12.497, -68.4248 -16.298 12.3919, -68.0872 -16.298 10.064, 
            -71.1379 -21.678 12.0307, -66.1129 -18.698 6.38366, -65.8995 -18.698 6.368, -58.687 -40.506 13.58, 
            -58.687 -40.305 13.721, -61.425 -27.131 9.029, -71.14 -21.678 12.316, -71.1 -27.464 7.681, 
            -71.1388 -21.678 12.3078, -68.162 -44.317 12.876, -68.049 -44.528 13.24, -68.049 -44.392 13.303, 
            -64.6934 -18.698 6.47766, -58.45 -40.435 13.495, -65.2011 -18.698 6.37112, -58.45 -40.25 13.625, 
            -65.3942 -18.698 6.33049, -68.162 -44.248 12.908, -68.049 -44.248 13.342, -58.45 -40.044 13.721, 
            -71.1388 -21.6781 12.3078, -68.162 -44.175 12.928, -68.162 -44.1 12.934, -64.079 -18.282 6.992, 
            -58.236 -40.175 13.495, -63.508 -18.313 7.476, -58.236 -39.8 13.632, -58.236 -39.207 13.58, 
            -61.6996 -11.6036 12.497, -61.6997 -11.6025 12.497, -69.2003 -11.5995 12.497, -69.29 -11.0873 12.497, 
            -62.639 -18.36 8.889, -69.2897 -11.0883 12.497, -69.2855 -11.1041 12.497, -62.374 -18.375 9.761, 
            -69.223 -11.433 12.7, -69.223 -11.4 12.667, -58.051 -39.433 13.45, -58.051 -39.27 13.406, 
            -69.223 -11.374 12.63, -71.0935 -22.2 10.1264, -74.2 -22.2 12.497, -71.2325 -22.2 11.0671, 
            -58.051 -39.118 13.335, -57.901 -39.343 13.205, -69.223 -11.34 12.5, -71.2758 -22.2 12.032, 
            -71.2779 -22.2 11.3744, -71.2767 -22.2 12.305, -63.141 -16.603 10.2129, -71.2779 -22.2 12.3134, 
            -69.2432 -11.264 12.497, -71.2774 -22.2 12.497, -58.051 -39.767 13.45, -58.051 -39.6 13.464, 
            -71.3208 -22.698 10.7715, -74.2 -22.698 12.497, -71.2227 -22.698 10.108, -71.4096 -22.698 12.3109, 
            -71.4083 -22.698 12.3023, -71.4076 -22.698 12.0805, -58.236 -39.993 13.58, -71.4074 -22.698 12.0333, 
            -71.642 -27.405 8.82, -62.2652 -18.698 9.88804, -71.4096 -22.698 11.3719, -71.7231 -27.003 9.18189, 
            -63.022 -18.339 8.116, -71.409 -22.698 12.497, -57.901 -39.73 13.239, -58.051 -39.93 13.406, 
            -71.3085 -22.3204 12.3043, -58.051 -40.082 13.335, -68.1995 -44.0948 12.497, -69.401 -11.975 13.15, 
            -69.401 -11.857 13.205, -68.1997 -44.1 12.497, -68.1997 -44.1005 12.497, -68.1997 -44.0995 12.497, 
            -68.1997 -44.0983 12.497, -68.1997 -44.0989 12.497, -68.1996 -44.0964 12.497, -68.1997 -44.1011 12.497, 
            -68.1997 -44.1017 12.497, -63.4399 -16.0311 11.8485, -63.2719 -16.2939 11.8307, -71.4902 -23.003 12.3093, 
            -71.4889 -23.003 12.3007, -74.2 -23.003 12.497, -71.488 -23.003 12.0327, -71.4886 -23.003 11.8597, 
            -68.1997 -44.1025 12.497, -68.1996 -44.1036 12.497, -71.4902 -23.003 11.3703, -71.3748 -23.003 10.5905, 
            -68.1995 -44.1052 12.497, -71.4895 -23.003 12.497, -59.95 -40.725 13.15, -68.1992 -44.1083 12.497, 
            -68.1985 -44.1171 12.497, -69.401 -11.47 13.239, -68.1947 -44.16 12.497, -59.95 -40.821 12.944, 
            -71.6197 -23.498 12.2981, -74.2 -23.498 12.497, -71.6188 -23.498 12.0316, -69.29 -11.425 12.982, 
            -71.621 -23.498 12.3069, -69.29 -11.511 13.005, -68.162 -44.476 12.717, -68.162 -44.433 12.779, 
            -71.6203 -23.498 12.497, -68.162 -44.379 12.833, -69.29 -11.27 12.893, -62.873 -17.098 10.2792, 
            -71.6203 -23.498 11.5775, -59.713 -40.821 13.205, -71.621 -23.498 11.3679, -69.223 -11.511 12.745, 
            -71.4625 -23.498 10.2967, -69.223 -11.47 12.726, -60.164 -40.749 12.5, -60.1673 -40.7454 12.497, 
            -69.401 -11.6 13.25, -69.401 -11.73 13.239, -59.95 -40.879 12.726, -69.29 -11.6 13.013, 
            -64.713 -18.247 6.681, -59.95 -40.899 12.5, -59.95 -40.8987 12.497, -62.7221 -17.403 10.3798, 
            -65.385 -18.21 6.557, -71.6994 -23.803 12.0309, -71.7014 -23.803 11.4036, -74.2 -23.803 12.497, 
            -59.9488 -40.8993 12.497, -69.29 -11.689 13.005, -71.7016 -23.803 11.3663, -67.3114 -27.2434 4.87559, 
            -59.8192 -40.96 12.497, -71.7014 -23.803 12.3426, -71.7016 -23.803 12.3053, -71.7003 -23.803 12.2965, 
            -71.7009 -23.803 12.497, -59.713 -40.925 12.982, -68.1997 -44.0975 12.497, -68.1996 -44.096 12.497, 
            -59.713 -40.988 12.745, -59.46 -40.879 13.239, -71.7952 -24.298 12.497, -71.7958 -24.298 12.3044, 
            -71.7943 -24.298 12.2944, -61.8711 -27.803 7.82614, -62.1275 -27.803 7.31195, -62.4774 -17.898 10.5432, 
            -61.6826 -27.803 8.44614, -71.7575 -24.298 11.105, -71.7958 -24.298 11.3654, -71.7936 -24.298 12.0596, 
            -59.2 -40.899 13.25, -71.6256 -27.803 8.86364, -71.8798 -27.803 9.72064, -69.223 -11.355 12.589, 
            -58.94 -40.879 13.239, -69.223 -11.343 12.545, -71.0935 -27.803 7.73375, -71.4822 -27.803 8.55898, 
            -70.4111 -27.803 6.74255, -70.9386 -27.803 7.50889, -71.7203 -23.8834 12.2963, -58.687 -40.821 13.205, 
            -61.4984 -27.803 9.05012, -61.403 -27.803 9.703, -68.422 -16.294 12.392, -68.4211 -16.294 12.3864, 
            -62.4107 -27.803 6.74574, -68.4212 -16.2941 12.3861, -69.223 -11.3402 12.497, -58.94 -40.988 13.005, 
            -58.687 -40.925 12.982, -62.7201 -27.803 6.34199, -63.0956 -27.803 5.85096, -71.717 -23.8695 12.0307, 
            -71.719 -23.869 11.366, -69.6011 -27.803 5.92792, -70.2698 -27.803 6.60052, -58.45 -40.725 13.15, 
            -58.45 -40.595 13.335, -58.5808 -40.96 12.497, -58.4529 -40.9001 12.497, -58.45 -40.8987 12.497, 
            -58.45 -40.899 12.5, -69.4971 -27.803 5.85852, -58.45 -40.8987 12.497, -58.248 -40.7571 12.497, 
            -68.139 -16.0278 12.0633, -69.2071 -11.52 12.497, -63.8991 -27.803 5.1763, -64.2451 -27.803 5.00879, 
            -68.4196 -16.294 12.0306, -63.4352 -27.803 5.56578, -71.7177 -23.8691 12.2962, -71.719 -23.869 12.305, 
            -71.7178 -23.8693 12.2963, -62.1526 -18.698 10.6788, -67.9023 -15.803 12.0481, -69.223 -11.645 12.757, 
            -69.29 -11.775 12.982, -64.789 -27.803 4.74626, -65.1225 -27.803 4.68668, -69.223 -11.689 12.745, 
            -69.223 -11.6 12.76, -58.45 -40.821 12.944, -68.422 -16.294 11.453, -67.721 -27.803 4.95742, 
            -67.7422 -27.803 4.96506, -69.223 -11.555 12.757, -62.328 -18.2 10.6429, -68.0001 -27.803 5.05828, 
            -63.7655 -19.003 6.89906, -63.4017 -19.003 7.21751, -58.236 -40.732 12.7, -58.45 -40.879 12.726, 
            -62.238 -18.382 10.703, -68.6938 -27.803 5.32302, -68.646 -27.803 5.30478, -69.2 -11.6 12.5, 
            -58.236 -40.595 13.075, -71.532 -23.89 10.064, -71.5166 -23.803 10.1156, -65.7327 -27.803 4.57702, 
            -66.0359 -27.803 4.60813, -58.236 -40.48 13.239, -71.7184 -23.8692 12.497, -57.901 -39.225 13.15, 
            -66.9531 -27.803 4.77669, -67.3186 -27.803 4.91695, -66.6914 -27.803 4.67587, -63.2063 -19.003 7.48079, 
            -62.8899 -19.003 7.90723, -62.7424 -19.003 8.21053, -62.4888 -19.003 8.73236, -62.3897 -19.003 9.06413, 
            -63.1396 -28.298 5.88611, -62.5196 -28.298 6.69695, -57.901 -39.118 13.075, -62.4592 -28.298 6.77573, 
            -61.9818 -28.298 7.73012, -57.79 -39.27 12.893, -61.9956 -19.498 10.2027, -62.0844 -19.498 9.5788, 
            -61.9365 -19.498 10.6176, -62.0703 -19.003 10.6555, -62.2121 -19.003 9.65911, -62.1624 -19.003 10.008, 
            -57.79 -39.343 12.944, -61.6992 -11.6082 12.497, -61.6995 -11.6052 12.497, -71.8488 -24.603 12.293, 
            -71.8504 -24.603 12.304, -71.8504 -24.603 11.365, -71.8481 -24.603 12.0802, -71.8486 -24.603 12.245, 
            -57.79 -39.156 12.757, -71.8498 -24.603 12.497, -71.6052 -28.298 8.91791, -71.2835 -28.298 8.23434, 
            -71.084 -28.298 7.81077, -70.7029 -28.298 7.25758, -71.7285 -28.298 9.33348, -74.2 -25.098 12.497, 
            -65.5316 -14.5988 12.497, -65.5309 -14.5989 12.497, -61.4357 -12.5918 12.497, -61.32 -12.7599 12.497, 
            -61.432 -12.5997 12.497, -65.5299 -14.5991 12.497, -69.2003 -11.6005 12.497, -69.2003 -11.6011 12.497, 
            -61.2987 -12.7904 12.497, -65.5284 -14.5995 12.497, -61.5994 -28.298 8.91196, -61.9225 -28.298 7.84909, 
            -61.5525 -28.298 9.06569, -68.162 -44.534 12.5, -69.2003 -11.6017 12.497, -69.2003 -11.6025 12.497, 
            -68.162 -44.528 12.575, -68.2092 -16.0924 12.497, -69.2004 -11.6036 12.497, -69.2005 -11.6052 12.497, 
            -71.9384 -25.098 12.497, -71.939 -25.098 12.3033, -71.9372 -25.098 11.9294, -71.9371 -25.098 12.2907, 
            -71.9365 -25.098 12.0965, -69.2008 -11.6083 12.497, -68.4216 -16.294 12.497, -69.1441 -19.003 8.45021, 
            -69.293 -19.003 8.74479, -70.0078 -28.298 6.43024, -69.6213 -28.298 6.04147, -69.2015 -11.6171 12.497, 
            -68.162 -44.508 12.648, -69.2214 -28.298 5.77464, -69.2043 -11.648 12.497, -71.8917 -24.8469 12.0952, 
            -68.5668 -19.003 7.67693, -68.7711 -19.003 7.95037, -70.4152 -28.298 6.83957, -71.8878 -24.8251 12.0951, 
            -68.1552 -19.003 7.30197, -57.7897 -39.0883 12.497, -56.2 -41.1 12.497, -69.223 -11.767 12.7, 
            -69.223 -11.8 12.667, -57.79 -39.087 12.5, -69.6007 -19.003 9.35377, -62.0057 -19.803 9.52932, 
            -61.8781 -20.298 9.449, -61.8928 -19.803 10.3227, -63.1884 -28.298 5.84515, -63.9379 -28.298 5.21588, 
            -71.9936 -25.403 11.3639, -71.8567 -25.403 10.4328, -74.2 -25.403 12.497, -64.823 -28.298 4.79041, 
            -64.8176 -28.298 4.79293, -57.7855 -39.1041 12.497, -64.6568 -28.298 4.86881, -63.9632 -28.298 5.20365, 
            -61.6985 -11.6171 12.497, -57.723 -39.355 12.589, -57.723 -39.374 12.63, -64.0054 -19.003 6.68831, 
            -57.723 -39.343 12.545, -71.991 -25.403 12.0982, -71.9916 -25.403 12.2893, -61.5117 -21.898 10.1234, 
            -61.6337 -21.898 9.27698, -61.4612 -21.898 10.4756, -71.9924 -25.403 11.7443, -57.723 -39.34 12.5, 
            -61.647 -12.032 12.497, -61.67 -11.9467 12.497, -61.5385 -21.403 10.4999, -61.443 -22.2 10.2593, 
            -61.4141 -22.2 10.4608, -68.7322 -28.298 5.44852, -68.3692 -28.298 5.30993, -71.993 -25.403 12.497, 
            -71.9936 -25.403 12.3029, -67.7796 -28.298 5.08495, -66.8673 -19.003 6.50107, -66.5199 -19.003 6.37812, 
            -57.79 -39.207 12.83, -72.0819 -25.898 11.4437, -74.2 -25.898 12.497, -72.0822 -25.898 11.3632, 
            -67.1578 -19.003 6.63623, -66.9998 -19.003 6.58859, -65.7611 -28.298 4.63147, -65.7235 -28.298 4.63781, 
            -61.3409 -22.698 11.7224, -61.347 -22.604 11.722, -61.3447 -22.698 10.4938, -72.0822 -25.898 12.3022, 
            -72.08 -25.898 12.287, -72.0794 -25.898 12.1009, -66.7114 -28.298 4.73926, -66.6404 -28.298 4.73121, 
            -57.723 -39.4 12.667, -72.0815 -25.898 12.497, -72.0819 -25.898 12.3827, -69.2003 -11.5975 12.497, 
            -68.1592 -44.544 12.497, -68.1152 -44.708 12.497, -69.2003 -11.5983 12.497, -67.5052 -28.298 5.05217, 
            -68.049 -44.955 12.5, -68.049 -44.942 12.648, -69.2003 -11.5989 12.497, -67.4708 -19.003 6.81808, 
            -67.8956 -19.003 7.06536, -68.049 -44.903 12.792, -68.049 -44.84 12.928, -68.049 -44.755 13.05, 
            -68.6087 -16.603 11.2503, -74.2 -16.603 12.497, -57.736 -39.2911 12.497, -72.0479 -25.7098 12.497, 
            -57.723 -39.3402 12.497, -68.639 -16.603 12.3852, -68.6382 -16.603 12.3801, -61.351 -22.604 10.441, 
            -61.345 -22.698 10.4385, -69.2156 -11.776 12.497, -69.223 -11.86 12.5, -57.723 -39.433 12.7, 
            -64.6801 -19.003 6.34015, -64.3993 -19.003 6.48478, -68.049 -44.65 13.155, -65.0861 -19.003 6.25494, 
            -69.223 -11.73 12.726, -66.1385 -19.003 6.24345, -65.801 -19.003 6.2187, -71.9619 -28.298 10.1195, 
            -65.3999 -19.003 6.18892, -68.0535 -44.9379 12.497, -72.1155 -26.2 12.1032, -74.2 -26.2 12.497, 
            -72.1161 -26.2 12.2869, -68.049 -44.9547 12.497, -69.6969 -19.003 9.65795, -68.0486 -44.9556 12.497, 
            -68.0018 -45.056 12.497, -72.1184 -26.2 11.3634, -72.1184 -26.2 12.3024, -69.551 -12.22 13.239, 
            -69.401 -12.082 13.075, -72.1176 -26.2 12.497, -63.3254 -19.498 7.03207, -63.5503 -19.498 6.83525, 
            -72.0943 -26.2 11.1983, -62.7915 -19.498 7.75159, -62.9898 -19.498 7.48423, -62.1978 -19.498 9.19895, 
            -72.1548 -26.698 12.3035, -74.2 -26.698 12.497, -72.1527 -26.698 12.2894, -61.3253 -23.003 10.4302, 
            -61.4729 -23.003 9.41213, -72.154 -26.698 12.497, -69.401 -12.175 12.982, -69.29 -11.93 12.893, 
            -69.29 -11.993 12.83, -72.152 -26.698 12.0959, -69.29 -11.857 12.944, -57.7156 -39.424 12.497, 
            -62.3732 -19.498 8.61177, -62.5339 -19.498 8.281, -61.4026 -23.498 9.66403, -57.901 -39.857 13.205, 
            -63.0396 -16.603 11.6386, -63.0398 -16.603 11.578, -64.822 -28.289 4.788, -57.901 -39.6 13.25, 
            -61.2889 -24.298 10.0711, -61.242 -24.298 10.3953, -57.901 -39.47 13.239, -67.865 -45.35 12.5, 
            -67.725 -27.833 4.96, -61.2738 -23.803 10.4087, -63.0396 -16.603 12.3924, -63.0405 -16.603 12.3857, 
            -67.3195 -27.8776 4.92247, -67.865 -45.275 12.928, -61.2223 -24.603 10.3871, -67.506 -28.241 5.03774, 
            -67.507 -28.1424 5.01269, -57.79 -39.6 13.013, -57.79 -39.511 13.005, -61.2051 -25.098 10.4972, 
            -61.2055 -25.098 10.3773, -72.1523 -26.698 12.0199, -66.708 -28.186 4.709, -61.203 -24.903 10.379, 
            -72.1548 -26.698 11.3645, -63.0424 -16.603 11.8851, -65.757 -28.238 4.615, -61.2095 -25.403 10.3745, 
            -57.723 -39.555 12.757, -63.04 -16.603 12.497, -69.3522 -19.498 8.31343, -68.8201 -19.498 7.60048, 
            -57.79 -39.425 12.982, -63.0506 -16.603 11.8266, -63.0577 -16.603 11.7761, -72.1338 -26.4426 12.2874, 
            -61.2137 -25.898 10.9823, -61.2159 -25.898 10.3701, -69.223 -11.8598 12.497, -69.223 -11.8597 12.497, 
            -67.865 -45.183 13.125, -69.2253 -11.8683 12.497, -67.865 -45.058 13.303, -57.723 -39.6 12.76, 
            -57.79 -39.689 13.005, -69.8287 -19.498 9.25664, -69.8507 -19.498 9.32593, -68.639 -16.603 11.4462, 
            -68.6367 -16.603 12.0082, -61.2635 -26.698 10.1052, -66.134 -42.869 14.632, -69.29 -12.105 12.589, 
            -69.223 -11.857 12.545, -69.223 -11.845 12.589, -61.2263 -26.698 10.363, -61.2169 -26.2 11.1654, 
            -69.3946 -19.498 8.3973, -69.223 -11.826 12.63, -69.29 -12.082 12.675, -62.4402 -28.603 6.9528, 
            -61.9727 -28.603 7.87897, -68.6386 -16.603 12.4858, -68.7496 -19.498 7.50608, -61.9327 -28.603 8.00872, 
            -61.2302 -27.003 10.3602, -68.6386 -16.603 12.497, -66.134 -41.968 13.731, -61.6031 -28.603 9.08433, 
            -72.1468 -26.627 12.103, -72.1459 -26.6158 12.1031, -61.232 -27.141 10.359, -61.2705 -27.498 10.7261, 
            -57.79 -39.775 12.982, -57.79 -39.857 12.944, -57.723 -39.73 12.726, -64.194 -19.498 6.3563, 
            -63.9549 -19.498 6.4798, -70.4176 -28.603 6.89936, -70.5576 -28.603 7.10273, -61.3058 -27.803 10.3689, 
            -65.7 -42.85 14.665, -65.7 -42.493 14.415, -61.3869 -28.298 10.1995, -68.1539 -19.498 6.96346, 
            -68.0488 -19.498 6.86762, -65.7 -42.185 14.107, -74.2 -17.098 12.497, -69.3721 -12.288 12.497, 
            -69.2926 -12.1182 12.497, -69.29 -12.113 12.5, -61.361 -28.298 10.3763, -65.7 -41.935 13.75, 
            -69.29 -12.1127 12.497, -67.4223 -19.498 6.50299, -67.2784 -19.498 6.41941, -71.5926 -28.603 8.95135, 
            -71.6352 -28.603 9.09492, -68.985 -17.098 12.1088, -68.9858 -17.098 12.3691, -71.0782 -28.603 7.85823, 
            -71.1611 -28.603 8.03432, -61.585 -28.603 9.2073, -61.4117 -28.603 10.3848, -57.723 -39.689 12.745, 
            -65.266 -42.869 14.632, -65.7 -43.245 14.849, -62.508 -28.603 6.81826, -63.0828 -28.603 6.07488, 
            -61.6361 -29.098 9.70338, -69.401 -12.25 12.875, -69.29 -12.044 12.757, -67.031 -19.498 6.34479, 
            -63.1853 -28.603 5.94208, -61.8432 -30.2 10.6395, -61.8594 -30.2 10.5443, -66.94 -19.498 6.28474, 
            -65.266 -42.517 14.386, -57.723 -39.511 12.745, -57.723 -39.47 12.726, -64.845 -42.59 14.3, 
            -64.845 -42.925 14.534, -61.9863 -30.2872 9.86153, -61.9718 -30.698 10.2401, -61.8761 -30.2408 10.4753, 
            -70.44 -12.732 13.45, -57.7432 -39.936 12.497, -57.736 -39.9088 12.497, -57.723 -39.86 12.5, 
            -66.3942 -19.498 6.09158, -66.1799 -19.498 6.01591, -61.8596 -30.2 10.4718, -69.8464 -28.603 6.32532, 
            -69.6338 -28.603 6.11143, -65.266 -41.968 13.731, -62.7888 -17.098 11.6501, -62.8018 -17.098 11.7493, 
            -70.187 -12.68 13.406, -70.187 -12.506 13.58, -64.845 -42.066 13.675, -64.845 -41.892 13.303, 
            -63.8352 -28.603 5.40454, -63.9784 -28.603 5.28589, -62.7911 -17.098 11.0595, -62.7918 -17.098 10.8497, 
            -62.7918 -17.098 11.8197, -62.7911 -17.098 12.0295, -57.723 -39.767 12.7, -57.79 -39.93 12.893, 
            -57.79 -39.993 12.83, -62.7897 -17.098 12.3735, -64.6585 -19.498 6.11697, -64.8995 -19.498 6.06639, 
            -69.95 -12.435 13.495, -62.7888 -17.098 12.3809, -72.06 -26.698 10.713, -57.723 -39.645 12.757, 
            -65.266 -42.214 14.083, -69.736 -12.339 13.38, -65.4092 -19.498 5.95916, -65.6412 -19.498 5.97639, 
            -62.7891 -17.098 12.497, -67.3488 -28.603 5.06926, -67.5007 -28.603 5.12931, -66.7208 -28.603 4.82168, 
            -70.44 -12.879 13.239, -69.0515 -28.603 5.72296, -68.7559 -28.603 5.52585, -64.845 -42.3 14.01, 
            -68.9866 -17.098 11.4354, -68.1986 -28.603 5.31311, -68.9845 -17.098 11.9991, -68.9853 -17.098 11.7628, 
            -68.9866 -17.098 12.3744, -70.187 -12.925 12.982, -70.187 -12.821 13.205, -64.45 -42.225 13.583, 
            -64.6688 -28.603 4.96012, -68.9862 -17.098 12.497, -68.9862 -17.098 12.4844, -69.95 -12.595 13.335, 
            -64.45 -42.708 14.159, -64.45 -42.441 13.892, -65.7818 -28.603 4.71517, -66.4564 -28.603 4.7917, 
            -65.5534 -28.603 4.75374, -64.8551 -28.603 4.87207, -67.8155 -28.603 5.16691, -69.95 -12.725 13.15, 
            -62.8862 -16.8721 11.6456, -62.941 -16.745 11.643, -62.8888 -16.8725 10.9512, -64.45 -42.066 13.24, 
            -70.4399 -13.0767 12.497, -63.0424 -16.603 10.9151, -62.944 -16.745 10.89, -70.44 -13.055 12.757, 
            -64.093 -42.441 13.458, -70.187 -13.01 12.5, -70.3135 -13.0432 12.497, -70.1899 -13.0105 12.497, 
            -70.187 -13.0097 12.497, -70.187 -12.988 12.745, -70.1845 -13.0085 12.497, -70.1587 -19.498 10.2989, 
            -66.134 -43.258 14.814, -62.6071 -29.098 6.9126, -62.3577 -29.098 7.40711, -62.0828 -29.098 7.95188, 
            -62.8407 -16.9836 11.0045, -62.8409 -16.9832 10.9801, -69.95 -12.899 12.5, -70.024 -12.9334 12.497, 
            -69.95 -12.879 12.726, -62.8376 -16.9848 11.6478, -62.868 -16.901 11.671, -61.9158 -29.098 8.49329, 
            -57.7 -39.6 12.5, -65.7 -43.666 14.962, -69.95 -12.821 12.944, -69.736 -12.595 13.075, 
            -69.736 -12.48 13.239, -71.0343 -29.098 7.96912, -70.9181 -29.098 7.7966, -70.4006 -29.098 7.02806, 
            -72.1771 -27.003 11.3652, -72.0389 -27.003 10.4158, -74.2 -27.003 12.497, -69.736 -12.68 12.893, 
            -69.551 -12.435 12.982, -62.8891 -16.872 11.8849, -62.8864 -16.8784 11.875, -62.871 -16.901 11.88, 
            -62.885 -16.8992 11.7894, -62.8849 -16.8995 11.7892, -62.8775 -16.8993 11.8424, -69.6447 -29.098 6.24703, 
            -70.299 -29.098 6.92298, -71.4162 -29.098 8.79703, -71.7768 -29.098 9.89527, -71.5256 -29.098 9.03414, 
            -65.7 -44.534 14.962, -65.7 -44.955 14.849, -61.7198 -29.098 9.13285, -61.5325 -29.098 10.4074, 
            -69.551 -12.339 13.12, -66.134 -44.1 14.962, -72.1771 -27.003 12.3042, -72.1753 -27.003 12.2918, 
            -72.1763 -27.003 12.497, -57.7003 -39.6005 12.497, -57.7003 -39.6011 12.497, -57.7003 -39.6 12.497, 
            -57.7003 -39.6017 12.497, -62.885 -16.8992 11.7894, -62.9395 -29.098 6.48265, -72.1744 -27.003 12.0651, 
            -72.1758 -27.003 11.7112, -63.2708 -29.098 6.05373, -57.7003 -39.6025 12.497, -57.7004 -39.6036 12.497, 
            -69.9529 -12.9001 12.497, -69.95 -12.8987 12.497, -57.7005 -39.6052 12.497, -69.95 -12.8987 12.497, 
            -62.944 -16.745 11.86, -57.7008 -39.6083 12.497, -57.7014 -39.616 12.497, -57.7015 -39.6171 12.497, 
            -69.5773 -29.098 6.20033, -62.8756 -16.9035 11.8419, -62.8847 -16.9001 11.7892, -69.7388 -12.7507 12.497, 
            -69.736 -12.7487 12.497, -69.736 -12.749 12.5, -63.6382 -29.098 5.7498, -62.9783 -33.898 10.8316, 
            -63.1084 -33.898 10.0847, -62.8564 -19.803 7.48634, -62.7308 -19.803 7.6557, -69.736 -12.732 12.7, 
            -72.1922 -27.498 11.3672, -74.2 -27.498 12.497, -72.1907 -27.498 12.2962, -72.1897 -27.498 12.019, 
            -72.1915 -27.498 12.4887, -72.1922 -27.498 12.3062, -62.9084 -16.856 11.7609, -62.9019 -16.8558 11.711, 
            -72.1915 -27.498 12.497, -62.0796 -19.803 9.28202, -69.5538 -12.5665 12.497, -69.551 -12.5638 12.497, 
            -69.551 -12.564 12.5, -62.3019 -19.803 8.53747, -65.8154 -29.098 4.85103, -65.2773 -29.098 4.9419, 
            -64.9072 -29.098 5.0046, -64.4272 -29.098 5.23146, -69.551 -12.5637 12.497, -64.0481 -29.098 5.41037, 
            -65.7 -44.1 15, -62.8321 -17.0271 11.7461, -62.8333 -17.0264 11.7528, -69.551 -12.55 12.667, 
            -61.7378 -29.898 10.4464, -72.202 -27.344 11.366, -69.551 -12.506 12.83, -67.8737 -29.098 5.29992, 
            -67.9217 -29.098 5.31826, -57.7008 -39.5917 12.497, -57.7015 -39.5829 12.497, -62.4055 -19.803 8.32442, 
            -69.512 -12.5081 12.497, -69.401 -12.35 12.5, -72.1984 -27.389 12.497, -67.4932 -29.098 5.25447, 
            -67.0388 -29.098 5.07482, -66.7359 -29.098 4.95543, -72.1874 -27.1543 12.497, -69.401 -12.305 12.757, 
            -68.7757 -29.098 5.65023, -68.5281 -29.098 5.54975, -57.7005 -39.5948 12.497, -57.7004 -39.5964 12.497, 
            -57.7043 -39.552 12.497, -68.7929 -29.098 5.6572, -69.4037 -12.3536 12.497, -69.401 -12.3497 12.497, 
            -57.7003 -39.5975 12.497, -69.401 -12.339 12.63, -66.1577 -29.098 4.88986, -57.7003 -39.5983 12.497, 
            -69.9109 -19.803 9.12911, -69.9503 -19.803 9.20832, -68.4448 -19.803 7.02058, -68.8425 -19.803 7.39149, 
            -57.7003 -39.5989 12.497, -62.8891 -16.8719 11.9209, -72.2013 -27.344 12.497, -72.202 -27.344 12.305, 
            -68.8585 -19.803 7.40638, -57.7003 -39.5995 12.497, -69.4354 -19.803 8.19409, -65.266 -43.672 14.925, 
            -69.4692 -19.803 8.2401, -70.2827 -19.803 10.2738, -70.2493 -19.803 10.1668, -62.869 -16.9009 12.3851, 
            -65.266 -44.1 14.962, -74.2 -36.603 12.497, -62.8795 -16.884 12.3857, -72.177 -39.3402 12.497, 
            -72.1747 -39.3317 12.497, -65.266 -43.258 14.814, -62.8844 -16.8763 12.3853, -62.8874 -16.8715 12.3784, 
            -57.723 -39.845 12.589, -57.723 -39.857 12.545, -62.8844 -16.8762 12.386, -64.845 -43.692 14.814, 
            -64.845 -43.297 14.708, -62.8689 -16.901 12.3853, -63.2784 -19.803 6.91781, -70.42 -28.892 6.956, 
            -63.4177 -19.803 6.79594, -63.9238 -19.803 6.35134, -71.213 -38.694 13.58, -71.213 -38.52 13.406, 
            -71.45 -38.765 13.495, -57.723 -39.8 12.667, -57.79 -40.044 12.757, -64.0674 -19.803 6.27713, 
            -62.8967 -16.8552 11.6696, -71.213 -38.895 13.721, -70.96 -38.65 13.632, -70.96 -38.861 13.779, 
            -70.96 -38.468 13.45, -62.9578 -16.7442 11.7661, -72.1997 -27.356 12.2944, -71.074 -28.82 7.892, 
            -72.2005 -27.344 12.2945, -64.45 -43.724 14.632, -64.45 -43.36 14.534, -72.2005 -27.3442 12.2943, 
            -57.7253 -39.8683 12.497, -57.723 -39.8598 12.497, -72.1995 -27.344 12.0307, -57.723 -39.8597 12.497, 
            -67.0501 -19.803 6.19456, -66.9848 -19.803 6.15144, -64.45 -43.017 14.375, -71.586 -28.764 8.969, 
            -57.79 -40.105 12.589, -67.3527 -19.803 6.28581, -57.79 -40.082 12.675, -57.723 -39.826 12.63, 
            -67.3924 -19.803 6.30884, -64.093 -42.869 13.967, -68.1431 -19.803 6.74578, -65.266 -44.942 14.814, 
            -65.266 -44.528 14.925, -71.9449 -28.603 10.1377, -64.845 -44.508 14.814, -62.871 -16.901 10.942, 
            -70.7 -38.85 13.799, -70.7 -38.636 13.649, -62.8905 -16.8651 11.6554, -58.236 -40.339 13.38, 
            -74.2 -31.498 12.497, -74.2 -31.003 12.497, -70.7 -38.451 13.464, -74.2 -32.603 12.497, 
            -70.7 -38.301 13.25, -64.6452 -19.803 5.97946, -64.7846 -19.803 5.95022, -65.415 -19.803 5.8176, 
            -58.051 -40.22 13.239, -70.44 -38.65 13.632, -74.2 -33.898 12.497, -74.2 -29.898 12.497, 
            -66.2054 -19.803 5.8757, -66.3168 -19.803 5.91503, -71.849 -38.861 13.12, -71.664 -38.605 13.075, 
            -71.849 -38.765 12.982, -69.649 -28.976 6.197, -68.1531 -19.803 6.75488, -58.051 -40.435 12.982, 
            -57.901 -40.175 12.982, -58.051 -40.339 13.12, -57.901 -40.082 13.075, -57.901 -39.975 13.15, 
            -71.849 -38.98 13.239, -71.664 -38.72 13.239, -68.792 -29.069 5.644, -72.1714 -27.803 12.275, 
            -74.2 -27.803 12.497, -72.1714 -27.803 12.3, -65.5427 -19.803 5.82708, -72.1143 -27.803 10.9605, 
            -71.9895 -27.803 10.0901, -64.845 -44.903 14.708, -72.1703 -27.803 11.9958, -72.1727 -27.803 11.3697, 
            -64.845 -44.1 14.849, -72.1727 -27.803 12.3087, -72.172 -27.803 12.4829, -72.1721 -27.803 12.497, 
            -64.45 -44.1 14.665, -72.1411 -28.298 11.3737, -74.2 -28.298 12.497, -72.0198 -28.298 10.5231, 
            -63.8633 -20.298 6.15866, -63.2202 -20.298 6.71649, -63.2024 -20.298 6.73213, -63.2022 -20.298 6.73238, 
            -62.64 -20.298 7.48978, -62.8865 -16.8715 12.3929, -64.45 -44.476 14.632, -64.6919 -15.003 10.4407, 
            -64.7832 -15.003 10.3103, -64.6485 -15.003 10.5366, -64.45 -44.84 14.534, -62.941 -16.745 12.388, 
            -72.1388 -28.298 11.9912, -72.1396 -28.298 11.7658, -57.79 -40.113 12.5, -57.8271 -40.192 12.497, 
            -57.7926 -40.1182 12.497, -72.1404 -28.298 12.497, -72.1404 -28.298 12.4832, -72.1411 -28.298 12.3127, 
            -72.1398 -28.298 12.3041, -57.79 -40.1127 12.497, -66.136 -15.003 10.0526, -61.8877 -20.298 9.41685, 
            -66.3458 -15.003 10.2452, -71.664 -38.52 12.893, -72.1495 -28.1302 11.975, -62.197 -20.298 8.39489, 
            -62.6324 -20.298 7.50006, -72.1528 -28.0787 11.9748, -66.5274 -15.003 10.4952, -66.4267 -15.003 10.3573, 
            -57.901 -40.25 12.875, -71.664 -38.861 13.38, -62.1863 -20.298 8.41688, -74.2 -28.603 12.497, 
            -72.1212 -28.603 11.4752, -72.1216 -28.603 11.3762, -71.9615 -28.603 10.2537, -72.1212 -28.603 12.4142, 
            -72.121 -28.603 12.4904, -64.0366 -15.498 10.1894, -72.1195 -28.603 12.0207, -72.1204 -28.603 12.3067, 
            -57.9699 -40.448 12.497, -57.9037 -40.3536 12.497, -72.1216 -28.603 12.3152, -64.093 -43.767 14.386, 
            -72.121 -28.603 12.497, -67.2684 -15.498 10.3323, -67.0859 -15.498 9.99437, -57.901 -40.35 12.5, 
            -58.051 -40.564 12.5, -57.901 -40.3498 12.497, -57.901 -40.339 12.63, -66.134 -41.675 12.928, 
            -65.7 -41.638 12.934, -69.6256 -20.298 8.15347, -69.4375 -20.298 7.89659, -72.0289 -29.098 12.3213, 
            -74.2 -29.098 12.497, -72.0279 -29.098 12.3142, -67.3282 -15.498 10.4433, -72.0284 -29.098 12.497, 
            -72.0284 -29.098 12.4892, -70.4605 -20.298 10.2401, -70.3419 -20.298 9.86006, -72.0289 -29.098 11.3826, 
            -72.027 -29.098 12.0115, -69.9575 -20.298 8.82123, -70.1195 -20.298 9.14703, -62.9419 -16.745 12.3811, 
            -57.901 -40.305 12.757, -65.7 -41.751 13.355, -68.8036 -20.298 7.11571, -68.9992 -20.298 7.29816, 
            -58.236 -40.68 12.893, -62.8404 -16.9847 11.9188, -62.8398 -16.9855 11.9755, -64.5782 -15.003 10.6943, 
            -64.0302 -15.498 10.2036, -71.849 -38.65 12.667, -71.849 -38.636 12.5, -71.999 -38.861 12.63, 
            -71.999 -38.85 12.5, -72.115 -28.706 12.316, -72.0638 -28.9367 12.489, -72.0992 -28.7755 12.497, 
            -72.0659 -28.9273 12.497, -71.9963 -38.8464 12.497, -71.849 -38.6362 12.497, -71.8462 -38.6335 12.497, 
            -71.664 -38.4513 12.497, -72.1144 -28.7062 12.497, -72.0279 -38.912 12.497, -71.999 -38.8503 12.497, 
            -61.9899 -30.2 9.59211, -58.051 -40.506 12.83, -72.1138 -28.7061 12.3076, -72.1138 -28.7063 12.3078, 
            -71.999 -38.895 12.757, -58.2388 -40.7507 12.497, -58.236 -40.7487 12.497, -58.0538 -40.5665 12.497, 
            -58.236 -40.749 12.5, -58.236 -40.7487 12.497, -72.1129 -28.7065 12.0307, -71.849 -38.694 12.83, 
            -62.8379 -16.9863 12.3759, -62.8429 -16.9724 12.3834, -72.1117 -28.716 12.3079, -62.8429 -16.9725 12.3838, 
            -62.8408 -16.9841 11.8709, -71.6632 -38.4507 12.497, -71.6612 -38.4493 12.497, -58.051 -40.5638 12.497, 
            -58.051 -40.5637 12.497, -62.3828 -30.2 8.16168, -62.7322 -30.2 7.47649, -71.664 -38.468 12.7, 
            -62.2866 -30.2 8.47114, -62.0373 -30.2 9.27165, -67.3001 -20.298 6.07869, -67.1377 -20.298 6.02671, 
            -58.051 -40.55 12.667, -72.115 -28.706 11.377, -66.9678 -20.298 5.93812, -67.0502 -20.298 5.96809, 
            -71.664 -38.451 12.5, -67.4589 -20.298 6.12944, -69.6059 -30.2 6.69896, -69.6517 -30.2 6.74631, 
            -68.0825 -20.298 6.50444, -71.56 -38.3784 12.497, -70.2967 -30.2 7.41355, -72.1167 -28.6707 12.497, 
            -64.6262 -20.298 5.76876, -64.5977 -20.298 5.78317, -71.45 -38.379 12.944, -71.45 -38.321 12.726, 
            -70.2999 -30.2 7.4184, -70.3604 -30.2 7.5082, -63.368 -43.2088 12.497, -63.3465 -43.2621 12.497, 
            -59.713 -41.01 12.5, -71.45 -38.301 12.5, -70.8463 -30.2 8.24992, -70.8681 -30.2 8.2833, 
            -62.8368 -16.9867 12.3903, -62.868 -16.901 12.392, -71.2756 -30.2 9.18858, -66.9646 -15.3532 10.0938, 
            -66.954 -15.3488 10.0881, -66.946 -15.331 10.109, -59.46 -41.055 12.757, -59.46 -41.077 12.5, 
            -66.9366 -15.3419 10.0784, -66.948 -15.3464 10.0848, -65.7 -41.6 12.5, -66.8903 -15.3371 10.0289, 
            -68.2672 -20.298 6.6155, -59.4631 -41.0759 12.497, -59.46 -41.0767 12.497, -65.6972 -41.6005 12.497, 
            -59.4599 -41.0768 12.497, -63.8753 -20.298 6.14829, -59.46 -40.988 13.005, -66.1783 -20.298 5.67013, 
            -66.2448 -20.298 5.67561, -67.1244 -15.3749 10.3411, -67.15 -15.309 10.536, -71.607 -30.2 10.3103, 
            -74.2 -30.2 12.497, -71.7395 -30.2 11.2777, -62.8193 -17.0347 11.6735, -59.272 -41.0934 12.497, 
            -59.2803 -41.0926 12.497, -65.378 -20.298 5.61764, -65.4257 -20.298 5.6081, -65.266 -41.638 12.5, 
            -59.2 -41.1 12.5, -71.7563 -30.2 11.3993, -65.266 -41.786 13.342, -65.266 -41.675 12.928, 
            -59.203 -41.0995 12.497, -66.8816 -15.2804 10.193, -66.8811 -15.2821 10.1856, -66.8794 -15.2859 10.1683, 
            -59.2 -41.0997 12.497, -71.45 -38.605 13.335, -59.2 -41.077 12.76, -71.45 -38.475 13.15, 
            -59.1987 -41.0996 12.497, -71.308 -30.2 9.26034, -61.726 -20.298 10.5174, -71.757 -30.2 12.3139, 
            -71.7586 -30.2 12.3239, -62.8793 -30.2 7.18777, -59.2 -41.01 13.013, -71.213 -38.379 13.205, 
            -58.94 -41.077 12.5, -71.7579 -30.2 12.497, -63.3065 -30.2 6.64191, -58.9399 -41.0767 12.497, 
            -71.7562 -30.2 12.0815, -66.8986 -15.3104 10.1171, -71.213 -38.275 12.982, -58.94 -41.055 12.757, 
            -71.213 -38.212 12.745, -71.7586 -30.2 11.4789, -71.7569 -30.2 11.8983, -68.153 -19.835 6.733, 
            -70.96 -38.321 13.239, -70.96 -38.212 13.005, -63.5067 -30.2 6.3862, -63.9861 -30.2 5.99607, 
            -58.687 -41.01 12.5, -58.8135 -41.0432 12.497, -58.6899 -41.0105 12.497, -67.381 -19.919 6.235, 
            -58.6845 -41.0085 12.497, -58.687 -41.0097 12.497, -58.687 -40.988 12.745, -71.45 -38.3013 12.497, 
            -71.4471 -38.2999 12.497, -71.213 -38.1903 12.497, -71.2114 -38.1898 12.497, -71.7561 -30.2 11.463, 
            -64.845 -41.786 12.908, -64.845 -41.751 12.5, -71.4466 -38.2997 12.497, -63.7892 -15.803 10.1152, 
            -63.7467 -15.803 10.2306, -63.7682 -15.803 10.1585, -71.213 -38.19 12.5, -71.2101 -38.1895 12.497, 
            -71.048 -38.1466 12.497, -60.384 -9.72126 12.497, -60.381 -9.72046 12.497, -60.047 -9.63026 12.497, 
            -60.044 -9.63 12.497, -64.45 -41.935 12.5, -62.8368 -16.9869 12.4397, -67.6159 -15.803 10.2936, 
            -67.4594 -15.803 10.0035, -70.96 -38.145 12.757, -70.96 -38.123 12.5, -61.6997 -11.6005 12.497, 
            -61.67 -11.2533 12.497, -61.6997 -11.6017 12.497, -61.6958 -11.648 12.497, -70.96 -38.1233 12.497, 
            -64.627 -20.221 5.791, -67.6574 -30.2 5.77069, -67.64 -30.2 5.76494, -67.5956 -30.2 5.73318, 
            -62.8867 -16.8719 12.497, -62.8865 -16.8719 12.4608, -62.8684 -16.901 12.497, -63.877 -20.262 6.158, 
            -62.8374 -16.986 12.497, -71.7452 -30.698 12.3254, -74.2 -30.698 12.497, -71.744 -30.698 12.3175, 
            -71.7446 -30.698 12.497, -71.7452 -30.698 11.4804, -71.7432 -30.698 12.0792, -64.45 -41.968 12.876, 
            -64.45 -41.9353 12.497, -71.5629 -30.698 10.3104, -61.232 -11.16 13.708, -61.232 -10.957 13.613, 
            -61.432 -11.258 13.44, -60.986 -10.615 13.674, -61.232 -10.774 13.485, -70.7 -38.19 13.013, 
            -64.4468 -41.9375 12.497, -70.7 -38.123 12.76, -71.7384 -30.698 11.4367, -60.986 -10.834 13.827, 
            -63.3437 -16.298 10.3283, -63.3931 -16.298 10.1588, -60.986 -11.076 13.94, -71.7459 -30.2253 11.3998, 
            -70.7 -38.1 12.5, -67.1322 -20.0842 6.09855, -60.986 -10.426 13.485, -61.232 -10.615 13.326, 
            -67.027 -20.09 6.026, -70.697 -38.1005 12.497, -70.6957 -38.1006 12.497, -70.7 -38.1003 12.497, 
            -70.957 -38.123 12.497, -64.392 -41.9759 12.497, -64.4468 -41.9375 12.497, -67.0572 -19.9154 6.13918, 
            -60.7 -10.487 13.827, -67.0597 -19.9543 6.12004, -70.44 -38.212 13.005, -67.615 -45.331 13.533, 
            -67.615 -45.492 13.303, -67.307 -45.567 13.731, -70.44 -38.145 12.757, -67.307 -45.331 13.967, 
            -68.9292 -30.2 6.23044, -71.7228 -30.2324 11.2538, -60.7 -10.734 14, -60.7 -11.008 14.128, 
            -66.95 -45.183 14.375, -64.2398 -30.2 5.78937, -60.384 -10.66 14.128, -70.44 -38.123 12.5, 
            -60.384 -10.957 14.266, -70.536 -38.1148 12.497, -60.7 -10.273 13.613, -64.7437 -30.2 5.55768, 
            -65.0477 -30.2 5.41812, -65.5509 -30.2 5.33924, -65.8986 -30.2 5.28475, -71.664 -39.207 13.58, 
            -71.664 -39.025 13.495, -71.849 -39.27 13.406, -66.233 -20.133 5.724, -71.664 -39.4 13.632, 
            -71.45 -39.156 13.721, -60.384 -10.392 13.94, -71.45 -39.374 13.779, -71.45 -38.95 13.625, 
            -60.384 -10.16 13.708, -60.384 -9.972 13.44, -65.422 -20.177 5.644, -60.047 -10.926 14.351, 
            -60.047 -10.615 14.206, -71.7546 -30.4626 12.497, -67.307 -45.9 13.155, -66.95 -45.975 13.583, 
            -67.307 -45.759 13.458, -66.95 -45.759 13.892, -66.95 -45.492 14.159, -71.849 -39.767 13.45, 
            -71.849 -39.93 13.406, -71.664 -39.8 13.632, -71.664 -39.6 13.649, -71.849 -39.6 13.464, 
            -66.555 -45.9 14.01, -66.555 -45.61 14.3, -62.9577 -16.7444 11.7659, -71.849 -39.433 13.45, 
            -66.134 -45.331 14.632, -71.45 -39.6 13.799, -66.134 -45.986 14.083, -71.45 -39.826 13.779, 
            -66.134 -45.683 14.386, -63.0913 -20.603 6.7739, -63.1773 -20.603 6.65882, -62.5961 -20.603 7.43486, 
            -68.0827 -16.298 10.0507, -66.555 -46.134 13.675, -66.134 -46.232 13.731, -61.232 -11.6 13.786, 
            -61.432 -11.6 13.5, -61.432 -11.774 13.485, -62.1019 -20.603 8.49172, -61.8249 -20.603 9.41278, 
            -61.232 -11.823 13.766, -61.232 -11.377 13.766, -62.5352 -20.603 7.55883, -62.1402 -20.603 8.36423, 
            -61.432 -11.426 13.485, -71.213 -39.118 13.825, -62.9533 -16.7286 12.3816, -71.213 -39.355 13.888, 
            -67.865 -45.331 12.717, -68.7796 -20.603 6.94578, -69.0859 -20.603 7.23148, -60.986 -11.334 14.009, 
            -62.942 -16.7449 12.381, -71.751 -30.646 12.078, -71.7518 -30.646 12.3172, -70.96 -39.095 13.888, 
            -67.9861 -30.2 5.81769, -68.1564 -30.2 5.88682, -66.7592 -30.2 5.39249, -67.1973 -30.2 5.57112, 
            -60.986 -11.6 14.032, -67.7122 -45.568 12.497, -67.615 -45.683 12.779, -68.826 -30.2 6.15896, 
            -69.4388 -20.603 7.71328, -67.615 -45.61 13.05, -69.7221 -20.603 8.10009, -69.9862 -20.603 8.63153, 
            -60.7 -11.299 14.206, -71.213 -39.6 13.91, -61.8064 -20.603 9.54091, -71.213 -39.845 13.888, 
            -62.9414 -16.745 12.497, -71.7524 -30.646 12.497, -71.753 -30.646 12.325, -67.615 -45.7067 12.497, 
            -67.6185 -45.7018 12.497, -67.615 -45.707 12.5, -67.615 -45.7067 12.497, -61.232 -12.243 13.613, 
            -60.986 -12.124 13.94, -61.232 -12.04 13.708, -63.7475 -20.603 6.16421, -64.6232 -20.603 5.68064, 
            -64.4819 -20.603 5.75214, -63.8608 -20.603 6.06604, -66.3781 -30.2 5.34485, -61.432 -11.942 13.44, 
            -70.96 -39.6 13.977, -70.96 -39.343 13.955, -67.464 -45.8577 12.497, -70.96 -39.857 13.955, 
            -60.986 -12.366 13.827, -67.307 -45.986 12.833, -61.9026 -30.698 10.6466, -60.986 -11.866 14.009, 
            -71.7518 -30.6461 12.3172, -71.7504 -30.6553 12.3172, -63.7066 -15.9162 10.0973, -63.6829 -15.9246 10.1569, 
            -67.3103 -46.0114 12.497, -67.307 -46.015 12.5, -67.307 -46.0147 12.497, -60.7 -11.901 14.206, 
            -63.6555 -15.932 10.2313, -70.7 -39.86 13.977, -70.96 -40.105 13.888, -70.7 -39.6 14, 
            -60.7 -11.6 14.232, -70.7 -39.34 13.977, -67.5215 -20.603 6.0445, -68.036 -20.603 6.35387, 
            -60.7 -12.192 14.128, -68.3425 -20.603 6.53809, -67.2138 -46.08 12.497, -63.5724 -15.9537 10.4587, 
            -70.7 -39.087 13.91, -63.2245 -30.698 7.12349, -63.0399 -30.698 7.35939, -66.95 -46.232 12.876, 
            -66.95 -46.134 13.24, -62.7194 -30.698 7.98802, -66.9532 -46.2625 12.497, -66.95 -46.2647 12.497, 
            -66.555 -46.4487 12.497, -66.5582 -46.4473 12.497, -62.605 -30.698 8.21225, -66.95 -46.265 12.5, 
            -70.44 -39.857 13.955, -70.44 -39.6 13.977, -66.8811 -20.603 5.80925, -66.2666 -20.603 5.58617, 
            -62.4743 -30.698 8.43713, -66.555 -46.414 12.908, -66.555 -46.449 12.5, -70.44 -39.343 13.955, 
            -70.44 -39.095 13.888, -62.0971 -30.698 9.50054, -66.44 -46.4796 12.497, -66.555 -46.4487 12.497, 
            -62.2271 -30.698 9.13397, -71.664 -39.993 13.58, -66.555 -46.308 13.303, -71.45 -40.044 13.721, 
            -60.384 -11.926 14.351, -60.384 -12.243 14.266, -60.384 -11.6 14.379, -71.664 -40.339 13.38, 
            -71.45 -40.25 13.625, -71.664 -40.175 13.495, -71.45 -40.435 13.495, -65.2673 -20.603 5.55118, 
            -65.435 -20.603 5.51761, -68.6809 -16.6637 12.379, -68.6556 -16.6299 12.0062, -71.213 -40.082 13.825, 
            -67.235 -20.603 5.9529, -67.1454 -20.603 5.92422, -67.0841 -20.603 5.88317, -66.0772 -20.603 5.57054, 
            -71.45 -40.595 13.335, -71.213 -40.68 13.406, -71.213 -40.506 13.58, -60.384 -11.274 14.351, 
            -71.213 -40.305 13.721, -65.7 -46.265 13.75, -65.7 -46.015 14.107, -62.5419 -21.098 7.33488, 
            -62.3705 -21.098 7.68362, -62.0746 -21.098 8.28686, -62.911 -21.098 6.84213, -70.96 -40.55 13.632, 
            -70.96 -40.339 13.779, -70.671 -30.698 8.16286, -70.0116 -30.698 7.29617, -65.7 -45.707 14.415, 
            -65.7 -45.35 14.665, -71.2009 -30.698 9.19045, -71.1919 -30.698 9.173, -71.6527 -31.003 11.183, 
            -71.5194 -31.003 10.3274, -70.6722 -30.698 8.16527, -70.7302 -30.698 8.27689, -70.393 -21.098 9.04799, 
            -70.4916 -21.098 9.36434, -70.96 -40.732 13.45, -70.7478 -21.098 10.1857, -70.7 -40.35 13.799, 
            -69.9916 -30.698 7.26976, -65.266 -46.232 13.731, -65.266 -45.986 14.083, -70.0327 -21.098 8.32365, 
            -69.4408 -21.098 7.41577, -69.2266 -21.098 7.12325, -65.266 -45.683 14.386, -65.266 -45.331 14.632, 
            -69.8786 -21.098 8.01346, -69.3538 -17.898 10.3991, -61.7518 -21.098 9.36087, -61.96 -21.098 8.66881, 
            -61.6938 -21.098 9.76357, -71.5518 -30.698 10.2761, -70.7 -40.749 13.464, -70.7 -40.564 13.649, 
            -71.6994 -31.003 11.4824, -70.7 -40.113 13.91, -63.6423 -30.698 6.58976, -64.845 -45.275 14.534, 
            -63.5595 -21.098 6.17323, -63.137 -21.098 6.53965, -71.6973 -31.003 12.0866, -71.6981 -31.003 12.3194, 
            -70.44 -40.55 13.632, -71.6994 -31.003 12.3274, -71.6988 -31.003 12.497, -64.3464 -30.698 6.01629, 
            -63.8395 -30.698 6.42928, -64.45 -45.183 14.375, -60.986 -10.091 12.766, -60.7 -9.868 12.5, 
            -60.986 -10.068 12.5, -70.44 -40.105 13.888, -68.7407 -21.098 6.67001, -68.4646 -21.098 6.41247, 
            -60.7 -9.86826 12.497, -60.9832 -10.0663 12.497, -60.986 -10.0683 12.497, -61.1577 -10.24 12.497, 
            -63.8373 -21.098 5.93254, -64.2939 -21.098 5.70178, -71.6245 -31.498 12.497, -71.6251 -31.498 12.3308, 
            -71.6238 -31.498 12.3228, -60.986 -10.273 13.266, -60.7 -10.1 13.366, -60.7 -9.972 13.092, 
            -67.6233 -21.098 5.90663, -67.1579 -21.098 5.75788, -71.999 -39.343 13.205, -71.849 -39.118 13.335, 
            -71.999 -39.225 13.15, -71.623 -31.498 12.089, -68.2978 -30.698 6.01463, -67.4737 -30.698 5.7419, 
            -71.999 -39.118 13.075, -72.11 -39.343 12.944, -64.845 -45.61 14.3, -64.845 -45.9 14.01, 
            -67.1393 -21.098 5.74536, -72.11 -39.27 12.893, -72.11 -39.207 12.83, -60.7 -9.894 12.801, 
            -71.6237 -31.498 11.8989, -66.7402 -21.098 5.60011, -71.6251 -31.498 11.4858, -71.5137 -31.498 10.7712, 
            -69.7677 -18.698 10.3851, -64.45 -45.759 13.892, -64.45 -45.492 14.159, -71.999 -39.025 12.982, 
            -62.6602 -17.403 11.7848, -62.6674 -17.403 11.7341, -60.986 -10.16 13.024, -65.9132 -21.098 5.40892, 
            -66.302 -21.098 5.441, -64.45 -45.975 13.583, -64.093 -45.759 13.458, -64.093 -45.567 13.731, 
            -62.6572 -17.403 12.3747, -62.6582 -17.403 12.367, -60.384 -9.749 12.826, -65.45 -21.098 5.37075, 
            -65.0874 -21.098 5.44334, -64.6182 -21.098 5.53764, -60.6971 -9.86691 12.497, -62.6576 -17.403 12.497, 
            -72.11 -39.0873 12.497, -72.1088 -39.0846 12.497, -62.659 -17.403 12.1759, -62.6572 -17.403 11.6563, 
            -67.9606 -21.098 6.10952, -60.384 -9.834 13.143, -64.845 -46.134 13.675, -71.6893 -31.0619 12.3197, 
            -62.659 -17.403 11.2059, -62.6602 -17.403 10.8148, -64.845 -46.308 13.303, -69.2392 -30.698 6.5889, 
            -71.6558 -31.2799 12.0932, -71.6488 -31.3263 12.0931, -66.1371 -46.5609 12.497, -72.11 -39.095 12.589, 
            -72.11 -39.087 12.5, -72.177 -39.343 12.545, -69.1903 -30.698 6.5446, -66.134 -46.562 12.5, 
            -72.1314 -39.168 12.497, -68.3832 -30.698 6.06533, -66.134 -46.5617 12.497, -72.072 -39.0061 12.497, 
            -72.1074 -39.0818 12.497, -69.9167 -19.003 10.3522, -66.134 -46.525 12.928, -66.134 -46.414 13.342, 
            -70.1672 -19.498 10.3549, -65.703 -46.5995 12.497, -60.384 -9.721 12.5, -65.7 -46.6 12.5, 
            -65.7 -46.562 12.934, -65.416 -46.5749 12.497, -60.296 -9.6975 12.497, -70.2238 -20.603 9.10927, 
            -65.7 -46.449 13.355, -70.399 -20.603 9.67107, -60.047 -9.66 12.842, -65.266 -46.562 12.5, 
            -62.4437 -17.898 11.6662, -62.4494 -17.898 11.7095, -72.177 -39.47 12.726, -72.177 -39.4 12.667, 
            -72.177 -39.433 12.7, -72.11 -39.156 12.757, -61.579 -10.9163 12.497, -61.5789 -10.9161 12.497, 
            -72.177 -39.374 12.63, -61.5861 -21.098 10.5148, -61.6633 -20.603 10.5391, -64.845 -46.4487 12.497, 
            -64.848 -46.4495 12.497, -65.269 -46.562 12.497, -65.266 -46.5617 12.497, -72.177 -39.355 12.589, 
            -72.11 -39.118 12.675, -65.266 -46.5617 12.497, -62.4467 -17.898 11.7283, -62.4448 -17.898 12.3568, 
            -71.999 -38.95 12.875, -62.4441 -17.898 12.497, -62.4437 -17.898 12.3648, -65.266 -46.525 12.928, 
            -65.266 -46.414 13.342, -61.5026 -10.752 12.497, -61.432 -10.6003 12.497, -64.845 -46.449 12.5, 
            -61.232 -10.392 12.94, -61.432 -10.66 12.842, -61.432 -10.734 13, -64.845 -46.4487 12.497, 
            -64.845 -46.414 12.908, -72.1844 -39.424 12.497, -72.177 -39.34 12.5, -62.4446 -17.898 11.4436, 
            -62.4467 -17.898 10.7583, -67.1549 -20.9783 5.7981, -64.5401 -30.698 5.92722, -64.45 -46.265 12.5, 
            -64.5721 -46.3216 12.497, -64.4529 -46.2661 12.497, -64.45 -46.2647 12.497, -64.45 -46.232 12.876, 
            -64.449 -46.2641 12.497, -71.578 -31.803 12.325, -74.2 -31.803 12.497, -71.5793 -31.803 12.3329, 
            -64.45 -46.134 13.24, -65.9395 -30.698 5.53186, -65.2994 -30.698 5.63217, -66.0891 -30.698 5.55062, 
            -65.1225 -30.698 5.65991, -62.494 -17.7839 12.3588, -64.392 -46.2241 12.497, -71.5788 -31.803 11.6271, 
            -71.5793 -31.803 11.4879, -71.5788 -31.803 12.472, -71.5787 -31.803 12.497, -70.57 -20.603 10.2194, 
            -67.348 -30.698 5.70032, -61.4315 -10.5995 12.497, -61.4293 -10.5964 12.497, -63.1122 -21.403 6.46622, 
            -62.8 -21.403 6.88417, -64.093 -42.633 13.731, -61.432 -10.6 12.5, -66.8084 -30.698 5.6524, 
            -62.269 -21.403 7.76052, -62.0342 -21.403 8.23919, -61.8725 -21.403 8.77792, -62.5084 -21.403 7.27327, 
            -63.785 -42.869 13.533, -71.4281 -31.803 10.5174, -66.7664 -30.698 5.63527, -71.5772 -31.803 12.0815, 
            -71.4054 -31.803 10.3719, -61.232 -10.314 12.5, -61.32 -10.4401 12.497, -64.093 -43.445 14.3, 
            -72.11 -39.425 12.982, -72.177 -39.555 12.757, -72.11 -39.511 13.005, -70.8574 -21.403 10.165, 
            -71.4497 -32.298 12.497, -71.4497 -32.298 12.4857, -71.4502 -32.298 12.3385, -69.4421 -21.403 7.23247, 
            -69.3133 -21.403 7.05657, -68.7168 -21.403 6.50008, -71.999 -39.857 13.205, -72.11 -39.775 12.982, 
            -72.11 -39.857 12.944, -64.093 -43.142 14.159, -71.4492 -32.298 12.3319, -71.4482 -32.298 12.0555, 
            -61.232 -10.334 12.723, -61.432 -10.615 12.674, -71.999 -39.6 13.25, -72.11 -39.6 13.013, 
            -72.11 -39.689 13.005, -70.4972 -21.403 9.01023, -70.5487 -21.403 9.17535, -71.4502 -32.298 11.4935, 
            -71.4095 -32.298 11.2286, -63.785 -43.55 14.01, -69.975 -21.403 7.96008, -70.0614 -21.403 8.13395, 
            -63.785 -43.297 13.892, -64.093 -44.1 14.415, -63.785 -43.821 14.083, -70.9807 -21.898 10.0257, 
            -61.6244 -21.403 9.90076, -71.999 -39.73 13.239, -71.382 -31.967 10.381, -71.556 -31.958 11.489, 
            -61.7068 -21.403 9.32889, -62.3135 -18.2 12.3587, -62.3145 -18.2 12.3514, -62.0526 -30.3143 9.48963, 
            -62.016 -30.2994 9.69466, -62.3165 -18.2 11.6951, -71.2836 -32.298 10.414, -63.535 -43.672 13.675, 
            -63.535 -43.475 13.583, -71.999 -39.47 13.239, -62.3139 -18.2 12.497, -63.785 -43.067 13.731, 
            -71.5554 -31.958 12.497, -62.3135 -18.2 11.6723, -71.556 -31.958 12.334, -67.6859 -21.403 5.82169, 
            -67.9142 -21.403 5.95895, -61.432 -11.1 13.366, -61.579 -11.258 13.092, -61.579 -11.366 13.143, 
            -63.535 -43.883 13.731, -68.5398 -21.403 6.33506, -63.4436 -21.403 6.17878, -61.432 -10.957 13.266, 
            -63.8228 -21.403 5.85029, -64.178 -21.403 5.67075, -63.535 -43.297 13.458, -61.579 -11.16 13.024, 
            -61.432 -10.834 13.143, -61.579 -11.076 12.94, -63.535 -43.142 13.303, -71.485 -32.1844 12.4856, 
            -71.5391 -32.0103 12.497, -71.4895 -32.1702 12.497, -63.351 -43.808 13.303, -71.5548 -31.958 12.3261, 
            -63.351 -43.55 13.155, -62.1495 -18.698 12.3509, -62.15 -18.698 12.4916, -64.093 -44.755 14.3, 
            -64.093 -44.433 14.386, -72.177 -39.645 12.757, -72.177 -39.6 12.76, -61.6709 -11.264 12.497, 
            -61.67 -11.253 12.5, -61.67 -11.334 12.723, -61.67 -11.377 12.766, -72.177 -39.511 12.745, 
            -61.5765 -10.9108 12.497, -71.5539 -31.958 12.0777, -61.579 -11.008 12.842, -66.3238 -21.403 5.35156, 
            -65.8121 -21.403 5.30934, -71.5516 -31.9682 12.3262, -64.093 -45.058 14.159, -71.5548 -31.9581 12.3261, 
            -63.785 -44.379 14.083, -62.4589 -30.5595 8.43122, -62.5573 -30.6825 8.29076, -65.4593 -21.403 5.28027, 
            -62.152 -18.698 11.8311, -62.1504 -18.698 12.3438, -63.785 -44.65 14.01, -62.1495 -18.698 11.6803, 
            -62.1525 -18.698 11.7026, -62.3231 -30.5092 8.79613, -63.785 -44.1 14.107, -62.265 -30.4879 8.95219, 
            -67.1132 -21.403 5.63858, -64.9766 -21.403 5.37689, -64.6152 -21.403 5.44953, -62.15 -18.698 12.497, 
            -66.6535 -21.403 5.47124, -72.1957 -39.552 12.497, -72.2 -39.6 12.5, -71.3019 -23.003 10.0968, 
            -63.535 -44.317 13.731, -62.1304 -30.439 9.31465, -63.535 -44.1 13.75, -71.4303 -23.498 10.0785, 
            -62.152 -18.698 10.8611, -62.235 -18.382 11.676, -62.4542 -21.898 7.17329, -62.1043 -21.898 7.88532, 
            -61.9687 -21.898 8.16182, -70.09 -21.898 7.83599, -70.1231 -21.898 7.88182, -71.1219 -23.498 9.07634, 
            -71.0782 -23.003 9.37006, -71.3549 -32.603 12.497, -71.3548 -32.603 12.4861, -71.3538 -32.603 12.1502, 
            -71.3544 -32.603 12.3363, -63.535 -44.528 13.675, -63.351 -44.248 13.342, -61.6677 -11.2448 12.497, 
            -71.3534 -32.603 12.0355, -63.351 -44.392 13.303, -72.1997 -39.6 12.497, -72.1997 -39.6005 12.497, 
            -72.1997 -39.5989 12.497, -72.1997 -39.5995 12.497, -72.1992 -39.5917 12.497, -72.1995 -39.5948 12.497, 
            -72.1985 -39.5829 12.497, -72.177 -39.8598 12.497, -71.3554 -32.603 12.3426, -72.1997 -39.6011 12.497, 
            -72.1997 -39.6017 12.497, -71.2781 -32.603 10.9951, -71.3554 -32.603 11.4976, -62.1698 -18.6248 12.4917, 
            -62.2094 -18.4783 12.497, -61.579 -10.957 12.734, -61.579 -10.926 12.619, -72.1997 -39.6025 12.497, 
            -63.785 -44.903 13.892, -70.6515 -21.898 8.958, -72.1996 -39.6036 12.497, -72.1995 -39.6052 12.497, 
            -61.67 -11.258 12.56, -61.579 -10.916 12.5, -63.535 -44.725 13.583, -72.1992 -39.6083 12.497, 
            -70.6115 -21.898 8.87643, -69.4517 -21.898 6.95179, -72.1986 -39.616 12.497, -72.177 -39.857 12.545, 
            -72.177 -39.86 12.5, -72.177 -39.845 12.589, -69.5721 -30.5166 6.88141, -69.4696 -30.4894 6.78733, 
            -69.603 -30.283 6.733, -61.7306 -21.898 8.955, -71.2014 -33.098 11.5042, -71.201 -33.098 11.6206, 
            -74.2 -33.098 12.497, -64.0897 -42.1886 12.497, -63.88 -42.3983 12.497, -63.4615 -43.008 12.497, 
            -64.093 -42.1853 12.497, -64.3804 -41.984 12.497, -63.072 -21.898 6.34706, -62.6197 -21.898 6.9524, 
            -69.3782 -30.4653 6.70348, -64.093 -42.3 13.155, -63.2556 -21.898 6.1878, -71.2009 -33.098 12.497, 
            -71.2009 -33.098 12.4888, -62.2241 -18.4332 11.6986, -64.093 -42.214 12.833, -63.785 -42.59 13.05, 
            -71.6043 -24.298 10.0591, -70.296 -30.207 7.416, -69.9883 -30.4219 7.25349, -71.2014 -33.098 12.3492, 
            -71.2004 -33.098 12.3432, -71.201 -33.098 12.4656, -69.4389 -21.898 6.93969, -69.1232 -21.898 6.63975, 
            -68.6778 -21.898 6.2243, -64.093 -42.185 12.5, -68.6619 -21.898 6.20943, -67.7876 -21.898 5.68383, 
            -67.8388 -21.898 5.71459, -72.1996 -39.5964 12.497, -71.1996 -33.098 12.0663, -63.99 -21.898 5.62039, 
            -63.7993 -21.898 5.7168, -62.238 -18.3818 11.6982, -62.2379 -18.382 11.6981, -62.2276 -18.4201 11.6985, 
            -70.1208 -30.466 7.42962, -63.785 -42.708 13.303, -72.1997 -39.5975 12.497, -72.1997 -39.5983 12.497, 
            -70.13 -30.469 7.44182, -71.5094 -23.803 10.0672, -63.785 -42.517 12.779, -70.6703 -30.3906 8.14861, 
            -70.2305 -30.5023 7.57544, -63.785 -42.493 12.5, -72.1985 -39.6171 12.497, -63.535 -42.869 12.717, 
            -63.535 -42.85 12.5, -66.8678 -21.898 5.38975, -66.8624 -21.898 5.38943, -62.3138 -18.2 11.5886, 
            -71.309 -32.7462 12.0355, -72.1929 -39.68 12.497, -62.3165 -18.2 10.7238, -71.2085 -33.0735 12.4867, 
            -70.7054 -30.4073 8.21688, -63.535 -42.925 12.928, -70.7782 -30.4422 8.35858, -70.7943 -30.4499 8.38982, 
            -62.2375 -18.382 11.8415, -66.3592 -21.898 5.20639, -65.6481 -21.898 5.14772, -72.177 -39.73 12.726, 
            -72.177 -39.689 12.745, -72.177 -39.8 12.667, -72.11 -39.93 12.893, -72.177 -39.767 12.7, 
            -65.4744 -21.898 5.13341, -66.5126 -21.898 5.2621, -64.7968 -21.898 5.26904, -64.6103 -21.898 5.30653, 
            -63.2773 -43.52 12.497, -66.9586 -21.898 5.41881, -72.1568 -39.936 12.497, -72.164 -39.9088 12.497, 
            -62.2359 -18.382 12.3481, -63.351 -43.258 12.648, -71.1854 -30.3384 9.13805, -71.204 -30.674 9.188, 
            -62.2354 -18.382 12.497, -62.235 -18.382 12.355, -70.098 -21.792 7.892, -72.177 -39.826 12.63, 
            -69.444 -21.863 6.956, -71.9012 -25.898 10.1317, -63.535 -43.017 13.125, -72.11 -40.113 12.5, 
            -72.11 -40.105 12.589, -70.611 -21.736 8.969, -62.2425 -18.3668 12.3484, -62.2359 -18.382 12.348, 
            -72.11 -40.082 12.675, -71.3489 -32.6176 12.0346, -71.999 -39.975 13.15, -71.999 -40.082 13.075, 
            -71.2056 -30.3327 9.17675, -63.351 -43.297 12.792, -71.2487 -30.3682 9.31071, -61.232 -10.487 13.143, 
            -71.999 -40.175 12.982, -71.849 -40.22 13.239, -71.849 -40.339 13.12, -71.849 -40.082 13.335, 
            -71.9262 -26.2 10.0409, -61.232 -10.3143 12.497, -63.351 -43.245 12.5, -71.664 -40.48 13.239, 
            -63.351 -43.445 13.05, -63.351 -43.36 12.928, -61.2292 -10.3115 12.497, -70.6635 -34.2 12.3607, 
            -74.2 -34.2 12.497, -70.665 -34.2 12.3704, -71.9301 -40.448 12.497, -71.999 -40.3498 12.497, 
            -71.999 -40.3498 12.497, -72.0027 -40.3417 12.497, -72.1145 -40.0959 12.497, -72.11 -40.1127 12.497, 
            -67.035 -21.5401 5.5664, -72.109 -40.1148 12.497, -66.8596 -21.847 5.40465, -72.11 -40.044 12.757, 
            -72.11 -39.993 12.83, -70.6629 -34.2 12.125, -72.072 -40.1939 12.497, -71.999 -40.35 12.5, 
            -71.9868 -27.003 10.0568, -70.6645 -34.2 11.6825, -63.238 -43.666 12.5, -70.6646 -34.2 12.497, 
            -63.351 -43.952 13.342, -71.999 -40.339 12.63, -62.0669 -19.003 12.3469, -62.0674 -19.003 12.4915, 
            -62.0674 -19.003 12.497, -71.999 -40.305 12.757, -70.665 -34.2 11.5254, -63.351 -43.672 13.24, 
            -71.999 -40.25 12.875, -70.2884 -34.698 11.3206, -70.3215 -34.698 11.5387, -63.238 -44.025 12.928, 
            -63.238 -43.952 12.908, -71.5776 -30.2 10.2069, -71.2973 -30.3539 9.45954, -62.4211 -22.2 7.11229, 
            -62.0038 -22.2 7.96146, -63.238 -43.883 12.876, -70.3215 -34.698 12.3837, -70.3201 -34.698 12.3746, 
            -70.3211 -34.698 12.497, -63.238 -43.821 12.833, -70.3195 -34.698 12.1089, -62.0669 -19.003 11.6844, 
            -62.069 -19.003 11.0137, -70.3195 -34.698 12.1013, -63.238 -43.767 12.779, -63.238 -43.724 12.717, 
            -71.849 -40.506 12.83, -71.0074 -22.2 9.84653, -62.0679 -19.003 12.3396, -71.849 -40.435 12.982, 
            -62.069 -19.003 11.9837, -62.07 -19.003 11.7071, -71.8525 -40.5588 12.497, -71.849 -40.5638 12.497, 
            -71.849 -40.564 12.5, -71.849 -40.5638 12.497, -71.849 -40.55 12.667, -70.7271 -22.2 8.93749, 
            -71.664 -40.68 12.893, -70.1945 -22.2 7.85283, -70.6124 -22.2 8.70386, -63.238 -43.692 12.648, 
            -71.6673 -40.7454 12.497, -63.238 -43.672 12.575, -71.664 -40.749 12.5, -71.664 -40.7487 12.497, 
            -71.664 -40.732 12.7, -70.0673 -22.2 7.67642, -61.579 -11.6 13.184, -61.579 -11.719 13.174, 
            -61.579 -11.481 13.174, -71.664 -40.595 13.075, -61.933 -19.498 12.3405, -61.9335 -19.498 12.4912, 
            -61.5892 -22.2 9.24531, -61.644 -22.2 9.06305, -70.6463 -34.2358 12.497, -70.573 -34.38 12.374, 
            -70.5726 -34.38 12.497, -62.5097 -22.2 6.99403, -61.9287 -22.2 8.11462, -71.56 -40.8216 12.497, 
            -71.5258 -40.8456 12.497, -71.45 -40.899 12.5, -70.5714 -34.38 12.3634, -70.5713 -34.3801 12.3633, 
            -71.45 -40.879 12.726, -71.45 -40.821 12.944, -63.0475 -22.2 6.27435, -61.67 -11.481 12.826, 
            -61.67 -11.426 12.801, -70.5591 -34.3955 12.3638, -69.5179 -22.2 6.91544, -61.67 -11.299 12.674, 
            -71.4532 -40.8965 12.497, -70.5708 -34.38 12.1376, -70.3266 -34.6889 12.1091, -71.45 -40.8987 12.497, 
            -61.933 -19.498 11.6911, -61.9361 -19.498 11.7145, -71.4488 -40.8993 12.497, -63.1409 -22.2 6.1933, 
            -63.7849 -22.2 5.63535, -71.3192 -40.96 12.497, -63.2005 -44.0948 12.497, -63.2008 -44.0917 12.497, 
            -71.45 -40.725 13.15, -61.9343 -19.498 11.2613, -68.0746 -30.3456 5.91809, -68.2845 -30.3038 5.98486, 
            -61.9343 -19.498 12.2313, -68.0022 -30.3599 5.89505, -61.934 -19.498 12.3328, -61.9335 -19.498 12.497, 
            -71.213 -41.01 12.5, -63.2 -44.1 12.5, -71.576 -30.2791 10.3232, -71.213 -40.925 12.982, 
            -63.368 -44.9912 12.497, -63.351 -44.955 12.5, -63.3982 -45.056 12.497, -70.573 -34.38 11.529, 
            -71.213 -40.821 13.205, -66.4267 -22.2 5.13451, -66.3808 -22.2 5.11783, -65.548 -22.2 5.04912, 
            -61.6931 -11.52 12.497, -61.67 -11.274 12.619, -71.5259 -30.2865 10.1584, -71.5726 -30.2725 10.3011, 
            -63.351 -44.65 13.155, -63.535 -44.903 13.458, -63.535 -45.058 13.303, -63.351 -44.755 13.05, 
            -70.96 -40.879 13.239, -64.6073 -22.2 5.21929, -63.8753 -22.2 5.58967, -61.7 -11.6 12.5, 
            -61.67 -11.54 12.842, -63.351 -44.1 13.355, -64.6871 -22.2 5.20324, -67.7768 -30.2553 5.81373, 
            -63.351 -44.528 13.24, -63.238 -44.248 12.908, -67.5934 -30.2413 5.75218, -74.2 -35.003 12.497, 
            -63.238 -44.175 12.928, -63.238 -44.1 12.934, -67.329 -30.2896 5.66785, -66.9573 -30.5811 5.65681, 
            -70.7 -40.899 13.25, -68.831 -30.367 6.235, -68.4921 -30.4042 6.11376, -65.4836 -22.2 5.04381, 
            -66.9161 -22.2 5.30929, -66.9045 -22.2 5.30844, -70.44 -40.732 13.45, -67.7776 -22.2 5.59708, 
            -67.845 -22.2 5.61956, -68.6227 -22.2 6.09902, -71.213 -41.0097 12.497, -71.2161 -41.0083 12.497, 
            -68.7242 -22.2 6.16158, -68.5643 -30.4212 6.15759, -69.3952 -22.2 6.7989, -61.67 -11.719 12.826, 
            -61.67 -11.66 12.842, -61.67 -11.6 12.847, -71.213 -40.988 12.745, -62.3771 -22.698 7.02507, 
            -62.3428 -22.698 7.09454, -70.9631 -41.0759 12.497, -70.96 -41.0767 12.497, -70.9599 -41.0768 12.497, 
            -70.96 -41.077 12.5, -70.0154 -35.003 11.1206, -70.96 -41.055 12.757, -70.96 -40.988 13.005, 
            -70.0784 -35.003 12.1021, -70.0786 -35.003 12.1764, -68.7708 -30.4697 6.28288, -70.0792 -35.003 12.3864, 
            -70.0803 -35.003 12.3931, -70.0799 -35.003 12.497, -70.7 -41.1 12.5, -70.0792 -35.003 11.8379, 
            -70.0803 -35.003 11.5481, -70.7 -41.0997 12.497, -69.184 -30.4139 6.52517, -70.7 -41.077 12.76, 
            -68.8274 -30.483 6.31724, -70.7 -41.01 13.013, -70.44 -41.077 12.5, -69.6123 -35.498 11.5659, 
            -69.5963 -35.498 11.458, -70.8517 -22.698 8.90367, -71.0513 -22.698 9.55104, -70.44 -40.988 13.005, 
            -70.44 -40.879 13.239, -71.1618 -31.003 9.22163, -71.4295 -31.003 10.05, -70.44 -38.861 13.779, 
            -70.3123 -22.698 7.80503, -70.0298 -22.698 7.41329, -63.2004 -44.096 12.497, -70.614 -22.698 8.41928, 
            -70.44 -38.468 13.45, -69.6272 -22.698 6.85551, -69.6123 -35.498 12.4109, -69.6116 -35.498 12.406, 
            -63.2003 -44.0995 12.497, -63.2003 -44.0989 12.497, -63.2003 -44.0983 12.497, -63.2003 -44.1 12.497, 
            -63.2003 -44.1005 12.497, -63.2003 -44.1011 12.497, -63.2003 -44.1017 12.497, -63.2003 -44.1025 12.497, 
            -69.6106 -35.498 12.0954, -69.6108 -35.498 12.0593, -61.5247 -22.698 9.19798, -61.8532 -22.698 8.10986, 
            -61.5162 -22.698 9.25692, -69.612 -35.498 12.497, -70.187 -38.895 13.721, -70.187 -38.694 13.58, 
            -61.8726 -22.698 8.04529, -69.95 -38.765 13.495, -62.9641 -22.698 6.24537, -70.187 -38.52 13.406, 
            -63.0177 -22.698 6.17424, -71.4489 -31.498 10.3549, -69.3461 -35.498 10.384, -63.2053 -44.16 12.497, 
            -63.2015 -44.1171 12.497, -69.323 -22.698 6.56674, -68.5216 -22.698 5.90617, -68.823 -22.698 6.09185, 
            -63.6943 -22.698 5.59394, -71.1089 -31.803 9.45693, -63.7711 -22.698 5.52816, -70.44 -38.321 13.239, 
            -61.6985 -11.5829 12.497, -69.824 -35.327 12.403, -69.8153 -35.3335 12.3992, -66.9915 -22.698 5.22872, 
            -66.9705 -22.698 5.22718, -70.187 -38.275 12.982, -65.5015 -22.698 4.93837, -65.3733 -22.698 4.9632, 
            -64.6096 -22.698 5.11051, -64.507 -22.698 5.16157, -66.4126 -22.698 5.02003, -66.2617 -22.698 5.00651, 
            -71.2047 -32.298 10.1687, -61.6997 -11.6011 12.497, -70.187 -38.19 12.5, -61.6992 -11.5918 12.497, 
            -70.4369 -38.1241 12.497, -70.44 -38.1233 12.497, -70.187 -38.379 13.205, -71.0413 -32.603 9.97313, 
            -70.187 -38.212 12.745, -61.67 -11.942 12.56, -61.67 -11.926 12.619, -61.67 -11.901 12.674, 
            -61.67 -11.866 12.723, -70.187 -38.1903 12.497, -70.024 -38.2666 12.497, -69.95 -38.3013 12.497, 
            -70.1839 -38.1917 12.497, -70.1819 -38.1927 12.497, -67.6543 -22.698 5.45013, -67.9325 -22.698 5.54301, 
            -63.022 -22.513 6.199, -62.383 -22.548 7.042, -61.6986 -11.584 12.497, -61.6995 -11.5948 12.497, 
            -61.879 -22.575 8.056, -69.95 -38.379 12.944, -63.7253 -31.003 6.71442, -63.4314 -31.003 7.08981, 
            -69.95 -38.605 13.335, -69.95 -38.475 13.15, -63.052 -31.003 7.51618, -63.0983 -31.003 7.46426, 
            -69.736 -38.72 13.239, -69.736 -38.861 13.38, -61.67 -11.947 12.5, -69.736 -38.605 13.075, 
            -62.5569 -31.003 8.36646, -69.551 -38.765 12.982, -69.736 -38.52 12.893, -62.1326 -31.003 9.50922, 
            -62.172 -31.003 9.39791, -62.5083 -31.003 8.45014, -61.67 -11.774 12.801, -69.551 -38.98 13.239, 
            -69.551 -38.861 13.12, -69.551 -38.694 12.83, -61.432 -12.366 13.143, -61.432 -12.243 13.266, 
            -61.579 -12.124 12.94, -69.9097 -35.2182 12.497, -61.579 -11.834 13.143, -70.7761 -33.098 9.65568, 
            -61.579 -12.04 13.024, -61.432 -12.1 13.366, -61.579 -11.942 13.092, -70.4955 -31.003 8.01628, 
            -69.9714 -31.003 7.32082, -61.8504 -19.803 12.3365, -61.8515 -19.803 12.3285, -61.8504 -19.803 11.6952, 
            -61.8536 -19.803 11.719, -61.851 -19.803 12.491, -61.851 -19.803 12.497, -61.8513 -19.803 11.4139, 
            -70.6392 -31.003 8.20684, -71.0388 -31.003 8.98238, -63.6538 -34.698 10.0784, -63.2004 -44.0964 12.497, 
            -69.95 -38.321 12.726, -63.2003 -44.0975 12.497, -69.95 -38.301 12.5, -61.67 -11.823 12.766, 
            -69.9692 -34.698 10.0079, -61.579 -12.284 12.5, -61.579 -12.243 12.734, -61.579 -12.192 12.842, 
            -69.8237 -35.327 12.497, -69.8234 -35.327 12.399, -61.5835 -12.2669 12.497, -61.579 -12.2837 12.497, 
            -69.9947 -35.109 12.0997, -61.579 -12.274 12.619, -61.432 -12.6 12.5, -61.432 -12.585 12.674, 
            -69.8233 -35.327 12.3989, -69.8224 -35.327 12.0776, -69.6633 -35.4555 12.0975, -61.577 -12.288 12.497, 
            -61.432 -12.54 12.842, -69.824 -35.327 11.558, -61.432 -12.466 13, -61.232 -12.426 13.485, 
            -61.232 -12.585 13.326, -60.986 -12.585 13.674, -63.3308 -34.2 9.97611, -60.7 -12.927 13.613, 
            -60.7 -12.713 13.827, -60.986 -12.774 13.485, -61.961 -31.003 10.5212, -61.7197 -20.298 11.7264, 
            -61.7165 -20.298 11.7019, -63.7497 -31.003 6.69459, -60.7 -12.466 14, -69.736 -38.4513 12.497, 
            -69.9468 -38.3035 12.497, -61.531 -22.594 9.204, -63.2165 -44.288 12.497, -63.238 -44.534 12.5, 
            -69.736 -38.468 12.7, -61.7177 -20.298 12.321, -63.238 -44.508 12.648, -63.238 -44.528 12.575, 
            -69.7555 -35.003 10.1377, -63.238 -44.476 12.717, -61.717 -20.298 12.497, -61.7165 -20.298 12.3301, 
            -69.736 -38.451 12.5, -60.384 -12.54 14.128, -63.238 -44.433 12.779, -69.551 -38.65 12.667, 
            -69.551 -38.636 12.5, -61.7166 -20.298 11.6615, -61.7204 -20.298 10.5563, -63.772 -22.472 5.562, 
            -69.551 -38.6362 12.497, -69.7327 -38.4546 12.497, -60.384 -13.228 13.44, -64.4159 -35.498 10.3347, 
            -61.793 -20.017 12.4909, -61.7897 -20.0292 12.497, -61.7328 -20.2399 12.497, -63.351 -44.903 12.792, 
            -69.401 -38.861 12.63, -67.1214 -22.2892 5.35893, -66.9211 -22.2328 5.30398, -66.9626 -22.5074 5.25956, 
            -63.238 -44.317 12.876, -69.2333 -35.803 12.2731, -74.2 -35.803 12.497, -69.234 -35.803 12.4202, 
            -69.2345 -35.803 12.497, -65.5322 -14.5987 12.497, -69.512 -38.6919 12.497, -69.5475 -38.6412 12.497, 
            -69.2327 -35.803 12.0798, -69.19 -35.803 11.2796, -69.1593 -35.803 11.0727, -66.39 -22.329 5.08, 
            -61.232 -12.808 12.94, -61.232 -12.713 13.143, -63.238 -44.379 12.833, -69.401 -38.895 12.757, 
            -69.401 -38.8503 12.497, -68.9654 -36.02 12.4309, -61.232 -12.886 12.5, -69.29 -39.118 12.675, 
            -69.29 -39.095 12.589, -65.489 -22.378 4.991, -61.232 -12.866 12.723, -69.401 -38.85 12.5, 
            -69.4009 -38.8506 12.497, -69.3973 -38.8583 12.497, -65.922 -31.003 5.71159, -65.1702 -31.003 5.81767, 
            -64.605 -22.426 5.154, -69.3721 -38.912 12.497, -60.986 -12.927 13.266, -64.4155 -31.003 6.15355, 
            -64.4117 -31.003 6.15527, -64.5228 -31.003 6.10429, -65.1516 -31.003 5.82597, -67.3604 -31.003 5.74705, 
            -68.1807 -31.003 6.02574, -65.5256 -14.6002 12.497, -60.986 -13.132 12.5, -60.986 -13.109 12.766, 
            -60.986 -13.04 13.024, -70.187 -39.355 13.888, -70.187 -39.118 13.825, -64.9244 -35.803 10.2162, 
            -64.9765 -35.803 10.0802, -69.95 -39.374 13.779, -69.95 -39.156 13.721, -61.6594 -20.603 12.3271, 
            -61.6606 -20.603 12.3179, -69.95 -38.95 13.625, -68.6361 -35.803 9.90601, -61.6598 -20.603 12.4548, 
            -61.6599 -20.603 12.497, -68.7913 -35.803 10.1264, -60.7282 -13.312 12.497, -60.7 -13.332 12.5, 
            -60.7 -13.306 12.801, -63.3535 -44.9602 12.497, -70.187 -39.6 13.91, -60.7 -13.228 13.092, 
            -63.351 -44.9547 12.497, -70.9234 -33.403 10.5336, -60.7 -13.1 13.366, -70.187 -39.845 13.888, 
            -60.384 -13.451 12.826, -63.351 -44.84 12.928, -63.535 -45.275 12.928, -60.384 -13.366 13.143, 
            -71.0712 -33.403 12.3482, -71.0721 -33.403 12.3544, -63.351 -44.942 12.648, -69.95 -39.826 13.779, 
            -69.95 -39.6 13.799, -71.0717 -33.403 12.497, -60.7032 -13.3295 12.497, -71.0529 -33.403 11.3841, 
            -71.0721 -33.403 11.5094, -71.0704 -33.403 12.0897, -67.8771 -36.298 10.4283, -61.5063 -23.003 9.18034, 
            -61.7891 -23.003 8.24341, -67.5349 -36.298 10.131, -67.6743 -36.298 10.2366, -69.736 -39.4 13.632, 
            -69.736 -39.207 13.58, -67.7624 -36.298 10.3026, -70.7446 -33.898 11.0334, -70.0069 -23.003 7.25214, 
            -69.6941 -23.003 6.8188, -63.785 -45.331 13.533, -64.093 -45.331 13.967, -69.551 -39.433 13.45, 
            -69.551 -39.27 13.406, -70.8192 -33.898 12.3643, -70.818 -33.898 12.3563, -69.736 -39.025 13.495, 
            -60.047 -10.334 14.009, -63.785 -45.133 13.731, -60.047 -10.091 13.766, -60.047 -9.894 13.485, 
            -69.736 -39.6 13.649, -59.7 -10.314 14.032, -59.7 -10.068 13.786, -59.7 -9.868 13.5, 
            -59.353 -10.091 13.766, -59.353 -9.894 13.485, -64.0958 -46.0167 12.497, -64.093 -46.0147 12.497, 
            -64.093 -46.015 12.5, -70.3845 -23.003 7.77575, -70.6149 -23.003 8.245, -70.928 -23.003 8.88296, 
            -69.401 -39.343 13.205, -69.401 -39.225 13.15, -69.551 -39.118 13.335, -61.8568 -23.003 8.01873, 
            -62.261 -23.003 7.20137, -67.2701 -31.003 5.73829, -61.6626 -20.603 11.7293, -59.016 -10.16 13.708, 
            -68.3008 -31.003 6.0665, -62.3652 -23.003 6.99065, -62.8687 -23.003 6.32181, -63.0107 -23.003 6.13343, 
            -61.5821 -21.098 11.7091, -61.5853 -21.098 11.7331, -70.8175 -33.898 12.145, -69.95 -40.044 13.721, 
            -69.736 -39.8 13.632, -61.5821 -21.098 12.3229, -61.5834 -21.098 12.3134, -60.047 -11.6 14.47, 
            -59.7 -11.253 14.47, -60.047 -11.258 14.44, -68.561 -36.041 10.348, -70.8188 -33.898 12.497, 
            -59.7 -10.916 14.379, -61.5826 -21.098 12.497, -61.5848 -21.098 11.898, -70.8174 -33.898 12.1078, 
            -70.818 -33.898 11.9401, -61.6594 -20.603 11.7049, -61.6348 -20.781 11.7309, -70.8192 -33.898 11.5193, 
            -64.093 -46.0147 12.497, -64.1862 -46.08 12.497, -61.6483 -20.6774 12.497, -69.551 -39.767 13.45, 
            -69.551 -39.6 13.464, -64.093 -45.9 13.155, -69.0413 -31.003 6.51311, -69.182 -31.003 6.59814, 
            -69.8218 -31.003 7.18392, -63.785 -45.707 12.5, -63.88 -45.8017 12.497, -63.785 -45.683 12.779, 
            -64.093 -45.986 12.833, -70.958 -33.6243 12.3522, -70.9191 -33.6991 12.1098, -63.785 -45.61 13.05, 
            -61.5358 -21.403 12.3107, -61.5366 -21.403 12.0588, -61.5376 -21.403 11.7354, -59.7 -10.6 14.232, 
            -63.785 -45.492 13.303, -68.8836 -23.003 6.04915, -69.2788 -23.003 6.42456, -66.3971 -31.003 5.65323, 
            -66.3409 -31.003 5.66138, -66.0033 -31.003 5.71061, -65.966 -31.003 5.70539, -63.8283 -31.498 6.8369, 
            -63.6087 -31.498 7.08094, -59.353 -10.926 14.351, -61.5345 -21.403 12.3203, -59.353 -11.258 14.44, 
            -63.6878 -45.568 12.497, -63.5377 -45.3536 12.497, -59.353 -10.615 14.206, -61.5345 -21.403 11.7117, 
            -61.535 -21.403 12.497, -63.5894 -23.003 5.63705, -63.535 -45.35 12.5, -63.535 -45.3497 12.497, 
            -63.7699 -23.003 5.4825, -59.353 -10.334 14.009, -74.2 -29.403 12.497, -62.6113 -31.498 8.5068, 
            -62.507 -31.498 8.79776, -62.9879 -31.498 7.86593, -63.1486 -31.498 7.59245, -62.2395 -31.498 9.54565, 
            -61.4572 -21.898 11.716, -61.4603 -21.898 11.7389, -64.3971 -23.003 5.17005, -64.6148 -23.003 5.06174, 
            -63.535 -45.183 13.125, -61.4585 -21.898 12.3062, -65.5133 -23.003 4.8882, -66.1556 -23.003 4.94578, 
            -65.263 -23.003 4.93671, -66.4313 -23.003 4.97047, -66.9832 -23.003 5.17536, -67.0377 -23.003 5.17938, 
            -61.4578 -21.898 12.497, -61.4572 -21.898 12.316, -67.5788 -23.003 5.36013, -67.9862 -23.003 5.49613, 
            -61.4585 -21.898 11.3498, -68.4597 -23.003 5.78806, -60.047 -11.942 14.44, -63.535 -45.331 12.717, 
            -61.5366 -21.403 11.0888, -59.7 -11.6 14.5, -69.16 -31.498 6.70359, -69.5063 -31.498 7.02064, 
            -61.4625 -21.8727 12.3064, -59.7 -11.947 14.47, -63.785 -45.7067 12.497, -63.785 -45.7067 12.497, 
            -63.7878 -45.7095 12.497, -62.3457 -23.498 6.93479, -62.1283 -23.498 7.37474, -71.0984 -31.498 9.27222, 
            -71.2312 -31.498 9.68304, -63.0506 -16.603 10.8566, -59.353 -11.6 14.47, -59.353 -11.942 14.44, 
            -70.5016 -23.498 7.72823, -70.6165 -23.498 7.96214, -69.8026 -23.498 6.75923, -69.9697 -23.498 6.99059, 
            -60.047 -12.274 14.351, -70.7902 -31.498 8.673, -62.8888 -16.8726 10.9468, -62.8861 -16.8788 10.9371, 
            -62.8769 -16.9003 10.9034, -69.9331 -31.498 7.41134, -61.4113 -22.2 12.3039, -61.4131 -22.2 11.7411, 
            -61.4101 -22.2 12.3134, -70.2078 -31.498 7.77578, -70.587 -31.498 8.27868, -71.9603 -29.403 12.093, 
            -71.961 -29.403 12.3185, -71.0519 -23.498 8.84934, -71.9619 -29.403 12.3254, -71.9614 -29.403 12.4894, 
            -71.9614 -29.403 12.497, -61.8312 -23.498 7.97563, -61.6851 -23.498 8.46016, -61.4763 -23.498 9.1517, 
            -59.353 -12.274 14.351, -65.1832 -14.698 11.5456, -65.1836 -14.698 11.4464, -61.2934 -23.498 10.4169, 
            -71.9601 -29.403 11.9785, -71.9601 -29.403 11.9977, -61.4106 -22.2 12.497, -62.8413 -16.9827 10.933, 
            -61.4101 -22.2 11.7185, -71.9619 -29.403 11.3869, -63.4192 -23.498 5.707, -62.9992 -23.498 6.06718, 
            -62.7138 -23.498 6.44588, -69.2071 -23.498 6.19381, -71.8532 -29.898 11.394, -64.3448 -31.498 6.46919, 
            -65.297 -14.698 11.0886, -65.2508 -14.698 11.1674, -71.8528 -29.898 11.5259, -65.2181 -14.698 11.2564, 
            -59.016 -10.957 14.266, -63.768 -23.498 5.40839, -64.2188 -23.498 5.18381, -61.3439 -22.698 11.7444, 
            -61.3421 -22.698 12.3005, -61.3409 -22.698 12.3095, -59.016 -10.66 14.128, -59.016 -10.392 13.94, 
            -58.7 -10.487 13.827, -71.8527 -29.898 12.497, -71.8527 -29.898 12.4916, -64.6241 -31.498 6.27015, 
            -61.3411 -22.698 12.3648, -61.3415 -22.698 12.4958, -61.3415 -22.698 12.497, -70.44 -40.339 13.779, 
            -58.7 -11.008 14.128, -58.7 -10.734 14, -70.187 -40.506 13.58, -70.187 -40.305 13.721, 
            -71.8532 -29.898 12.3321, -71.8528 -29.898 12.464, -61.4108 -22.2 11.509, -61.35 -22.6038 11.744, 
            -71.8523 -29.898 12.3255, -71.8514 -29.898 12.0223, -70.187 -40.082 13.825, -59.016 -11.274 14.351, 
            -61.3475 -22.6414 11.7441, -67.1126 -23.498 5.0993, -67.004 -23.498 5.09129, -58.7 -11.299 14.206, 
            -61.35 -22.604 11.7439, -58.414 -10.834 13.827, -58.414 -11.076 13.94, -64.6233 -23.498 4.98259, 
            -61.347 -22.604 12.31, -61.3482 -22.604 12.3009, -67.4562 -23.498 5.21406, -70.187 -40.68 13.406, 
            -61.3482 -22.6039 12.3009, -71.8589 -29.8697 12.4898, -58.7 -10.273 13.613, -65.9835 -23.498 4.8472, 
            -66.4617 -23.498 4.89003, -61.351 -22.5862 12.301, -65.084 -23.498 4.89371, -68.0732 -23.498 5.42005, 
            -58.414 -10.615 13.674, -71.9356 -29.5145 11.9983, -58.414 -10.426 13.485, -68.9818 -23.498 5.97985, 
            -68.3592 -23.498 5.59637, -65.2508 -14.698 12.1374, -65.297 -14.698 12.0586, -61.3476 -22.604 12.497, 
            -61.343 -22.6757 12.497, -65.5326 -23.498 4.80678, -66.8841 -23.498 5.04688, -69.95 -40.25 13.625, 
            -69.95 -40.435 13.495, -65.5038 -31.498 5.91355, -65.1675 -31.498 6.04998, -65.294 -14.698 11.9251, 
            -65.3446 -14.698 11.999, -58.168 -10.774 13.485, -65.2499 -14.698 11.8363, -59.016 -11.6 14.379, 
            -59.016 -12.243 14.266, -69.736 -40.175 13.495, -69.736 -39.993 13.58, -59.016 -11.926 14.351, 
            -65.1961 -14.698 11.35, -67.8492 -31.498 6.03052, -68.2973 -31.498 6.18275, -69.551 -39.93 13.406, 
            -67.3768 -31.498 5.87003, -66.9504 -31.498 5.82869, -66.4334 -31.498 5.77831, -66.0459 -31.498 5.83448, 
            -68.7112 -31.498 6.43233, -58.7 -11.901 14.206, -58.7 -11.6 14.232, -69.401 -39.6 13.25, 
            -65.1949 -14.698 11.6441, -58.7 -12.192 14.128, -66.9899 -23.1653 5.14778, -65.2181 -14.698 12.2264, 
            -65.1961 -14.698 12.32, -65.2165 -14.698 11.7423, -65.1836 -14.698 12.4164, -63.6629 -31.0582 6.83912, 
            -63.061 -31.089 7.521, -63.6194 -31.0523 6.88698, -69.401 -39.118 13.075, -58.414 -11.6 14.032, 
            -69.29 -39.27 12.893, -69.29 -39.343 12.944, -58.414 -11.334 14.009, -69.401 -39.025 12.982, 
            -63.7365 -31.0728 6.76333, -63.74 -31.0734 6.7597, -58.414 -12.124 13.94, -69.401 -38.95 12.875, 
            -65.1833 -14.698 12.4849, -61.3224 -23.003 12.2989, -61.3241 -23.003 11.7458, -63.737 -31.046 6.732, 
            -65.1832 -14.698 12.486, -58.414 -11.866 14.009, -71.213 -10.1903 12.497, -71.2101 -10.1895 12.497, 
            -70.957 -10.123 12.497, -70.96 -10.1233 12.497, -70.6957 -10.1006 12.497, -70.697 -10.1005 12.497, 
            -63.7487 -31.0751 6.75072, -63.7498 -31.0744 6.74923, -58.168 -11.823 13.766, -69.29 -39.156 12.757, 
            -71.664 -11.025 13.495, -71.664 -11.207 13.58, -71.45 -10.95 13.625, -71.45 -11.156 13.721, 
            -61.3218 -23.003 12.497, -61.3218 -23.003 12.4847, -58.168 -12.04 13.708, -69.29 -39.207 12.83, 
            -71.45 -10.765 13.495, -71.213 -10.694 13.58, -71.213 -10.895 13.721, -58.168 -11.377 13.766, 
            -58.168 -11.16 13.708, -62.521 -31.117 8.455, -71.213 -11.118 13.825, -58.168 -10.957 13.613, 
            -61.8541 -19.803 10.5942, -69.29 -39.0873 12.497, -71.213 -10.52 13.406, -62.148 -31.136 9.513, 
            -57.968 -11.258 13.44, -70.5738 -23.803 7.69895, -70.6174 -23.803 7.78786, -62.1883 -31.498 9.84677, 
            -71.213 -11.355 13.888, -70.96 -11.095 13.888, -70.96 -10.861 13.779, -69.29 -39.087 12.5, 
            -71.1282 -23.803 8.82862, -71.1488 -23.803 8.89536, -70.96 -10.65 13.632, -58.168 -11.6 13.786, 
            -61.663 -20.603 10.667, -69.2897 -39.0883 12.497, -69.9467 -23.803 6.82944, -61.5848 -21.098 10.928, 
            -61.4579 -23.803 9.13406, -61.621 -23.803 8.59371, -61.3593 -23.803 9.81923, -61.8154 -23.803 7.94908, 
            -62.0466 -23.803 7.48157, -57.968 -11.426 13.485, -66.0299 -14.698 11.9527, -66.0299 -14.698 12.078, 
            -57.968 -11.6 13.5, -69.223 -39.374 12.63, -62.6184 -23.803 6.52233, -62.9922 -23.803 6.02636, 
            -63.3143 -23.803 5.75011, -57.968 -11.774 13.485, -66.1119 -14.698 12.3638, -66.0824 -14.698 12.2124, 
            -65.9838 -14.698 12.0154, -69.223 -39.343 12.545, -69.223 -39.34 12.5, -58.168 -12.243 13.613, 
            -69.0423 -23.803 5.93714, -69.1629 -23.803 6.05163, -62.3338 -23.803 6.90037, -61.3211 -23.003 12.3081, 
            -61.3211 -23.003 11.7239, -61.3245 -23.003 10.6652, -63.7668 -23.803 5.36273, -64.1089 -23.803 5.1923, 
            -69.223 -39.511 12.745, -69.223 -39.47 12.726, -69.29 -39.425 12.982, -69.223 -39.433 12.7, 
            -69.223 -39.4 12.667, -61.2915 -23.498 11.9134, -61.2903 -23.498 12.2964, -66.7872 -23.803 4.95437, 
            -67.017 -23.803 5.0395, -69.223 -39.355 12.589, -61.2921 -23.498 11.7489, -61.2915 -23.498 10.9434, 
            -66.0824 -14.698 11.819, -60.047 -9.749 13.174, -61.2712 -23.803 11.1148, -61.2891 -23.498 12.3057, 
            -61.2897 -23.498 12.4845, -61.2897 -23.498 12.497, -64.6285 -23.803 4.93383, -64.9738 -23.803 4.86722, 
            -61.2891 -23.498 11.7263, -61.2383 -24.298 11.393, -67.1588 -23.803 5.04995, -60.047 -9.63 12.5, 
            -68.1269 -23.803 5.37317, -67.3807 -23.803 5.12406, -66.4804 -23.803 4.84047, -60.0436 -9.62996 12.497, 
            -61.3112 -23.2015 11.7468, -69.8695 -23.803 6.72253, -64.413 -31.009 6.158, -61.2084 -25.403 10.6822, 
            -59.7 -9.63 12.847, -61.2045 -25.403 11.7337, -65.5445 -23.803 4.75662, -70.7 -11.087 13.91, 
            -70.7 -10.85 13.799, -64.3861 -31.1603 6.32534, -66.1119 -14.698 11.6669, -66.1131 -14.698 11.5066, 
            -66.0843 -14.698 11.3493, -65.8774 -23.803 4.78646, -70.7 -10.636 13.649, -64.49 -31.1565 6.25007, 
            -64.5666 -31.1165 6.18193, -65.1031 -31.1521 5.97495, -61.2693 -23.803 11.7277, -64.463 -31.1706 6.27408, 
            -70.5718 -24.298 7.53353, -69.9652 -24.298 6.68207, -61.2705 -23.803 12.2949, -61.2712 -23.803 12.0848, 
            -61.2724 -23.803 11.7511, -61.3034 -27.803 11.0398, -61.2699 -23.803 12.497, -61.27 -23.803 12.4844, 
            -61.2693 -23.803 12.3043, -66.1131 -14.698 12.4766, -66.1127 -14.698 12.4745, -71.849 -11.767 13.45, 
            -61.4114 -28.603 10.5037, -71.849 -11.6 13.464, -61.2372 -24.298 12.3019, -61.2379 -24.298 12.4842, 
            -61.2385 -24.298 12.2921, -61.2405 -24.298 11.7546, -61.2372 -24.298 11.7301, -71.849 -11.433 13.45, 
            -61.2378 -24.298 12.497, -61.2466 -24.1736 12.2931, -71.664 -11.6 13.649, -71.5329 -24.298 9.8252, 
            -71.664 -11.8 13.632, -71.664 -11.4 13.632, -65.9125 -31.0237 5.7293, -65.4508 -31.0278 5.79774, 
            -65.968 -31.0232 5.72106, -61.218 -24.603 11.5644, -61.2174 -24.603 11.7316, -71.2241 -24.298 8.81218, 
            -71.131 -24.298 8.62061, -61.2189 -24.603 12.2898, -61.2208 -24.603 11.7567, -61.2174 -24.603 12.3004, 
            -61.2181 -24.603 12.488, -61.2181 -24.603 12.497, -65.3983 -31.0557 5.82716, -71.45 -11.374 13.779, 
            -61.2005 -25.098 11.7333, -70.6702 -24.298 7.67161, -69.401 -39.47 13.239, -65.2026 -31.1592 5.93671, 
            -69.29 -39.6 13.013, -69.29 -39.511 13.005, -61.204 -25.098 11.7589, -61.2021 -25.098 12.2873, 
            -61.7897 -24.298 7.90598, -61.9139 -24.298 7.65495, -61.2005 -25.098 12.2986, -61.201 -25.098 12.4185, 
            -71.664 -12.175 13.495, -61.517 -24.298 8.81046, -61.428 -24.298 9.10542, -61.2013 -25.098 12.497, 
            -61.198 -24.903 11.733, -71.664 -11.993 13.58, -62.9808 -24.298 5.96012, -62.4635 -24.298 6.6464, 
            -61.202 -24.9447 11.7587, -63.144 -24.298 5.82006, -62.3144 -24.298 6.8445, -61.2015 -24.903 11.7587, 
            -61.2015 -24.9028 11.7588, -69.8782 -24.298 6.59815, -61.198 -24.903 12.299, -61.2009 -24.8825 12.2878, 
            -63.9305 -24.298 5.20607, -63.7648 -24.298 5.28862, -61.1995 -24.9029 12.2876, -71.45 -11.826 13.779, 
            -67.2581 -24.298 4.978, -69.223 -39.6 12.76, -69.223 -39.555 12.757, -61.5279 -29.098 11.728, 
            -61.5306 -29.098 10.9936, -61.1995 -24.903 12.2877, -69.401 -39.857 13.205, -69.401 -39.73 13.239, 
            -61.1987 -24.903 12.497, -61.8419 -30.2 10.9376, -69.29 -39.689 13.005, -61.2045 -24.8134 12.497, 
            -61.8993 -30.698 11.4084, -69.29 -39.93 12.893, -69.223 -39.73 12.726, -69.29 -39.857 12.944, 
            -69.223 -39.767 12.7, -61.208 -25.403 11.7593, -61.2045 -25.403 12.2981, -61.206 -25.403 12.2867, 
            -61.2052 -25.403 12.497, -61.9389 -31.003 10.651, -61.2137 -25.898 11.9523, -61.2144 -25.898 11.7599, 
            -69.401 -39.975 13.15, -69.29 -39.775 12.982, -61.2109 -25.898 11.7343, -65.3571 -14.6958 11.9996, 
            -65.4315 -14.6852 12.0066, -62.048 -31.498 10.6678, -61.2124 -25.898 12.2858, -61.2109 -25.898 12.2972, 
            -61.2116 -25.898 12.497, -62.0469 -31.498 10.9732, -61.956 -31.146 10.653, -61.2103 -25.5801 11.7595, 
            -67.0381 -24.298 4.95544, -67.2338 -24.298 4.96987, -69.29 -39.993 12.83, -69.223 -39.8 12.667, 
            -64.7948 -24.298 4.82422, -64.6369 -24.298 4.85467, -65.533 -14.598 11.531, -65.3522 -14.6966 11.9998, 
            -62.2222 -31.803 10.128, -62.1278 -31.803 10.6806, -63.8848 -31.803 6.90003, -63.5145 -31.803 7.3117, 
            -61.2148 -26.2 12.2967, -61.2164 -26.2 12.2852, -61.2169 -26.2 12.1354, -61.2183 -26.2 11.7602, 
            -71.45 -11.6 13.799, -63.214 -31.803 7.64573, -62.2536 -32.298 11.701, -62.1258 -31.803 11.2507, 
            -62.2572 -32.298 10.7014, -61.2148 -26.2 11.7347, -61.2155 -26.2 12.497, -62.2772 -32.298 10.5844, 
            -69.223 -39.645 12.757, -61.2213 -26.698 11.7354, -61.2223 -26.698 11.4674, -62.4958 -31.803 9.07214, 
            -62.6836 -31.803 8.54828, -62.9334 -31.803 8.12315, -62.3657 -32.603 10.861, -62.3662 -32.603 10.7203, 
            -61.2247 -26.698 11.7607, -71.213 -11.6 13.91, -61.2228 -26.698 12.2844, -70.96 -11.343 13.955, 
            -62.3166 -31.803 9.57317, -61.222 -26.698 12.497, -61.2213 -26.698 12.2958, -70.96 -11.6 13.977, 
            -62.6635 -33.098 10.2711, -62.7548 -33.098 9.74093, -62.5798 -33.098 10.7587, -71.45 -12.25 13.625, 
            -71.45 -12.044 13.721, -71.213 -12.082 13.825, -62.524 -32.603 9.80091, -61.2196 -26.4463 12.2848, 
            -71.213 -11.845 13.888, -69.1347 -24.298 5.88162, -66.5107 -24.298 4.76003, -65.7053 -24.298 4.68788, 
            -61.2255 -27.003 11.6523, -65.5638 -24.298 4.6752, -66.6298 -24.298 4.80424, -70.96 -11.857 13.955, 
            -62.7114 -33.403 10.7823, -61.2259 -27.003 12.497, -61.2252 -27.003 12.2952, -70.637 -31.803 8.48238, 
            -70.5548 -31.803 8.32296, -70.0305 -31.803 7.6276, -70.7 -11.6 14, -69.2 -39.6 12.5, 
            -61.2267 -27.003 12.2839, -61.2286 -27.003 11.7611, -70.618 -23.99 7.681, -61.2252 -27.003 11.7358, 
            -70.7 -12.113 13.91, -69.927 -24.065 6.691, -69.1464 -31.803 6.76857, -69.3119 -31.803 6.92003, 
            -70.7 -11.86 13.977, -69.9096 -31.803 7.46711, -61.2668 -27.498 11.7352, -61.2703 -27.498 11.7604, 
            -70.7 -11.34 13.977, -61.2668 -27.498 12.2961, -61.2683 -27.498 12.2849, -61.2676 -27.498 12.497, 
            -61.227 -27.141 11.736, -61.2304 -27.1408 11.7612, -71.16 -23.93 8.82, -62.7494 -33.403 10.5607, 
            -71.0593 -31.803 9.3034, -61.2332 -27.1658 11.7611, -61.2304 -27.141 11.7611, -69.2003 -39.5975 12.497, 
            -69.2004 -39.5964 12.497, -69.2003 -39.5983 12.497, -69.2003 -39.5995 12.497, -69.2003 -39.6 12.497, 
            -69.2003 -39.6005 12.497, -70.96 -10.145 12.757, -61.2283 -27.1221 12.2837, -69.2003 -39.6025 12.497, 
            -61.227 -27.141 12.295, -61.2277 -27.141 12.497, -69.2005 -39.6052 12.497, -69.2004 -39.6036 12.497, 
            -61.2285 -27.1409 12.2837, -69.2014 -39.616 12.497, -69.2008 -39.6083 12.497, -70.96 -10.123 12.5, 
            -70.7 -10.1 12.5, -70.7 -10.123 12.76, -61.2285 -27.141 12.2838, -70.7 -10.19 13.013, 
            -61.2499 -27.34 12.497, -65.5381 -31.803 5.98869, -65.8642 -31.803 5.94114, -70.7 -10.1003 12.497, 
            -64.6701 -31.803 6.34068, -65.0084 -31.803 6.20362, -64.2151 -31.803 6.66488, -66.4557 -31.803 5.85538, 
            -61.3034 -27.803 12.0098, -61.3043 -27.803 11.7598, -61.3008 -27.803 11.7345, -61.3008 -27.803 12.297, 
            -61.3023 -27.803 12.2859, -61.3016 -27.803 12.497, -67.3869 -31.803 5.94582, -66.7534 -31.803 5.88439, 
            -71.664 -10.605 13.075, -68.2952 -31.803 6.25438, -68.5078 -31.803 6.38255, -61.356 -28.298 11.7334, 
            -61.3567 -28.298 11.5489, -71.664 -10.52 12.893, -61.3595 -28.298 11.7589, -61.356 -28.298 12.2985, 
            -61.3576 -28.298 12.2873, -71.849 -10.694 12.83, -61.3568 -28.298 12.497, -69.2008 -39.5917 12.497, 
            -69.2005 -39.5948 12.497, -61.3324 -28.0722 12.2867, -67.6449 -31.803 6.03346, -64.0046 -32.298 6.98249, 
            -63.9765 -32.298 7.00248, -61.4103 -28.603 11.7574, -61.4068 -28.603 11.732, -63.3201 -32.298 7.7322, 
            -63.3614 -32.298 7.68623, -61.4075 -28.603 12.497, -61.4072 -28.603 12.4188, -61.4068 -28.603 12.3, 
            -61.4084 -28.603 12.2889, -62.8449 -32.298 8.54061, -62.8009 -32.298 8.61559, -62.4776 -32.298 9.51745, 
            -65.4352 -14.6847 12.0064, -62.4417 -32.298 9.61782, -69.223 -39.86 12.5, -61.5313 -29.098 11.7525, 
            -61.5306 -29.098 11.9636, -69.223 -39.845 12.589, -69.223 -39.857 12.545, -61.5294 -29.098 12.2931, 
            -61.5279 -29.098 12.304, -69.223 -39.689 12.745, -61.5285 -29.098 12.497, -70.4662 -32.298 8.42795, 
            -70.3395 -32.298 8.25781, -61.4799 -28.8873 11.7551, -69.8446 -32.298 7.59425, -61.4276 -28.6853 12.497, 
            -70.9512 -32.298 9.37942, -70.8431 -32.298 9.16732, -69.29 -40.044 12.757, -69.29 -40.082 12.675, 
            -69.223 -39.826 12.63, -64.7502 -32.298 6.45297, -64.7448 -32.298 6.45515, -65.5956 -32.298 6.11764, 
            -65.5747 -32.298 6.12588, -64.903 -32.298 6.39095, -66.4931 -32.298 5.99696, -66.4422 -32.298 6.00383, 
            -67.4009 -32.298 6.09436, -67.3196 -32.298 6.08567, -69.7123 -32.298 7.47138, -69.1076 -32.298 6.91039, 
            -68.9824 -32.298 6.83365, -65.3532 -14.698 11.0183, -68.2832 -32.298 6.40328, -68.1763 -32.298 6.36575, 
            -61.8382 -30.2 11.8342, -65.4976 -14.698 10.9181, -65.4202 -14.698 10.9607, -65.5835 -14.698 10.8995, 
            -65.6772 -14.698 10.901, -70.187 -40.821 13.205, -69.95 -40.595 13.335, -65.9564 -14.698 11.0861, 
            -66.0324 -14.698 11.2049, -69.891 -32.043 7.511, -65.7744 -14.698 10.931, -61.8397 -30.2 12.3131, 
            -61.8382 -30.2 12.3228, -61.8389 -30.2 12.497, -69.134 -32.082 6.828, -61.8416 -30.2 11.8558, 
            -70.0808 -40.96 12.497, -69.95 -40.899 12.5, -65.87 -14.698 10.9923, -69.95 -40.725 13.15, 
            -70.533 -32.01 8.353, -69.736 -40.339 13.38, -71.036 -31.985 9.322, -61.901 -30.698 11.8548, 
            -61.8993 -30.698 12.2528, -61.8976 -30.698 11.8331, -61.8991 -30.698 12.3144, -69.736 -40.48 13.239, 
            -69.551 -40.22 13.239, -69.551 -40.339 13.12, -69.551 -40.082 13.335, -61.8976 -30.698 12.3239, 
            -65.5047 -14.6778 12.0117, -65.5377 -14.6761 12.0156, -65.5017 -14.6781 12.0118, -65.5686 -14.6738 12.0156, 
            -61.8983 -30.698 12.497, -64.5226 -15.003 10.8458, -64.5572 -15.003 10.7689, -64.5121 -15.003 10.8837, 
            -69.551 -40.435 12.982, -69.401 -40.175 12.982, -61.8509 -30.2776 11.8556, -70.187 -40.925 12.982, 
            -69.95 -40.821 12.944, -65.59 -32.263 6.102, -66.486 -32.217 5.96, -69.736 -40.68 12.893, 
            -69.736 -40.595 13.075, -66.5908 -15.003 10.6234, -66.6733 -15.003 10.7926, -61.9339 -31.003 11.8323, 
            -61.9345 -31.003 11.6968, -61.9355 -31.003 12.315, -61.9374 -31.003 11.8542, -67.399 -32.17 6.037, 
            -61.9347 -31.003 12.497, -61.9339 -31.003 12.3247, -68.293 -32.125 6.33, -63.9053 -15.498 10.647, 
            -63.9103 -15.498 10.629, -69.9529 -40.9001 12.497, -69.7388 -40.7507 12.497, -69.736 -40.7487 12.497, 
            -70.187 -40.988 12.745, -69.95 -40.879 12.726, -62.8513 -32.603 8.82228, -62.9031 -32.603 8.67894, 
            -69.736 -40.749 12.5, -65.6364 -14.6722 12.0156, -63.3307 -32.603 7.95957, -63.4148 -32.603 7.81754, 
            -69.736 -40.732 12.7, -63.9391 -32.603 7.24213, -65.7115 -14.6736 12.0156, -62.5484 -32.603 9.65897, 
            -69.551 -40.506 12.83, -67.4962 -15.498 10.946, -67.4512 -15.498 10.8106, -69.5538 -40.5665 12.497, 
            -69.551 -40.564 12.5, -69.551 -40.5637 12.497, -69.551 -40.55 12.667, -62.0433 -31.498 11.8293, 
            -62.0468 -31.498 11.8512, -68.7682 -32.603 6.84164, -69.0704 -32.603 7.02673, -62.0448 -31.498 12.318, 
            -70.1346 -32.603 8.15701, -69.7892 -32.603 7.69383, -62.0433 -31.498 12.3275, -70.3955 -32.603 8.50733, 
            -70.6551 -32.603 9.01659, -69.512 -40.5081 12.497, -62.0439 -31.498 12.497, -69.4986 -32.603 7.42398, 
            -70.8686 -32.603 9.43538, -69.401 -40.25 12.875, -69.401 -40.082 13.075, -64.6524 -32.603 6.69474, 
            -64.0605 -32.603 7.10931, -61.9545 -31.146 11.8538, -61.9611 -31.1712 11.8537, -61.9525 -31.146 12.3154, 
            -64.3919 -15.125 10.7554, -64.8141 -32.603 6.58151, -61.951 -31.146 12.325, -65.4414 -32.603 6.33398, 
            -62.0032 -31.3428 12.497, -64.3972 -15.1257 10.7327, -64.3658 -15.1257 10.8455, -67.4056 -32.603 6.23102, 
            -67.1303 -32.603 6.20163, -66.5201 -32.603 6.13613, -66.2774 -32.603 6.16888, -68.266 -32.603 6.53247, 
            -67.9705 -32.603 6.42877, -65.6448 -32.603 6.25393, -61.951 -31.146 11.832, -69.29 -40.113 12.5, 
            -61.9525 -31.1459 12.3154, -64.2048 -33.098 7.29528, -63.8515 -33.098 7.68196, -62.9141 -33.098 9.30057, 
            -63.095 -33.098 8.80067, -63.3169 -33.098 8.42736, -63.5851 -33.098 7.97424, -61.9513 -31.1357 12.3153, 
            -61.9545 -31.1458 11.854, -69.29 -40.105 12.589, -65.9203 -14.6901 12.0154, -64.4965 -33.098 7.09097, 
            -69.0099 -33.098 7.21554, -68.4207 -33.098 6.85459, -69.4699 -40.448 12.497, -69.4037 -40.3536 12.497, 
            -70.2807 -33.098 8.63615, -69.8021 -33.098 7.99341, -69.6992 -33.098 7.85544, -69.401 -40.35 12.5, 
            -70.35 -33.098 8.77196, -69.3271 -40.192 12.497, -70.7345 -33.098 9.52619, -61.9517 -31.146 12.497, 
            -69.401 -40.339 12.63, -69.401 -40.305 12.757, -65.225 -33.098 6.6717, -64.9277 -33.098 6.78903, 
            -65.7245 -33.098 6.47513, -66.5637 -33.098 6.36199, -68.238 -33.098 6.74213, -67.6366 -33.098 6.53105, 
            -69.1517 -33.098 7.34707, -66.0099 -33.098 6.43675, -67.4131 -33.098 6.45282, -66.8231 -33.098 6.38984, 
            -62.1239 -31.803 12.497, -62.1233 -31.803 12.3296, -70.443 -41.077 12.497, -70.4399 -41.0767 12.497, 
            -62.1248 -31.803 12.3203, -70.44 -41.055 12.757, -70.1899 -41.0105 12.497, -70.187 -41.01 12.5, 
            -62.1258 -31.803 12.0957, -62.1266 -31.803 11.8478, -70.1845 -41.0085 12.497, -62.1233 -31.803 11.8269, 
            -66.9106 -15.1751 10.6422, -66.8928 -15.1574 10.6796, -66.8968 -15.1462 10.7537, -62.2531 -32.298 11.823, 
            -62.2562 -32.298 11.8421, -62.2544 -32.298 12.3249, -62.2531 -32.298 12.3331, -62.2537 -32.298 12.497, 
            -62.1901 -32.0519 12.3221, -62.3622 -32.603 11.8196, -62.3628 -32.603 12.4771, -62.3628 -32.603 12.4926, 
            -62.3628 -32.603 12.497, -62.3622 -32.603 12.3364, -62.3634 -32.603 12.3289, -62.3652 -32.603 11.8381, 
            -62.5776 -33.098 11.3044, -62.5764 -33.098 12.497, -62.5764 -33.098 12.4922, -62.5758 -33.098 11.8127, 
            -62.5789 -33.098 11.832, -62.577 -33.098 12.3361, -62.5758 -33.098 12.3432, -62.5776 -33.098 12.1494, 
            -62.4278 -32.7482 11.836, -62.3705 -32.6207 12.4918, -63.1735 -34.2 11.2934, -63.1735 -34.2 12.1384, 
            -63.1749 -34.2 11.8144, -63.1715 -34.2 12.3625, -63.1726 -34.2 12.3556, -63.1715 -34.2 11.7935, 
            -63.1721 -34.2 12.4951, -63.172 -34.2 12.497, -63.4966 -34.698 11.7829, -63.4967 -34.698 11.744, 
            -63.4966 -34.698 12.3731, -63.4977 -34.698 12.3662, -63.5001 -34.698 11.8047, -63.4971 -34.698 12.497, 
            -63.4296 -34.5946 12.4954, -63.4307 -34.5963 12.497, -63.3332 -34.4461 12.3611, -63.4589 -34.6395 12.497, 
            -65.8013 -14.6789 12.0155, -63.7837 -35.003 11.1847, -63.7809 -35.003 12.3828, -63.7821 -35.003 12.3759, 
            -63.7837 -35.003 12.0294, -63.7846 -35.003 11.8294, -63.7875 -35.003 11.8131, -63.7809 -35.003 11.7735, 
            -63.7814 -35.003 12.497, -64.2676 -35.498 11.077, -64.2649 -35.498 12.497, -64.2645 -35.498 12.3994, 
            -64.265 -35.498 11.6528, -64.2645 -35.498 11.7575, -64.2801 -35.498 11.8515, -64.2676 -35.498 11.922, 
            -64.2654 -35.498 12.3936, -64.1543 -35.3842 12.3894, -64.6762 -35.803 11.3026, -64.6766 -35.803 11.1572, 
            -64.6742 -35.803 11.7435, -64.6762 -35.803 12.1472, -64.6766 -35.803 12.0022, -64.6742 -35.803 12.4135, 
            -64.675 -35.803 12.4087, -64.6744 -35.803 12.497, -64.6979 -35.803 11.8844, -65.6219 -36.298 11.0313, 
            -65.5623 -36.298 11.333, -68.2852 -36.298 11.1822, -68.3454 -36.298 11.4688, -68.324 -36.298 11.3184, 
            -65.5621 -36.298 12.2389, -65.5616 -36.298 12.4427, -65.5613 -36.298 12.4442, -65.5615 -36.298 12.4813, 
            -65.5623 -36.298 12.178, -65.6056 -36.298 11.9591, -65.5615 -36.298 12.497, -65.5613 -36.298 11.7125, 
            -65.5621 -36.298 11.3939, -65.5725 -36.298 11.7731, -68.3651 -36.298 12.2505, -68.3658 -36.298 12.4003, 
            -68.3428 -36.298 12.1112, -68.3664 -36.298 12.4568, -68.366 -36.298 12.454, -68.3662 -36.298 12.497, 
            -68.3433 -36.298 12.0522, -68.3386 -36.298 12.0828, -68.3651 -36.298 11.9055, -68.3657 -36.298 11.7616, 
            -68.3664 -36.298 11.6118, -65.298 -36.207 11.28, -68.897 -36.023 11.151, -65.086 -36.0697 12.4237, 
            -65.0873 -36.0508 11.9148, -65.298 -36.207 12.125, -65.2947 -36.2053 12.4331, -65.2973 -36.207 12.4332, 
            -65.2973 -36.207 12.4333, -65.297 -36.207 12.435, -65.2971 -36.207 12.497, -65.3262 -36.217 12.497, 
            -65.3301 -36.2052 11.9352, -65.297 -36.207 11.722, -65.3308 -36.2055 11.9364, -65.4685 -36.266 12.4802, 
            -68.3853 -36.2771 12.0832, -68.5364 -36.219 12.4474, -68.9653 -36.02 12.4307, -68.948 -36.028 12.4315
          ]
        }
        coordIndex
        [
          0,1,2,-1, 0,2,3,-1, 4,5,6,-1, 4,6,7,-1, 8,9,10,-1, 11,12,13,-1, 
          11,13,14,-1, 15,9,16,-1, 15,17,9,-1, 18,9,17,-1, 19,20,21,-1, 19,21,22,-1, 
          23,24,25,-1, 23,25,26,-1, 27,28,29,-1, 27,29,30,-1, 31,32,33,-1, 31,33,34,-1, 
          35,36,37,-1, 35,37,38,-1, 39,40,41,-1, 39,41,42,-1, 43,44,45,-1, 43,45,46,-1, 
          47,48,49,-1, 47,49,50,-1, 51,52,53,-1, 51,53,54,-1, 55,56,57,-1, 58,59,60,-1, 
          58,60,61,-1, 62,63,64,-1, 62,64,65,-1, 66,67,68,-1, 69,70,71,-1, 69,71,72,-1, 
          73,74,75,-1, 73,75,76,-1, 77,78,79,-1, 77,79,80,-1, 67,81,68,-1, 82,83,84,-1, 
          82,84,85,-1, 86,87,88,-1, 86,88,89,-1, 90,91,92,-1, 90,92,93,-1, 94,95,96,-1, 
          94,96,97,-1, 98,99,100,-1, 98,100,101,-1, 102,103,104,-1, 102,104,105,-1, 106,107,108,-1, 
          106,108,109,-1, 110,63,111,-1, 112,113,114,-1, 112,114,115,-1, 116,117,118,-1, 116,118,119,-1, 
          120,121,122,-1, 123,124,125,-1, 123,125,126,-1, 127,128,129,-1, 127,129,130,-1, 131,132,133,-1, 
          134,135,136,-1, 134,136,137,-1, 138,133,139,-1, 138,139,140,-1, 141,142,106,-1, 133,143,131,-1, 
          81,67,144,-1, 145,107,106,-1, 109,108,146,-1, 143,147,131,-1, 66,144,67,-1, 143,133,138,-1, 
          140,139,148,-1, 149,150,151,-1, 121,125,152,-1, 122,121,152,-1, 125,124,152,-1, 124,118,152,-1, 
          118,117,152,-1, 117,114,152,-1, 114,113,152,-1, 113,129,152,-1, 129,128,152,-1, 128,104,152,-1, 
          104,103,152,-1, 103,100,152,-1, 100,99,152,-1, 99,96,152,-1, 96,95,152,-1, 95,92,152,-1, 
          92,91,152,-1, 91,136,152,-1, 136,135,152,-1, 135,88,152,-1, 88,87,152,-1, 87,84,152,-1, 
          1,152,84,-1, 1,84,83,-1, 1,83,79,-1, 1,79,78,-1, 1,78,75,-1, 1,75,74,-1, 
          1,74,71,-1, 1,71,70,-1, 1,70,64,-1, 1,64,63,-1, 1,63,60,-1, 1,60,59,-1, 
          1,59,53,-1, 1,53,52,-1, 1,52,49,-1, 1,49,48,-1, 1,48,45,-1, 1,45,44,-1, 
          1,44,41,-1, 1,41,40,-1, 1,40,37,-1, 1,37,36,-1, 1,36,33,-1, 1,33,32,-1, 
          1,32,29,-1, 1,29,28,-1, 1,28,25,-1, 1,25,24,-1, 1,24,21,-1, 1,21,20,-1, 
          1,20,13,-1, 1,13,12,-1, 1,12,6,-1, 1,6,5,-1, 1,5,153,-1, 1,153,154,-1, 
          1,154,2,-1, 55,155,56,-1, 141,106,156,-1, 157,155,55,-1, 155,158,56,-1, 151,159,149,-1, 
          158,138,56,-1, 149,160,150,-1, 161,131,147,-1, 138,147,143,-1, 162,62,163,-1, 138,161,147,-1, 
          164,112,165,-1, 166,167,168,-1, 169,62,170,-1, 171,166,168,-1, 172,62,173,-1, 170,62,162,-1, 
          165,112,174,-1, 175,131,176,-1, 161,176,131,-1, 177,178,144,-1, 169,173,62,-1, 178,177,179,-1, 
          167,180,181,-1, 181,182,183,-1, 184,106,142,-1, 106,184,145,-1, 183,168,167,-1, 181,183,167,-1, 
          158,176,161,-1, 158,161,138,-1, 185,111,63,-1, 186,187,63,-1, 110,186,63,-1, 188,58,61,-1, 
          157,189,155,-1, 180,190,181,-1, 191,62,65,-1, 192,193,194,-1, 185,63,195,-1, 196,197,198,-1, 
          166,199,167,-1, 158,200,175,-1, 182,181,190,-1, 158,175,176,-1, 201,202,194,-1, 203,202,201,-1, 
          172,204,62,-1, 205,62,204,-1, 206,207,208,-1, 209,208,207,-1, 194,202,192,-1, 210,192,202,-1, 
          210,211,192,-1, 208,209,212,-1, 213,157,214,-1, 215,197,216,-1, 198,197,215,-1, 217,218,112,-1, 
          219,213,214,-1, 213,189,157,-1, 220,221,222,-1, 203,223,202,-1, 224,225,112,-1, 223,226,202,-1, 
          227,98,101,-1, 155,228,158,-1, 229,63,230,-1, 189,228,155,-1, 231,230,63,-1, 228,232,200,-1, 
          228,200,158,-1, 229,195,63,-1, 233,234,219,-1, 113,112,225,-1, 235,113,225,-1, 236,113,235,-1, 
          219,234,213,-1, 164,237,112,-1, 234,238,213,-1, 239,240,241,-1, 242,224,112,-1, 213,238,189,-1, 
          243,244,221,-1, 245,228,189,-1, 246,221,220,-1, 247,114,248,-1, 249,248,114,-1, 246,250,221,-1, 
          251,221,250,-1, 238,245,189,-1, 252,197,253,-1, 244,222,221,-1, 254,255,256,-1, 257,131,258,-1, 
          259,131,260,-1, 245,259,260,-1, 245,260,228,-1, 261,62,262,-1, 263,262,62,-1, 264,5,265,-1, 
          266,62,267,-1, 62,268,267,-1, 258,259,245,-1, 228,260,232,-1, 269,5,264,-1, 270,271,272,-1, 
          268,62,205,-1, 273,274,275,-1, 276,277,278,-1, 279,231,63,-1, 279,63,280,-1, 281,282,283,-1, 
          278,284,276,-1, 276,284,285,-1, 286,63,287,-1, 288,289,290,-1, 291,265,5,-1, 292,283,293,-1, 
          293,283,294,-1, 295,296,290,-1, 278,277,270,-1, 297,63,286,-1, 298,294,283,-1, 299,283,282,-1, 
          300,298,283,-1, 299,300,283,-1, 301,131,257,-1, 193,302,256,-1, 257,245,301,-1, 303,301,245,-1, 
          304,62,261,-1, 287,63,305,-1, 304,305,62,-1, 193,192,302,-1, 245,257,258,-1, 266,306,62,-1, 
          200,232,131,-1, 307,131,301,-1, 302,254,256,-1, 306,263,62,-1, 297,280,63,-1, 62,305,63,-1, 
          259,258,131,-1, 308,309,310,-1, 301,303,307,-1, 311,312,5,-1, 312,291,5,-1, 5,4,311,-1, 
          313,311,4,-1, 314,315,64,-1, 316,251,317,-1, 250,317,251,-1, 318,64,319,-1, 320,313,4,-1, 
          246,317,250,-1, 319,64,321,-1, 220,322,323,-1, 324,270,272,-1, 317,325,316,-1, 270,284,278,-1, 
          326,322,327,-1, 220,222,322,-1, 327,322,222,-1, 328,234,233,-1, 270,285,284,-1, 233,329,328,-1, 
          330,331,65,-1, 332,330,65,-1, 333,334,322,-1, 334,323,322,-1, 216,197,335,-1, 220,323,246,-1, 
          336,249,114,-1, 246,337,317,-1, 285,338,276,-1, 339,340,6,-1, 341,342,343,-1, 334,337,323,-1, 
          344,114,247,-1, 345,272,255,-1, 275,346,273,-1, 346,341,347,-1, 348,114,344,-1, 349,350,6,-1, 
          335,197,351,-1, 254,345,255,-1, 352,353,354,-1, 354,353,329,-1, 327,355,326,-1, 345,324,272,-1, 
          222,355,327,-1, 244,355,222,-1, 356,6,357,-1, 325,283,316,-1, 358,359,114,-1, 360,358,114,-1, 
          361,6,356,-1, 343,347,341,-1, 360,114,362,-1, 362,114,363,-1, 348,363,114,-1, 364,322,326,-1, 
          328,365,234,-1, 364,366,322,-1, 328,367,365,-1, 368,343,342,-1, 270,324,285,-1, 338,285,324,-1, 
          234,365,238,-1, 211,302,192,-1, 246,323,337,-1, 238,303,245,-1, 369,6,370,-1, 371,325,337,-1, 
          372,368,342,-1, 373,372,342,-1, 365,303,238,-1, 361,370,6,-1, 374,131,375,-1, 376,131,377,-1, 
          307,375,131,-1, 303,375,307,-1, 345,254,378,-1, 329,379,328,-1, 380,6,369,-1, 381,382,6,-1, 
          353,379,329,-1, 377,131,383,-1, 371,283,325,-1, 337,334,333,-1, 115,114,384,-1, 385,7,386,-1, 
          328,379,367,-1, 324,387,338,-1, 383,131,374,-1, 388,389,115,-1, 382,390,6,-1, 7,6,390,-1, 
          380,381,6,-1, 367,391,365,-1, 324,392,387,-1, 244,243,355,-1, 393,115,394,-1, 394,115,384,-1, 
          359,384,114,-1, 386,7,390,-1, 395,7,385,-1, 355,364,326,-1, 396,197,252,-1, 397,197,396,-1, 
          398,197,397,-1, 365,391,303,-1, 357,6,350,-1, 303,374,375,-1, 349,6,340,-1, 391,383,374,-1, 
          391,374,303,-1, 371,337,399,-1, 371,399,283,-1, 400,401,402,-1, 351,197,398,-1, 367,403,391,-1, 
          404,405,65,-1, 391,377,383,-1, 406,276,142,-1, 355,243,407,-1, 391,403,377,-1, 408,276,409,-1, 
          410,141,156,-1, 409,276,411,-1, 406,142,141,-1, 407,292,355,-1, 354,412,352,-1, 413,414,415,-1, 
          141,410,416,-1, 293,366,355,-1, 364,355,366,-1, 417,404,65,-1, 418,417,65,-1, 331,418,65,-1, 
          411,141,409,-1, 416,408,141,-1, 419,399,337,-1, 141,411,406,-1, 325,317,337,-1, 420,421,412,-1, 
          420,422,421,-1, 414,413,423,-1, 251,316,283,-1, 352,412,424,-1, 421,424,412,-1, 251,283,221,-1, 
          425,7,426,-1, 321,64,315,-1, 427,428,402,-1, 314,64,429,-1, 426,7,430,-1, 431,353,352,-1, 
          281,399,419,-1, 281,419,282,-1, 428,400,402,-1, 432,379,353,-1, 298,300,322,-1, 400,433,401,-1, 
          366,298,322,-1, 333,322,300,-1, 434,7,435,-1, 401,433,410,-1, 332,65,436,-1, 333,300,299,-1, 
          421,437,424,-1, 366,294,298,-1, 430,7,434,-1, 395,435,7,-1, 282,419,299,-1, 337,299,419,-1, 
          433,416,410,-1, 389,438,115,-1, 439,64,440,-1, 441,64,442,-1, 281,283,399,-1, 333,299,337,-1, 
          424,431,352,-1, 409,141,408,-1, 293,355,292,-1, 438,443,115,-1, 440,64,441,-1, 294,366,293,-1, 
          353,431,432,-1, 444,445,115,-1, 446,115,443,-1, 447,367,379,-1, 446,448,115,-1, 449,450,65,-1, 
          379,432,447,-1, 65,450,451,-1, 393,388,115,-1, 452,65,451,-1, 376,453,131,-1, 454,428,455,-1, 
          403,367,447,-1, 318,442,64,-1, 439,456,64,-1, 457,447,432,-1, 458,455,459,-1, 460,461,462,-1, 
          447,463,403,-1, 464,64,456,-1, 445,465,115,-1, 462,461,466,-1, 466,461,467,-1, 468,64,469,-1, 
          65,64,470,-1, 470,471,65,-1, 471,472,65,-1, 472,473,65,-1, 449,65,473,-1, 269,264,356,-1, 
          376,377,403,-1, 452,436,65,-1, 464,469,64,-1, 468,470,64,-1, 474,461,460,-1, 195,475,185,-1, 
          476,467,461,-1, 477,475,195,-1, 318,475,442,-1, 478,111,475,-1, 319,478,475,-1, 477,442,475,-1, 
          249,479,248,-1, 480,248,479,-1, 319,475,318,-1, 111,478,110,-1, 481,482,480,-1, 248,480,247,-1, 
          185,475,111,-1, 110,478,186,-1, 321,478,319,-1, 483,432,431,-1, 315,478,321,-1, 479,249,484,-1, 
          485,486,487,-1, 172,173,330,-1, 484,336,488,-1, 489,490,491,-1, 332,172,330,-1, 432,483,457,-1, 
          163,492,405,-1, 336,484,249,-1, 457,463,447,-1, 163,405,404,-1, 488,493,494,-1, 493,488,336,-1, 
          491,490,495,-1, 495,490,496,-1, 497,131,453,-1, 163,404,162,-1, 403,453,376,-1, 361,498,370,-1, 
          404,417,162,-1, 463,497,453,-1, 463,453,403,-1, 369,498,380,-1, 331,169,418,-1, 498,369,370,-1, 
          486,499,500,-1, 162,417,170,-1, 418,170,417,-1, 501,131,502,-1, 486,500,487,-1, 170,418,169,-1, 
          490,503,504,-1, 504,505,490,-1, 169,331,173,-1, 330,173,331,-1, 487,506,507,-1, 380,508,381,-1, 
          497,463,502,-1, 509,501,463,-1, 498,508,380,-1, 510,511,507,-1, 512,513,514,-1, 515,186,478,-1, 
          186,515,187,-1, 516,187,515,-1, 512,514,517,-1, 429,515,314,-1, 518,482,481,-1, 314,515,315,-1, 
          478,315,515,-1, 482,518,514,-1, 195,229,477,-1, 517,514,518,-1, 442,477,441,-1, 519,477,230,-1, 
          482,514,363,-1, 482,363,348,-1, 230,477,229,-1, 520,194,193,-1, 344,482,348,-1, 519,440,477,-1, 
          489,491,521,-1, 247,480,482,-1, 172,332,204,-1, 436,204,332,-1, 508,312,522,-1, 523,499,486,-1, 
          204,436,205,-1, 452,205,436,-1, 344,247,482,-1, 268,451,267,-1, 523,524,499,-1, 205,452,268,-1, 
          451,268,452,-1, 279,519,231,-1, 280,525,279,-1, 456,439,519,-1, 513,358,360,-1, 230,231,519,-1, 
          386,526,385,-1, 441,477,440,-1, 514,360,362,-1, 440,519,439,-1, 514,513,360,-1, 390,522,386,-1, 
          526,386,522,-1, 506,487,500,-1, 363,514,362,-1, 510,507,506,-1, 527,469,525,-1, 527,525,297,-1, 
          297,525,280,-1, 506,528,510,-1, 519,279,525,-1, 382,522,390,-1, 525,456,519,-1, 529,521,491,-1, 
          495,529,491,-1, 510,201,511,-1, 456,525,464,-1, 267,450,266,-1, 449,266,450,-1, 381,508,382,-1, 
          522,382,508,-1, 263,530,262,-1, 531,521,532,-1, 263,306,530,-1, 306,473,530,-1, 472,530,473,-1, 
          533,534,535,-1, 532,521,529,-1, 536,511,201,-1, 262,530,261,-1, 385,526,395,-1, 266,449,306,-1, 
          194,536,201,-1, 306,449,473,-1, 536,194,520,-1, 450,267,451,-1, 287,527,286,-1, 537,424,437,-1, 
          538,527,287,-1, 464,525,469,-1, 469,527,468,-1, 286,527,297,-1, 527,470,468,-1, 531,539,540,-1, 
          541,540,539,-1, 261,538,304,-1, 542,413,543,-1, 304,538,305,-1, 415,543,413,-1, 305,538,287,-1, 
          470,527,538,-1, 538,471,470,-1, 539,544,541,-1, 496,505,544,-1, 261,530,471,-1, 472,471,530,-1, 
          541,544,505,-1, 538,261,471,-1, 528,203,510,-1, 532,544,539,-1, 532,539,531,-1, 545,413,546,-1, 
          547,548,549,-1, 264,265,498,-1, 203,201,510,-1, 544,532,529,-1, 495,496,529,-1, 544,529,496,-1, 
          550,551,413,-1, 508,498,291,-1, 547,552,422,-1, 541,474,460,-1, 550,413,545,-1, 549,552,547,-1, 
          361,356,264,-1, 553,70,554,-1, 542,546,413,-1, 421,422,437,-1, 541,505,504,-1, 555,511,556,-1, 
          557,474,541,-1, 424,558,431,-1, 559,560,349,-1, 555,507,511,-1, 556,511,561,-1, 536,561,511,-1, 
          562,561,520,-1, 536,520,561,-1, 541,504,557,-1, 498,361,264,-1, 563,564,413,-1, 413,565,563,-1, 
          503,557,504,-1, 562,520,193,-1, 566,562,193,-1, 193,256,566,-1, 356,357,269,-1, 503,490,557,-1, 
          566,256,567,-1, 552,437,422,-1, 560,568,350,-1, 569,567,255,-1, 265,291,498,-1, 570,571,572,-1, 
          291,312,508,-1, 558,424,537,-1, 572,521,476,-1, 389,573,438,-1, 483,431,558,-1, 565,413,574,-1, 
          476,521,467,-1, 575,438,573,-1, 531,467,521,-1, 576,573,577,-1, 578,579,276,-1, 577,573,580,-1, 
          581,580,573,-1, 320,526,313,-1, 540,582,531,-1, 581,242,580,-1, 540,541,582,-1, 541,460,582,-1, 
          462,582,460,-1, 522,311,313,-1, 574,413,551,-1, 582,466,531,-1, 311,522,312,-1, 575,573,576,-1, 
          467,531,466,-1, 466,582,462,-1, 393,581,388,-1, 583,413,584,-1, 585,584,413,-1, 388,573,389,-1, 
          277,276,579,-1, 585,413,586,-1, 586,413,564,-1, 578,587,588,-1, 224,581,589,-1, 242,581,224,-1, 
          256,255,567,-1, 573,388,581,-1, 359,589,384,-1, 590,526,320,-1, 255,272,569,-1, 513,235,589,-1, 
          513,589,359,-1, 513,359,358,-1, 569,272,271,-1, 522,313,526,-1, 581,394,589,-1, 384,589,394,-1, 
          394,581,393,-1, 270,588,271,-1, 446,591,448,-1, 474,557,490,-1, 590,592,526,-1, 526,592,395,-1, 
          588,270,579,-1, 277,579,270,-1, 588,579,578,-1, 446,443,575,-1, 591,446,575,-1, 461,474,490,-1, 
          438,575,443,-1, 592,435,395,-1, 502,463,501,-1, 448,591,444,-1, 430,593,426,-1, 426,593,594,-1, 
          594,595,425,-1, 596,597,485,-1, 598,535,599,-1, 218,600,601,-1, 601,602,174,-1, 576,603,575,-1, 
          604,605,606,-1, 606,607,604,-1, 608,548,607,-1, 523,609,610,-1, 609,523,486,-1, 607,606,608,-1, 
          426,594,425,-1, 609,486,485,-1, 608,549,548,-1, 165,591,164,-1, 485,487,596,-1, 611,425,595,-1, 
          602,591,165,-1, 602,165,174,-1, 596,487,507,-1, 591,602,444,-1, 596,507,555,-1, 612,509,613,-1, 
          509,605,613,-1, 237,591,575,-1, 164,591,237,-1, 237,575,603,-1, 614,69,615,-1, 434,593,430,-1, 
          445,602,465,-1, 434,592,593,-1, 602,445,444,-1, 602,600,465,-1, 616,69,614,-1, 592,617,593,-1, 
          217,600,218,-1, 596,555,597,-1, 602,601,600,-1, 597,555,556,-1, 599,535,618,-1, 435,592,434,-1, 
          225,589,235,-1, 235,513,236,-1, 236,513,512,-1, 619,618,535,-1, 224,589,225,-1, 620,117,621,-1, 
          622,117,620,-1, 623,117,622,-1, 587,276,624,-1, 625,626,12,-1, 627,12,628,-1, 624,597,587,-1, 
          629,131,501,-1, 630,117,631,-1, 632,12,627,-1, 624,633,597,-1, 509,463,457,-1, 634,131,635,-1, 
          636,117,637,-1, 629,501,509,-1, 638,276,639,-1, 624,276,633,-1, 639,276,640,-1, 597,639,640,-1, 
          509,635,629,-1, 640,276,641,-1, 641,276,642,-1, 643,117,636,-1, 644,117,643,-1, 645,117,644,-1, 
          645,631,117,-1, 621,117,630,-1, 640,641,597,-1, 641,642,597,-1, 646,647,648,-1, 649,650,651,-1, 
          652,653,654,-1, 655,653,652,-1, 656,653,657,-1, 658,659,653,-1, 661,662,653,-1, 653,413,663,-1, 
          650,663,413,-1, 650,647,646,-1, 664,648,647,-1, 664,665,666,-1, 665,667,668,-1, 667,669,668,-1, 
          669,670,671,-1, 670,672,673,-1, 674,675,676,-1, 677,676,675,-1, 675,678,677,-1, 679,677,678,-1, 
          678,680,679,-1, 681,679,680,-1, 680,682,681,-1, 683,681,682,-1, 682,684,683,-1, 685,683,684,-1, 
          684,686,685,-1, 687,685,686,-1, 686,688,687,-1, 689,687,688,-1, 688,690,689,-1, 691,689,690,-1, 
          690,692,691,-1, 693,691,692,-1, 692,694,693,-1, 695,693,694,-1, 695,694,696,-1, 695,696,697,-1, 
          695,697,698,-1, 695,698,699,-1, 695,699,700,-1, 695,700,701,-1, 695,701,702,-1, 695,702,703,-1, 
          695,703,461,-1, 695,461,490,-1, 695,490,704,-1, 695,704,705,-1, 695,705,706,-1, 695,706,707,-1, 
          695,707,708,-1, 695,708,709,-1, 695,709,710,-1, 695,710,711,-1, 695,711,221,-1, 695,221,283,-1, 
          695,283,712,-1, 695,712,713,-1, 695,713,714,-1, 695,714,715,-1, 695,715,716,-1, 695,716,717,-1, 
          718,719,131,-1, 719,720,131,-1, 642,721,722,-1, 12,723,628,-1, 718,509,719,-1, 642,722,597,-1, 
          720,724,131,-1, 724,725,131,-1, 509,720,719,-1, 722,726,597,-1, 725,727,131,-1, 12,728,723,-1, 
          729,730,731,-1, 731,730,695,-1, 732,733,734,-1, 735,733,732,-1, 736,737,738,-1, 739,737,740,-1, 
          695,741,733,-1, 742,743,744,-1, 745,746,733,-1, 746,747,733,-1, 726,721,748,-1, 509,724,720,-1, 
          726,748,597,-1, 727,749,131,-1, 750,751,535,-1, 751,752,535,-1, 752,753,535,-1, 753,533,535,-1, 
          509,725,724,-1, 748,754,597,-1, 598,755,535,-1, 755,756,535,-1, 509,727,725,-1, 754,757,597,-1, 
          758,759,760,-1, 509,749,727,-1, 761,728,12,-1, 762,763,597,-1, 757,762,597,-1, 764,535,765,-1, 
          756,765,535,-1, 766,767,116,-1, 509,768,749,-1, 769,597,770,-1, 771,772,12,-1, 772,761,12,-1, 
          769,773,597,-1, 509,774,768,-1, 775,771,12,-1, 695,733,776,-1, 637,117,777,-1, 773,778,597,-1, 
          779,774,780,-1, 781,12,782,-1, 775,12,781,-1, 783,782,11,-1, 12,11,782,-1, 784,610,597,-1, 
          117,116,785,-1, 116,767,786,-1, 787,788,789,-1, 787,790,788,-1, 556,561,597,-1, 791,792,11,-1, 
          788,790,793,-1, 509,606,605,-1, 791,11,794,-1, 509,608,606,-1, 561,562,597,-1, 509,549,608,-1, 
          795,695,796,-1, 795,797,695,-1, 798,799,116,-1, 800,798,116,-1, 801,793,802,-1, 562,566,597,-1, 
          509,552,549,-1, 789,803,804,-1, 800,116,805,-1, 806,69,616,-1, 566,567,597,-1, 509,437,552,-1, 
          807,276,808,-1, 766,116,799,-1, 809,116,786,-1, 792,810,11,-1, 811,70,812,-1, 509,537,437,-1, 
          567,569,597,-1, 553,812,70,-1, 804,787,789,-1, 509,558,537,-1, 569,271,597,-1, 810,813,11,-1, 
          814,783,11,-1, 483,558,509,-1, 271,588,597,-1, 815,805,116,-1, 816,794,11,-1, 817,818,11,-1, 
          629,635,131,-1, 819,276,820,-1, 813,814,11,-1, 509,457,483,-1, 588,587,597,-1, 818,816,11,-1, 
          821,785,116,-1, 785,777,117,-1, 822,695,797,-1, 633,276,807,-1, 809,821,116,-1, 793,796,802,-1, 
          597,633,807,-1, 790,795,796,-1, 790,796,793,-1, 807,808,597,-1, 823,131,824,-1, 824,131,634,-1, 
          808,276,819,-1, 804,825,787,-1, 808,819,597,-1, 635,509,634,-1, 819,820,597,-1, 509,824,634,-1, 
          826,13,827,-1, 820,276,828,-1, 829,830,131,-1, 823,829,131,-1, 820,828,597,-1, 509,823,824,-1, 
          828,276,831,-1, 790,822,797,-1, 830,832,131,-1, 790,797,795,-1, 828,831,597,-1, 509,829,823,-1, 
          827,13,833,-1, 834,835,836,-1, 837,118,838,-1, 831,276,638,-1, 831,638,597,-1, 509,830,829,-1, 
          839,131,832,-1, 638,639,597,-1, 509,832,830,-1, 722,721,726,-1, 718,131,839,-1, 748,721,754,-1, 
          840,118,841,-1, 509,839,832,-1, 842,13,843,-1, 842,844,13,-1, 833,13,844,-1, 757,721,762,-1, 
          509,718,839,-1, 749,768,131,-1, 768,774,131,-1, 845,846,118,-1, 847,118,846,-1, 770,597,763,-1, 
          774,779,131,-1, 848,849,850,-1, 851,849,848,-1, 852,841,118,-1, 853,118,840,-1, 853,845,118,-1, 
          509,780,774,-1, 854,855,70,-1, 70,855,856,-1, 856,554,70,-1, 826,857,13,-1, 852,118,858,-1, 
          859,13,857,-1, 860,861,509,-1, 862,863,864,-1, 509,865,860,-1, 858,118,866,-1, 863,867,868,-1, 
          715,869,118,-1, 870,69,871,-1, 69,806,872,-1, 872,871,69,-1, 851,848,868,-1, 873,13,874,-1, 
          859,874,13,-1, 875,876,650,-1, 877,13,873,-1, 878,879,13,-1, 880,14,879,-1, 881,70,882,-1, 
          883,884,885,-1, 886,650,887,-1, 883,885,888,-1, 877,878,13,-1, 889,890,119,-1, 891,119,892,-1, 
          893,69,894,-1, 895,69,896,-1, 897,14,880,-1, 898,14,897,-1, 883,899,884,-1, 900,69,870,-1, 
          892,119,901,-1, 902,119,903,-1, 904,903,118,-1, 837,904,118,-1, 847,838,118,-1, 881,854,70,-1, 
          901,119,902,-1, 905,906,907,-1, 888,885,908,-1, 907,909,910,-1, 911,70,912,-1, 604,913,908,-1, 
          912,70,914,-1, 915,914,69,-1, 916,650,917,-1, 918,650,916,-1, 910,909,919,-1, 891,889,119,-1, 
          920,919,909,-1, 894,69,895,-1, 915,69,921,-1, 893,921,69,-1, 922,887,650,-1, 923,924,119,-1, 
          900,896,69,-1, 925,70,911,-1, 882,70,926,-1, 925,926,70,-1, 69,914,70,-1, 927,917,650,-1, 
          918,922,650,-1, 885,613,908,-1, 850,906,905,-1, 907,760,909,-1, 928,71,929,-1, 930,929,71,-1, 
          906,760,907,-1, 931,119,890,-1, 909,760,920,-1, 932,933,934,-1, 935,14,936,-1, 759,920,760,-1, 
          597,610,609,-1, 923,119,931,-1, 759,937,920,-1, 485,597,609,-1, 936,14,938,-1, 939,14,898,-1, 
          934,933,940,-1, 920,937,803,-1, 941,942,72,-1, 943,14,944,-1, 938,14,945,-1, 924,946,119,-1, 
          944,14,935,-1, 945,14,939,-1, 947,523,610,-1, 118,903,119,-1, 13,879,14,-1, 620,866,622,-1, 
          948,949,950,-1, 950,951,947,-1, 952,951,950,-1, 953,933,954,-1, 777,838,637,-1, 947,524,523,-1, 
          940,933,953,-1, 947,951,524,-1, 908,605,604,-1, 840,645,853,-1, 644,853,645,-1, 955,776,733,-1, 
          908,613,605,-1, 841,631,840,-1, 645,840,631,-1, 852,630,841,-1, 631,841,630,-1, 628,723,827,-1, 
          956,957,958,-1, 959,956,958,-1, 630,852,621,-1, 960,961,962,-1, 958,957,963,-1, 627,628,833,-1, 
          958,963,959,-1, 955,961,776,-1, 844,632,627,-1, 636,847,846,-1, 637,847,636,-1, 964,695,776,-1, 
          845,643,846,-1, 636,846,643,-1, 827,833,628,-1, 964,776,961,-1, 853,644,845,-1, 643,845,644,-1, 
          627,833,844,-1, 965,954,933,-1, 858,621,852,-1, 952,949,966,-1, 967,966,949,-1, 621,858,620,-1, 
          866,620,858,-1, 952,966,968,-1, 952,968,951,-1, 969,415,970,-1, 971,789,972,-1, 973,875,970,-1, 
          789,971,803,-1, 802,796,695,-1, 951,968,974,-1, 960,972,788,-1, 632,842,625,-1, 799,975,766,-1, 
          842,632,844,-1, 973,414,976,-1, 789,788,972,-1, 977,72,978,-1, 967,979,966,-1, 766,980,767,-1, 
          788,793,960,-1, 842,843,625,-1, 626,625,843,-1, 793,961,960,-1, 976,981,876,-1, 982,978,72,-1, 
          975,983,890,-1, 984,695,964,-1, 801,695,984,-1, 802,695,801,-1, 826,723,728,-1, 826,728,857,-1, 
          976,876,973,-1, 961,984,964,-1, 826,827,723,-1, 985,71,986,-1, 985,930,71,-1, 889,975,890,-1, 
          987,986,71,-1, 984,961,801,-1, 793,801,961,-1, 988,784,597,-1, 891,975,889,-1, 728,761,857,-1, 
          875,973,876,-1, 937,804,803,-1, 989,969,990,-1, 875,990,969,-1, 970,875,969,-1, 71,991,992,-1, 
          928,991,71,-1, 948,778,993,-1, 994,995,996,-1, 761,772,859,-1, 950,784,948,-1, 771,775,873,-1, 
          948,784,988,-1, 996,910,919,-1, 415,414,970,-1, 997,998,999,-1, 1000,786,980,-1, 859,857,761,-1, 
          784,950,947,-1, 423,976,414,-1, 771,873,772,-1, 874,772,873,-1, 784,947,610,-1, 999,971,997,-1, 
          874,859,772,-1, 891,980,975,-1, 1001,1002,72,-1, 1002,1003,72,-1, 941,72,1003,-1, 989,543,969,-1, 
          786,1000,809,-1, 1004,1005,1006,-1, 999,803,971,-1, 942,982,72,-1, 878,781,879,-1, 782,879,781,-1, 
          981,423,1007,-1, 767,980,786,-1, 754,721,757,-1, 997,971,1008,-1, 973,970,414,-1, 892,980,891,-1, 
          877,873,775,-1, 1009,763,721,-1, 877,775,878,-1, 781,878,775,-1, 1010,1008,972,-1, 971,972,1008,-1, 
          981,976,423,-1, 1011,1009,721,-1, 762,721,763,-1, 892,901,980,-1, 1000,980,901,-1, 814,897,783,-1, 
          880,783,897,-1, 763,1009,770,-1, 999,919,920,-1, 879,782,880,-1, 783,880,782,-1, 838,777,837,-1, 
          837,777,1012,-1, 785,1012,777,-1, 1013,71,1014,-1, 992,1015,71,-1, 847,637,838,-1, 1014,71,1015,-1, 
          920,803,999,-1, 897,814,898,-1, 813,898,814,-1, 821,1012,785,-1, 898,813,939,-1, 988,597,778,-1, 
          944,818,943,-1, 817,943,818,-1, 1012,821,1000,-1, 809,1000,821,-1, 935,816,944,-1, 818,944,816,-1, 
          1016,72,1017,-1, 1018,1017,72,-1, 837,1012,904,-1, 1011,1019,770,-1, 1020,770,1019,-1, 1009,1011,770,-1, 
          955,733,1021,-1, 1001,72,1022,-1, 1023,794,816,-1, 1024,1023,935,-1, 902,1000,901,-1, 769,1025,773,-1, 
          747,746,1026,-1, 935,1023,816,-1, 1024,935,936,-1, 1012,1000,903,-1, 902,903,1000,-1, 1024,792,1023,-1, 
          904,1012,903,-1, 1027,1028,71,-1, 1013,1027,71,-1, 1010,972,960,-1, 938,1024,936,-1, 1010,960,962,-1, 
          1029,72,1030,-1, 1031,1030,71,-1, 1032,861,1033,-1, 1023,791,794,-1, 1029,1034,72,-1, 1034,1035,72,-1, 
          1018,72,1035,-1, 1016,1022,72,-1, 961,1026,962,-1, 791,1023,792,-1, 938,945,1024,-1, 1028,1031,71,-1, 
          71,1030,72,-1, 1021,1026,955,-1, 961,955,1026,-1, 1026,1021,747,-1, 963,957,1036,-1, 855,991,856,-1, 
          943,817,1037,-1, 963,1036,959,-1, 856,928,554,-1, 929,554,928,-1, 792,1024,945,-1, 554,929,553,-1, 
          930,553,929,-1, 800,983,798,-1, 975,798,983,-1, 1038,1032,959,-1, 553,930,812,-1, 985,812,930,-1, 
          1039,1040,1041,-1, 798,975,799,-1, 980,766,975,-1, 792,945,810,-1, 939,810,945,-1, 983,800,805,-1, 
          810,939,813,-1, 773,1025,778,-1, 993,778,1025,-1, 946,1042,1043,-1, 778,948,988,-1, 1042,946,924,-1, 
          910,996,995,-1, 899,1044,865,-1, 1019,721,1045,-1, 1011,721,1019,-1, 983,931,890,-1, 865,1046,899,-1, 
          1019,1045,1020,-1, 1045,721,1047,-1, 931,983,923,-1, 1048,1049,1050,-1, 1045,1047,1020,-1, 1042,983,805,-1, 
          770,1020,1051,-1, 1052,1053,1054,-1, 1048,1055,1049,-1, 1047,721,1056,-1, 924,923,1042,-1, 983,1042,923,-1, 
          1057,1054,1053,-1, 905,1050,1049,-1, 1047,1056,1020,-1, 1058,1042,815,-1, 815,1042,805,-1, 770,1051,769,-1, 
          1054,753,1052,-1, 1049,850,905,-1, 1057,533,1054,-1, 1036,957,1059,-1, 1059,779,780,-1, 769,1051,1025,-1, 
          905,995,1050,-1, 905,907,995,-1, 1058,1060,1042,-1, 995,907,910,-1, 1061,1057,1053,-1, 959,1036,780,-1, 
          1059,780,1036,-1, 1062,20,1063,-1, 1064,124,1065,-1, 1055,848,1049,-1, 1055,868,848,-1, 1066,124,1064,-1, 
          1038,959,780,-1, 1049,848,850,-1, 861,1032,1038,-1, 1066,1067,124,-1, 124,1068,1069,-1, 753,1054,533,-1, 
          533,1057,1061,-1, 1033,860,1044,-1, 948,993,949,-1, 1070,20,1062,-1, 952,950,949,-1, 1033,861,860,-1, 
          865,1044,860,-1, 1071,1072,1073,-1, 1074,1020,1075,-1, 1068,124,1076,-1, 1076,124,1067,-1, 884,899,1046,-1, 
          1051,1020,1077,-1, 612,885,884,-1, 1078,534,1061,-1, 1063,20,1079,-1, 1020,1074,1077,-1, 1046,612,884,-1, 
          612,613,885,-1, 1080,123,1081,-1, 1082,1072,1083,-1, 123,1084,124,-1, 1085,1073,1072,-1, 1086,1087,20,-1, 
          124,1088,1089,-1, 1065,124,1089,-1, 1090,123,1091,-1, 1092,993,1025,-1, 1072,1082,1085,-1, 993,1092,949,-1, 
          1085,1055,1073,-1, 1093,1079,20,-1, 1092,967,949,-1, 1038,780,509,-1, 1092,1094,967,-1, 872,941,871,-1, 
          509,861,1038,-1, 1093,20,1087,-1, 1073,1055,1048,-1, 864,1082,1095,-1, 1046,865,509,-1, 509,612,1046,-1, 
          1082,863,1085,-1, 1082,864,863,-1, 1096,20,1097,-1, 1085,863,868,-1, 1085,868,1055,-1, 1098,1099,1100,-1, 
          1098,1100,1101,-1, 1102,1103,1104,-1, 1104,1105,1106,-1, 20,19,1107,-1, 1108,1107,19,-1, 1109,20,1110,-1, 
          1110,20,1107,-1, 615,977,614,-1, 1111,1112,1113,-1, 1114,1115,1116,-1, 806,942,872,-1, 1105,1103,1117,-1, 
          978,614,977,-1, 1118,1119,615,-1, 1100,1116,1120,-1, 1115,1120,1116,-1, 614,978,616,-1, 982,616,978,-1, 
          1121,1101,1100,-1, 1113,1112,1122,-1, 1111,565,1112,-1, 616,982,806,-1, 942,806,982,-1, 941,872,942,-1, 
          1123,1048,1124,-1, 1117,1103,1125,-1, 1073,1048,1123,-1, 811,986,1126,-1, 987,1126,986,-1, 1105,1117,1127,-1, 
          1124,1048,1050,-1, 1125,1128,1117,-1, 812,985,811,-1, 986,811,985,-1, 1124,1050,1129,-1, 854,992,855,-1, 
          991,855,992,-1, 1105,1127,1106,-1, 928,856,991,-1, 994,1129,995,-1, 1100,1120,1121,-1, 1127,1130,1106,-1, 
          992,854,1015,-1, 1129,1050,995,-1, 1131,20,1132,-1, 871,1003,870,-1, 1002,870,1003,-1, 1120,1133,1134,-1, 
          996,919,998,-1, 870,1002,900,-1, 1001,900,1002,-1, 1135,20,1131,-1, 1136,1117,1128,-1, 1117,1137,1127,-1, 
          1003,871,941,-1, 1138,1101,1121,-1, 919,999,998,-1, 1117,1136,1137,-1, 1134,1121,1120,-1, 882,926,1013,-1, 
          854,881,1015,-1, 1096,1132,20,-1, 882,1014,881,-1, 1015,881,1014,-1, 1014,882,1013,-1, 1128,1139,1136,-1, 
          1097,20,1109,-1, 895,1016,894,-1, 1017,894,1016,-1, 921,893,1140,-1, 893,1018,1140,-1, 1035,1140,1018,-1, 
          1136,1141,1137,-1, 545,546,1112,-1, 1034,1140,1035,-1, 1029,915,1034,-1, 1142,1143,1144,-1, 896,1022,895,-1, 
          1144,1115,1145,-1, 1144,1133,1120,-1, 1144,1120,1115,-1, 1018,893,1017,-1, 894,1017,893,-1, 1016,895,1022,-1, 
          900,1001,896,-1, 1022,896,1001,-1, 911,1028,925,-1, 1146,1147,887,-1, 912,1031,911,-1, 1028,911,1031,-1, 
          1027,925,1028,-1, 747,1021,733,-1, 1013,926,1027,-1, 925,1027,926,-1, 1031,912,1030,-1, 914,1030,912,-1, 
          1030,914,1029,-1, 1146,922,1148,-1, 1029,914,915,-1, 1140,1034,915,-1, 1142,1149,1143,-1, 921,1140,915,-1, 
          1094,1150,979,-1, 1143,1133,1144,-1, 1133,1151,1134,-1, 745,1152,746,-1, 1153,1154,19,-1, 1081,123,1155,-1, 
          1094,979,967,-1, 1156,74,1157,-1, 1158,1159,19,-1, 1160,966,979,-1, 1115,1114,1145,-1, 1153,19,1161,-1, 
          1154,1162,19,-1, 1163,1102,1150,-1, 1122,1148,1113,-1, 1164,1165,19,-1, 1142,1145,1166,-1, 1104,1160,979,-1, 
          1145,1142,1144,-1, 1124,1152,1123,-1, 1162,1108,19,-1, 1129,1152,1124,-1, 1167,721,1168,-1, 1075,721,1167,-1, 
          1056,721,1075,-1, 1167,1168,1074,-1, 1169,123,1080,-1, 1091,123,1169,-1, 1168,721,1170,-1, 1152,1129,994,-1, 
          1159,1161,19,-1, 1168,1170,1074,-1, 1167,1074,1075,-1, 1056,1075,1020,-1, 1171,19,1172,-1, 1171,1164,19,-1, 
          1135,1086,20,-1, 1165,1158,19,-1, 887,922,1146,-1, 1173,73,1174,-1, 1143,1175,1133,-1, 1051,1077,1176,-1, 
          1151,1133,1175,-1, 1176,1025,1051,-1, 1092,1025,1176,-1, 1177,721,1178,-1, 1170,721,1177,-1, 1177,1178,1179,-1, 
          1180,73,1181,-1, 1181,73,1173,-1, 733,1182,1183,-1, 1183,1184,733,-1, 745,733,1185,-1, 1186,1187,721,-1, 
          1182,1152,1183,-1, 1179,1074,1177,-1, 1170,1177,1074,-1, 1182,733,1188,-1, 1189,1188,733,-1, 1182,1188,1152,-1, 
          1077,1074,1190,-1, 1191,74,1192,-1, 1193,1194,74,-1, 1074,1179,1190,-1, 1192,74,1156,-1, 1188,1189,1152,-1, 
          1175,1143,1195,-1, 1077,1190,1196,-1, 1157,74,1197,-1, 1189,733,1198,-1, 1189,1198,1152,-1, 1199,1200,1201,-1, 
          1202,918,1203,-1, 1198,1204,1152,-1, 1077,1196,1176,-1, 1149,1205,1143,-1, 1176,1196,1094,-1, 1204,733,1206,-1, 
          1207,1203,1208,-1, 1205,1149,1209,-1, 1206,1152,1204,-1, 1150,1094,1196,-1, 1210,1211,1207,-1, 1203,1207,1211,-1, 
          564,1203,1211,-1, 1195,1143,1205,-1, 1175,1195,1212,-1, 1213,1152,1206,-1, 1214,123,1215,-1, 1176,1094,1092,-1, 
          1210,1216,1211,-1, 1213,733,1217,-1, 1178,721,1218,-1, 1219,1179,1218,-1, 1195,1220,1212,-1, 1152,1213,1217,-1, 
          1178,1218,1179,-1, 1151,1175,1212,-1, 1218,721,1221,-1, 1219,1218,1221,-1, 1209,1222,1205,-1, 1179,1219,1223,-1, 
          1214,1155,123,-1, 1088,124,1084,-1, 1090,1084,123,-1, 1224,1195,1222,-1, 1195,1205,1222,-1, 1225,21,1226,-1, 
          1220,1195,1224,-1, 1223,1190,1179,-1, 1111,922,1202,-1, 1227,1226,21,-1, 1190,1228,1196,-1, 918,916,1203,-1, 
          1190,1223,1228,-1, 1229,1230,1152,-1, 21,1231,1232,-1, 1233,21,1234,-1, 1228,1150,1196,-1, 1216,1210,1207,-1, 
          1221,721,1235,-1, 1236,21,1233,-1, 1236,1237,21,-1, 21,1237,1227,-1, 1232,1234,21,-1, 1187,1238,1235,-1, 
          1235,1219,1221,-1, 1239,1224,1222,-1, 1240,1241,125,-1, 1242,1228,1223,-1, 994,996,1152,-1, 1113,922,1111,-1, 
          1224,1239,1243,-1, 1150,1228,1163,-1, 1225,1244,21,-1, 917,1207,1208,-1, 996,998,1152,-1, 1245,1246,21,-1, 
          1247,126,1248,-1, 1163,1228,1242,-1, 1249,1248,125,-1, 998,997,1152,-1, 125,1248,126,-1, 1250,126,1247,-1, 
          661,653,656,-1, 1251,1249,125,-1, 1150,1102,979,-1, 1252,661,1253,-1, 1253,656,657,-1, 125,1254,1251,-1, 
          997,1008,1152,-1, 1102,1104,979,-1, 656,1253,661,-1, 657,653,655,-1, 917,927,1216,-1, 1207,917,1216,-1, 
          657,655,1253,-1, 1254,125,1255,-1, 1256,1252,1253,-1, 1008,1010,1152,-1, 1250,1257,126,-1, 655,652,1253,-1, 
          1242,1258,1259,-1, 650,413,927,-1, 1010,962,1152,-1, 1242,1259,1163,-1, 1244,1245,21,-1, 1163,1103,1102,-1, 
          962,1026,1152,-1, 1260,1261,21,-1, 1262,1263,22,-1, 1262,21,1261,-1, 1163,1259,1103,-1, 1264,542,1265,-1, 
          1265,542,989,-1, 1105,1104,1103,-1, 1246,1260,21,-1, 1147,542,1264,-1, 1185,1152,745,-1, 1026,746,1152,-1, 
          1114,1266,1145,-1, 1185,733,1267,-1, 1266,1166,1145,-1, 1268,1269,1258,-1, 1185,1267,1152,-1, 415,969,543,-1, 
          1258,1270,1259,-1, 1267,733,1271,-1, 654,653,1272,-1, 1273,22,1274,-1, 1258,1269,1270,-1, 654,1272,1275,-1, 
          1267,1271,1152,-1, 1272,653,1276,-1, 1272,1276,1275,-1, 1271,733,1277,-1, 1275,1253,654,-1, 652,654,1253,-1, 
          1235,721,1187,-1, 1186,721,1278,-1, 1271,1277,1152,-1, 1186,1238,1187,-1, 1219,1235,1238,-1, 1277,733,1279,-1, 
          1197,74,1280,-1, 1281,1280,74,-1, 1146,1148,1147,-1, 1282,1283,22,-1, 1277,1279,1152,-1, 1186,1278,1238,-1, 
          1238,1284,1219,-1, 1279,733,1285,-1, 1184,1286,733,-1, 1148,546,1147,-1, 1278,721,1287,-1, 1279,1285,1152,-1, 
          1278,1287,1238,-1, 1285,733,1286,-1, 1288,22,1289,-1, 1285,1286,1152,-1, 1219,1284,1223,-1, 1242,1223,1284,-1, 
          1290,73,1291,-1, 1292,73,1290,-1, 1293,73,1292,-1, 1294,73,1293,-1, 1286,1184,1152,-1, 1291,73,1180,-1, 
          1287,721,1295,-1, 886,887,1147,-1, 1184,1183,1152,-1, 1296,1238,1295,-1, 1287,1295,1238,-1, 1295,721,1297,-1, 
          1298,545,1299,-1, 1300,1301,22,-1, 1302,22,1303,-1, 1297,1296,1295,-1, 1112,1299,545,-1, 1304,1305,733,-1, 
          1306,1282,22,-1, 1283,1300,22,-1, 1288,1306,22,-1, 1238,1296,1268,-1, 1253,1307,1256,-1, 1308,1309,1310,-1, 
          1265,990,1264,-1, 1198,733,1204,-1, 1301,1303,22,-1, 1253,1275,1307,-1, 1238,1268,1284,-1, 1256,1307,1166,-1, 
          1284,1258,1242,-1, 1206,733,1213,-1, 1264,886,1147,-1, 1289,22,1263,-1, 1284,1268,1258,-1, 886,1264,990,-1, 
          1217,733,1305,-1, 1265,989,990,-1, 1256,1166,1266,-1, 1311,1296,1312,-1, 1297,1312,1296,-1, 1217,1305,1152,-1, 
          1313,1268,1296,-1, 1276,653,663,-1, 1314,1152,1304,-1, 1305,1304,1152,-1, 1152,1314,1315,-1, 1316,1275,663,-1, 
          1276,663,1275,-1, 663,650,649,-1, 1297,721,1312,-1, 1317,1312,721,-1, 1318,1319,721,-1, 1302,1274,22,-1, 
          1317,1319,1311,-1, 1319,1317,721,-1, 663,649,1316,-1, 1319,1318,1311,-1, 1113,1148,922,-1, 1275,1316,1320,-1, 
          1317,1311,1312,-1, 21,1262,22,-1, 1321,1076,1309,-1, 918,1202,922,-1, 1275,1320,1307,-1, 1152,1230,1071,-1, 
          1071,1123,1152,-1, 1307,1322,1166,-1, 1313,1296,1311,-1, 1268,1313,1269,-1, 1229,1323,1324,-1, 1064,1065,1325,-1, 
          1070,1326,1327,-1, 1328,1324,1323,-1, 1307,1320,1322,-1, 1309,1066,1325,-1, 1229,1324,1083,-1, 1142,1166,1322,-1, 
          1125,1103,1259,-1, 1229,1083,1230,-1, 917,1208,916,-1, 1071,1230,1072,-1, 1125,1259,1270,-1, 1230,1083,1072,-1, 
          1329,721,1330,-1, 1318,721,1329,-1, 1331,1311,1329,-1, 1331,1329,1330,-1, 1318,1329,1311,-1, 1073,1123,1071,-1, 
          1067,1066,1309,-1, 1330,721,1332,-1, 1208,1203,916,-1, 1333,1334,1324,-1, 649,651,1316,-1, 1064,1325,1066,-1, 
          1330,1332,1331,-1, 1311,1331,1335,-1, 721,241,1332,-1, 1332,1336,1331,-1, 1337,1216,927,-1, 1313,1311,1335,-1, 
          1320,1338,1322,-1, 1304,733,1339,-1, 1076,1067,1309,-1, 1304,1339,1314,-1, 1313,1340,1269,-1, 1076,1321,1068,-1, 
          1079,1093,1341,-1, 1155,1342,1081,-1, 1313,1335,1340,-1, 1079,1341,1063,-1, 1322,1338,1149,-1, 1152,1315,1343,-1, 
          1269,1340,1344,-1, 1081,1342,1080,-1, 1337,927,413,-1, 1343,1345,1152,-1, 1237,1236,1346,-1, 1341,1346,1236,-1, 
          1063,1341,1347,-1, 1152,1345,1323,-1, 563,565,1202,-1, 1088,1348,1089,-1, 1269,1344,1270,-1, 1323,1229,1152,-1, 
          1347,1341,1233,-1, 574,1299,565,-1, 1299,1112,565,-1, 1270,1344,1128,-1, 1341,1236,1233,-1, 1091,1349,1090,-1, 
          1350,1090,1349,-1, 1063,1347,1062,-1, 1339,733,1351,-1, 1281,74,1352,-1, 1111,1202,565,-1, 1202,1203,563,-1, 
          1234,1347,1233,-1, 1351,1353,1314,-1, 1354,1314,1353,-1, 1355,1356,1209,-1, 563,1203,564,-1, 1339,1351,1314,-1, 
          1347,1326,1070,-1, 1338,1209,1149,-1, 1089,1348,1065,-1, 1298,1299,574,-1, 1347,1234,1232,-1, 1357,1343,1315,-1, 
          1062,1347,1070,-1, 1358,671,1359,-1, 1360,73,1361,-1, 1360,1362,73,-1, 1343,1357,1345,-1, 1363,1345,1357,-1, 
          671,670,673,-1, 1345,1328,1323,-1, 1346,1341,1093,-1, 550,545,1298,-1, 1345,1363,1328,-1, 671,673,1359,-1, 
          551,1298,574,-1, 1294,1364,73,-1, 1349,1091,1169,-1, 673,1365,1359,-1, 989,542,543,-1, 1270,1128,1125,-1, 
          1084,1350,1088,-1, 1366,1346,1086,-1, 1249,1350,1248,-1, 1324,1095,1083,-1, 1367,1368,1369,-1, 1324,1334,1095,-1, 
          1370,1331,1371,-1, 1336,1371,1331,-1, 542,1147,546,-1, 1372,1355,1369,-1, 1095,1082,1083,-1, 1369,1368,1372,-1, 
          1226,1366,1225,-1, 1122,1112,546,-1, 1148,1122,546,-1, 1373,1374,1375,-1, 1090,1350,1084,-1, 1087,1086,1346,-1, 
          1356,1355,1372,-1, 1298,551,550,-1, 1348,1088,1350,-1, 1226,1227,1366,-1, 1346,1366,1227,-1, 1376,1333,1377,-1, 
          1350,1349,1248,-1, 1209,1356,1222,-1, 1335,1378,1340,-1, 1065,1348,1325,-1, 1379,1359,1365,-1, 1249,1251,1350,-1, 
          1348,1350,1251,-1, 1334,1333,1380,-1, 1376,1380,1333,-1, 1348,1251,1254,-1, 1334,1380,1381,-1, 1346,1227,1237,-1, 
          1334,1381,1095,-1, 586,1211,585,-1, 1216,585,1211,-1, 584,1382,583,-1, 864,1095,1381,-1, 1093,1087,1346,-1, 
          1247,1248,1349,-1, 584,585,1382,-1, 585,1216,1382,-1, 1337,1382,1216,-1, 1349,1250,1247,-1, 1337,413,1382,-1, 
          564,1211,586,-1, 1376,1383,1380,-1, 1254,1255,1348,-1, 583,1382,413,-1, 1384,1385,1386,-1, 1239,1222,1356,-1, 
          1135,1366,1086,-1, 666,665,668,-1, 651,650,646,-1, 646,648,1387,-1, 648,664,1388,-1, 1214,1389,1155,-1, 
          648,1388,1387,-1, 1353,733,1390,-1, 1353,1351,733,-1, 646,1387,651,-1, 1316,651,1387,-1, 1391,1392,1393,-1, 
          1155,1389,1342,-1, 1353,1390,1354,-1, 1394,1320,1316,-1, 1390,733,1395,-1, 1390,1395,1354,-1, 1349,1169,1342,-1, 
          1080,1342,1169,-1, 1316,1387,1394,-1, 1396,1352,74,-1, 1314,1354,1397,-1, 1398,1399,713,-1, 1338,1320,1394,-1, 
          1215,1400,1214,-1, 1389,1214,1400,-1, 1395,1401,1354,-1, 1397,1315,1314,-1, 1149,1142,1322,-1, 1402,74,1403,-1, 
          1403,74,1404,-1, 1315,1397,1357,-1, 1109,1405,1097,-1, 1388,664,666,-1, 668,669,1358,-1, 1406,940,1407,-1, 
          1367,1387,666,-1, 1388,666,1387,-1, 1097,1405,1096,-1, 1261,1260,1109,-1, 1110,1261,1109,-1, 666,668,1367,-1, 
          1387,1367,1369,-1, 1408,1361,73,-1, 1362,1409,73,-1, 1410,73,1409,-1, 1411,73,1410,-1, 1262,1107,1263,-1, 
          73,1364,1408,-1, 1401,1412,1354,-1, 1413,1354,1412,-1, 1387,1369,1394,-1, 1261,1110,1262,-1, 1107,1262,1110,-1, 
          1414,74,1411,-1, 1404,74,1414,-1, 1402,1396,74,-1, 73,1411,74,-1, 1338,1394,1355,-1, 1349,1342,1250,-1, 
          1162,1289,1108,-1, 1355,1394,1369,-1, 1415,1416,1417,-1, 1338,1355,1209,-1, 1108,1263,1107,-1, 1363,1357,1377,-1, 
          1418,1366,1131,-1, 1359,1367,1358,-1, 1358,1367,668,-1, 1363,1377,1333,-1, 1419,75,1420,-1, 1359,1368,1367,-1, 
          1363,1333,1328,-1, 1333,1324,1328,-1, 1395,733,1401,-1, 1421,1412,733,-1, 1421,733,1422,-1, 1412,1401,733,-1, 
          1135,1131,1366,-1, 1421,1422,1413,-1, 1422,733,1423,-1, 1356,1372,1424,-1, 1422,1423,1413,-1, 1239,1356,1424,-1, 
          1412,1421,1413,-1, 1425,1426,1427,-1, 1428,1427,1426,-1, 1424,1429,1239,-1, 1430,1397,1354,-1, 1424,1431,1429,-1, 
          1225,1366,1244,-1, 1432,128,1433,-1, 1244,1366,1418,-1, 1354,1413,1430,-1, 1434,1435,1398,-1, 1436,1398,1435,-1, 
          1397,1430,1437,-1, 1438,957,1439,-1, 1440,957,1438,-1, 1440,1438,1441,-1, 1442,1443,128,-1, 1438,1439,1441,-1, 
          1132,1096,1418,-1, 1405,1418,1096,-1, 1397,1437,1357,-1, 1377,1357,1437,-1, 1427,1428,1444,-1, 1246,1405,1260,-1, 
          1379,1441,1445,-1, 1245,1418,1246,-1, 1244,1418,1245,-1, 1425,1427,765,-1, 764,765,1427,-1, 1444,764,1427,-1, 
          1446,1447,76,-1, 1448,128,1432,-1, 1423,1449,1413,-1, 1418,1131,1132,-1, 1450,1451,76,-1, 750,764,1452,-1, 
          1405,1246,1418,-1, 1413,1453,1430,-1, 1447,1450,76,-1, 1454,1455,76,-1, 1455,1446,76,-1, 1456,1420,75,-1, 
          1457,1044,1431,-1, 1425,756,1426,-1, 1405,1109,1260,-1, 1437,1458,1377,-1, 1391,1393,1459,-1, 1459,1393,1460,-1, 
          1429,883,1239,-1, 1243,1239,883,-1, 1377,1458,1376,-1, 883,888,1243,-1, 733,1461,1462,-1, 1449,733,1462,-1, 
          1423,733,1449,-1, 1439,957,1463,-1, 1463,957,956,-1, 1462,1464,1465,-1, 1466,1273,1172,-1, 1463,956,959,-1, 
          1459,1460,1386,-1, 1467,1416,1415,-1, 1464,1462,1461,-1, 1302,1171,1274,-1, 1464,1468,1465,-1, 1384,1386,1469,-1, 
          1460,1469,1386,-1, 1439,1463,1441,-1, 959,1441,1463,-1, 1172,1273,1274,-1, 1413,1449,1465,-1, 1462,1465,1449,-1, 
          1172,1274,1171,-1, 1445,1441,1032,-1, 1441,959,1032,-1, 1453,1413,1465,-1, 1303,1164,1302,-1, 1445,1032,1033,-1, 
          1430,1453,1470,-1, 1283,1159,1300,-1, 1033,1457,1445,-1, 1393,1392,1471,-1, 1430,1470,1437,-1, 1158,1300,1159,-1, 
          1458,1437,1470,-1, 1033,1044,1457,-1, 1471,1392,1472,-1, 1467,1473,1474,-1, 1159,1283,1161,-1, 1282,1161,1283,-1, 
          1475,1476,733,-1, 1477,1460,1393,-1, 1478,127,1479,-1, 1468,744,1465,-1, 1431,899,1429,-1, 1431,1044,899,-1, 
          1153,1306,1154,-1, 899,883,1429,-1, 1289,1162,1288,-1, 600,217,1467,-1, 1440,1480,957,-1, 1481,957,1480,-1, 
          1482,674,1483,-1, 676,1483,674,-1, 1484,1485,1486,-1, 1358,669,671,-1, 1453,1487,1488,-1, 1282,1153,1161,-1, 
          1306,1153,1282,-1, 1365,1489,1379,-1, 1379,1489,1490,-1, 1288,1154,1306,-1, 1483,1486,1482,-1, 1470,1491,1458,-1, 
          1490,1481,1379,-1, 1154,1288,1162,-1, 1359,1379,1492,-1, 1481,1480,1379,-1, 1480,1440,1379,-1, 1164,1303,1165,-1, 
          1301,1165,1303,-1, 1477,1393,1471,-1, 1492,1368,1359,-1, 1171,1302,1164,-1, 1493,1372,1368,-1, 1300,1158,1301,-1, 
          1492,1493,1368,-1, 1301,1158,1165,-1, 1372,1493,1424,-1, 1472,1494,1495,-1, 1431,1424,1493,-1, 1496,127,1497,-1, 
          1498,127,1499,-1, 1441,1379,1440,-1, 1500,1501,1502,-1, 1472,1495,1471,-1, 1492,1379,1445,-1, 1263,1108,1289,-1, 
          1471,1503,1477,-1, 1471,1495,1503,-1, 1498,1497,127,-1, 1492,1445,1457,-1, 1504,1499,127,-1, 127,1505,1504,-1, 
          1506,1507,1500,-1, 1506,1508,1507,-1, 1509,1505,127,-1, 1492,1457,1493,-1, 1510,1511,127,-1, 1493,1457,1431,-1, 
          1512,1494,1513,-1, 1500,1507,1501,-1, 1514,1501,1507,-1, 1509,127,1511,-1, 1485,1482,1486,-1, 1456,75,1515,-1, 
          1516,1515,75,-1, 1517,75,1518,-1, 1519,1433,128,-1, 1520,1521,1507,-1, 1419,1518,75,-1, 1454,76,1522,-1, 
          1523,128,1524,-1, 1525,76,1526,-1, 1525,1522,76,-1, 1527,1528,1529,-1, 1530,127,1531,-1, 1532,128,1533,-1, 
          1508,1534,1520,-1, 128,127,1535,-1, 1535,1533,128,-1, 1536,1535,127,-1, 1496,1479,127,-1, 1520,1507,1508,-1, 
          1531,127,1478,-1, 1514,1507,1521,-1, 1532,1524,128,-1, 1426,1537,1538,-1, 1530,1536,127,-1, 1534,1539,1520,-1, 
          1534,1540,1539,-1, 1523,1519,128,-1, 1539,1541,1521,-1, 1542,1543,1544,-1, 1521,1520,1539,-1, 1545,1546,1547,-1, 
          1548,129,1549,-1, 1550,129,1548,-1, 1551,129,1550,-1, 1552,129,1551,-1, 1553,1539,1540,-1, 1554,1555,1052,-1, 
          1541,1539,1556,-1, 1557,1558,1559,-1, 1549,129,1560,-1, 1561,1562,24,-1, 1557,1559,1542,-1, 1563,1564,24,-1, 
          1565,1566,241,-1, 1566,1371,241,-1, 1567,129,1568,-1, 1569,1570,1571,-1, 1529,1570,1527,-1, 1553,1540,1572,-1, 
          1543,1542,1559,-1, 1060,1571,1570,-1, 1544,1543,1573,-1, 1574,24,1575,-1, 1060,1570,1529,-1, 1572,1576,1553,-1, 
          24,1574,1577,-1, 1577,1561,24,-1, 1544,1573,1578,-1, 1553,1556,1539,-1, 1568,129,1579,-1, 1578,1392,1391,-1, 
          1052,1555,1053,-1, 1578,1573,1392,-1, 1562,1563,24,-1, 1580,1428,1538,-1, 1581,1582,24,-1, 1553,1576,1556,-1, 
          1583,1556,1576,-1, 1584,716,1585,-1, 1558,1586,1559,-1, 1587,130,1588,-1, 130,1589,1588,-1, 1590,1543,1559,-1, 
          1591,130,1592,-1, 940,1406,934,-1, 1593,934,1406,-1, 1587,1592,130,-1, 1589,130,1594,-1, 758,760,1595,-1, 
          1573,1472,1392,-1, 759,1596,937,-1, 1559,1586,1590,-1, 1407,953,1580,-1, 954,1580,953,-1, 24,23,1597,-1, 
          758,1596,759,-1, 1598,130,1591,-1, 1596,1599,937,-1, 1543,1600,1573,-1, 1598,1601,130,-1, 954,965,1580,-1, 
          1543,1590,1600,-1, 1602,1603,1596,-1, 1428,1580,965,-1, 1596,1603,1599,-1, 1600,1472,1573,-1, 1552,1579,129,-1, 
          1581,24,1604,-1, 1599,804,937,-1, 1605,129,1567,-1, 1606,1607,24,-1, 1607,1608,24,-1, 1608,1604,24,-1, 
          1609,125,1610,-1, 130,129,1611,-1, 1595,1502,758,-1, 1612,758,1502,-1, 1590,1513,1600,-1, 1428,965,1613,-1, 
          1590,1614,1513,-1, 1615,24,1597,-1, 758,1602,1596,-1, 1600,1513,1494,-1, 1594,130,1616,-1, 1612,1602,758,-1, 
          1617,1618,130,-1, 1513,1619,1512,-1, 1620,126,1621,-1, 1622,130,1611,-1, 1623,1602,1612,-1, 1624,129,1605,-1, 
          1600,1494,1472,-1, 1618,1616,130,-1, 1620,1625,126,-1, 1625,1626,126,-1, 1627,126,1626,-1, 1624,1628,129,-1, 
          1628,1611,129,-1, 1622,1617,130,-1, 1629,1630,1631,-1, 1593,932,934,-1, 1612,1502,1501,-1, 1406,1632,1593,-1, 
          1501,1623,1612,-1, 1633,1634,309,-1, 1635,1633,309,-1, 1636,309,1637,-1, 1638,1639,23,-1, 1640,75,1641,-1, 
          1642,75,1517,-1, 1643,1635,309,-1, 1644,1552,1645,-1, 1646,1647,23,-1, 1648,1597,23,-1, 1649,1648,23,-1, 
          1639,1649,23,-1, 1650,1584,1585,-1, 1647,1638,23,-1, 1651,76,1652,-1, 1645,1432,1644,-1, 1433,1644,1432,-1, 
          1653,1646,23,-1, 1654,1655,695,-1, 1654,695,822,-1, 1656,1652,76,-1, 1657,76,1651,-1, 1432,1645,1448,-1, 
          1658,1442,1645,-1, 1448,1645,1442,-1, 1442,1658,1443,-1, 1645,1550,1658,-1, 1513,1614,1619,-1, 804,1599,825,-1, 
          1443,1658,1629,-1, 1630,1629,1658,-1, 1614,1659,1619,-1, 1660,23,1661,-1, 1662,1663,1650,-1, 1664,23,1665,-1, 
          1486,1365,1484,-1, 1632,1666,1593,-1, 790,787,1667,-1, 1407,1666,1632,-1, 1632,1406,1407,-1, 953,1407,940,-1, 
          787,825,1667,-1, 1512,1668,1494,-1, 1664,1661,23,-1, 1669,23,1660,-1, 23,1669,1653,-1, 693,695,1670,-1, 
          1655,1670,695,-1, 790,1667,822,-1, 1654,822,1667,-1, 1671,1666,1407,-1, 1615,1606,24,-1, 1582,1575,24,-1, 
          1650,1672,1662,-1, 825,1673,1667,-1, 1655,1654,1667,-1, 1603,1674,1599,-1, 1675,1676,25,-1, 1512,1677,1668,-1, 
          1599,1674,825,-1, 1526,76,1678,-1, 1678,76,1679,-1, 1680,1681,1365,-1, 1674,1673,825,-1, 1682,1484,1365,-1, 
          1681,1682,1365,-1, 1683,1684,1685,-1, 1673,693,1670,-1, 1667,1673,1670,-1, 1684,1686,1685,-1, 1684,1687,1686,-1, 
          1685,1558,1683,-1, 1627,1626,1688,-1, 1524,1689,1523,-1, 1407,1690,1691,-1, 1691,1692,1407,-1, 1586,1558,1685,-1, 
          691,1673,689,-1, 1693,687,1673,-1, 1673,691,693,-1, 1667,1670,1655,-1, 1692,1671,1407,-1, 1694,1688,1695,-1, 
          1696,1674,1603,-1, 1689,1524,1697,-1, 1674,1693,1673,-1, 1698,1586,1685,-1, 1699,1700,1701,-1, 1702,1700,1703,-1, 
          1626,1625,1688,-1, 1704,1705,25,-1, 1706,1704,25,-1, 1698,1685,1686,-1, 1675,25,1707,-1, 1586,1698,1614,-1, 
          689,1673,687,-1, 1700,1708,1709,-1, 1710,1700,1711,-1, 1711,1700,1709,-1, 1586,1614,1590,-1, 1712,1593,1713,-1, 
          1714,1713,1593,-1, 1710,1701,1700,-1, 1715,1688,1694,-1, 1687,1716,1686,-1, 1531,1478,1717,-1, 1718,1603,1602,-1, 
          1687,1719,1716,-1, 1699,1703,1700,-1, 1593,1666,1720,-1, 1479,1618,1478,-1, 1618,1617,1478,-1, 1623,1718,1602,-1, 
          1721,25,1722,-1, 1723,1698,1686,-1, 1724,1510,1725,-1, 1723,1686,1716,-1, 1718,1696,1603,-1, 1671,1720,1666,-1, 
          1726,1707,25,-1, 1723,1659,1698,-1, 1708,1727,1709,-1, 1718,1728,1696,-1, 1698,1659,1614,-1, 1705,1722,25,-1, 
          1726,25,1729,-1, 1729,25,1721,-1, 672,1730,673,-1, 1680,1365,1731,-1, 1689,1644,1519,-1, 1689,1519,1523,-1, 
          1519,1644,1433,-1, 1696,1693,1674,-1, 1731,1365,1730,-1, 687,1693,685,-1, 1501,1514,1732,-1, 1692,599,1671,-1, 
          1732,1623,1501,-1, 1732,1733,1623,-1, 1657,1679,76,-1, 1734,26,1735,-1, 1736,26,1734,-1, 1733,1718,1623,-1, 
          1642,1641,75,-1, 1737,1735,26,-1, 1504,1587,1499,-1, 1738,1709,1727,-1, 1733,1728,1718,-1, 1739,1714,1740,-1, 
          1740,1714,1720,-1, 1728,1741,1696,-1, 1742,1743,75,-1, 1640,1742,75,-1, 1593,1720,1714,-1, 1696,1741,1693,-1, 
          1693,683,685,-1, 1744,26,1745,-1, 1746,1747,76,-1, 673,1730,1365,-1, 1748,1724,1749,-1, 1741,681,683,-1, 
          1741,683,1693,-1, 76,1747,1656,-1, 1750,1732,1514,-1, 1751,1699,1752,-1, 1753,1714,1754,-1, 1743,1755,75,-1, 
          1755,1756,75,-1, 76,75,1756,-1, 1756,1746,76,-1, 1551,1645,1552,-1, 1280,1518,1197,-1, 1701,1752,1699,-1, 
          1645,1551,1550,-1, 1197,1419,1157,-1, 1549,1658,1548,-1, 1456,1156,1420,-1, 1699,1751,1757,-1, 1699,1757,1703,-1, 
          1713,1714,1753,-1, 1548,1658,1550,-1, 1757,1702,1703,-1, 1419,1420,1157,-1, 1758,1759,1733,-1, 1157,1420,1156,-1, 
          1560,1630,1549,-1, 1739,1754,1714,-1, 25,1760,1761,-1, 1760,25,1676,-1, 1733,1759,1728,-1, 1762,25,1763,-1, 
          1658,1549,1630,-1, 1456,1515,1192,-1, 1764,25,1762,-1, 1745,26,1764,-1, 1568,1689,1567,-1, 1594,1496,1497,-1, 
          1456,1192,1156,-1, 1689,1568,1644,-1, 1579,1644,1568,-1, 1489,1365,1486,-1, 598,599,1692,-1, 1644,1579,1552,-1, 
          1741,677,679,-1, 1180,1454,1291,-1, 1740,599,1739,-1, 1741,679,681,-1, 1738,1711,1709,-1, 1594,1497,1589,-1, 
          1514,1521,1750,-1, 1522,1291,1454,-1, 1733,1732,1758,-1, 1765,1710,1738,-1, 1711,1738,1710,-1, 1750,1758,1732,-1, 
          1587,1504,1592,-1, 1505,1592,1504,-1, 1766,1767,1768,-1, 1769,1770,26,-1, 1751,1752,1771,-1, 1592,1505,1591,-1, 
          1509,1591,1505,-1, 1588,1499,1587,-1, 1710,1765,1752,-1, 1701,1710,1752,-1, 1498,1589,1497,-1, 1589,1498,1588,-1, 
          1499,1588,1498,-1, 1772,26,1770,-1, 1773,26,1772,-1, 1774,26,1773,-1, 598,1692,755,-1, 1775,1776,1777,-1, 
          1728,1778,1741,-1, 1757,1751,1779,-1, 1759,1778,1728,-1, 1511,1598,1509,-1, 1490,1489,1486,-1, 1691,755,1692,-1, 
          1780,1781,1782,-1, 1783,1781,1780,-1, 1741,1778,677,-1, 676,677,1778,-1, 1598,1511,1601,-1, 1510,1601,1511,-1, 
          1784,1521,1541,-1, 1591,1509,1598,-1, 1779,309,1757,-1, 1720,1671,599,-1, 1740,1720,599,-1, 1784,1750,1521,-1, 
          1771,1785,1751,-1, 1786,1787,1788,-1, 1782,1775,1789,-1, 599,618,1739,-1, 1751,1785,1633,-1, 1784,1790,1750,-1, 
          1455,1181,1446,-1, 1611,1628,1791,-1, 1787,1792,1793,-1, 1793,1794,1787,-1, 1795,1787,1796,-1, 1797,1787,1798,-1, 
          1454,1180,1455,-1, 1791,1628,1697,-1, 1624,1697,1628,-1, 1771,1765,1785,-1, 1771,1752,1765,-1, 756,755,1690,-1, 
          1758,1750,1790,-1, 1605,1697,1624,-1, 1799,1800,26,-1, 1801,1799,26,-1, 1802,1787,1803,-1, 1804,1805,1806,-1, 
          1806,1807,1808,-1, 1809,1810,1811,-1, 1700,26,1812,-1, 1758,1813,1759,-1, 1567,1689,1605,-1, 1697,1605,1689,-1, 
          1594,1616,1496,-1, 1790,1813,1758,-1, 1736,1769,26,-1, 1774,1801,26,-1, 1800,1812,26,-1, 1496,1616,1479,-1, 
          1618,1479,1616,-1, 957,1481,1486,-1, 1717,1478,1617,-1, 1814,733,1815,-1, 733,1816,1817,-1, 1818,1819,733,-1, 
          1820,1821,733,-1, 1822,1820,733,-1, 1823,1824,1825,-1, 1826,1786,1827,-1, 1828,1829,1786,-1, 1786,1830,1831,-1, 
          1813,1832,1759,-1, 1833,1450,1174,-1, 120,122,1786,-1, 1834,1835,1786,-1, 1786,1836,1837,-1, 1838,1786,1839,-1, 
          1840,1841,1786,-1, 1838,1840,1786,-1, 1842,1829,1828,-1, 1761,1763,25,-1, 25,1764,26,-1, 1737,26,1744,-1, 
          1611,1791,1622,-1, 1174,1450,1447,-1, 1759,1832,1778,-1, 1174,1447,1173,-1, 1446,1173,1447,-1, 1481,1490,1486,-1, 
          1581,1676,1675,-1, 1637,1634,1765,-1, 1173,1446,1181,-1, 1533,1535,1791,-1, 1778,1483,676,-1, 1181,1455,1180,-1, 
          1697,1533,1791,-1, 1486,1843,957,-1, 1844,957,1843,-1, 1533,1697,1532,-1, 1832,1486,1483,-1, 1832,1483,1778,-1, 
          1191,1516,1193,-1, 1192,1515,1191,-1, 1516,1191,1515,-1, 1532,1697,1524,-1, 1845,1784,1541,-1, 1281,1517,1280,-1, 
          1518,1280,1517,-1, 535,1753,619,-1, 1419,1197,1518,-1, 1541,1556,1845,-1, 1727,310,1738,-1, 1517,1281,1642,-1, 
          1531,1717,1530,-1, 1636,1637,1765,-1, 1846,1847,1293,-1, 1846,1293,1292,-1, 1293,1847,1294,-1, 1530,1717,1536,-1, 
          1738,1636,1765,-1, 1791,1536,1717,-1, 1846,1525,1847,-1, 1526,1847,1525,-1, 1525,1846,1522,-1, 1738,1848,1636,-1, 
          1536,1791,1535,-1, 1582,1581,1707,-1, 1849,1850,1851,-1, 1678,1847,1526,-1, 1790,1852,1813,-1, 1717,1617,1622,-1, 
          1779,1751,1853,-1, 1854,1853,1751,-1, 1851,1855,1849,-1, 1717,1622,1791,-1, 1754,618,1753,-1, 619,1753,618,-1, 
          1751,1633,1854,-1, 1635,1854,1633,-1, 1856,1832,1813,-1, 1754,1739,618,-1, 1857,1364,1847,-1, 1294,1847,1364,-1, 
          1726,1729,1575,-1, 1643,1853,1854,-1, 1643,1854,1635,-1, 1700,1702,309,-1, 1643,309,1853,-1, 1843,1832,1844,-1, 
          1856,1844,1832,-1, 1850,1858,1851,-1, 1859,1858,1850,-1, 1757,309,1702,-1, 1832,1843,1486,-1, 1851,1860,1855,-1, 
          1853,309,1779,-1, 1861,1783,1862,-1, 1860,1863,1855,-1, 1784,1864,1790,-1, 1290,1846,1292,-1, 1846,1290,1291,-1, 
          1845,1864,1784,-1, 1721,1722,1577,-1, 1561,1722,1562,-1, 1705,1562,1722,-1, 1291,1522,1846,-1, 1561,1577,1722,-1, 
          1403,1742,1402,-1, 1860,1851,1858,-1, 1352,1642,1281,-1, 1865,1845,1556,-1, 1866,1867,1858,-1, 1704,1563,1705,-1, 
          1862,1783,1780,-1, 1868,1869,1870,-1, 1556,1583,1865,-1, 1563,1704,1564,-1, 1865,1871,1845,-1, 1562,1705,1563,-1, 
          1845,1871,1864,-1, 1706,1564,1704,-1, 1872,1873,1777,-1, 1776,1872,1777,-1, 932,1593,1712,-1, 1866,1858,1859,-1, 
          1781,1872,1776,-1, 1781,1776,1782,-1, 1867,1874,1858,-1, 1875,1876,1877,-1, 1581,1675,1707,-1, 1873,1878,1777,-1, 
          1877,1879,1576,-1, 1858,1874,1860,-1, 1781,1873,1872,-1, 1575,1582,1726,-1, 1707,1726,1582,-1, 1880,135,1881,-1, 
          1781,1878,1873,-1, 1782,1776,1775,-1, 1882,135,1883,-1, 1574,1575,1729,-1, 1729,1721,1574,-1, 1884,1885,1870,-1, 
          1886,1867,1887,-1, 1882,1881,135,-1, 1577,1574,1721,-1, 1713,535,1712,-1, 932,1712,535,-1, 1888,1889,957,-1, 
          1864,1852,1790,-1, 1890,134,1891,-1, 1889,1892,957,-1, 1878,1781,1893,-1, 1891,134,1894,-1, 1844,1895,957,-1, 
          1888,957,1895,-1, 1896,1870,1897,-1, 1813,1852,1856,-1, 1898,1862,458,-1, 1899,134,1900,-1, 1901,1900,134,-1, 
          1734,1902,1736,-1, 1856,1895,1844,-1, 1903,1904,1905,-1, 1396,1641,1352,-1, 1642,1352,1641,-1, 1906,1904,1903,-1, 
          1407,1907,1690,-1, 1852,1864,1908,-1, 1402,1640,1396,-1, 1641,1396,1640,-1, 1735,1902,1734,-1, 1639,1902,1737,-1, 
          1871,1908,1864,-1, 1909,1901,134,-1, 1870,1885,1910,-1, 1910,1897,1870,-1, 1870,1896,1911,-1, 1408,1857,1361,-1, 
          1908,1912,1852,-1, 1905,1913,1914,-1, 1691,1690,755,-1, 1904,1913,1905,-1, 1657,1651,1915,-1, 461,135,1916,-1, 
          1690,1907,756,-1, 1917,1918,1908,-1, 1362,1360,1919,-1, 1915,1919,1360,-1, 1908,1918,1912,-1, 1735,1737,1902,-1, 
          1852,1912,1856,-1, 1856,1888,1895,-1, 1920,1906,1921,-1, 1922,1883,135,-1, 1656,1919,1652,-1, 1915,1652,1919,-1, 
          1923,957,1892,-1, 1656,1747,1919,-1, 1744,1649,1737,-1, 1912,1889,1888,-1, 1912,1888,1856,-1, 1652,1915,1651,-1, 
          1921,1906,1903,-1, 1924,135,1925,-1, 1922,135,1924,-1, 1871,1917,1908,-1, 1407,1538,1537,-1, 1915,1360,1361,-1, 
          1915,1361,1857,-1, 1648,1745,1597,-1, 1849,1926,1913,-1, 1679,1857,1678,-1, 1762,1615,1764,-1, 1657,1857,1679,-1, 
          1915,1857,1657,-1, 1927,1928,134,-1, 1929,134,1928,-1, 1364,1857,1408,-1, 1912,1892,1889,-1, 1899,1894,134,-1, 
          1648,1744,1745,-1, 1847,1678,1857,-1, 1764,1597,1745,-1, 1404,1743,1403,-1, 1920,1930,1906,-1, 1912,1923,1892,-1, 
          1414,1755,1404,-1, 1743,1404,1755,-1, 1597,1764,1615,-1, 1931,1932,1933,-1, 1742,1403,1743,-1, 1640,1402,1742,-1, 
          1426,1538,1428,-1, 1925,135,1934,-1, 1583,1576,1879,-1, 1755,1414,1756,-1, 1411,1756,1414,-1, 1410,1746,1411,-1, 
          1935,1936,135,-1, 1362,1919,1409,-1, 1409,1919,1747,-1, 1932,1937,1933,-1, 1938,1933,1937,-1, 1879,1939,1583,-1, 
          1756,1411,1746,-1, 1746,1410,1747,-1, 1409,1747,1410,-1, 1452,1444,1428,-1, 1850,1913,1904,-1, 1879,1940,1941,-1, 
          1850,1849,1913,-1, 1879,1941,1939,-1, 1583,1939,1865,-1, 1865,1942,1871,-1, 1939,1942,1865,-1, 1606,1763,1607,-1, 
          1761,1607,1763,-1, 1917,1871,1942,-1, 1943,1931,1933,-1, 1607,1761,1608,-1, 1760,1608,1761,-1, 1944,1930,1920,-1, 
          1945,135,1946,-1, 1947,1904,1906,-1, 1948,1933,1949,-1, 1763,1606,1762,-1, 1615,1762,1606,-1, 1898,1384,1950,-1, 
          1877,1951,1879,-1, 1940,1879,1951,-1, 1935,135,1952,-1, 1945,1952,135,-1, 1384,1469,1950,-1, 1930,1947,1906,-1, 
          1898,1861,1862,-1, 1947,1850,1904,-1, 135,134,1946,-1, 1950,1861,1898,-1, 1953,1946,134,-1, 1947,1859,1850,-1, 
          1947,1954,1859,-1, 1460,1477,1469,-1, 1554,1955,1555,-1, 1604,1608,1676,-1, 1604,1676,1581,-1, 1760,1676,1608,-1, 
          1933,1956,1949,-1, 1933,1948,1943,-1, 1951,1957,1940,-1, 1648,1649,1744,-1, 1958,1959,134,-1, 1944,1960,1961,-1, 
          1960,1962,1961,-1, 1959,1953,134,-1, 1960,1963,1962,-1, 1957,1964,1940,-1, 1944,1961,1930,-1, 1965,134,1966,-1, 
          1965,1958,134,-1, 1930,1954,1947,-1, 1930,1961,1954,-1, 1660,1967,1669,-1, 1968,134,1969,-1, 1970,1971,1783,-1, 
          1801,1774,1972,-1, 1923,1973,957,-1, 1969,134,1929,-1, 1772,1972,1773,-1, 765,756,1425,-1, 1890,1927,134,-1, 
          1773,1972,1774,-1, 1936,1934,135,-1, 134,1968,1974,-1, 1974,1966,134,-1, 1781,1971,1893,-1, 1975,1736,1902,-1, 
          1469,1477,1976,-1, 1538,1407,1580,-1, 1950,1469,1977,-1, 1769,1647,1770,-1, 1961,1962,1978,-1, 1979,78,1980,-1, 
          1911,1956,1981,-1, 1982,1983,1917,-1, 1917,1983,1918,-1, 1902,1639,1975,-1, 1981,1984,1868,-1, 1961,1978,1954,-1, 
          1985,957,1973,-1, 1979,1986,78,-1, 1954,1866,1859,-1, 1918,1973,1923,-1, 1918,1923,1912,-1, 1954,1978,1866,-1, 
          1931,1987,1932,-1, 1972,1669,1967,-1, 1988,136,1989,-1, 1939,1990,1942,-1, 1770,1646,1772,-1, 1941,1990,1939,-1, 
          1948,1991,1943,-1, 1428,1613,1555,-1, 1942,1982,1917,-1, 1770,1647,1646,-1, 77,1992,1993,-1, 1994,136,1995,-1, 
          1989,136,1994,-1, 1885,1884,1937,-1, 1995,136,1996,-1, 1647,1769,1638,-1, 1736,1975,1769,-1, 1990,1982,1942,-1, 
          490,1997,136,-1, 1975,1638,1769,-1, 1638,1975,1639,-1, 1998,1982,1990,-1, 1999,137,2000,-1, 1982,2001,1983,-1, 
          1998,2001,1982,-1, 137,1999,2002,-1, 1949,1991,1948,-1, 1639,1737,1649,-1, 1537,1907,1407,-1, 1918,1985,1973,-1, 
          1972,1653,1669,-1, 2003,2004,2005,-1, 1972,1772,1653,-1, 1646,1653,1772,-1, 1956,1911,1949,-1, 2006,1985,1983,-1, 
          1918,1983,1985,-1, 2007,1053,1555,-1, 137,2008,2009,-1, 137,2002,2008,-1, 2007,1555,2010,-1, 2009,2011,137,-1, 
          2012,1990,1941,-1, 2013,77,2014,-1, 2011,2015,137,-1, 1661,1967,1660,-1, 1996,136,1997,-1, 2012,1998,1990,-1, 
          1984,1981,1956,-1, 2003,2005,2016,-1, 1665,2017,1664,-1, 2018,77,2013,-1, 2019,2020,2012,-1, 2012,2020,1998,-1, 
          1991,1949,1911,-1, 1967,1661,2017,-1, 136,1988,2021,-1, 2003,2016,2022,-1, 2022,1920,1921,-1, 2023,136,2024,-1, 
          1444,1452,764,-1, 2021,2024,136,-1, 2016,1920,2022,-1, 1661,1664,2017,-1, 2025,2026,78,-1, 2026,2027,78,-1, 
          1986,2025,78,-1, 2028,2029,2005,-1, 2017,1812,1800,-1, 2030,2031,957,-1, 1897,1910,1987,-1, 1799,1967,1800,-1, 
          2032,137,2033,-1, 2001,2030,2034,-1, 2001,2034,1983,-1, 1800,1967,2017,-1, 1987,1931,1943,-1, 1801,1967,1799,-1, 
          2032,2035,137,-1, 2035,2036,137,-1, 2036,2000,137,-1, 2016,1944,1920,-1, 2037,78,2038,-1, 1967,1801,1972,-1, 
          1943,1991,1987,-1, 1980,78,2039,-1, 1910,1932,1987,-1, 2031,2030,2001,-1, 1983,2034,2006,-1, 2023,2040,136,-1, 
          2041,77,1993,-1, 1932,1910,1937,-1, 1885,1937,1910,-1, 1452,1428,2042,-1, 2043,2042,1428,-1, 1938,1937,1884,-1, 
          2044,2045,2046,-1, 2044,2046,2047,-1, 2040,2048,136,-1, 2018,1992,77,-1, 2047,2046,2028,-1, 2037,2039,78,-1, 
          2043,1428,1555,-1, 2049,2050,28,-1, 2051,957,2052,-1, 1897,1987,1896,-1, 1991,1896,1987,-1, 2047,2028,2004,-1, 
          2005,2004,2028,-1, 2053,136,2054,-1, 1991,1911,1896,-1, 2048,2055,136,-1, 2054,136,2055,-1, 752,1554,753,-1, 
          1554,1052,753,-1, 2056,137,2053,-1, 2052,957,2057,-1, 2058,2038,78,-1, 2059,2058,78,-1, 2028,2060,2029,-1, 
          1554,752,1955,-1, 2001,2052,2057,-1, 2001,2057,2031,-1, 2043,1555,2061,-1, 1955,2061,1555,-1, 2060,2046,2062,-1, 
          1933,1938,1870,-1, 1884,1870,1938,-1, 2028,2046,2060,-1, 2063,77,2064,-1, 2042,750,1452,-1, 2065,77,2066,-1, 
          2067,137,2068,-1, 2069,2064,77,-1, 849,2070,850,-1, 2060,2071,2029,-1, 2060,2072,2071,-1, 750,2042,2043,-1, 
          2061,751,2043,-1, 750,2043,751,-1, 2073,2059,78,-1, 2005,2074,2016,-1, 2075,2068,137,-1, 2005,2029,2074,-1, 
          1976,1977,1469,-1, 2076,2033,137,-1, 851,2077,849,-1, 751,2061,1955,-1, 751,1955,752,-1, 1950,1977,2078,-1, 
          2016,2074,1944,-1, 851,2079,2077,-1, 1977,2080,2078,-1, 2081,2075,137,-1, 2067,2076,137,-1, 849,2082,2070,-1, 
          672,28,2083,-1, 1950,2078,1861,-1, 756,1907,1537,-1, 1537,1426,756,-1, 2072,2060,2062,-1, 2084,137,2056,-1, 
          136,2053,137,-1, 2084,2081,137,-1, 849,2077,2082,-1, 2085,28,2050,-1, 2070,2082,1502,-1, 1500,1502,2082,-1, 
          1976,1477,2086,-1, 1503,2086,1477,-1, 2029,2087,2074,-1, 2086,2088,1976,-1, 2070,1502,1595,-1, 2029,2071,2087,-1, 
          2074,2087,1960,-1, 2088,1977,1976,-1, 2089,2090,28,-1, 2088,2080,1977,-1, 2074,1960,1944,-1, 2091,28,2092,-1, 
          2093,1883,2094,-1, 2082,2077,1506,-1, 1989,2094,1988,-1, 2010,1555,1613,-1, 2093,2094,1989,-1, 2093,1989,1994,-1, 
          1500,2082,1506,-1, 2072,2095,2096,-1, 2085,2089,28,-1, 2097,28,2090,-1, 2092,28,2097,-1, 2098,2094,1924,-1, 
          1924,2094,1922,-1, 1988,2094,2021,-1, 2098,2021,2094,-1, 535,1713,1753,-1, 1882,2093,1881,-1, 1881,2099,1880,-1, 
          2072,2096,2071,-1, 933,932,535,-1, 2071,2096,2100,-1, 2101,78,2102,-1, 867,863,862,-1, 2073,78,2101,-1, 
          2103,78,2104,-1, 868,867,851,-1, 2105,2106,2107,-1, 2108,77,2109,-1, 2087,2071,2100,-1, 2110,2107,2106,-1, 
          1996,2099,1995,-1, 2087,1963,1960,-1, 2108,2111,77,-1, 2104,77,2111,-1, 2079,851,867,-1, 2099,1996,1997,-1, 
          2087,2100,1963,-1, 2041,2069,77,-1, 2063,2066,77,-1, 2112,2106,2113,-1, 1916,1880,2099,-1, 2095,2114,2115,-1, 
          862,2116,867,-1, 2096,2095,2117,-1, 1922,2094,1883,-1, 862,2118,2116,-1, 2093,1882,1883,-1, 867,2116,2079,-1, 
          2099,1881,2093,-1, 2065,2109,77,-1, 2102,78,2103,-1, 77,2104,78,-1, 1995,2093,1994,-1, 2119,2079,2116,-1, 
          2099,2093,1995,-1, 2100,2120,1963,-1, 2112,2121,2106,-1, 2121,2122,2106,-1, 2123,2124,2125,-1, 1861,1970,1783,-1, 
          1890,1891,2000,-1, 2105,2113,2106,-1, 2078,1970,1861,-1, 2126,2127,2128,-1, 1893,1777,1878,-1, 2036,1890,2000,-1, 
          2000,1891,1999,-1, 1894,1999,1891,-1, 1899,2002,1894,-1, 1999,1894,2002,-1, 2129,2130,79,-1, 2131,647,2132,-1, 
          2133,2134,2135,-1, 2136,2137,2133,-1, 1899,2008,2002,-1, 2118,2138,2116,-1, 1900,2008,1899,-1, 2139,2140,2141,-1, 
          2118,2142,2138,-1, 2143,2129,79,-1, 1901,2009,1900,-1, 2008,1900,2009,-1, 2119,2116,2138,-1, 2139,2144,2140,-1, 
          2009,1901,2011,-1, 1909,2011,1901,-1, 2140,2144,2145,-1, 1768,2015,1909,-1, 2146,647,2131,-1, 1924,1925,2098,-1, 
          2147,2137,2136,-1, 1893,2148,1777,-1, 2125,2145,2123,-1, 2077,2079,2149,-1, 1849,1855,2150,-1, 1783,1971,1781,-1, 
          2021,2098,2024,-1, 2151,647,2152,-1, 2149,2079,2119,-1, 1934,2098,1925,-1, 2153,2154,1777,-1, 2155,1777,2154,-1, 
          2156,2153,1777,-1, 2156,1777,2148,-1, 1506,2077,2149,-1, 2151,2132,647,-1, 2157,647,2158,-1, 2146,2158,647,-1, 
          1969,2076,1968,-1, 2067,1968,2076,-1, 2159,647,2160,-1, 2161,2162,2163,-1, 2164,2163,2162,-1, 2035,1927,2036,-1, 
          1927,2035,1928,-1, 2032,1928,2035,-1, 2165,2166,2141,-1, 2033,1929,2032,-1, 1928,2032,1929,-1, 2167,80,2168,-1, 
          1929,2033,1969,-1, 2076,1969,2033,-1, 2169,2163,2170,-1, 2157,2160,647,-1, 2171,2172,27,-1, 1890,2036,1927,-1, 
          2142,2173,2174,-1, 2166,2139,2141,-1, 1952,2175,1935,-1, 2176,2177,2178,-1, 2024,2098,2023,-1, 2167,2179,80,-1, 
          2180,2163,2169,-1, 2175,2048,2181,-1, 2138,2142,2174,-1, 2180,2161,2163,-1, 2182,80,2183,-1, 2184,2185,80,-1, 
          2181,1936,1935,-1, 2138,2186,2119,-1, 2179,2183,80,-1, 2098,1934,2181,-1, 1936,2181,1934,-1, 2182,2184,80,-1, 
          2138,2174,2186,-1, 2181,2023,2098,-1, 2143,79,2187,-1, 2119,2186,2188,-1, 2145,2135,2123,-1, 2181,2040,2023,-1, 
          2189,79,2190,-1, 2191,2137,2147,-1, 2192,2187,79,-1, 2144,2133,2135,-1, 2144,2135,2145,-1, 2192,79,2189,-1, 
          2119,2188,2149,-1, 2170,2163,2193,-1, 2193,2163,2194,-1, 2149,1508,1506,-1, 2195,79,2196,-1, 2149,2188,1508,-1, 
          2197,2139,2166,-1, 2040,2181,2048,-1, 2173,2198,2174,-1, 2175,1945,2199,-1, 1945,1946,2199,-1, 1945,2175,1952,-1, 
          2181,1935,2175,-1, 1971,2156,2148,-1, 2148,1893,1971,-1, 2175,2199,2054,-1, 2175,2054,2055,-1, 2200,2178,2177,-1, 
          2054,2199,2053,-1, 2144,2147,2136,-1, 2048,2175,2055,-1, 2201,1970,2078,-1, 2144,2136,2133,-1, 28,2202,2203,-1, 
          2204,2205,2191,-1, 2080,2201,2078,-1, 1953,2199,1946,-1, 2201,2206,1970,-1, 2207,2150,1855,-1, 2180,2105,2208,-1, 
          2107,2208,2105,-1, 2209,2200,2177,-1, 2056,2053,2199,-1, 2207,1855,1863,-1, 2162,2208,2164,-1, 2110,2164,2208,-1, 
          2110,2208,2107,-1, 1381,2210,2211,-1, 2150,2207,2166,-1, 2212,2213,2201,-1, 2201,2213,2206,-1, 2214,2215,27,-1, 
          2113,2105,2169,-1, 2180,2169,2105,-1, 2207,2197,2166,-1, 1974,1968,2216,-1, 864,1381,2211,-1, 2217,80,2218,-1, 
          2219,80,2217,-1, 862,864,2211,-1, 2219,2168,80,-1, 2220,2214,27,-1, 2112,2113,2170,-1, 2113,2169,2170,-1, 
          2121,2112,2170,-1, 2067,2216,1968,-1, 2221,2205,2204,-1, 2068,2216,2067,-1, 2222,2210,2223,-1, 2139,2224,2144,-1, 
          2161,2208,2162,-1, 2225,79,2226,-1, 2197,2224,2139,-1, 2208,2161,2180,-1, 2210,2222,2227,-1, 2144,2224,2147,-1, 
          2191,2147,2224,-1, 2226,79,2228,-1, 2216,2229,1974,-1, 2230,27,2231,-1, 2130,2196,79,-1, 2229,2232,1974,-1, 
          2232,1966,1974,-1, 2210,2227,2211,-1, 2233,27,2230,-1, 2211,2227,2118,-1, 2207,2234,2197,-1, 1965,1966,2235,-1, 
          2232,2235,1966,-1, 2118,2227,2142,-1, 2229,2235,2232,-1, 1863,2234,2207,-1, 2163,2164,2106,-1, 2110,2106,2164,-1, 
          2211,2118,862,-1, 2236,2237,2238,-1, 2229,2216,2235,-1, 2068,2075,2216,-1, 2235,2216,2075,-1, 2239,2240,2241,-1, 
          2197,2242,2224,-1, 2243,1958,2235,-1, 1965,2235,1958,-1, 2235,2081,2243,-1, 1981,1868,1870,-1, 2244,80,2245,-1, 
          2234,2242,2197,-1, 2235,2075,2081,-1, 2246,2218,80,-1, 2238,2247,2221,-1, 2248,2249,2236,-1, 2250,27,2251,-1, 
          2233,2251,27,-1, 2252,2220,27,-1, 27,2250,2253,-1, 1958,2243,1959,-1, 2246,80,2254,-1, 2255,2122,2194,-1, 
          2199,1953,2243,-1, 2242,2221,2204,-1, 2242,2204,2224,-1, 2254,80,2256,-1, 2081,2084,2243,-1, 2121,2193,2122,-1, 
          1970,2206,1971,-1, 2056,2243,2084,-1, 1959,2243,1953,-1, 1971,2153,2156,-1, 2121,2170,2193,-1, 2056,2199,2243,-1, 
          2238,2221,2242,-1, 2194,2122,2193,-1, 2206,2154,2153,-1, 2206,2153,1971,-1, 2224,2204,2191,-1, 2088,2257,2080,-1, 
          1860,2258,1863,-1, 2171,27,2215,-1, 28,27,2259,-1, 2241,2260,2261,-1, 1874,2258,1860,-1, 650,12,647,-1, 
          2260,2262,2263,-1, 2201,2080,2212,-1, 2260,2263,2261,-1, 2258,2264,1863,-1, 2241,2261,2222,-1, 664,20,665,-1, 
          2257,2212,2080,-1, 2222,2265,2227,-1, 2222,2261,2265,-1, 2227,2265,2142,-1, 667,24,669,-1, 1863,2264,2234,-1, 
          2266,2267,2268,-1, 2267,2269,2268,-1, 2260,2270,2262,-1, 2264,2271,2234,-1, 2272,2202,28,-1, 2260,2240,2270,-1, 
          2273,2262,2270,-1, 2206,2155,2154,-1, 2234,2271,2242,-1, 2274,28,2275,-1, 2276,28,2274,-1, 2276,2277,28,-1, 
          2259,2275,28,-1, 2269,2278,2268,-1, 2279,2268,2278,-1, 1825,2280,2248,-1, 2281,2155,2213,-1, 2206,2213,2155,-1, 
          2242,2236,2238,-1, 2203,2049,28,-1, 2261,2263,2282,-1, 737,739,1823,-1, 2271,2248,2236,-1, 2242,2271,2236,-1, 
          2272,28,2277,-1, 2261,2282,2265,-1, 1874,2283,2258,-1, 2265,2173,2142,-1, 2253,2252,27,-1, 2265,2282,2173,-1, 
          2172,2259,27,-1, 2284,2273,2270,-1, 2285,2286,2287,-1, 2288,2287,2286,-1, 2287,2288,2289,-1, 2213,2290,2291,-1, 
          2262,2292,2263,-1, 2213,2291,2281,-1, 2262,2273,2292,-1, 1825,2271,1823,-1, 2293,1823,2271,-1, 2271,1825,2248,-1, 
          2294,2295,2287,-1, 2285,2287,2295,-1, 2296,29,2297,-1, 1668,1495,1494,-1, 1503,1495,2298,-1, 1495,1668,2298,-1, 
          70,690,64,-1, 1503,2298,2086,-1, 2299,2294,2300,-1, 2282,2301,2173,-1, 2302,2086,2298,-1, 2303,2304,1926,-1, 
          2086,2302,2305,-1, 2303,2165,2306,-1, 1926,2165,2303,-1, 2267,2266,2289,-1, 2198,2173,2301,-1, 2287,2289,2268,-1, 
          2086,2305,2088,-1, 2174,2198,2307,-1, 2257,2088,2305,-1, 2286,2308,2288,-1, 2267,2288,2308,-1, 2267,2308,2269,-1, 
          2141,2306,2165,-1, 2285,2308,2286,-1, 2198,2309,2307,-1, 2310,2311,29,-1, 2198,2312,2309,-1, 2295,2278,2285,-1, 
          2308,2285,2278,-1, 2308,2278,2269,-1, 2174,2307,2186,-1, 1914,1913,1926,-1, 2188,2186,2313,-1, 2288,2267,2289,-1, 
          1849,2150,1926,-1, 2314,29,2315,-1, 2266,2268,2289,-1, 2279,2278,2294,-1, 1926,2150,2165,-1, 29,2316,2315,-1, 
          2295,2294,2278,-1, 2317,2302,2298,-1, 2150,2166,2165,-1, 2313,2186,2307,-1, 2279,2294,2299,-1, 2188,2313,1534,-1, 
          2318,2319,2177,-1, 2313,1540,1534,-1, 2297,29,2320,-1, 2313,2321,1540,-1, 2188,1534,1508,-1, 2316,29,2311,-1, 
          2314,2322,29,-1, 2322,2320,29,-1, 2323,2303,2306,-1, 2324,2325,2326,-1, 2327,2152,647,-1, 2301,2328,2312,-1, 
          2329,2330,2331,-1, 2301,2312,2198,-1, 2325,2332,2333,-1, 2332,2331,2330,-1, 702,701,87,-1, 2213,2212,2334,-1, 
          461,703,135,-1, 2128,2127,2335,-1, 2307,2309,2321,-1, 2195,2228,79,-1, 2336,2337,2338,-1, 2337,2339,2338,-1, 
          2340,2338,2339,-1, 2341,2336,2338,-1, 2342,79,2343,-1, 2344,2343,79,-1, 2345,2341,2338,-1, 2313,2307,2321,-1, 
          2346,2347,2335,-1, 2348,2349,80,-1, 2348,80,2350,-1, 2349,2245,80,-1, 2351,2352,2353,-1, 2351,2353,2354,-1, 
          2256,80,2244,-1, 2128,2335,2347,-1, 2145,2125,2347,-1, 2135,2355,2123,-1, 2225,2344,79,-1, 2342,2350,79,-1, 
          79,2350,80,-1, 2141,2356,2306,-1, 2037,2357,2039,-1, 2039,2358,1980,-1, 2130,2358,2196,-1, 2356,2141,2140,-1, 
          2359,2353,2360,-1, 2129,2358,2130,-1, 2361,2356,2140,-1, 2358,2129,2362,-1, 2125,2363,2126,-1, 2140,2145,2361,-1, 
          2361,2145,2347,-1, 1572,1540,2321,-1, 2359,2364,2353,-1, 2365,2353,2364,-1, 2360,2353,2352,-1, 2347,2126,2128,-1, 
          2334,2290,2213,-1, 2126,2347,2125,-1, 2366,2321,2309,-1, 2367,664,2368,-1, 2340,2351,2369,-1, 2354,2369,2351,-1, 
          1668,1677,2370,-1, 2309,2371,2366,-1, 2364,2341,2365,-1, 2321,2366,1572,-1, 2370,2298,1668,-1, 2370,2317,2298,-1, 
          2372,2373,2374,-1, 2341,2364,2359,-1, 2341,2359,2336,-1, 2372,2375,2373,-1, 2360,2337,2359,-1, 2337,2336,2359,-1, 
          2376,2377,2371,-1, 2337,2360,2339,-1, 2373,2378,2374,-1, 2371,2377,2379,-1, 1677,2380,2381,-1, 2352,2339,2360,-1, 
          2382,2383,207,-1, 2351,2340,2352,-1, 2379,2366,2371,-1, 2317,2370,2384,-1, 2366,1875,1572,-1, 2339,2352,2340,-1, 
          2345,2365,2341,-1, 2366,2379,1875,-1, 1875,1576,1572,-1, 2345,2338,2365,-1, 2385,1921,2375,-1, 2386,2305,2302,-1, 
          2353,2365,2338,-1, 2302,2317,2386,-1, 2375,1903,2373,-1, 2375,1921,1903,-1, 1903,1905,2373,-1, 2386,2387,2305,-1, 
          2388,2389,30,-1, 2373,1905,2378,-1, 2390,664,2391,-1, 2392,2393,2394,-1, 1905,1914,2378,-1, 1877,1576,1875,-1, 
          2378,1914,2304,-1, 1914,1926,2304,-1, 2387,2257,2305,-1, 2395,2396,2397,-1, 2387,2398,2257,-1, 2376,2312,2328,-1, 
          2399,2392,2394,-1, 2376,2328,2397,-1, 2257,2398,2212,-1, 2371,2312,2376,-1, 2400,664,2401,-1, 2402,2403,2394,-1, 
          2399,2394,2403,-1, 2404,2405,2394,-1, 2405,2402,2394,-1, 2401,664,2406,-1, 2406,664,2407,-1, 2371,2309,2312,-1, 
          2397,2396,2408,-1, 2390,2407,664,-1, 2335,2409,2346,-1, 2346,1829,1842,-1, 2398,2334,2212,-1, 1841,2410,1828,-1, 
          2290,2334,2411,-1, 2397,2408,2412,-1, 2323,2413,2303,-1, 2414,2323,2306,-1, 2415,2416,2417,-1, 2397,2412,2376,-1, 
          2418,2411,2334,-1, 2376,2412,2377,-1, 2306,2356,2414,-1, 2419,2414,2356,-1, 2420,2421,2386,-1, 2356,2361,2419,-1, 
          2422,2423,2424,-1, 2421,2387,2386,-1, 2419,2361,2425,-1, 2426,2412,2408,-1, 2427,2377,2412,-1, 2428,2423,2429,-1, 
          2389,2430,30,-1, 2430,2431,30,-1, 2431,2432,30,-1, 2433,2423,2428,-1, 2425,2347,2410,-1, 2387,2434,2398,-1, 
          2433,2424,2423,-1, 2361,2347,2425,-1, 2435,2429,2423,-1, 2368,664,2436,-1, 2437,2388,30,-1, 2438,2437,30,-1, 
          2439,2438,30,-1, 2440,2334,2398,-1, 1842,2410,2346,-1, 2347,2346,2410,-1, 2441,664,2400,-1, 2436,664,2441,-1, 
          2442,2443,2435,-1, 2410,1842,1828,-1, 2444,2391,664,-1, 29,2296,2445,-1, 2282,2263,2446,-1, 2447,2334,2448,-1, 
          2440,2448,2334,-1, 2449,2439,30,-1, 2263,2292,2446,-1, 2334,2447,2418,-1, 2450,2393,2451,-1, 2301,2282,2446,-1, 
          2416,2329,2417,-1, 2273,2284,2452,-1, 2453,2452,2284,-1, 2317,2384,2420,-1, 2454,2405,2404,-1, 2273,2452,2455,-1, 
          2317,2420,2386,-1, 2273,2455,2292,-1, 2456,2383,2457,-1, 2457,2383,2458,-1, 2292,2455,2395,-1, 2459,30,2460,-1, 
          2362,1979,2358,-1, 1980,2358,1979,-1, 2461,2424,2433,-1, 2292,2395,2446,-1, 2446,2328,2301,-1, 2462,2383,2463,-1, 
          2464,30,2465,-1, 2449,30,2464,-1, 2143,2362,2129,-1, 2446,2395,2328,-1, 2459,2465,30,-1, 2410,2466,2425,-1, 
          2453,2467,2452,-1, 2458,2383,2462,-1, 1828,1786,1841,-1, 2410,1841,2466,-1, 1840,2466,1841,-1, 2378,2468,2374,-1, 
          2469,2383,2470,-1, 2470,2383,2456,-1, 2463,2383,2382,-1, 14,2471,2383,-1, 1979,2362,1986,-1, 2378,2304,2468,-1, 
          2423,2422,2394,-1, 2468,2304,2413,-1, 2304,2303,2413,-1, 199,166,2367,-1, 2397,2328,2395,-1, 171,2367,166,-1, 
          2472,2461,2428,-1, 2362,2143,2187,-1, 2473,29,2474,-1, 2475,2452,2467,-1, 2452,2476,2455,-1, 2187,2477,2362,-1, 
          2192,2477,2187,-1, 2452,2475,2476,-1, 1986,2362,2025,-1, 2477,2025,2362,-1, 180,167,199,-1, 2455,2396,2395,-1, 
          2454,2422,2478,-1, 2422,2424,2478,-1, 2455,2476,2396,-1, 2479,2167,2018,-1, 2404,2394,2454,-1, 1992,2018,2167,-1, 
          2480,2403,2402,-1, 2481,2482,2483,-1, 2484,29,2445,-1, 2168,1992,2167,-1, 2402,2478,2480,-1, 2467,2485,2475,-1, 
          199,2367,2327,-1, 2486,29,2484,-1, 1992,2168,1993,-1, 2475,2487,2476,-1, 1993,2168,2219,-1, 2474,29,2488,-1, 
          2486,2488,29,-1, 207,206,2382,-1, 2475,2485,2487,-1, 2489,2483,2490,-1, 2478,2424,2461,-1, 2476,2487,2491,-1, 
          2492,2480,2478,-1, 29,2473,30,-1, 2476,2491,2396,-1, 2489,2490,2493,-1, 2472,2480,2492,-1, 2461,2492,2478,-1, 
          2460,30,2473,-1, 2493,2385,2494,-1, 2408,2396,2491,-1, 2490,2385,2493,-1, 206,2319,2382,-1, 2494,2385,2375,-1, 
          2480,2399,2403,-1, 2202,2495,2203,-1, 2421,2434,2387,-1, 2203,2495,2049,-1, 2399,2472,2392,-1, 2485,2496,2487,-1, 
          2494,2375,2372,-1, 2472,2399,2480,-1, 2495,2297,2497,-1, 2491,2498,2408,-1, 2482,2004,2483,-1, 2297,2495,2296,-1, 
          1787,122,152,-1, 2433,2428,2461,-1, 2461,2472,2492,-1, 2047,2004,2482,-1, 2483,2004,2003,-1, 2434,2440,2398,-1, 
          2429,2451,2428,-1, 2377,2427,2499,-1, 2500,2501,2502,-1, 2483,2003,2490,-1, 2440,2503,2448,-1, 2490,2003,2022,-1, 
          886,990,650,-1, 2435,2451,2429,-1, 2490,2022,2385,-1, 2499,2379,2377,-1, 2311,2504,2316,-1, 2392,2472,2451,-1, 
          2379,2499,1876,-1, 2503,2440,2505,-1, 2506,2505,2440,-1, 2451,2393,2392,-1, 2385,2022,1921,-1, 2472,2428,2451,-1, 
          2454,2478,2405,-1, 2379,1876,1875,-1, 2310,2507,2311,-1, 2478,2402,2405,-1, 2508,2509,2384,-1, 2510,2427,2426,-1, 
          2315,2316,2504,-1, 2454,2394,2422,-1, 2427,2510,2511,-1, 2297,2320,2497,-1, 2511,2499,2427,-1, 2320,2322,2497,-1, 
          2420,2512,2421,-1, 2513,2514,2515,-1, 2097,2504,2092,-1, 2516,1876,2499,-1, 2097,2090,2504,-1, 2517,2511,2510,-1, 
          2518,2440,2434,-1, 2519,2520,2514,-1, 2515,2514,2520,-1, 2502,197,2500,-1, 2521,2519,2514,-1, 2522,665,1327,-1, 
          20,1070,1327,-1, 2091,2092,2504,-1, 2523,2521,2514,-1, 2440,2524,2506,-1, 2525,2523,2514,-1, 2408,2498,2426,-1, 
          2507,2091,2504,-1, 2498,2526,2527,-1, 2498,2527,2426,-1, 2091,2507,2083,-1, 2427,2412,2426,-1, 2528,2529,2530,-1, 
          2531,2529,2532,-1, 2532,2529,2533,-1, 2526,2498,2534,-1, 2504,2311,2507,-1, 2533,2529,2535,-1, 2184,2536,2185,-1, 
          2310,2537,2507,-1, 21,667,1231,-1, 2538,2535,2529,-1, 2014,2539,2536,-1, 2419,2425,2466,-1, 2426,2527,2510,-1, 
          2540,2315,2504,-1, 2541,2529,2531,-1, 2479,2013,2536,-1, 2014,2536,2013,-1, 2050,2049,2497,-1, 2495,2497,2049,-1, 
          2050,2497,2085,-1, 2013,2479,2018,-1, 1326,2522,1327,-1, 2542,2526,2543,-1, 2536,2182,2479,-1, 2183,2479,2182,-1, 
          2179,2479,2183,-1, 2497,2540,2085,-1, 2323,2466,2413,-1, 2479,2179,2167,-1, 2540,2504,2090,-1, 2538,2528,2515,-1, 
          2414,2466,2323,-1, 2315,2540,2314,-1, 2182,2536,2184,-1, 2515,2528,2513,-1, 2532,2544,2531,-1, 2523,2531,2544,-1, 
          2523,2544,2521,-1, 2533,2544,2532,-1, 2089,2085,2540,-1, 2414,2419,2466,-1, 2189,2477,2192,-1, 2025,2477,2026,-1, 
          2535,2519,2533,-1, 2540,2090,2089,-1, 2525,2541,2523,-1, 2531,2523,2541,-1, 2534,2491,2487,-1, 2358,2039,2357,-1, 
          2497,2322,2540,-1, 2314,2540,2322,-1, 2487,2496,2534,-1, 2196,2357,2195,-1, 2534,2498,2491,-1, 2196,2358,2357,-1, 
          1231,1326,1232,-1, 2038,2357,2037,-1, 2544,2533,2519,-1, 2496,2543,2534,-1, 2520,2535,2538,-1, 2496,2545,2543,-1, 
          2534,2543,2526,-1, 2525,2514,2541,-1, 2466,1840,1838,-1, 2521,2544,2519,-1, 2070,906,850,-1, 2520,2538,2515,-1, 
          2070,1595,906,-1, 2519,2535,2520,-1, 2220,2449,2214,-1, 906,1595,760,-1, 1839,1786,2546,-1, 2220,2439,2449,-1, 
          2529,2541,2514,-1, 2464,2214,2449,-1, 2223,1380,1383,-1, 1719,2547,2548,-1, 1380,2210,1381,-1, 2465,2215,2214,-1, 
          2465,2214,2464,-1, 2549,1786,2550,-1, 2551,1786,2549,-1, 2552,1786,2553,-1, 2546,1786,2554,-1, 2223,2210,1380,-1, 
          2466,2549,2550,-1, 2550,1786,2555,-1, 2555,1786,2556,-1, 2548,1716,1719,-1, 2557,2436,2558,-1, 1383,2241,2223,-1, 
          2550,2555,2466,-1, 2223,2241,2222,-1, 2559,2560,2561,-1, 2562,2561,2560,-1, 2400,2558,2441,-1, 2555,2556,2466,-1, 
          2563,2561,2562,-1, 2556,1786,2564,-1, 2556,2564,2466,-1, 2564,2565,2466,-1, 1512,1619,2380,-1, 1491,1470,1488,-1, 
          2566,2567,2561,-1, 2565,1786,2568,-1, 2459,2171,2465,-1, 2563,2566,2561,-1, 1458,1491,1383,-1, 2565,2568,2466,-1, 
          2215,2465,2171,-1, 2569,2559,2561,-1, 1491,2570,2239,-1, 1491,2239,1383,-1, 2568,2571,2466,-1, 1458,1383,1376,-1, 
          2571,1786,2572,-1, 2401,2557,2400,-1, 2571,2572,2466,-1, 2380,1619,2573,-1, 2572,2574,2466,-1, 1491,1488,2570,-1, 
          1677,1512,2380,-1, 2575,2570,1488,-1, 2576,2577,2578,-1, 2460,2172,2459,-1, 1347,1232,1326,-1, 2573,2579,2380,-1, 
          2580,2577,2576,-1, 2573,2581,2579,-1, 2582,2583,2466,-1, 2584,2577,2580,-1, 2380,2579,2381,-1, 2583,2585,2466,-1, 
          1677,2586,2370,-1, 1383,2239,2241,-1, 2585,2481,2466,-1, 1677,2381,2586,-1, 1231,2587,1326,-1, 2481,2489,2466,-1, 
          2489,2493,2466,-1, 2588,2578,2577,-1, 2493,2494,2466,-1, 2589,2570,2575,-1, 2590,2588,2577,-1, 2581,2591,2579,-1, 
          2494,2372,2466,-1, 2558,2400,2557,-1, 2372,2374,2466,-1, 2592,2567,2590,-1, 2591,2593,2579,-1, 2381,2579,2593,-1, 
          2374,2468,2466,-1, 744,1468,1461,-1, 1476,1461,733,-1, 2508,2586,2381,-1, 2468,2413,2466,-1, 2406,2146,2401,-1, 
          2559,2580,2576,-1, 2559,2576,2560,-1, 1465,744,2594,-1, 2407,2158,2406,-1, 2578,2562,2576,-1, 2560,2576,2562,-1, 
          2595,2594,744,-1, 2401,2131,2557,-1, 2562,2578,2563,-1, 2588,2563,2578,-1, 2595,1810,2594,-1, 2132,2557,2131,-1, 
          2596,1659,1723,-1, 1465,2594,1487,-1, 2566,2563,2588,-1, 2590,2566,2588,-1, 2569,2584,2559,-1, 2580,2559,2584,-1, 
          2441,2558,2436,-1, 1723,2597,2596,-1, 2132,2151,2557,-1, 2594,2598,1487,-1, 1659,2596,2573,-1, 1465,1487,1453,-1, 
          2599,2596,2597,-1, 2569,2561,2584,-1, 1470,1453,1488,-1, 2596,2599,2581,-1, 2581,2573,2596,-1, 2131,2401,2146,-1, 
          1659,2573,1619,-1, 2600,2495,2202,-1, 1468,1464,1461,-1, 2577,2584,2561,-1, 2217,2041,2219,-1, 2594,1809,2601,-1, 
          2041,2217,2069,-1, 2218,2069,2217,-1, 2146,2406,2158,-1, 2445,2495,2600,-1, 2594,1810,1809,-1, 1993,2219,2041,-1, 
          2069,2218,2064,-1, 1809,2602,2601,-1, 2598,2594,2601,-1, 2444,2159,2160,-1, 2444,2160,2391,-1, 2603,669,1564,-1, 
          2226,2073,2225,-1, 2277,2604,2272,-1, 2058,2357,2038,-1, 2605,2606,2607,-1, 2272,2600,2202,-1, 2195,2357,2228,-1, 
          2357,2058,2228,-1, 2059,2228,2058,-1, 2390,2157,2407,-1, 2602,2608,2601,-1, 2228,2059,2226,-1, 2073,2226,2059,-1, 
          2368,2327,2367,-1, 2597,2609,2599,-1, 1487,2575,1488,-1, 2101,2225,2073,-1, 2606,2610,2607,-1, 2256,2066,2254,-1, 
          1487,2598,2575,-1, 2244,2065,2256,-1, 2066,2256,2065,-1, 2436,2557,2152,-1, 2109,2065,2611,-1, 2612,2601,2608,-1, 
          2065,2244,2611,-1, 2436,2152,2368,-1, 2245,2611,2244,-1, 2349,2611,2245,-1, 2557,2151,2152,-1, 2349,2108,2611,-1, 
          2158,2407,2157,-1, 2160,2157,2391,-1, 2390,2391,2157,-1, 2246,2064,2218,-1, 2064,2246,2063,-1, 2254,2063,2246,-1, 
          1838,1839,2466,-1, 2613,2614,2607,-1, 2614,2615,2607,-1, 2063,2254,2066,-1, 2605,2607,2615,-1, 2616,2613,2607,-1, 
          2103,2343,2102,-1, 2344,2102,2343,-1, 2104,2342,2103,-1, 2343,2103,2342,-1, 2327,2368,2152,-1, 2598,2617,2575,-1, 
          1839,2546,2466,-1, 2102,2344,2101,-1, 2225,2101,2344,-1, 2439,2252,2438,-1, 2159,2444,647,-1, 2618,1786,2552,-1, 
          2546,2554,2619,-1, 2598,2620,2617,-1, 2342,2104,2350,-1, 664,647,2444,-1, 2575,2617,2589,-1, 2370,2586,2384,-1, 
          2109,2611,2108,-1, 2348,2108,2349,-1, 2111,2350,2104,-1, 2251,2388,2250,-1, 2570,2240,2239,-1, 2350,2111,2348,-1, 
          2108,2348,2111,-1, 2570,2589,2240,-1, 2260,2241,2240,-1, 2438,2253,2437,-1, 2250,2437,2253,-1, 2381,2593,2508,-1, 
          2617,2621,2589,-1, 2253,2438,2252,-1, 2589,2270,2240,-1, 2622,188,2623,-1, 2589,2621,2270,-1, 2508,2384,2586,-1, 
          2252,2439,2220,-1, 2624,2623,188,-1, 2625,83,2626,-1, 2627,2603,1706,-1, 2628,83,2625,-1, 2621,2284,2270,-1, 
          2629,2630,188,-1, 2631,2624,188,-1, 2431,2231,2432,-1, 2621,2632,2284,-1, 2630,2631,188,-1, 2384,2512,2420,-1, 
          2509,2512,2384,-1, 1869,2432,2231,-1, 2632,2453,2284,-1, 2633,82,2634,-1, 2635,2421,2512,-1, 2632,2636,2453,-1, 
          2637,2434,2421,-1, 2638,82,2639,-1, 2639,82,2633,-1, 2640,82,2641,-1, 2642,2623,2624,-1, 2430,2230,2431,-1, 
          2635,2637,2421,-1, 2546,2619,2554,-1, 2546,2554,2466,-1, 2636,2643,2467,-1, 2231,2431,2230,-1, 83,2644,2645,-1, 
          2554,1786,2618,-1, 2636,2467,2453,-1, 83,2628,2644,-1, 2637,2518,2434,-1, 2230,2430,2233,-1, 2389,2233,2430,-1, 
          2554,2618,2466,-1, 2233,2389,2251,-1, 2388,2251,2389,-1, 2646,2647,2200,-1, 2624,2631,2642,-1, 2626,83,2648,-1, 
          2437,2250,2388,-1, 2618,2552,2466,-1, 2649,2647,2646,-1, 2178,2200,2647,-1, 2553,1786,2551,-1, 2552,2553,2466,-1, 
          2518,2650,2524,-1, 2518,2524,2440,-1, 2651,2652,2643,-1, 2648,83,2653,-1, 2654,2653,83,-1, 2171,2459,2172,-1, 
          2631,2655,2642,-1, 2553,2551,2466,-1, 2473,2259,2460,-1, 2656,2630,2629,-1, 2651,2643,2636,-1, 2178,2647,2176,-1, 
          2656,2655,2630,-1, 2657,82,2658,-1, 2659,2643,2652,-1, 2643,2659,2660,-1, 2296,2495,2445,-1, 2643,2660,2467,-1, 
          2640,2658,82,-1, 2661,1787,2662,-1, 2662,1787,2663,-1, 2484,2445,2600,-1, 2662,2663,2664,-1, 2649,2646,2456,-1, 
          2638,2641,82,-1, 2657,2665,82,-1, 2091,2083,28,-1, 2663,1787,2666,-1, 2666,1787,2667,-1, 2663,2666,2664,-1, 
          2600,2272,2604,-1, 2661,2662,2664,-1, 2176,2647,2668,-1, 2172,2460,2259,-1, 2259,2473,2275,-1, 2474,2275,2473,-1, 
          2518,2669,2650,-1, 2670,83,2671,-1, 2604,2274,2488,-1, 2474,2488,2274,-1, 2275,2474,2274,-1, 2457,2672,2649,-1, 
          29,1730,2310,-1, 2654,83,2673,-1, 2486,2604,2488,-1, 2674,2675,2676,-1, 2642,2676,2675,-1, 2677,2537,1730,-1, 
          2668,2678,2176,-1, 2670,2673,83,-1, 2623,2642,2675,-1, 2679,2609,2680,-1, 2604,2486,2600,-1, 2276,2604,2277,-1, 
          2681,83,2682,-1, 2680,2683,2679,-1, 2675,2674,2614,-1, 2609,2679,2684,-1, 2615,2614,2674,-1, 2276,2274,2604,-1, 
          2652,2685,2659,-1, 2686,2318,2668,-1, 2676,2642,2655,-1, 2484,2600,2486,-1, 2684,2599,2609,-1, 2687,82,2688,-1, 
          2689,2581,2599,-1, 2599,2684,2689,-1, 2083,2507,2690,-1, 2581,2689,2591,-1, 2660,2485,2467,-1, 2691,2688,82,-1, 
          2666,2667,2664,-1, 2692,2693,32,-1, 2694,2695,2664,-1, 2696,2507,2537,-1, 2697,82,2665,-1, 2696,2690,2507,-1, 
          2615,2674,2605,-1, 2698,82,2697,-1, 2655,2605,2674,-1, 2676,2655,2674,-1, 2591,2689,2699,-1, 2685,2700,2659,-1, 
          2701,2702,2656,-1, 2605,2655,2606,-1, 2656,2606,2655,-1, 2606,2656,2610,-1, 2631,2630,2655,-1, 2647,2672,2668,-1, 
          2703,83,2704,-1, 2705,2485,2660,-1, 2616,2706,2613,-1, 2675,2613,2706,-1, 2499,2511,2516,-1, 2511,2707,2516,-1, 
          2613,2675,2614,-1, 2708,82,2709,-1, 2687,2709,82,-1, 2710,82,2708,-1, 2458,2672,2457,-1, 1877,1876,1951,-1, 
          2693,2711,32,-1, 2711,2712,32,-1, 32,2712,2713,-1, 32,2713,2714,-1, 2715,32,2714,-1, 1876,2516,1951,-1, 
          2647,2649,2672,-1, 2675,2706,2622,-1, 2698,2691,82,-1, 83,82,2704,-1, 2703,2682,83,-1, 2681,2671,83,-1, 
          2710,2704,82,-1, 2622,2623,2675,-1, 2616,2607,2706,-1, 2716,84,2717,-1, 2699,2689,2684,-1, 2706,2607,2622,-1, 
          2707,2511,2517,-1, 2516,2707,2718,-1, 2622,2607,188,-1, 2719,84,2720,-1, 2593,2591,2699,-1, 2707,2721,2718,-1, 
          2593,2699,2508,-1, 2516,2718,1951,-1, 2722,2723,1680,-1, 2724,2725,2722,-1, 2718,1957,1951,-1, 1941,1940,1964,-1, 
          2678,2668,2318,-1, 2726,2723,2727,-1, 2707,2517,2728,-1, 2462,2686,2458,-1, 2672,2458,2686,-1, 2721,2707,2728,-1, 
          2729,2730,197,-1, 2731,191,2732,-1, 2730,2500,197,-1, 2733,191,2734,-1, 2735,191,2731,-1, 1957,2736,1964,-1, 
          2737,2732,191,-1, 2551,2549,2466,-1, 2735,2734,191,-1, 1837,2574,1786,-1, 2324,2669,2699,-1, 2518,2699,2669,-1, 
          2564,1786,2565,-1, 2738,85,2739,-1, 2740,2739,85,-1, 85,2741,2740,-1, 2463,2382,2686,-1, 2568,1786,2571,-1, 
          2699,2325,2324,-1, 2463,2686,2462,-1, 2738,2742,85,-1, 836,2743,834,-1, 2572,1786,2574,-1, 2744,2745,2746,-1, 
          2747,2748,2749,-1, 2750,239,197,-1, 2751,239,2750,-1, 2752,2747,2753,-1, 2668,2672,2686,-1, 2754,2755,84,-1, 
          2756,2754,84,-1, 2757,2466,1837,-1, 2574,1837,2466,-1, 2031,2057,957,-1, 2034,2030,957,-1, 197,2699,2750,-1, 
          2758,239,2751,-1, 2759,239,2758,-1, 1941,1964,2012,-1, 2466,2757,2760,-1, 2646,2200,2761,-1, 2699,2751,2750,-1, 
          2762,239,2759,-1, 2209,2761,2200,-1, 2721,1957,2718,-1, 2699,2758,2751,-1, 2763,239,2762,-1, 2719,2717,84,-1, 
          2755,2720,84,-1, 2764,2743,2765,-1, 2766,2743,836,-1, 2699,2759,2758,-1, 2767,2765,2743,-1, 2768,2767,2743,-1, 
          2699,2762,2759,-1, 65,405,2743,-1, 2766,2768,2743,-1, 2699,2763,2762,-1, 2736,2019,1964,-1, 2733,836,835,-1, 
          2699,2769,2763,-1, 1837,1836,2757,-1, 2646,2761,2770,-1, 2771,31,2772,-1, 2773,85,2774,-1, 2699,2775,2769,-1, 
          2760,2776,2466,-1, 1964,2019,2012,-1, 2731,2732,2767,-1, 2776,2582,2466,-1, 2774,85,2777,-1, 2765,2767,2732,-1, 
          2778,2775,2699,-1, 2768,2779,2767,-1, 2209,2177,2761,-1, 2780,31,2781,-1, 2731,2767,2735,-1, 2779,2735,2767,-1, 
          2770,2177,2469,-1, 2782,85,2773,-1, 2741,85,2782,-1, 2734,2735,2783,-1, 2779,2783,2735,-1, 2781,31,2771,-1, 
          2784,31,2780,-1, 2457,2649,2456,-1, 2766,2783,2779,-1, 2766,2779,2768,-1, 2785,2786,2051,-1, 2456,2646,2470,-1, 
          2734,2783,2733,-1, 2783,2766,2733,-1, 836,2733,2766,-1, 2699,2787,2788,-1, 1998,2789,2001,-1, 2772,31,2790,-1, 
          2737,2764,2732,-1, 2765,2732,2764,-1, 2791,2792,2793,-1, 32,2715,2726,-1, 2383,2469,2177,-1, 2020,2789,1998,-1, 
          2699,2679,2683,-1, 2737,191,2764,-1, 2716,2794,84,-1, 2470,2646,2469,-1, 2770,2469,2646,-1, 2794,2795,84,-1, 
          2699,2684,2679,-1, 2743,2764,191,-1, 2789,2051,2052,-1, 2789,2052,2001,-1, 2761,2177,2770,-1, 2796,2797,2798,-1, 
          2799,84,2800,-1, 2051,2789,2785,-1, 2801,2785,2789,-1, 2802,84,2803,-1, 2686,2382,2319,-1, 2795,2803,84,-1, 
          2804,2729,197,-1, 2805,2019,2806,-1, 2699,2509,2508,-1, 32,2807,2692,-1, 2020,2019,2808,-1, 2699,2512,2509,-1, 
          2809,2798,2810,-1, 2019,2805,2808,-1, 2811,2812,45,-1, 2813,2811,45,-1, 2814,2798,2809,-1, 2801,2786,2785,-1, 
          2699,2635,2512,-1, 2808,2815,2020,-1, 2816,2817,197,-1, 2813,2818,2811,-1, 2318,2686,2319,-1, 2020,2815,2789,-1, 
          2699,2637,2635,-1, 48,2819,2820,-1, 2821,85,2822,-1, 2777,85,2821,-1, 2798,2823,2824,-1, 2824,2810,2798,-1, 
          2814,2796,2798,-1, 2699,2518,2637,-1, 2825,2822,85,-1, 2826,2827,31,-1, 2828,1957,2721,-1, 2829,2830,2831,-1, 
          2832,2833,31,-1, 2828,2736,1957,-1, 2748,2746,2745,-1, 2834,84,2835,-1, 2325,2699,2332,-1, 2836,2837,2838,-1, 
          2839,2830,2840,-1, 2699,2331,2332,-1, 2802,2800,84,-1, 2829,2841,2830,-1, 2841,2840,2830,-1, 2699,2417,2331,-1, 
          2799,2835,84,-1, 2842,85,2843,-1, 2828,2806,2736,-1, 2745,2749,2748,-1, 2826,31,2833,-1, 2844,2806,2828,-1, 
          2845,2830,2846,-1, 2839,2846,2830,-1, 2699,2847,2417,-1, 72,1119,2830,-1, 2749,2753,2747,-1, 2736,2806,2019,-1, 
          2848,2849,2757,-1, 2699,2850,2847,-1, 2825,85,2851,-1, 2852,2757,2849,-1, 1836,2848,2757,-1, 2810,2824,2840,-1, 
          2757,2852,2853,-1, 2699,2854,2850,-1, 2855,2832,31,-1, 2839,2840,2824,-1, 2843,85,2834,-1, 84,2834,85,-1, 
          2842,2851,85,-1, 2760,2757,2853,-1, 2810,2841,2809,-1, 2717,2653,2716,-1, 2856,2855,31,-1, 2840,2841,2810,-1, 
          2719,2648,2717,-1, 2653,2717,2648,-1, 2760,2857,2776,-1, 2699,2502,2854,-1, 2760,2853,2857,-1, 2626,2648,2719,-1, 
          2719,2720,2626,-1, 2699,197,2502,-1, 2755,2625,2720,-1, 2769,239,2763,-1, 2626,2720,2625,-1, 2775,239,2769,-1, 
          2778,239,2775,-1, 2582,2858,2859,-1, 2754,2628,2755,-1, 2860,288,2861,-1, 2809,2841,2814,-1, 2829,2814,2841,-1, 
          2859,2583,2582,-1, 2814,2829,2796,-1, 2831,2796,2829,-1, 2801,2789,2862,-1, 2815,2862,2789,-1, 2846,2863,2845,-1, 
          2583,2859,2585,-1, 2864,2786,2862,-1, 2863,2846,2824,-1, 2865,2866,2861,-1, 2867,2868,2838,-1, 2823,2863,2824,-1, 
          2839,2824,2846,-1, 2782,2640,2741,-1, 2778,2699,2869,-1, 2870,2869,2699,-1, 2773,2658,2782,-1, 2867,2820,2819,-1, 
          2721,2871,2828,-1, 2863,2798,2845,-1, 2862,2786,2801,-1, 2830,2845,2798,-1, 2798,2863,2823,-1, 2872,2873,32,-1, 
          2807,32,2873,-1, 2585,2482,2481,-1, 2585,2874,2482,-1, 2872,32,2875,-1, 2699,2876,2787,-1, 2481,2483,2489,-1, 
          2877,2878,32,-1, 2742,2634,2879,-1, 2683,2876,2699,-1, 2849,2848,1786,-1, 2880,2875,32,-1, 2740,2638,2739,-1, 
          2881,2849,1786,-1, 1836,1786,2848,-1, 2881,2852,2849,-1, 2882,2883,2884,-1, 2738,2633,2742,-1, 32,31,2877,-1, 
          2827,2877,31,-1, 2881,1786,2885,-1, 2856,31,2784,-1, 2106,2886,31,-1, 2881,2885,2852,-1, 2885,1786,2887,-1, 
          2634,2742,2633,-1, 2885,2887,2852,-1, 2887,2888,2852,-1, 2639,2739,2638,-1, 2880,32,2878,-1, 2882,2889,2883,-1, 
          2890,2884,2883,-1, 2741,2641,2740,-1, 2638,2740,2641,-1, 2547,1719,2891,-1, 2891,2892,2547,-1, 2741,2640,2641,-1, 
          2883,2893,2890,-1, 2894,2895,33,-1, 2739,2639,2738,-1, 2889,2896,2883,-1, 2897,2898,33,-1, 2815,2864,2862,-1, 
          2639,2633,2738,-1, 2628,2754,2644,-1, 2756,2644,2754,-1, 2625,2755,2628,-1, 2899,33,2723,-1, 2644,2756,2645,-1, 
          2858,2582,2776,-1, 2680,2548,2547,-1, 2654,2716,2653,-1, 2858,2776,2857,-1, 2716,2654,2794,-1, 2673,2794,2654,-1, 
          2794,2673,2795,-1, 2597,1716,2548,-1, 2900,2901,2902,-1, 33,1680,2723,-1, 2640,2782,2658,-1, 2774,2657,2773,-1, 
          2903,52,2904,-1, 2597,1723,1716,-1, 2905,2901,2900,-1, 2658,2773,2657,-1, 2657,2774,2665,-1, 2777,2665,2774,-1, 
          2665,2777,2697,-1, 2821,2697,2777,-1, 2892,2906,2907,-1, 2908,2907,2906,-1, 2909,2902,2901,-1, 2892,2907,2910,-1, 
          2815,2911,2864,-1, 2899,2912,33,-1, 2913,33,2912,-1, 2894,33,2898,-1, 2897,33,2913,-1, 2671,2803,2670,-1, 
          2795,2670,2803,-1, 2904,2914,2903,-1, 2547,2892,2910,-1, 2670,2795,2673,-1, 2910,2680,2547,-1, 2542,2543,2915,-1, 
          2916,665,2917,-1, 20,1327,665,-1, 2800,2918,2799,-1, 2802,2918,2800,-1, 2910,2876,2680,-1, 2683,2680,2876,-1, 
          2919,2527,2526,-1, 2874,2585,2859,-1, 2548,2680,2609,-1, 2918,2802,2681,-1, 2681,2802,2671,-1, 2920,60,2921,-1, 
          2548,2609,2597,-1, 2803,2671,2802,-1, 2922,2510,2527,-1, 2923,2852,2888,-1, 2907,2876,2910,-1, 2825,2924,2691,-1, 
          2825,2691,2822,-1, 2921,2925,2920,-1, 2691,2924,2688,-1, 2907,2787,2876,-1, 2688,2924,2687,-1, 2926,665,2927,-1, 
          2709,2687,2928,-1, 2924,2928,2687,-1, 2853,2929,2857,-1, 516,2930,63,-1, 187,516,63,-1, 2924,2931,2932,-1, 
          2924,2932,2928,-1, 2527,2919,2922,-1, 2851,2931,2825,-1, 2919,2933,2934,-1, 2825,2931,2924,-1, 2919,2934,2922,-1, 
          2935,2936,690,-1, 2851,2842,2931,-1, 2932,2931,2842,-1, 690,2936,64,-1, 2937,2909,2901,-1, 429,64,2936,-1, 
          2938,2708,2928,-1, 2932,2938,2928,-1, 2922,2517,2510,-1, 515,429,2939,-1, 2937,2901,2940,-1, 2941,2927,665,-1, 
          2697,2821,2698,-1, 2822,2698,2821,-1, 2936,2939,429,-1, 2935,2939,2936,-1, 2698,2822,2691,-1, 2787,2907,2908,-1, 
          2788,2787,2908,-1, 2889,2940,2896,-1, 2939,516,515,-1, 2942,2834,2835,-1, 516,2939,2930,-1, 2799,2918,2835,-1, 
          2918,2681,2682,-1, 692,70,2943,-1, 2933,2944,2934,-1, 2905,2900,2893,-1, 1126,2943,70,-1, 2942,2835,2918,-1, 
          2945,665,2926,-1, 811,1126,70,-1, 2946,34,2947,-1, 2703,2942,2682,-1, 2682,2942,2918,-1, 2922,2948,2517,-1, 
          2949,2941,665,-1, 2916,2950,665,-1, 2922,2934,2948,-1, 2884,2890,2951,-1, 2890,2900,2951,-1, 2902,2951,2900,-1, 
          2952,2953,694,-1, 2954,239,2955,-1, 2955,239,2869,-1, 2950,2949,665,-1, 2948,2728,2517,-1, 2942,2703,2704,-1, 
          2857,2956,2858,-1, 987,71,2953,-1, 71,694,2953,-1, 2710,2938,2704,-1, 1126,987,2943,-1, 2953,2943,987,-1, 
          2942,2843,2834,-1, 2957,2954,2870,-1, 2858,2958,2859,-1, 2959,2933,2960,-1, 2938,2932,2842,-1, 2859,2958,2874,-1, 
          2044,2874,2958,-1, 2709,2928,2708,-1, 2954,2955,2870,-1, 2874,2047,2482,-1, 2708,2938,2710,-1, 696,74,1194,-1, 
          2874,2044,2047,-1, 2942,2704,2938,-1, 240,2957,2870,-1, 1191,1193,74,-1, 2961,2962,34,-1, 2942,2938,2843,-1, 
          2860,2861,2963,-1, 2843,2938,2842,-1, 2964,2963,2861,-1, 1516,75,2965,-1, 1962,2966,1978,-1, 2967,2968,2969,-1, 
          2970,2965,75,-1, 1193,2965,1194,-1, 1978,2966,1887,-1, 2970,1194,2965,-1, 2866,2964,2861,-1, 2970,2971,1194,-1, 
          2965,1193,1516,-1, 2972,2961,34,-1, 2946,2972,34,-1, 2969,2973,2974,-1, 2975,2976,87,-1, 1866,1978,1887,-1, 
          2977,2865,2861,-1, 2978,2947,34,-1, 2979,87,2976,-1, 1866,1887,1867,-1, 698,78,2980,-1, 2981,2977,2861,-1, 
          1867,2982,1874,-1, 1886,2982,1867,-1, 2027,2980,78,-1, 2526,2542,2919,-1, 2982,2283,1874,-1, 2955,2869,2870,-1, 
          2983,87,2979,-1, 2968,2870,2699,-1, 2984,2985,2951,-1, 2985,2882,2951,-1, 2884,2951,2882,-1, 2986,2980,2027,-1, 
          2699,2969,2968,-1, 2951,2902,2984,-1, 2909,2984,2902,-1, 2937,2889,2985,-1, 2699,2973,2969,-1, 2026,2477,2027,-1, 
          2986,2027,2477,-1, 2937,2985,2984,-1, 2937,2984,2909,-1, 2699,2788,2973,-1, 2190,2987,2986,-1, 2190,2986,2189,-1, 
          2477,2189,2986,-1, 2988,2989,2990,-1, 2991,33,2992,-1, 2993,86,2994,-1, 2992,33,2895,-1, 2645,2995,83,-1, 
          2966,2996,2997,-1, 253,197,239,-1, 2915,2988,2960,-1, 2756,84,2998,-1, 2999,34,3000,-1, 2966,2997,1887,-1, 
          1886,1887,3001,-1, 2997,3001,1887,-1, 2915,2960,2542,-1, 22,1273,3002,-1, 3003,3004,3005,-1, 2542,2933,2919,-1, 
          3006,2995,2998,-1, 2645,2998,2995,-1, 1886,3007,2982,-1, 2998,2645,2756,-1, 3004,241,3008,-1, 3009,34,3010,-1, 
          2542,2960,2933,-1, 3011,86,3012,-1, 3001,3007,1886,-1, 3004,3008,3005,-1, 3013,3014,3002,-1, 2994,86,3015,-1, 
          3000,34,3009,-1, 3016,3015,86,-1, 3011,3016,86,-1, 3005,2968,2967,-1, 3017,3018,87,-1, 2988,2990,3019,-1, 
          3020,2996,3021,-1, 2983,3017,87,-1, 702,87,3018,-1, 3022,87,3023,-1, 3017,3024,3018,-1, 2906,3025,2908,-1, 
          3025,3026,2908,-1, 3010,34,3027,-1, 3028,3023,87,-1, 2975,87,3022,-1, 3029,704,3030,-1, 3008,241,240,-1, 
          3008,240,3005,-1, 2870,3005,240,-1, 3031,3027,34,-1, 2968,3005,2870,-1, 2997,2996,3032,-1, 2967,2969,2974,-1, 
          2996,3020,3032,-1, 2973,3026,2974,-1, 3033,3034,2948,-1, 3026,2973,2788,-1, 3020,3035,3032,-1, 3026,2788,2908,-1, 
          3020,3036,3035,-1, 3037,3038,3039,-1, 3040,1128,1344,-1, 3041,3042,3043,-1, 2890,2893,2900,-1, 3044,34,3045,-1, 
          3046,3039,3030,-1, 3047,86,2993,-1, 3048,86,3047,-1, 3040,1139,1128,-1, 1141,1136,1139,-1, 3049,3007,3001,-1, 
          3050,667,3051,-1, 3052,3053,1139,-1, 3052,1139,3040,-1, 3049,3054,3055,-1, 1139,1683,1141,-1, 3056,87,3057,-1, 
          1139,3053,1683,-1, 3058,3059,667,-1, 1141,1558,1557,-1, 87,3056,3028,-1, 1141,1683,1558,-1, 3060,667,3061,-1, 
          3062,3063,3064,-1, 3063,2990,2989,-1, 3065,3061,667,-1, 3066,3067,33,-1, 2991,3066,33,-1, 3068,3053,3052,-1, 
          3063,3062,2990,-1, 1683,3053,1684,-1, 3065,667,3069,-1, 3068,1684,3053,-1, 3070,2896,2940,-1, 2988,3071,2960,-1, 
          2978,34,2999,-1, 33,3045,34,-1, 2997,3032,3001,-1, 3072,3001,3032,-1, 3073,1687,3068,-1, 3072,3049,3001,-1, 
          2988,3019,3071,-1, 3073,1719,1687,-1, 3074,33,3067,-1, 3074,3075,33,-1, 3045,33,3075,-1, 3031,34,3044,-1, 
          2940,2889,2937,-1, 2959,2960,3071,-1, 3068,1687,1684,-1, 2882,2985,2889,-1, 2901,2905,2883,-1, 3076,3069,667,-1, 
          3060,3051,667,-1, 3059,2587,667,-1, 2893,2883,2905,-1, 3077,86,3078,-1, 3079,86,3077,-1, 1340,3080,1344,-1, 
          2692,2895,2693,-1, 2894,2693,2895,-1, 1340,1378,3080,-1, 2944,2933,2959,-1, 2895,2692,2992,-1, 2807,2992,2692,-1, 
          2934,2944,3033,-1, 2693,2894,2711,-1, 3040,1344,3080,-1, 3048,3081,86,-1, 3082,86,3081,-1, 2722,2727,2723,-1, 
          3072,3032,3083,-1, 289,3084,3002,-1, 3033,2948,2934,-1, 3035,3083,3032,-1, 3083,3054,3072,-1, 2899,2715,2912,-1, 
          2728,2948,3034,-1, 3085,86,3082,-1, 3013,3002,3086,-1, 3087,3002,3084,-1, 3088,3002,3014,-1, 1378,3089,3090,-1, 
          2715,2899,2726,-1, 2723,2726,2899,-1, 3083,3091,3054,-1, 2728,3034,2871,-1, 3072,3054,3049,-1, 2712,2897,2713,-1, 
          2913,2713,2897,-1, 3087,3086,3002,-1, 2912,2714,2913,-1, 2713,2913,2714,-1, 1378,3090,3080,-1, 2871,2721,2728,-1, 
          3092,3057,87,-1, 2912,2715,2714,-1, 3080,3090,3052,-1, 2844,2828,2871,-1, 2894,2898,2711,-1, 3093,3002,3094,-1, 
          2897,2712,2898,-1, 2711,2898,2712,-1, 3088,3094,3002,-1, 3090,3095,3052,-1, 3080,3052,3040,-1, 3096,3035,3036,-1, 
          3000,2856,2999,-1, 3083,3035,3097,-1, 3096,3097,3035,-1, 3098,86,3099,-1, 3100,87,3098,-1, 3101,87,3100,-1, 
          3101,3092,87,-1, 2999,2784,2978,-1, 86,3085,3102,-1, 3090,3089,3103,-1, 3097,3091,3083,-1, 3102,3078,86,-1, 
          3079,3099,86,-1, 86,3098,87,-1, 3090,3103,3095,-1, 3009,2855,3000,-1, 3104,3105,3106,-1, 2856,3000,2855,-1, 
          1336,1332,241,-1, 1371,1336,241,-1, 1566,1565,1370,-1, 3107,3055,3054,-1, 1565,3108,1370,-1, 3109,3110,2917,-1, 
          1371,1566,1370,-1, 3111,1335,1331,-1, 1331,1370,3111,-1, 3010,2832,3009,-1, 3111,1378,1335,-1, 2855,3009,2832,-1, 
          3097,3112,3091,-1, 1565,241,3108,-1, 3113,1370,3114,-1, 3113,3114,3115,-1, 3108,3114,1370,-1, 3115,241,3116,-1, 
          2784,2999,2856,-1, 3115,3116,3113,-1, 1370,3113,3117,-1, 2780,2978,2784,-1, 3116,3118,3113,-1, 2962,2886,3119,-1, 
          3120,1962,1963,-1, 3121,88,3122,-1, 1370,3117,3111,-1, 2772,2961,2972,-1, 3123,3122,88,-1, 3111,3089,1378,-1, 
          1963,2120,3120,-1, 3124,3125,3058,-1, 3111,3117,3089,-1, 2966,1962,3120,-1, 2772,2972,2771,-1, 2946,2771,2972,-1, 
          3126,3113,3127,-1, 3118,3127,3113,-1, 2947,2781,2946,-1, 2978,2780,2947,-1, 3126,3128,3113,-1, 3129,3130,3124,-1, 
          3123,88,3131,-1, 2772,2790,2961,-1, 2815,3132,2911,-1, 2120,3133,3021,-1, 2961,2790,2962,-1, 2886,2962,2790,-1, 
          3134,3089,3117,-1, 3120,2120,3021,-1, 2963,3084,2860,-1, 3120,2996,2966,-1, 2996,3120,3021,-1, 2771,2946,2781,-1, 
          3103,3089,3134,-1, 2781,2947,2780,-1, 3135,3103,3134,-1, 3103,3136,3095,-1, 3103,3135,3136,-1, 3137,89,3138,-1, 
          3139,3138,89,-1, 2991,2873,3066,-1, 3095,3068,3052,-1, 3140,3141,3142,-1, 289,2860,3084,-1, 2959,3071,3132,-1, 
          2860,289,288,-1, 3134,3143,3135,-1, 2944,2959,3132,-1, 2992,2807,2991,-1, 3033,2944,3132,-1, 3143,3144,3135,-1, 
          3145,3146,3147,-1, 3034,3033,3132,-1, 3034,3132,2871,-1, 493,336,114,-1, 3136,3073,3068,-1, 3136,3068,3095,-1, 
          3148,3149,3150,-1, 3147,3150,3149,-1, 3151,3152,89,-1, 3137,3153,89,-1, 3154,89,3155,-1, 3153,3155,89,-1, 
          2833,2832,3027,-1, 3147,3146,3150,-1, 2095,2115,2117,-1, 3010,3027,2832,-1, 2115,3156,2117,-1, 2115,3157,3156,-1, 
          3131,88,3158,-1, 3159,3024,88,-1, 3135,3160,3136,-1, 88,3024,3158,-1, 3135,3144,3160,-1, 3161,2100,2096,-1, 
          2833,3027,2826,-1, 3031,2826,3027,-1, 3162,3163,3142,-1, 3164,3162,3142,-1, 3136,3160,2891,-1, 3073,3136,2891,-1, 
          3165,3166,2786,-1, 2826,3031,2827,-1, 3073,2891,1719,-1, 3167,3132,3165,-1, 3166,3168,2786,-1, 3169,3130,3148,-1, 
          2096,2117,3161,-1, 3121,3170,88,-1, 3171,3142,3163,-1, 3148,3150,3169,-1, 3132,3166,3165,-1, 3045,2877,3044,-1, 
          2827,3044,2877,-1, 3142,3171,3172,-1, 3132,3168,3166,-1, 3075,2878,3045,-1, 2877,3045,2878,-1, 3173,88,3170,-1, 
          1629,1631,128,-1, 2878,3075,2880,-1, 3174,3175,2786,-1, 3168,3174,2786,-1, 3160,2906,2891,-1, 3132,3174,3168,-1, 
          3176,241,3177,-1, 3118,241,3127,-1, 3127,241,3176,-1, 3116,241,3118,-1, 3114,241,3115,-1, 3075,3074,2880,-1, 
          3178,2786,3175,-1, 3176,3177,3126,-1, 3177,241,3179,-1, 1443,1629,128,-1, 1448,1442,128,-1, 2880,3074,2875,-1, 
          3067,2875,3074,-1, 3132,3175,3174,-1, 3145,3180,3146,-1, 3177,3179,3126,-1, 3152,3139,89,-1, 3172,3140,3142,-1, 
          3127,3176,3126,-1, 3132,3178,3175,-1, 3117,3113,3128,-1, 129,283,1560,-1, 2872,3066,2873,-1, 3132,3181,3178,-1, 
          2873,2991,2807,-1, 3182,3183,2786,-1, 3134,3117,3128,-1, 3182,3181,3132,-1, 2875,3067,2872,-1, 3066,2872,3067,-1, 
          3151,89,3184,-1, 3128,3143,3134,-1, 3147,3149,3185,-1, 3186,3185,3149,-1, 3044,2827,3031,-1, 3179,241,3187,-1, 
          3187,241,3188,-1, 3187,3188,3189,-1, 88,3173,3190,-1, 3189,3126,3187,-1, 3179,3187,3126,-1, 2100,3161,2120,-1, 
          3191,407,3192,-1, 3193,3194,36,-1, 3195,3128,3126,-1, 3196,3197,1004,-1, 3192,1630,1560,-1, 3195,3126,3189,-1, 
          3198,3197,3199,-1, 3143,3128,3195,-1, 3200,3197,3201,-1, 3201,3197,3198,-1, 3202,3203,3169,-1, 3130,3169,3203,-1, 
          1916,570,461,-1, 1880,1916,135,-1, 3196,3199,3197,-1, 3204,3197,3200,-1, 2791,36,3205,-1, 3206,241,3207,-1, 
          3206,3207,3208,-1, 3209,3205,36,-1, 3210,88,3211,-1, 3212,88,3213,-1, 3207,3214,3208,-1, 3213,88,3215,-1, 
          2117,3216,3161,-1, 3217,3218,3130,-1, 3186,3130,3218,-1, 3186,3149,3130,-1, 3149,3148,3130,-1, 3208,3189,3206,-1, 
          3188,3206,3189,-1, 2117,3156,3216,-1, 3219,3195,3189,-1, 489,3220,490,-1, 3221,1004,1006,-1, 3219,3189,3208,-1, 
          3195,3219,3222,-1, 2099,1997,571,-1, 3220,571,1997,-1, 3223,3224,89,-1, 3132,2844,2871,-1, 3195,3222,3143,-1, 
          3225,2786,3226,-1, 3222,3144,3143,-1, 3194,3227,36,-1, 3227,3209,36,-1, 3132,2806,2844,-1, 3218,3217,3051,-1, 
          3161,3216,3133,-1, 3214,3228,3208,-1, 3132,2805,2806,-1, 3229,3208,3228,-1, 1916,2099,571,-1, 3230,3204,3200,-1, 
          3231,89,3232,-1, 3232,89,3233,-1, 3132,2808,2805,-1, 3164,3234,3162,-1, 3231,3223,89,-1, 3219,3235,3222,-1, 
          1916,571,570,-1, 3060,3185,3218,-1, 3236,89,3237,-1, 3237,89,3224,-1, 154,153,653,-1, 2808,3132,2815,-1, 
          5,413,153,-1, 413,653,153,-1, 3238,2786,3225,-1, 3239,2786,3238,-1, 3240,3226,2786,-1, 3184,89,3241,-1, 
          3228,241,3242,-1, 3214,241,3228,-1, 3207,241,3214,-1, 3188,241,3206,-1, 3186,3218,3185,-1, 3240,2911,3132,-1, 
          3226,3240,3132,-1, 3236,3241,89,-1, 3228,3242,3229,-1, 3190,3215,88,-1, 3242,241,3243,-1, 3243,241,3003,-1, 
          3132,3225,3226,-1, 3229,3242,3243,-1, 6,12,650,-1, 3244,2786,3239,-1, 3208,3229,3245,-1, 3211,88,3212,-1, 
          3246,89,3210,-1, 3132,3238,3225,-1, 88,3210,89,-1, 3244,3247,2786,-1, 13,20,664,-1, 3248,35,3249,-1, 
          3208,3245,3219,-1, 3132,3239,3238,-1, 3233,89,3246,-1, 3250,35,3251,-1, 3247,3252,2786,-1, 3235,3219,3245,-1, 
          3145,3147,3253,-1, 670,28,672,-1, 3132,3244,3239,-1, 3144,3222,3025,-1, 3254,3255,3234,-1, 3132,3247,3244,-1, 
          1730,32,1731,-1, 3251,35,3256,-1, 3142,3234,3164,-1, 3252,3257,2786,-1, 3222,3235,3025,-1, 3256,35,3258,-1, 
          3144,3025,2906,-1, 3132,3252,3247,-1, 3144,2906,3160,-1, 3257,3167,2786,-1, 3167,3165,2786,-1, 2892,2891,2906,-1, 
          3259,3133,3216,-1, 3132,3257,3252,-1, 35,2268,3249,-1, 3161,3133,2120,-1, 3122,2975,3121,-1, 3132,3167,3257,-1, 
          3260,35,3248,-1, 3003,3229,3243,-1, 3005,3229,3003,-1, 3123,2976,3122,-1, 3005,2967,3229,-1, 3229,2967,3245,-1, 
          3178,3181,2786,-1, 3261,3262,2268,-1, 3260,3258,35,-1, 3147,3263,3253,-1, 3245,2974,3235,-1, 3245,2967,2974,-1, 
          3181,3182,2786,-1, 2793,1681,2791,-1, 3235,3026,3025,-1, 3264,3216,3156,-1, 3235,2974,3026,-1, 678,52,680,-1, 
          120,1786,3265,-1, 3022,3121,2975,-1, 3263,3266,3253,-1, 3267,3268,3265,-1, 3132,3183,3182,-1, 3133,3269,3021,-1, 
          2975,3122,2976,-1, 3133,3259,3269,-1, 3043,3183,3132,-1, 3131,2979,3123,-1, 2976,3123,2979,-1, 3020,3021,3269,-1, 
          2983,2979,3131,-1, 3270,3271,3266,-1, 688,686,63,-1, 3131,3158,2983,-1, 3132,3272,3273,-1, 3274,3270,3266,-1, 
          3259,3275,3276,-1, 3271,3253,3266,-1, 3277,3263,3147,-1, 3278,3193,36,-1, 70,692,690,-1, 3139,3279,3138,-1, 
          3280,36,3281,-1, 3259,3276,3269,-1, 3282,3283,3284,-1, 3269,3036,3020,-1, 3285,3064,3286,-1, 3281,36,3287,-1, 
          78,698,697,-1, 3280,3278,36,-1, 3285,3062,3064,-1, 3269,3276,3036,-1, 3288,3130,3203,-1, 3289,3290,3282,-1, 
          3289,3291,3290,-1, 3282,3290,3283,-1, 3292,3283,3290,-1, 3293,2950,2916,-1, 92,95,705,-1, 708,707,99,-1, 
          3198,3199,3294,-1, 2990,3062,3132,-1, 3295,3138,3279,-1, 3019,2990,3132,-1, 3132,3071,3019,-1, 3279,3139,3152,-1, 
          3163,3162,3296,-1, 3255,3296,3162,-1, 3275,3297,3298,-1, 3255,3299,3296,-1, 3300,3301,3043,-1, 714,713,117,-1, 
          3163,3296,3171,-1, 3138,3295,3137,-1, 3172,3171,3302,-1, 3301,2786,3303,-1, 3275,3298,3276,-1, 114,117,713,-1, 
          3304,3305,35,-1, 3301,3303,3043,-1, 3276,3306,3036,-1, 3276,3298,3306,-1, 3199,3302,3294,-1, 3300,3043,3042,-1, 
          3153,3137,3295,-1, 3306,3096,3036,-1, 716,715,124,-1, 3196,3221,3199,-1, 125,121,717,-1, 3302,3171,3296,-1, 
          712,283,113,-1, 490,91,704,-1, 3295,3307,3153,-1, 3308,3273,3272,-1, 1777,132,1,-1, 1,0,1777,-1, 
          131,1,132,-1, 3153,3307,3155,-1, 3296,3299,3302,-1, 3299,3294,3302,-1, 3295,3016,3307,-1, 3309,3304,35,-1, 
          3286,3310,3311,-1, 3312,3309,35,-1, 0,3,721,-1, 3311,3285,3286,-1, 3306,3313,3096,-1, 3307,3012,1040,-1, 
          3155,3307,3154,-1, 1040,3154,3307,-1, 35,3314,3312,-1, 14,2383,11,-1, 2177,11,2383,-1, 3015,3295,2994,-1, 
          2861,19,22,-1, 2861,22,3002,-1, 3157,3315,3316,-1, 26,1700,23,-1, 309,23,1700,-1, 2993,3279,3047,-1, 
          1870,27,30,-1, 3303,3183,3043,-1, 2106,31,34,-1, 2106,34,2163,-1, 2994,3279,2993,-1, 3316,3156,3157,-1, 
          1004,3221,3196,-1, 2268,35,38,-1, 3264,3156,3316,-1, 3132,3273,3043,-1, 2353,39,42,-1, 3317,1040,3012,-1, 
          3302,3199,3221,-1, 3318,3316,3315,-1, 46,2423,43,-1, 3295,3015,3016,-1, 3132,3311,3272,-1, 3279,2994,3295,-1, 
          2577,51,54,-1, 3311,3132,3285,-1, 3264,3259,3216,-1, 65,2743,191,-1, 3106,3319,3104,-1, 3132,3062,3285,-1, 
          3307,3011,3012,-1, 3172,3302,3221,-1, 73,76,2901,-1, 3011,3307,3016,-1, 3291,3320,3321,-1, 3104,3319,3130,-1, 
          77,80,3197,-1, 3322,3104,3130,-1, 3291,3321,3290,-1, 3323,2496,2485,-1, 3324,3325,97,-1, 3292,3290,3326,-1, 
          3321,3326,3290,-1, 1006,3141,3221,-1, 3327,102,105,-1, 3172,3221,3140,-1, 3326,3328,3292,-1, 112,115,1417,-1, 
          3024,3017,3158,-1, 3329,36,3330,-1, 3322,3130,3288,-1, 3331,3330,36,-1, 3024,3159,3018,-1, 3323,2705,3332,-1, 
          3320,3333,3321,-1, 3329,3287,36,-1, 2983,3158,3017,-1, 3334,127,130,-1, 3323,3332,2545,-1, 3322,3288,3105,-1, 
          134,137,3335,-1, 3201,3294,3255,-1, 3198,3294,3201,-1, 3333,3326,3321,-1, 3299,3255,3294,-1, 3170,3023,3173,-1, 
          3254,3230,3255,-1, 3201,3255,3230,-1, 3201,3230,3200,-1, 2496,3323,2545,-1, 3336,35,3337,-1, 3056,3190,3028,-1, 
          3173,3028,3190,-1, 3255,3162,3234,-1, 3028,3173,3023,-1, 3023,3170,3022,-1, 3121,3022,3170,-1, 3338,3339,3340,-1, 
          3337,35,3305,-1, 3204,3230,3197,-1, 3230,3254,3197,-1, 3142,3197,3254,-1, 3254,3234,3142,-1, 3279,3341,3047,-1, 
          3250,3342,35,-1, 3314,35,3342,-1, 3151,3341,3152,-1, 3343,3344,3345,-1, 3344,3346,3332,-1, 3344,3332,3345,-1, 
          3332,3347,2545,-1, 35,3336,36,-1, 3184,3341,3151,-1, 3332,3346,3347,-1, 3150,3180,3169,-1, 3338,3348,3349,-1, 
          2915,2545,3347,-1, 3184,3350,3341,-1, 3351,3352,3353,-1, 2989,3347,3346,-1, 3279,3152,3341,-1, 3347,2989,2988,-1, 
          3347,2988,2915,-1, 3354,36,3336,-1, 3354,3331,36,-1, 2915,2543,2545,-1, 3355,3356,3352,-1, 3315,3357,3318,-1, 
          3346,3344,3064,-1, 3351,3358,3352,-1, 3358,3359,3352,-1, 3316,3318,3360,-1, 3241,3350,3184,-1, 3361,3352,3362,-1, 
          3361,3353,3352,-1, 3063,3346,3064,-1, 3363,3362,3352,-1, 3318,3364,3360,-1, 3346,3063,2989,-1, 560,5,568,-1, 
          568,5,269,-1, 3316,3360,3264,-1, 560,559,5,-1, 3365,3366,3367,-1, 3264,3275,3259,-1, 3368,37,3369,-1, 
          3341,3048,3047,-1, 3264,3360,3275,-1, 3369,37,3370,-1, 3048,3341,3081,-1, 3370,37,3371,-1, 3371,37,3372,-1, 
          3274,3266,3373,-1, 3357,3374,3318,-1, 3375,5,3376,-1, 559,3376,5,-1, 3375,3377,5,-1, 3357,3378,3374,-1, 
          3057,3213,3215,-1, 3270,3379,3271,-1, 3057,3215,3056,-1, 3364,3318,3374,-1, 3380,3366,3381,-1, 3382,3383,3384,-1, 
          3213,3057,3092,-1, 3364,3297,3360,-1, 3385,3366,3386,-1, 3387,3386,3366,-1, 3381,3366,3365,-1, 3373,3379,3274,-1, 
          3388,3387,3366,-1, 3380,3388,3366,-1, 85,2879,3366,-1, 3389,3382,3384,-1, 3390,590,4,-1, 3359,3365,3355,-1, 
          3190,3056,3215,-1, 3297,3275,3360,-1, 3391,37,2792,-1, 590,320,4,-1, 3363,3385,3386,-1, 3363,3386,3362,-1, 
          617,3390,4,-1, 3392,617,4,-1, 3349,3339,3338,-1, 3361,3387,3353,-1, 3388,3353,3387,-1, 3339,3393,3340,-1, 
          3380,3394,3388,-1, 3210,3098,3246,-1, 3351,3388,3394,-1, 3353,3388,3351,-1, 3104,3322,3105,-1, 3381,3394,3380,-1, 
          3211,3100,3210,-1, 37,3395,3396,-1, 3351,3394,3397,-1, 3351,3397,3358,-1, 3381,3397,3394,-1, 3212,3101,3211,-1, 
          3365,3359,3381,-1, 3398,3399,4,-1, 3213,3092,3212,-1, 3397,3381,3359,-1, 3064,3400,3286,-1, 3284,3349,3401,-1, 
          4,3399,3392,-1, 3367,3355,3365,-1, 3358,3397,3359,-1, 3389,2786,3041,-1, 3402,3395,37,-1, 3372,37,3396,-1, 
          3391,3402,37,-1, 3361,3362,3387,-1, 3386,3387,3362,-1, 3180,2949,3293,-1, 3385,3363,3366,-1, 3352,3366,3363,-1, 
          3389,3041,3382,-1, 3043,3382,3041,-1, 86,3403,3317,-1, 3404,3405,3403,-1, 3406,3317,3403,-1, 3382,3273,3308,-1, 
          3382,3043,3273,-1, 3407,3403,3408,-1, 3409,339,6,-1, 3233,3079,3232,-1, 3308,3272,3310,-1, 3232,3077,3231,-1, 
          3405,3406,3403,-1, 3272,3311,3310,-1, 3077,3232,3079,-1, 3410,3403,3411,-1, 3341,3350,3081,-1, 3384,3383,2786,-1, 
          3412,2786,3413,-1, 3082,3081,3350,-1, 3414,3403,3407,-1, 3414,3411,3403,-1, 3410,3404,3403,-1, 3364,3415,3297,-1, 
          3416,3408,3403,-1, 3417,7,3418,-1, 3413,3419,3412,-1, 3420,3412,3419,-1, 3236,3350,3241,-1, 3418,7,611,-1, 
          3421,2786,3383,-1, 3413,2786,3421,-1, 3350,3237,3082,-1, 3413,3421,3419,-1, 3237,3350,3236,-1, 3419,3422,3420,-1, 
          2258,2283,3423,-1, 3203,3105,3288,-1, 2283,3424,3423,-1, 3425,38,3426,-1, 2258,3423,2264,-1, 3427,3428,3429,-1, 
          3417,3430,7,-1, 3211,3101,3100,-1, 3431,3428,3432,-1, 2264,2293,2271,-1, 3101,3212,3092,-1, 3202,3169,3180,-1, 
          3433,2287,3434,-1, 7,3430,933,-1, 3224,3085,3237,-1, 3400,3344,3343,-1, 3423,2293,2264,-1, 3435,3428,1041,-1, 
          3223,3102,3224,-1, 3085,3224,3102,-1, 3436,3428,3435,-1, 1815,733,1817,-1, 3078,3102,3231,-1, 3429,3428,3436,-1, 
          1823,2293,737,-1, 3432,3428,3427,-1, 3223,3231,3102,-1, 3421,3383,3419,-1, 3382,3419,3383,-1, 89,1039,3428,-1, 
          3419,3382,3308,-1, 3437,3438,38,-1, 3419,3308,3422,-1, 3231,3077,3078,-1, 3439,3271,3379,-1, 1817,737,2293,-1, 
          3422,3310,3440,-1, 2982,3007,3441,-1, 3422,3308,3310,-1, 3440,3286,3400,-1, 3441,2283,2982,-1, 38,3442,3443,-1, 
          3443,3426,38,-1, 3425,3437,38,-1, 3440,3310,3286,-1, 3270,3274,3379,-1, 3079,3233,3099,-1, 3246,3099,3233,-1, 
          3441,3424,2283,-1, 3400,3064,3344,-1, 3237,3085,3082,-1, 3042,2786,3300,-1, 3389,3384,2786,-1, 3210,3100,3098,-1, 
          3444,2685,2695,-1, 3099,3246,3098,-1, 2700,2685,3444,-1, 3147,3445,3446,-1, 3447,3377,3448,-1, 3449,3450,3451,-1, 
          2705,2660,2659,-1, 2659,2700,2705,-1, 3451,3450,3452,-1, 3427,3453,3454,-1, 3455,3454,3453,-1, 3427,3454,3432,-1, 
          3323,2485,2705,-1, 3454,3456,3431,-1, 3454,3431,3432,-1, 3455,3456,3454,-1, 3457,3458,3265,-1, 3459,3460,3265,-1, 
          3458,3459,3265,-1, 3455,3461,3428,-1, 3456,3455,3428,-1, 3431,3456,3428,-1, 3462,3452,3463,-1, 3046,704,3464,-1, 
          3465,3400,3343,-1, 3444,3343,2700,-1, 2700,3345,2705,-1, 2700,3343,3345,-1, 349,340,559,-1, 3345,3332,2705,-1, 
          3466,3453,3467,-1, 3468,3449,3451,-1, 3469,1787,3470,-1, 2667,1787,3469,-1, 2786,3471,1787,-1, 3147,3446,3277,-1, 
          3469,3470,3472,-1, 3470,1787,3473,-1, 3467,3474,3466,-1, 3377,3375,3409,-1, 3475,3449,3468,-1, 3476,3477,3446,-1, 
          3470,3473,3472,-1, 3469,3472,2667,-1, 2664,2667,3472,-1, 3467,3478,3474,-1, 3436,3474,3478,-1, 3436,3478,3429,-1, 
          3277,3477,3479,-1, 350,349,560,-1, 3477,3277,3446,-1, 2694,2664,3472,-1, 3444,2695,2694,-1, 3147,3185,3480,-1, 
          340,3376,559,-1, 3460,3481,3265,-1, 3481,3482,3265,-1, 3452,3457,3463,-1, 340,339,3376,-1, 3465,3444,2694,-1, 
          3478,3453,3427,-1, 3429,3478,3427,-1, 3478,3467,3453,-1, 3375,3376,339,-1, 3471,2786,3483,-1, 3473,1787,3471,-1, 
          3450,3458,3457,-1, 3450,3457,3452,-1, 3471,3483,3420,-1, 3483,2786,3484,-1, 3412,3484,2786,-1, 3461,3455,3453,-1, 
          3393,3475,3340,-1, 339,3409,3375,-1, 3483,3484,3420,-1, 3485,91,3486,-1, 3420,3472,3471,-1, 3473,3471,3472,-1, 
          3475,3393,3487,-1, 3488,91,3485,-1, 3489,3464,91,-1, 3489,91,3488,-1, 3490,38,3491,-1, 2694,3472,3492,-1, 
          269,357,568,-1, 3475,3487,3449,-1, 357,350,568,-1, 3492,3472,3420,-1, 3435,3493,3436,-1, 3465,2694,3492,-1, 
          3494,3495,38,-1, 3449,3496,3450,-1, 593,3392,3399,-1, 3492,3440,3465,-1, 3493,3435,1041,-1, 3495,3491,38,-1, 
          3487,3496,3449,-1, 3465,3343,3444,-1, 3497,38,3490,-1, 3498,90,3499,-1, 3500,38,3497,-1, 3482,3501,3265,-1, 
          3496,3460,3459,-1, 3496,3459,3450,-1, 3420,3484,3412,-1, 3499,90,3502,-1, 3422,3492,3420,-1, 3474,3436,3493,-1, 
          3422,3440,3492,-1, 3481,3460,3496,-1, 3453,3407,3503,-1, 3408,3503,3407,-1, 3450,3459,3458,-1, 3480,3185,3060,-1, 
          617,592,3390,-1, 3504,37,3505,-1, 3506,3507,3393,-1, 3416,3503,3408,-1, 3465,3440,3400,-1, 3503,3403,3461,-1, 
          3416,3403,3503,-1, 1461,742,744,-1, 3507,3487,3393,-1, 3390,592,590,-1, 3480,3445,3147,-1, 3428,3461,3403,-1, 
          3508,90,3509,-1, 3502,90,3508,-1, 3414,3453,3411,-1, 1810,2595,3510,-1, 3510,1811,1810,-1, 1811,3511,1809,-1, 
          2601,2612,3512,-1, 3487,3513,3496,-1, 3514,90,3515,-1, 1807,3512,2612,-1, 3466,3474,3411,-1, 3410,3411,3474,-1, 
          3516,3517,3479,-1, 3514,3509,90,-1, 90,3518,3515,-1, 3404,3474,3493,-1, 3404,3410,3474,-1, 611,595,3418,-1, 
          3512,1807,1806,-1, 3482,3496,3501,-1, 3513,3501,3496,-1, 2601,3512,2620,-1, 3519,3520,3521,-1, 3496,3482,3481,-1, 
          3512,3522,2620,-1, 3319,3124,3130,-1, 3512,3523,3522,-1, 3404,3493,3405,-1, 3524,3521,3525,-1, 3520,3525,3521,-1, 
          2293,3423,3526,-1, 2601,2620,2598,-1, 3461,3453,3503,-1, 3521,3524,3527,-1, 3528,38,3500,-1, 3442,38,3528,-1, 
          3466,3411,3453,-1, 3424,3526,3423,-1, 3519,594,3520,-1, 3407,3453,3414,-1, 3529,3530,3523,-1, 1814,3531,733,-1, 
          3530,1787,3532,-1, 3533,3505,37,-1, 3526,1814,1815,-1, 2293,3526,1815,-1, 3530,3532,3523,-1, 3523,3512,3529,-1, 
          1806,3529,3512,-1, 1818,733,3531,-1, 3524,594,3527,-1, 3531,1814,3526,-1, 2293,1815,1817,-1, 2620,3522,3534,-1, 
          3535,3536,37,-1, 3537,3417,595,-1, 3418,595,3417,-1, 3537,3519,3521,-1, 3521,3538,3537,-1, 2620,3534,2617,-1, 
          3539,3540,3541,-1, 3130,3129,3542,-1, 3534,2621,2617,-1, 1787,3543,3544,-1, 3532,1787,3544,-1, 3545,3546,37,-1, 
          3547,3526,3424,-1, 3543,3548,3544,-1, 3532,3544,3523,-1, 3526,1818,3531,-1, 3494,38,3536,-1, 38,37,3536,-1, 
          3546,3535,37,-1, 3525,3520,594,-1, 3537,594,3519,-1, 3526,3547,1818,-1, 3549,3541,3540,-1, 595,594,3537,-1, 
          3550,3441,3007,-1, 3525,594,3524,-1, 3368,3533,37,-1, 3504,3545,37,-1, 3542,3217,3130,-1, 3371,3278,3370,-1, 
          3280,3370,3278,-1, 593,3527,594,-1, 3550,3007,3049,-1, 3370,3280,3369,-1, 3280,3281,3369,-1, 2632,2621,3534,-1, 
          3550,3551,3441,-1, 3543,1787,3552,-1, 3051,3217,3542,-1, 3523,3544,3548,-1, 3552,3548,3543,-1, 3278,3371,3193,-1, 
          3372,3193,3371,-1, 3553,3521,3554,-1, 3555,3554,3521,-1, 3552,1787,3556,-1, 3552,3556,3548,-1, 3349,3284,3557,-1, 
          3523,3548,3558,-1, 3559,3339,3349,-1, 3556,1787,3560,-1, 3556,3560,3548,-1, 3561,3518,90,-1, 3557,3559,3349,-1, 
          3060,3061,3445,-1, 3562,2793,2792,-1, 3559,3506,3339,-1, 3563,3540,3564,-1, 3391,3205,3402,-1, 3523,3558,3522,-1, 
          3205,3391,2791,-1, 2792,2791,3391,-1, 3565,3486,91,-1, 3522,3566,3534,-1, 3339,3506,3393,-1, 3558,3566,3522,-1, 
          3480,3060,3445,-1, 3194,3396,3227,-1, 3395,3227,3396,-1, 3566,2632,3534,-1, 3402,3209,3395,-1, 3227,3395,3209,-1, 
          3284,3283,3557,-1, 3560,1787,1802,-1, 3283,3567,3557,-1, 3402,3205,3209,-1, 1802,1803,3568,-1, 3569,3564,3540,-1, 
          3417,3537,3538,-1, 3565,91,3570,-1, 3567,3559,3557,-1, 1803,3571,3568,-1, 3572,3540,3563,-1, 3555,3521,3573,-1, 
          3568,3548,1802,-1, 3560,1802,3548,-1, 3559,3574,3506,-1, 3396,3194,3372,-1, 3193,3372,3194,-1, 3527,3573,3521,-1, 
          3548,3575,3558,-1, 3567,3574,3559,-1, 3574,3576,3506,-1, 3548,3568,3575,-1, 3441,3551,3424,-1, 3558,3575,2651,-1, 
          3554,3555,3398,-1, 3573,3398,3555,-1, 3577,3540,3578,-1, 3506,3576,3507,-1, 3527,3399,3573,-1, 3527,593,3399,-1, 
          3398,3573,3399,-1, 3558,2651,3566,-1, 3342,3579,3314,-1, 3566,2636,2632,-1, 3283,3580,3567,-1, 2636,3566,2651,-1, 
          3124,3058,3129,-1, 3250,3579,3342,-1, 3581,3574,3567,-1, 3582,91,3583,-1, 1803,1787,3571,-1, 3129,3050,3542,-1, 
          3051,3542,3050,-1, 3582,3570,91,-1, 3584,3568,3585,-1, 3584,3585,3586,-1, 3392,593,617,-1, 3571,3585,3568,-1, 
          3587,3312,3579,-1, 3588,1787,2661,-1, 3586,3589,3584,-1, 3568,3584,3590,-1, 3314,3579,3312,-1, 3589,1787,3588,-1, 
          3589,3588,3584,-1, 3591,3592,3265,-1, 3593,3594,3265,-1, 3551,3547,3424,-1, 3549,3540,3595,-1, 3568,3590,3575,-1, 
          2651,3575,2652,-1, 3596,3551,3550,-1, 3249,3438,3248,-1, 3437,3248,3438,-1, 3507,3513,3487,-1, 3551,3597,3547,-1, 
          3438,3249,3434,-1, 3501,3591,3265,-1, 3575,3590,2652,-1, 3477,3069,3516,-1, 3516,3479,3477,-1, 3591,3501,3513,-1, 
          1822,733,1819,-1, 3598,3593,3265,-1, 626,3599,647,-1, 3578,3540,3572,-1, 3577,3595,3540,-1, 3547,1819,1818,-1, 
          2664,3584,2661,-1, 3588,2661,3584,-1, 3592,3598,3265,-1, 3513,3598,3592,-1, 3513,3592,3591,-1, 3600,647,3601,-1, 
          3049,3055,3550,-1, 3584,2695,3590,-1, 2664,2695,3584,-1, 3442,3251,3443,-1, 3590,2695,2685,-1, 3601,647,3599,-1, 
          647,12,626,-1, 3590,2685,2652,-1, 3528,3579,3250,-1, 3528,3250,3442,-1, 3251,3442,3250,-1, 3585,1787,3586,-1, 
          3586,1787,3589,-1, 3571,1787,3585,-1, 3443,3256,3426,-1, 3060,3218,3051,-1, 3513,3507,3602,-1, 632,625,12,-1, 
          3061,3476,3446,-1, 3576,3602,3507,-1, 3594,3603,3265,-1, 3603,3604,3265,-1, 3055,3596,3550,-1, 497,502,131,-1, 
          1059,957,779,-1, 131,779,957,-1, 3513,3602,3598,-1, 3593,3598,3602,-1, 3596,3597,3551,-1, 3594,3593,3602,-1, 
          3477,3476,3069,-1, 3605,3606,132,-1, 3607,3608,132,-1, 148,139,132,-1, 200,131,175,-1, 232,260,131,-1, 
          3596,3609,3597,-1, 3256,3443,3251,-1, 3258,3426,3256,-1, 3610,3516,3069,-1, 11,3611,3612,-1, 3260,3425,3258,-1, 
          3258,3425,3426,-1, 3547,1822,1819,-1, 3612,817,11,-1, 3613,3614,3576,-1, 3615,2415,2417,-1, 2330,2333,2332,-1, 
          2291,2290,3616,-1, 2331,2417,2329,-1, 2155,2281,1777,-1, 2501,3617,2854,-1, 3618,2804,197,-1, 2817,3618,197,-1, 
          2869,239,2778,-1, 2957,239,2954,-1, 240,239,2957,-1, 3003,241,3004,-1, 3108,241,3114,-1, 3437,3425,3260,-1, 
          3576,3614,3602,-1, 3248,3437,3260,-1, 3602,3603,3594,-1, 3604,3619,3265,-1, 3517,3266,3263,-1, 3266,3517,3373,-1, 
          3603,3602,3604,-1, 3614,3604,3602,-1, 3292,3580,3283,-1, 3329,3620,3287,-1, 3263,3277,3517,-1, 3277,3479,3517,-1, 
          3292,3328,3580,-1, 3621,3622,90,-1, 3623,90,3622,-1, 3624,3625,3626,-1, 3626,3625,3517,-1, 3373,3517,3625,-1, 
          3580,3581,3567,-1, 3627,3281,3287,-1, 3610,3517,3516,-1, 3627,3369,3281,-1, 3628,3626,3610,-1, 3517,3610,3626,-1, 
          3574,3613,3576,-1, 3369,3627,3368,-1, 3050,3129,3058,-1, 3629,3630,3631,-1, 3581,3613,3574,-1, 3597,1820,1822,-1, 
          3597,1822,3547,-1, 3533,3368,3627,-1, 3054,3091,3107,-1, 3632,3630,3629,-1, 3633,3634,3630,-1, 3631,3630,3634,-1, 
          3055,3635,3596,-1, 3500,3579,3528,-1, 3107,3635,3055,-1, 3446,3445,3061,-1, 3636,733,1821,-1, 3579,3500,3587,-1, 
          3065,3476,3061,-1, 3619,3604,3614,-1, 93,3637,3630,-1, 3638,3639,3640,-1, 3497,3587,3500,-1, 3635,3609,3596,-1, 
          3639,3641,3642,-1, 3580,3643,3581,-1, 3644,733,3636,-1, 3609,3636,1821,-1, 3609,1821,3597,-1, 3328,3643,3580,-1, 
          3643,3645,3581,-1, 3633,3630,3646,-1, 3581,3645,3613,-1, 3644,3636,3609,-1, 3638,3647,3639,-1, 3648,3649,664,-1, 
          3650,3647,3638,-1, 3490,3587,3497,-1, 3597,1821,1820,-1, 3549,3651,3541,-1, 3613,3652,3614,-1, 3647,3641,3639,-1, 
          3587,3490,3653,-1, 3491,3653,3490,-1, 3645,3652,3613,-1, 3654,3655,3641,-1, 3495,3656,3491,-1, 3653,3491,3656,-1, 
          3539,3541,1200,-1, 3657,3658,3265,-1, 3476,3065,3069,-1, 3652,3659,3660,-1, 3652,3660,3614,-1, 3494,3656,3495,-1, 
          3628,3610,3076,-1, 3069,3076,3610,-1, 3652,3657,3659,-1, 3661,733,3662,-1, 3652,3658,3657,-1, 3304,3309,3663,-1, 
          3587,3663,3309,-1, 3609,3662,3644,-1, 3614,3660,3619,-1, 667,665,3076,-1, 3609,3661,3662,-1, 3647,3664,3641,-1, 
          3304,3663,3305,-1, 3656,3305,3663,-1, 3664,3654,3641,-1, 3665,3663,3587,-1, 3328,3666,3643,-1, 3665,3656,3663,-1, 
          3667,3668,3669,-1, 3643,3670,3645,-1, 3669,3671,3667,-1, 2045,3667,3671,-1, 3672,90,3498,-1, 3643,3666,3670,-1, 
          3673,1200,3541,-1, 3653,3665,3587,-1, 2062,2046,2045,-1, 3674,3650,3675,-1, 3676,2072,2062,-1, 3677,3583,91,-1, 
          3675,3678,3674,-1, 3679,3652,3645,-1, 3675,3680,3678,-1, 3647,3650,3674,-1, 2072,3676,2095,-1, 3664,3647,3674,-1, 
          3653,3656,3665,-1, 3658,3652,3681,-1, 3679,3681,3652,-1, 3664,3682,3654,-1, 3683,3677,91,-1, 3312,3587,3309,-1, 
          3684,3683,91,-1, 1200,3673,1201,-1, 3684,91,3685,-1, 3685,91,3686,-1, 3687,3688,3689,-1, 3145,3253,3180,-1, 
          3150,3146,3180,-1, 3690,3336,3337,-1, 2045,3671,2062,-1, 3691,3692,3687,-1, 3674,3678,3693,-1, 3691,3694,3692,-1, 
          3271,3439,3253,-1, 3687,3695,3688,-1, 3674,3693,3664,-1, 3656,3494,3690,-1, 3695,3284,3688,-1, 3682,3664,3696,-1, 
          3693,3696,3664,-1, 3688,3284,3401,-1, 3696,3697,3682,-1, 3336,3690,3354,-1, 3354,3690,3698,-1, 3649,843,664,-1, 
          2917,3105,2916,-1, 3680,3699,3700,-1, 3627,3287,3620,-1, 3630,3701,3540,-1, 3680,3700,3678,-1, 3702,3703,3704,-1, 
          3354,3698,3331,-1, 3698,3620,3330,-1, 13,664,843,-1, 3704,3705,3669,-1, 3330,3331,3698,-1, 3620,3329,3330,-1, 
          3704,3703,3705,-1, 3706,3671,3705,-1, 3293,2916,3105,-1, 3698,3545,3620,-1, 3671,3669,3705,-1, 3627,3620,3505,-1, 
          3627,3505,3533,-1, 3671,3706,3676,-1, 3505,3620,3504,-1, 3305,3656,3337,-1, 3707,3708,3709,-1, 3671,3676,2062,-1, 
          3536,3690,3494,-1, 3707,3710,3711,-1, 3707,3709,3710,-1, 3703,3712,3705,-1, 3711,3710,3691,-1, 3690,3337,3656,-1, 
          3706,3705,3713,-1, 3712,3713,3705,-1, 3293,3105,3714,-1, 3105,3203,3714,-1, 3202,3714,3203,-1, 3535,3690,3536,-1, 
          3706,3713,2114,-1, 3711,3691,3715,-1, 3546,3698,3535,-1, 3690,3535,3698,-1, 3715,3687,3689,-1, 3716,2114,3713,-1, 
          3691,3687,3715,-1, 3706,2114,3676,-1, 209,2383,2471,-1, 3714,3180,3293,-1, 3545,3698,3546,-1, 3676,2114,2095,-1, 
          3504,3620,3545,-1, 3202,3180,3714,-1, 3717,3710,3709,-1, 3718,3713,3712,-1, 2950,3293,2949,-1, 3709,3719,3717,-1, 
          3569,3540,3701,-1, 2941,2949,3180,-1, 3713,3720,3716,-1, 3721,40,3722,-1, 3721,3723,40,-1, 2471,14,3724,-1, 
          3724,14,1037,-1, 3725,3712,3703,-1, 3725,3726,3718,-1, 3695,3687,3692,-1, 943,1037,14,-1, 3725,3718,3712,-1, 
          3569,3701,3564,-1, 3727,3728,3729,-1, 207,2383,209,-1, 3730,3731,40,-1, 3729,3732,3727,-1, 2888,1786,1835,-1, 
          2887,1786,2888,-1, 1835,1834,2923,-1, 3733,3728,3727,-1, 40,3723,3734,-1, 3735,40,3734,-1, 3736,3728,3733,-1, 
          3694,3737,3692,-1, 2927,2941,3738,-1, 1835,2923,2888,-1, 3736,3638,3640,-1, 3694,3739,3737,-1, 3733,3638,3736,-1, 
          3180,3738,2941,-1, 3740,2853,2852,-1, 3692,3737,3289,-1, 2852,2923,3740,-1, 2927,3738,2926,-1, 3692,3289,3695,-1, 
          3695,3282,3284,-1, 3741,39,3742,-1, 2929,2853,3740,-1, 3727,3743,3733,-1, 3695,3289,3282,-1, 2857,2929,2956,-1, 
          3379,3738,3744,-1, 2929,3668,2956,-1, 3745,3572,3746,-1, 3747,3737,3739,-1, 3744,3738,3180,-1, 3291,3289,3737,-1, 
          2958,2858,2956,-1, 3748,90,3749,-1, 2956,3667,2958,-1, 3439,3379,3744,-1, 3750,90,3751,-1, 3752,3743,3727,-1, 
          3743,3650,3733,-1, 1834,3753,2923,-1, 3623,3751,90,-1, 3439,3744,3180,-1, 2923,3754,3740,-1, 3710,3717,3694,-1, 
          3748,3621,90,-1, 3733,3650,3638,-1, 3180,3253,3439,-1, 3755,3749,90,-1, 3672,3755,90,-1, 39,3756,3742,-1, 
          2929,3740,3757,-1, 3694,3717,3739,-1, 3710,3694,3691,-1, 3668,2929,3757,-1, 3648,183,182,-1, 3756,39,3758,-1, 
          2926,3738,3379,-1, 3758,39,3759,-1, 3667,2956,3668,-1, 3675,3743,3760,-1, 3717,3719,3761,-1, 40,3762,1484,-1, 
          3731,3762,40,-1, 3743,3675,3650,-1, 2044,2958,2045,-1, 3667,2045,2958,-1, 3719,3763,3761,-1, 3735,3730,40,-1, 
          3739,3717,3761,-1, 2926,3379,3764,-1, 3668,3704,3669,-1, 3765,3766,3701,-1, 1786,3767,3768,-1, 1786,3768,3753,-1, 
          3753,1834,1786,-1, 3625,3379,3373,-1, 3768,3767,3769,-1, 3767,1786,3770,-1, 3767,3770,3769,-1, 3771,3772,3773,-1, 
          3630,3632,3765,-1, 3379,3625,3764,-1, 2923,3753,3769,-1, 3768,3769,3753,-1, 3774,3722,40,-1, 3775,3776,40,-1, 
          3777,3774,40,-1, 3750,3778,90,-1, 91,90,3686,-1, 3778,3686,90,-1, 3779,3773,3732,-1, 3763,3780,3761,-1, 
          2926,3764,2945,-1, 3761,3781,3739,-1, 3754,2923,3769,-1, 3757,3740,3754,-1, 3779,3732,3729,-1, 3770,1786,3782,-1, 
          3780,3763,3783,-1, 3772,3771,3784,-1, 3746,3563,3564,-1, 3770,3782,3769,-1, 3701,3766,3564,-1, 3769,3785,3754,-1, 
          3786,3038,705,-1, 3773,3787,3732,-1, 3766,3788,3746,-1, 3773,3772,3787,-1, 3732,3787,3752,-1, 3704,3668,3757,-1, 
          3766,3629,3789,-1, 3631,3789,3629,-1, 3781,3761,3780,-1, 843,3649,3790,-1, 3791,3790,3649,-1, 3739,3781,3747,-1, 
          3782,1786,3792,-1, 3788,3766,3789,-1, 3752,3727,3732,-1, 3769,3782,3793,-1, 3792,3793,3782,-1, 3792,1786,3794,-1, 
          3737,3747,3291,-1, 3746,3788,3745,-1, 3789,3745,3788,-1, 3792,3794,3793,-1, 3785,3769,3793,-1, 3631,3634,3789,-1, 
          3772,3795,3787,-1, 3648,3796,3649,-1, 3797,3783,3798,-1, 3783,3799,3780,-1, 3787,3800,3752,-1, 3754,3702,3757,-1, 
          3754,3785,3702,-1, 3783,3797,3799,-1, 3632,3629,3765,-1, 3766,3765,3629,-1, 3780,3799,3801,-1, 3704,3757,3702,-1, 
          3802,39,3803,-1, 3766,3746,3564,-1, 3795,3772,3804,-1, 3780,3801,3781,-1, 3800,3787,3795,-1, 3741,3805,39,-1, 
          3806,3793,3794,-1, 190,3600,3807,-1, 3796,3807,3600,-1, 3805,3803,39,-1, 3781,3808,3747,-1, 3807,182,190,-1, 
          3809,92,3810,-1, 3801,3808,3781,-1, 3785,3811,3812,-1, 3747,3808,3320,-1, 3785,3812,3702,-1, 3777,40,3776,-1, 
          3813,3810,92,-1, 3624,3764,3625,-1, 3807,3648,182,-1, 3812,3703,3702,-1, 3747,3320,3291,-1, 3796,3600,3791,-1, 
          3600,3601,3791,-1, 3790,3791,3601,-1, 3814,1786,3815,-1, 3794,1786,3806,-1, 1786,3816,3817,-1, 3595,3651,3549,-1, 
          3818,3813,92,-1, 3793,3806,3819,-1, 3814,3819,3806,-1, 3797,3820,3821,-1, 3807,3796,3648,-1, 3791,3649,3796,-1, 
          3806,1786,3814,-1, 3797,3821,3799,-1, 3819,3814,3815,-1, 3822,3823,39,-1, 3793,3819,3811,-1, 3599,3790,3601,-1, 
          3824,3818,92,-1, 3577,1201,3595,-1, 3651,3595,1201,-1, 3819,3825,3811,-1, 3819,3826,3825,-1, 626,843,3790,-1, 
          626,3790,3599,-1, 665,2945,3764,-1, 3801,3827,3828,-1, 3785,3793,3811,-1, 3038,3829,705,-1, 3673,3541,3651,-1, 
          3801,3828,3808,-1, 665,3764,3624,-1, 3626,665,3624,-1, 212,209,2471,-1, 3745,3789,3634,-1, 3752,3760,3743,-1, 
          3628,3076,665,-1, 3633,3745,3634,-1, 40,39,3823,-1, 3724,3611,2471,-1, 3563,3746,3572,-1, 705,3829,92,-1, 
          212,2471,3611,-1, 3815,1786,3817,-1, 3830,3831,1786,-1, 3832,92,3829,-1, 92,3832,3824,-1, 3817,3816,3826,-1, 
          3572,3745,3578,-1, 3626,3628,665,-1, 3816,3831,3826,-1, 3826,3819,3817,-1, 3815,3817,3819,-1, 3611,3724,3612,-1, 
          1037,3612,3724,-1, 3833,3709,3708,-1, 3612,1037,817,-1, 3811,3834,3812,-1, 3752,3800,3760,-1, 3811,3825,3834,-1, 
          3812,3834,3725,-1, 3833,3835,3719,-1, 3795,3804,3836,-1, 3703,3812,3725,-1, 3833,3719,3709,-1, 3816,1786,3831,-1, 
          3804,3837,3836,-1, 2861,1466,19,-1, 3745,3633,1201,-1, 3795,3836,3838,-1, 3831,3830,3826,-1, 1466,1172,19,-1, 
          3839,3840,3841,-1, 3840,3839,3842,-1, 3843,40,3844,-1, 3841,3840,3835,-1, 2865,3088,3845,-1, 2866,2865,3845,-1, 
          1466,2861,296,-1, 3086,3846,3013,-1, 3845,3013,3846,-1, 3845,3846,2964,-1, 3845,2964,2866,-1, 3840,3847,3835,-1, 
          3848,3849,39,-1, 3850,3822,39,-1, 3851,40,3823,-1, 3850,39,3849,-1, 288,296,2861,-1, 3833,3841,3835,-1, 
          3646,1201,3633,-1, 3637,1199,3646,-1, 3013,3845,3014,-1, 289,3002,290,-1, 3802,3848,39,-1, 3851,3844,40,-1, 
          3843,3775,40,-1, 3795,3838,3800,-1, 1201,3578,3745,-1, 3852,3853,3842,-1, 3854,3842,3853,-1, 3726,3725,3834,-1, 
          3800,3855,3760,-1, 295,3002,1273,-1, 3842,3854,3856,-1, 3800,3838,3855,-1, 3726,3857,3858,-1, 3651,1201,3673,-1, 
          3760,3855,3680,-1, 3726,3858,3718,-1, 290,3002,295,-1, 3859,41,3860,-1, 3856,3840,3842,-1, 3680,3855,3699,-1, 
          1201,3577,3578,-1, 3713,3718,3720,-1, 3760,3680,3675,-1, 3847,3840,3856,-1, 3835,3847,3763,-1, 3087,3846,3086,-1, 
          290,296,288,-1, 41,3861,3860,-1, 3862,41,3859,-1, 3716,2115,2114,-1, 3084,2963,3087,-1, 3846,3087,2963,-1, 
          2964,3846,2963,-1, 3835,3763,3719,-1, 3014,3845,3088,-1, 3765,3701,3630,-1, 3088,2865,3094,-1, 2977,3094,2865,-1, 
          296,295,1466,-1, 2981,3093,3094,-1, 2981,3094,2977,-1, 1273,1466,295,-1, 3863,3864,3854,-1, 2981,2861,3093,-1, 
          3865,93,3866,-1, 3002,3093,2861,-1, 3856,3864,3798,-1, 23,309,1665,-1, 3858,3867,3720,-1, 3858,3720,3718,-1, 
          3847,3856,3798,-1, 3868,3716,3720,-1, 3847,3783,3763,-1, 3869,93,3870,-1, 3720,3867,3868,-1, 3871,3872,3325,-1, 
          3847,3798,3783,-1, 3873,3874,93,-1, 3716,3868,3157,-1, 308,1665,309,-1, 3854,3853,3863,-1, 3875,3876,42,-1, 
          3863,3853,3877,-1, 3716,3157,2115,-1, 42,3876,3878,-1, 3874,3870,93,-1, 3865,3873,93,-1, 3863,3879,3864,-1, 
          3880,3866,93,-1, 3856,3854,3864,-1, 3881,3882,3857,-1, 3883,3875,42,-1, 3884,42,3885,-1, 3867,3886,3887,-1, 
          3884,3888,42,-1, 3883,42,3888,-1, 3868,3867,3887,-1, 1708,1700,3889,-1, 3878,2353,42,-1, 3315,3157,3868,-1, 
          3889,1700,1812,-1, 3890,3891,41,-1, 3892,3890,41,-1, 3869,3893,93,-1, 3894,3895,3863,-1, 3894,3863,3877,-1, 
          3646,3630,3637,-1, 3861,41,3891,-1, 3879,3863,3895,-1, 3896,3871,3325,-1, 3864,3897,3798,-1, 3868,3887,3315,-1, 
          3864,3879,3897,-1, 1727,308,310,-1, 3797,3798,3897,-1, 3809,3898,92,-1, 3887,3899,3357,-1, 3900,41,3901,-1, 
          3862,3901,41,-1, 3902,3896,3325,-1, 3887,3357,3315,-1, 3903,3902,3325,-1, 3895,3894,3904,-1, 3905,3903,3325,-1, 
          3906,3905,3325,-1, 1727,1708,3889,-1, 3907,92,3908,-1, 3378,3899,3909,-1, 3898,3908,92,-1, 3899,3378,3357,-1, 
          1812,2017,3889,-1, 3910,3911,3912,-1, 3879,3913,3897,-1, 3820,3797,3897,-1, 3882,3886,3867,-1, 3882,3867,3858,-1, 
          3914,42,3915,-1, 3914,3885,42,-1, 3916,132,3917,-1, 3918,3917,1777,-1, 308,1727,1665,-1, 2017,1665,1727,-1, 
          3912,3918,3919,-1, 1727,3889,2017,-1, 3920,3921,41,-1, 3920,41,3900,-1, 3922,3324,3923,-1, 3923,3324,3924,-1, 
          3925,3926,3927,-1, 3928,42,3929,-1, 3930,3931,3932,-1, 3924,3324,3933,-1, 3934,93,3935,-1, 3932,3936,3937,-1, 
          3886,3882,3938,-1, 309,1848,310,-1, 1869,2231,1870,-1, 3939,3938,3882,-1, 3940,3929,42,-1, 3886,3938,3899,-1, 
          3937,3936,3941,-1, 3936,3942,3941,-1, 3886,3899,3887,-1, 3910,3943,3911,-1, 3933,3324,3944,-1, 27,1870,2231,-1, 
          3945,3940,42,-1, 3912,3917,3918,-1, 1911,1981,1870,-1, 3930,3689,3931,-1, 3911,3917,3912,-1, 3689,3688,3931,-1, 
          3946,3324,3947,-1, 3654,3926,3925,-1, 1984,1933,3948,-1, 3682,3926,3654,-1, 3932,3348,3936,-1, 1777,3917,132,-1, 
          3944,3324,3946,-1, 3931,3348,3932,-1, 3939,3949,3938,-1, 3950,3938,3949,-1, 3338,3951,3348,-1, 3936,3348,3951,-1, 
          3338,3340,3951,-1, 3909,3899,3938,-1, 3938,3950,3909,-1, 1933,30,2432,-1, 3952,669,3953,-1, 3954,3943,3910,-1, 
          3948,1933,2432,-1, 41,3955,3956,-1, 3927,3943,3954,-1, 3688,3401,3931,-1, 41,3956,42,-1, 3957,3958,3959,-1, 
          3960,669,3961,-1, 3931,3401,3348,-1, 3957,3959,3949,-1, 3401,3349,3348,-1, 1933,1984,1956,-1, 3943,3927,3962,-1, 
          3948,1868,1984,-1, 3871,3947,3872,-1, 2432,1869,3948,-1, 3963,3955,41,-1, 3963,41,3964,-1, 3965,41,3921,-1, 
          3916,3966,132,-1, 3967,669,3960,-1, 3968,3969,3265,-1, 3605,132,3966,-1, 3970,3961,669,-1, 3858,3857,3882,-1, 
          3917,3911,3916,-1, 1868,3948,1869,-1, 3965,3964,41,-1, 3971,3953,669,-1, 3952,3970,669,-1, 3697,3926,3682,-1, 
          3972,42,3928,-1, 3881,3939,3882,-1, 3926,3697,3973,-1, 3881,3974,3939,-1, 3903,3905,3975,-1, 3905,3923,3975,-1, 
          3972,3915,42,-1, 3926,3973,3927,-1, 3976,669,3977,-1, 3974,3978,3957,-1, 3880,93,3979,-1, 3945,42,3956,-1, 
          3903,3975,3902,-1, 3974,3957,3949,-1, 3980,3902,3975,-1, 3981,3980,3975,-1, 3974,3949,3939,-1, 3975,3924,3981,-1, 
          3830,1786,3982,-1, 3983,3984,3985,-1, 3986,3979,93,-1, 1637,309,1634,-1, 1848,309,1636,-1, 3982,3987,3830,-1, 
          3826,3830,3987,-1, 3988,3984,3968,-1, 3989,93,3934,-1, 3986,93,3989,-1, 3982,1786,3990,-1, 3722,3901,3721,-1, 
          3862,3721,3901,-1, 3933,3944,3981,-1, 3991,3265,3992,-1, 2255,3993,2106,-1, 3982,3990,3987,-1, 2122,2255,2106,-1, 
          3969,3992,3265,-1, 3826,3987,3994,-1, 3730,3891,3731,-1, 3922,3923,3906,-1, 3969,3968,3984,-1, 3993,2886,2106,-1, 
          3890,3731,3891,-1, 3826,3994,3825,-1, 2790,31,2886,-1, 3891,3730,3861,-1, 3995,3834,3825,-1, 3731,3890,3762,-1, 
          3973,3962,3927,-1, 3825,3994,3995,-1, 3723,3859,3734,-1, 3860,3734,3859,-1, 3726,3834,3995,-1, 3996,2194,2163,-1, 
          3734,3860,3735,-1, 3861,3735,3860,-1, 1788,3997,1786,-1, 3962,3998,3943,-1, 3902,3980,3896,-1, 3730,3735,3861,-1, 
          3999,3987,3997,-1, 3990,3997,3987,-1, 3859,3723,3862,-1, 3721,3862,3723,-1, 3990,1786,3997,-1, 3943,3998,3911,-1, 
          3997,1788,3999,-1, 3742,3885,3741,-1, 3914,3741,3885,-1, 3987,3999,4000,-1, 1788,4001,3999,-1, 3911,3966,3916,-1, 
          4002,132,3606,-1, 3875,4003,3876,-1, 3998,3605,3966,-1, 3998,3966,3911,-1, 3987,4000,3994,-1, 3994,4000,4004,-1, 
          4005,3876,4003,-1, 3984,3992,3969,-1, 3906,3324,3922,-1, 3924,3975,3923,-1, 3994,4004,3995,-1, 3984,3991,3992,-1, 
          3995,3857,3726,-1, 3981,3924,3933,-1, 3995,4004,3857,-1, 3973,4006,3962,-1, 1788,1787,4001,-1, 3119,2163,2962,-1, 
          3996,2163,3119,-1, 3883,3759,3875,-1, 4007,3999,4001,-1, 4008,670,4009,-1, 4003,3875,3759,-1, 3905,3906,3923,-1, 
          3759,3883,3758,-1, 4010,3937,3941,-1, 34,2962,2163,-1, 3884,3756,3888,-1, 3758,3888,3756,-1, 4011,4012,3942,-1, 
          3888,3758,3883,-1, 3998,4002,3606,-1, 3998,3606,3605,-1, 3942,4013,4011,-1, 4014,4015,1777,-1, 3885,3742,3884,-1, 
          3756,3884,3742,-1, 2255,2194,3996,-1, 3892,3762,3890,-1, 3881,3857,4004,-1, 3946,3896,3944,-1, 4011,4013,4016,-1, 
          4017,4018,3892,-1, 3980,3981,3944,-1, 4019,4020,1787,-1, 4021,1787,4022,-1, 4001,1787,4021,-1, 4021,4022,4007,-1, 
          4023,4016,4024,-1, 4022,1787,4025,-1, 3980,3944,3896,-1, 4024,3983,4023,-1, 4026,4009,670,-1, 4027,4026,670,-1, 
          4022,4025,4007,-1, 4001,4021,4007,-1, 3920,3777,3921,-1, 3942,4028,4013,-1, 4029,4030,670,-1, 3999,4031,4000,-1, 
          3774,3900,3722,-1, 3777,3920,3774,-1, 3900,3774,3920,-1, 3999,4007,4031,-1, 3722,3900,3901,-1, 4000,4032,4004,-1, 
          3947,3871,3946,-1, 3896,3946,3871,-1, 670,4030,4027,-1, 3776,3921,3777,-1, 4031,4032,4000,-1, 3775,3965,3776,-1, 
          4033,4034,1777,-1, 4004,4032,3881,-1, 3324,3906,3325,-1, 4025,1787,4020,-1, 3741,3914,3805,-1, 4020,4019,4035,-1, 
          2255,3996,3993,-1, 4036,4037,4038,-1, 4019,4039,4035,-1, 3972,3803,3915,-1, 3803,3972,3802,-1, 3119,3993,3996,-1, 
          4035,4007,4020,-1, 4025,4020,4007,-1, 3805,3915,3803,-1, 1706,25,670,-1, 4007,4040,4031,-1, 2886,3993,3119,-1, 
          3988,3968,3265,-1, 3928,3802,3972,-1, 4041,4042,3267,-1, 3976,4043,3971,-1, 4040,4007,4035,-1, 4031,4040,3978,-1, 
          3977,4044,3976,-1, 3929,4045,3928,-1, 4045,3848,3928,-1, 3802,3928,3848,-1, 3848,4045,3849,-1, 4013,4024,4016,-1, 
          4031,3978,4032,-1, 3849,4045,3850,-1, 3940,3850,4045,-1, 3940,4045,3929,-1, 4032,3974,3881,-1, 4023,3983,3985,-1, 
          4032,3978,3974,-1, 3850,3940,3822,-1, 4046,92,3907,-1, 3988,3265,3268,-1, 3249,2268,3262,-1, 1848,1738,310,-1, 
          4047,4035,4048,-1, 4047,4048,4049,-1, 4039,4048,4035,-1, 3985,3984,4042,-1, 4049,1787,4050,-1, 2299,3261,2268,-1, 
          2279,2299,2268,-1, 4049,4050,4047,-1, 4035,4047,4051,-1, 3915,3805,3914,-1, 2294,2287,2300,-1, 3268,4042,3988,-1, 
          3984,3988,4042,-1, 4042,3268,3267,-1, 4050,4052,4047,-1, 3951,3942,3936,-1, 4053,4054,4055,-1, 3951,4028,3942,-1, 
          4008,3971,4043,-1, 3822,3945,3823,-1, 3956,3823,3945,-1, 4051,4040,4035,-1, 3945,3822,3940,-1, 4051,4056,4040,-1, 
          4013,3468,4024,-1, 3953,3971,4009,-1, 4057,92,4058,-1, 38,3434,2287,-1, 4028,3468,4013,-1, 4008,4009,3971,-1, 
          4059,93,4057,-1, 3823,3956,3851,-1, 3955,3851,3956,-1, 3463,3265,3462,-1, 4040,4056,3978,-1, 4060,4058,92,-1, 
          3851,3955,3844,-1, 3963,3844,3955,-1, 3438,3434,38,-1, 3433,2300,2287,-1, 4009,4026,3953,-1, 4046,4060,92,-1, 
          4024,3451,3983,-1, 3978,4056,3957,-1, 4026,3952,3953,-1, 3433,3261,2300,-1, 3468,3451,4024,-1, 4027,4061,4026,-1, 
          3434,3249,3262,-1, 4052,4062,4047,-1, 4063,4064,4054,-1, 2299,2300,3261,-1, 3961,4061,3960,-1, 4030,3960,4061,-1, 
          4030,4061,4027,-1, 3451,3452,3983,-1, 3970,4061,3961,-1, 3261,3433,3262,-1, 3434,3262,3433,-1, 3983,3452,3984,-1, 
          4055,4054,4065,-1, 4066,4065,4054,-1, 3843,3844,3963,-1, 3463,3457,3265,-1, 3952,4026,3970,-1, 3970,4026,4061,-1, 
          4067,4005,2338,-1, 4029,3967,3960,-1, 4029,3960,4030,-1, 3935,93,4068,-1, 3964,3843,3963,-1, 3984,3452,3991,-1, 
          3462,3991,3452,-1, 4003,39,4005,-1, 3340,4028,3951,-1, 3843,3964,3775,-1, 3965,3775,3964,-1, 4069,4070,1777,-1, 
          4028,3475,3468,-1, 39,2338,4005,-1, 3921,3776,3965,-1, 3958,3957,4056,-1, 4028,3340,3475,-1, 2340,2369,2338,-1, 
          4071,4072,44,-1, 2369,4067,2338,-1, 4003,3759,39,-1, 4069,1777,4034,-1, 4029,669,3967,-1, 3096,3313,3097,-1, 
          4073,3097,3313,-1, 4033,4074,4034,-1, 4073,3112,3097,-1, 4068,93,4075,-1, 4076,4077,44,-1, 4077,4078,44,-1, 
          670,669,4029,-1, 44,4072,4079,-1, 44,4079,4076,-1, 3313,4080,4073,-1, 4081,4054,4064,-1, 1633,1785,1634,-1, 
          4082,93,4059,-1, 3878,2354,2353,-1, 4053,4083,4054,-1, 4075,93,4082,-1, 4083,4063,4054,-1, 4081,4084,4054,-1, 
          1785,1765,1634,-1, 3878,4067,2354,-1, 2369,2354,4067,-1, 4067,3878,4005,-1, 3876,4005,3878,-1, 4085,4086,4074,-1, 
          4069,4034,4074,-1, 4087,3298,3297,-1, 4088,4089,4090,-1, 4010,4088,3937,-1, 43,2394,4091,-1, 4092,227,4093,-1, 
          4094,4093,227,-1, 43,4095,4096,-1, 4097,43,4096,-1, 4098,4099,4100,-1, 3415,4087,3297,-1, 92,4057,93,-1, 
          4101,3298,4087,-1, 2450,4091,2394,-1, 4102,227,4103,-1, 2393,2450,2394,-1, 4094,227,4102,-1, 4036,4104,4037,-1, 
          4101,3306,3298,-1, 4105,4037,4104,-1, 4101,3313,3306,-1, 4106,4107,4108,-1, 4109,43,4110,-1, 4085,4074,4105,-1, 
          4111,227,4112,-1, 2442,2435,2423,-1, 4088,4090,3930,-1, 3415,4113,4087,-1, 4103,227,4111,-1, 4114,43,4115,-1, 
          4070,4074,4086,-1, 4074,4070,4069,-1, 4101,4087,4116,-1, 3930,3932,4088,-1, 4088,3932,3937,-1, 4095,43,4114,-1, 
          4115,43,4109,-1, 4117,4118,3415,-1, 4091,4110,43,-1, 2442,2423,4119,-1, 2818,1482,4120,-1, 4121,4108,4099,-1, 
          4122,4123,4112,-1, 44,4078,4124,-1, 4113,3415,4118,-1, 4124,4120,44,-1, 4099,4098,4121,-1, 4125,672,4126,-1, 
          4127,3829,4128,-1, 3038,3037,3829,-1, 4128,3829,3037,-1, 4108,4121,4106,-1, 4126,672,4129,-1, 4116,4087,4113,-1, 
          4130,4122,4112,-1, 4131,4113,4118,-1, 4128,3037,3464,-1, 3464,3037,3046,-1, 3039,3046,3037,-1, 2450,2451,2443,-1, 
          4113,4131,4132,-1, 4133,4090,4107,-1, 4123,4122,4081,-1, 4113,4132,4116,-1, 4128,3464,4127,-1, 4134,672,4125,-1, 
          2442,4119,2443,-1, 4101,4135,3313,-1, 4133,4107,4106,-1, 4101,4116,4135,-1, 4133,3930,4090,-1, 4135,4080,3313,-1, 
          4066,4136,4065,-1, 2451,2435,2443,-1, 4133,3689,3930,-1, 4129,672,4137,-1, 4055,4138,4053,-1, 2443,4091,2450,-1, 
          4139,43,4140,-1, 4141,4142,4143,-1, 4098,3707,4121,-1, 4118,4144,4131,-1, 43,4097,4145,-1, 4146,4071,44,-1, 
          4098,3708,3707,-1, 4141,4147,4142,-1, 4121,3707,3711,-1, 4121,3711,4106,-1, 4148,44,4149,-1, 4116,4132,4150,-1, 
          4142,4147,4151,-1, 4147,4152,4153,-1, 4147,4153,4151,-1, 4106,3715,4133,-1, 4106,3711,3715,-1, 4116,4150,4135,-1, 
          4133,3715,3689,-1, 4152,4038,4153,-1, 4150,4154,4135,-1, 4155,4138,4156,-1, 4094,4138,4155,-1, 4094,4155,4093,-1, 
          3640,3639,4141,-1, 4155,4157,4092,-1, 4155,4092,4093,-1, 4156,4157,4155,-1, 4141,3639,3642,-1, 4141,3642,4147,-1, 
          4054,227,4066,-1, 3642,3655,4147,-1, 4158,4131,4144,-1, 4159,4053,4138,-1, 3809,3570,3898,-1, 4132,4160,4150,-1, 
          4161,1730,4162,-1, 1777,2281,3616,-1, 3909,4163,3378,-1, 2538,2529,2528,-1, 3378,4163,4164,-1, 3374,3378,4164,-1, 
          4165,4107,4166,-1, 4053,4159,4083,-1, 4165,4108,4107,-1, 4167,4168,3616,-1, 4166,4107,4090,-1, 4090,4089,4166,-1, 
          4169,4170,4153,-1, 4171,4089,4088,-1, 50,2530,2529,-1, 3364,4117,3415,-1, 4033,1777,4172,-1, 4173,4083,4159,-1, 
          4088,4010,4171,-1, 4153,4174,4169,-1, 4010,3941,4012,-1, 44,4175,4176,-1, 4103,4173,4177,-1, 4103,4177,4102,-1, 
          3570,3809,3565,-1, 3909,4178,4163,-1, 3565,3810,3486,-1, 3941,3942,4012,-1, 4179,4177,4173,-1, 4159,4179,4173,-1, 
          4163,4180,4164,-1, 3810,3565,3809,-1, 3267,3265,4041,-1, 2530,2513,2528,-1, 4138,4055,4065,-1, 3374,4164,4117,-1, 
          4181,4182,3824,-1, 3824,4182,3818,-1, 4179,4159,4138,-1, 4177,4138,4094,-1, 4102,4177,4094,-1, 4179,4138,4177,-1, 
          3374,4117,3364,-1, 4176,4183,44,-1, 4138,4065,4136,-1, 4136,4156,4138,-1, 4184,1730,4185,-1, 4182,3485,3818,-1, 
          3813,3818,3485,-1, 4136,227,4156,-1, 4136,4066,227,-1, 227,4092,4157,-1, 4186,4163,4178,-1, 4083,4173,4063,-1, 
          3486,3810,3813,-1, 4187,1730,4188,-1, 4184,4188,1730,-1, 4123,4081,4064,-1, 4163,4186,4180,-1, 4181,3824,4189,-1, 
          3832,4189,3824,-1, 4164,4180,4190,-1, 4191,4189,3832,-1, 4192,43,4139,-1, 4193,44,4183,-1, 4194,44,4193,-1, 
          4195,4162,1730,-1, 4161,4185,1730,-1, 4164,4190,4117,-1, 4175,43,4196,-1, 4196,43,4192,-1, 4140,43,4145,-1, 
          4111,4123,4103,-1, 4197,4198,4041,-1, 4199,2561,2567,-1, 4146,44,4148,-1, 44,43,4175,-1, 4194,4149,44,-1, 
          2561,4199,51,-1, 4200,4180,4186,-1, 3832,4201,4191,-1, 4180,4202,4190,-1, 2592,2590,2577,-1, 4180,4200,4202,-1, 
          4112,4123,4111,-1, 3829,4127,4201,-1, 3829,4201,3832,-1, 4118,4117,4190,-1, 4123,4064,4063,-1, 4203,2592,2577,-1, 
          4189,3488,4181,-1, 2696,4204,4205,-1, 4123,4063,4173,-1, 3486,3813,3485,-1, 4173,4103,4123,-1, 4166,4198,4165,-1, 
          4157,4156,227,-1, 4206,45,4207,-1, 4208,4207,45,-1, 4198,4166,4089,-1, 2566,2590,2567,-1, 3464,3489,4127,-1, 
          3488,3485,4181,-1, 2592,4199,2567,-1, 4202,4144,4190,-1, 4201,3489,4191,-1, 4189,4191,3488,-1, 3488,4191,3489,-1, 
          4201,4127,3489,-1, 2592,4203,4199,-1, 4182,4181,3485,-1, 4209,4210,46,-1, 4190,4144,4118,-1, 4211,4212,4203,-1, 
          4213,4214,3327,-1, 2702,2607,2610,-1, 4215,3327,4216,-1, 4200,4217,4218,-1, 4015,4172,1777,-1, 4219,1777,3616,-1, 
          4220,3327,4215,-1, 4218,4217,4221,-1, 4222,3265,4223,-1, 4224,3265,4225,-1, 4225,3265,4222,-1, 4226,3265,4227,-1, 
          4228,3265,4226,-1, 4197,3265,4228,-1, 1786,4229,3265,-1, 3327,4214,4230,-1, 3327,4230,4216,-1, 4223,4198,4222,-1, 
          4223,3265,4231,-1, 4231,3265,4232,-1, 4233,3327,4234,-1, 4223,4231,4198,-1, 4162,4235,4161,-1, 4195,4236,4235,-1, 
          4195,4235,4162,-1, 4231,4232,4198,-1, 4234,3327,4220,-1, 4237,4105,4238,-1, 4232,3265,4239,-1, 4178,4240,4186,-1, 
          1730,672,4195,-1, 4232,4239,4198,-1, 4241,4119,46,-1, 4239,4242,4198,-1, 4242,3265,4243,-1, 4243,4198,4242,-1, 
          4217,4186,4240,-1, 4244,4245,4168,-1, 4217,4240,4246,-1, 4014,1777,4219,-1, 4186,4217,4200,-1, 4247,4198,4243,-1, 
          4248,4241,46,-1, 4249,4209,46,-1, 4238,4245,4244,-1, 4198,4247,4250,-1, 4251,4198,4252,-1, 4210,4248,46,-1, 
          2423,46,4119,-1, 4253,4198,4251,-1, 4254,4255,4256,-1, 2812,4257,45,-1, 4258,4259,4260,-1, 4261,4262,733,-1, 
          2595,744,4263,-1, 4264,733,4265,-1, 4265,733,3661,-1, 3662,733,3644,-1, 4208,45,4257,-1, 4266,45,4267,-1, 
          4255,4268,4256,-1, 4265,3661,3609,-1, 4245,4014,4219,-1, 4245,4219,4168,-1, 4269,3107,3091,-1, 4266,4270,45,-1, 
          4269,3091,3112,-1, 4271,4260,4272,-1, 4188,4273,4187,-1, 4269,4274,3107,-1, 4041,3265,4197,-1, 3112,4275,4269,-1, 
          4089,4171,4198,-1, 61,4276,188,-1, 2629,188,4276,-1, 4277,4278,4256,-1, 4279,4260,4280,-1, 4279,4281,4260,-1, 
          3107,4274,3635,-1, 4171,4010,4198,-1, 4282,46,4283,-1, 4284,4283,46,-1, 4274,4285,3635,-1, 4010,4012,4198,-1, 
          4273,4188,4184,-1, 4286,4284,46,-1, 4249,46,4282,-1, 4287,4288,46,-1, 4012,4011,4198,-1, 4014,4245,4015,-1, 
          4172,4015,4245,-1, 4227,3265,4289,-1, 4206,4267,45,-1, 4236,4195,672,-1, 4281,4272,4260,-1, 4290,4280,4260,-1, 
          4168,4219,3616,-1, 2701,2656,2629,-1, 3635,4285,3609,-1, 4011,4016,4198,-1, 4038,4174,4153,-1, 4291,45,4292,-1, 
          3609,4285,4265,-1, 4264,4265,4285,-1, 4016,4023,4198,-1, 4254,4278,3880,-1, 4292,45,4270,-1, 4023,3985,4198,-1, 
          4286,46,4288,-1, 4293,4205,4294,-1, 4294,4205,4295,-1, 3985,4042,4198,-1, 4254,3979,4255,-1, 3499,4256,3498,-1, 
          2610,2656,2702,-1, 4228,4198,4197,-1, 4042,4041,4198,-1, 4174,4038,4037,-1, 3880,3979,4254,-1, 4228,4226,4198,-1, 
          4290,4260,4259,-1, 4174,4037,4237,-1, 2701,2629,4276,-1, 4285,4261,4264,-1, 4226,4227,4198,-1, 4037,4105,4237,-1, 
          4277,4296,4278,-1, 4278,4254,4256,-1, 4262,4261,4285,-1, 4261,733,4264,-1, 4227,4289,4198,-1, 4073,4080,4297,-1, 
          3112,4073,4297,-1, 4289,4298,4198,-1, 4245,4238,4074,-1, 4105,4074,4238,-1, 4289,3265,4298,-1, 4299,3265,4224,-1, 
          4296,4277,4300,-1, 4298,4299,4198,-1, 4275,3112,4297,-1, 4298,3265,4299,-1, 2702,2701,4301,-1, 4172,4245,4033,-1, 
          4074,4033,4245,-1, 4262,1475,733,-1, 743,4263,744,-1, 4299,4224,4198,-1, 4278,4296,3866,-1, 4302,4274,4269,-1, 
          4300,3866,4296,-1, 4269,4275,4302,-1, 4224,4225,4198,-1, 4258,1375,4233,-1, 4225,4222,4198,-1, 4303,3865,4304,-1, 
          3866,4304,3865,-1, 4302,4305,4274,-1, 4247,3265,4250,-1, 4250,3265,4306,-1, 4256,3499,4277,-1, 3502,4277,3499,-1, 
          4243,3265,4247,-1, 4295,4205,4273,-1, 4205,4187,4273,-1, 4307,4302,4275,-1, 4239,3265,4242,-1, 191,835,492,-1, 
          163,62,492,-1, 4302,4308,4305,-1, 3880,4278,3866,-1, 4307,4308,4302,-1, 191,492,62,-1, 3866,4300,4304,-1, 
          4309,46,4310,-1, 4274,4305,4285,-1, 4280,4216,4279,-1, 4230,4279,4216,-1, 2733,835,191,-1, 4311,4205,4137,-1, 
          4290,4312,4280,-1, 4305,1475,4262,-1, 4305,4262,4285,-1, 4250,4306,4198,-1, 4306,3265,4313,-1, 2696,4205,4311,-1, 
          4314,2696,4311,-1, 4304,3509,4303,-1, 4252,4198,4313,-1, 4306,4313,4198,-1, 4281,4315,4272,-1, 4129,4137,4293,-1, 
          4205,4293,4137,-1, 3509,3514,4303,-1, 4277,3509,4304,-1, 4316,4303,3514,-1, 4297,4317,4275,-1, 4279,4230,4281,-1, 
          4315,4281,4230,-1, 834,2743,405,-1, 4214,4315,4230,-1, 4316,3514,4318,-1, 4272,4315,4271,-1, 4214,4213,4315,-1, 
          4319,4318,3515,-1, 4294,4320,4293,-1, 4317,4307,4275,-1, 4321,45,4322,-1, 835,834,492,-1, 3515,4318,3514,-1, 
          4198,4323,4324,-1, 4273,4184,4320,-1, 4324,4165,4198,-1, 492,834,405,-1, 4273,4320,4295,-1, 4304,4300,4277,-1, 
          4294,4295,4320,-1, 4325,4326,4327,-1, 4126,4129,4320,-1, 4129,4293,4320,-1, 4328,4322,45,-1, 4329,46,4321,-1, 
          4330,4328,45,-1, 4331,45,4291,-1, 4327,4326,4100,-1, 4263,3510,2595,-1, 2602,1809,4332,-1, 3327,4260,4213,-1, 
          4309,4333,46,-1, 4287,46,4333,-1, 4327,4100,4323,-1, 4308,1461,1476,-1, 4308,1476,4305,-1, 45,4321,46,-1, 
          4100,4099,4323,-1, 4324,4323,4099,-1, 4324,4099,4108,-1, 4312,4290,4259,-1, 2797,1118,2798,-1, 4324,4108,4165,-1, 
          4331,4330,45,-1, 4310,46,4329,-1, 4206,4079,4267,-1, 4072,4267,4079,-1, 742,1461,4308,-1, 4334,4335,1786,-1, 
          4071,4266,4072,-1, 4336,4320,4185,-1, 4305,1476,1475,-1, 4078,4257,4124,-1, 2812,4124,4257,-1, 69,2798,1118,-1, 
          4257,4078,4208,-1, 1118,615,69,-1, 4079,4206,4076,-1, 4207,4076,4206,-1, 4229,1786,4335,-1, 4337,4307,4317,-1, 
          4208,4077,4207,-1, 4313,3265,4229,-1, 4076,4207,4077,-1, 4077,4208,4078,-1, 4338,4339,4319,-1, 4313,4229,4252,-1, 
          4340,4341,4236,-1, 4114,4342,4095,-1, 4234,4258,4233,-1, 4235,4236,4341,-1, 4198,4253,4343,-1, 4096,4095,4344,-1, 
          3508,4277,3502,-1, 4185,4341,4336,-1, 4161,4341,4185,-1, 4343,4325,4198,-1, 4258,4234,4259,-1, 4097,4096,4283,-1, 
          4344,4283,4096,-1, 4308,4263,743,-1, 4325,4327,4198,-1, 4308,743,742,-1, 4161,4235,4341,-1, 1119,72,977,-1, 
          4318,4319,3874,-1, 4327,4323,4198,-1, 4152,4147,3655,-1, 3511,4332,1809,-1, 4332,1808,2602,-1, 4271,4213,4260,-1, 
          4282,4344,4249,-1, 4080,4135,4154,-1, 4345,2830,1119,-1, 4080,4346,4297,-1, 4318,3873,4316,-1, 4335,4334,4252,-1, 
          4347,4252,4334,-1, 4154,4346,4080,-1, 4229,4335,4252,-1, 2831,2830,4345,-1, 4346,4317,4297,-1, 3509,4277,3508,-1, 
          4284,4097,4283,-1, 4252,4347,4348,-1, 3873,4318,3874,-1, 4271,4315,4213,-1, 4283,4344,4282,-1, 4252,4348,4251,-1, 
          2796,2831,2797,-1, 4345,2797,2831,-1, 3865,4303,3873,-1, 4241,4349,4119,-1, 4341,4125,4350,-1, 4126,4350,4125,-1, 
          4303,4316,3873,-1, 4110,4091,2443,-1, 4341,4351,4336,-1, 4253,4352,4343,-1, 2443,4119,4349,-1, 4216,4280,4215,-1, 
          4312,4215,4280,-1, 4215,4312,4353,-1, 4215,4353,4220,-1, 4320,4336,4351,-1, 4109,4349,4115,-1, 2797,4345,1118,-1, 
          4342,4349,4248,-1, 4210,4342,4248,-1, 4350,4351,4341,-1, 977,615,1119,-1, 4100,4326,4354,-1, 4320,4184,4185,-1, 
          4150,4160,4154,-1, 4248,4349,4241,-1, 1118,4345,1119,-1, 4326,4355,4354,-1, 4312,4259,4353,-1, 4319,3515,4338,-1, 
          4098,4100,4354,-1, 4110,4349,4109,-1, 3518,4338,3515,-1, 4259,4234,4353,-1, 4351,4350,4320,-1, 4126,4320,4350,-1, 
          2443,4349,4110,-1, 4125,4341,4340,-1, 4125,4340,4134,-1, 4342,4115,4349,-1, 4338,3518,4356,-1, 4220,4353,4234,-1, 
          4346,4357,4317,-1, 4358,4356,3518,-1, 4358,3518,3561,-1, 4152,4359,4038,-1, 4355,4360,4361,-1, 4362,4361,4360,-1, 
          4355,4361,4363,-1, 3655,4359,4152,-1, 4115,4342,4114,-1, 4356,4339,4338,-1, 4209,4342,4210,-1, 73,4364,1833,-1, 
          4317,4357,4337,-1, 4038,4359,4036,-1, 4355,4363,4354,-1, 4344,4095,4342,-1, 4354,3708,4098,-1, 73,2883,4364,-1, 
          4344,4342,4209,-1, 4249,4344,4209,-1, 4354,4363,3708,-1, 4124,2812,4120,-1, 2811,4120,2812,-1, 4120,2811,2818,-1, 
          4292,4148,4291,-1, 2896,4364,2883,-1, 1833,1174,73,-1, 4266,4071,4270,-1, 4070,4086,1777,-1, 4365,1777,4086,-1, 
          4148,4292,4146,-1, 4270,4146,4292,-1, 4146,4270,4071,-1, 4366,3510,4263,-1, 4366,4263,4308,-1, 2940,2901,3070,-1, 
          2608,2602,1808,-1, 4267,4072,4266,-1, 4036,4359,3954,-1, 4362,4367,4361,-1, 3839,4361,4367,-1, 4036,3910,4104,-1, 
          4140,4288,4139,-1, 3954,3910,4036,-1, 4363,4361,3841,-1, 4145,4286,4140,-1, 4288,4140,4286,-1, 4139,4287,4192,-1, 
          4361,3839,3841,-1, 4368,4369,4154,-1, 4363,3841,3833,-1, 1451,3070,2901,-1, 3874,4319,4339,-1, 3833,3708,4363,-1, 
          4097,4284,4145,-1, 4286,4145,4284,-1, 4104,4085,4105,-1, 3839,4367,3842,-1, 2901,76,1451,-1, 3919,1777,4370,-1, 
          4365,4370,1777,-1, 3870,3874,4339,-1, 4371,4372,4373,-1, 4154,4369,4346,-1, 4365,4086,4085,-1, 4149,4291,4148,-1, 
          2612,2608,1808,-1, 2896,3070,4364,-1, 4374,4375,1786,-1, 4376,4377,1786,-1, 4334,1786,4378,-1, 4194,4331,4149,-1, 
          4369,4357,4346,-1, 3642,3641,3655,-1, 4378,1786,4379,-1, 4287,4139,4288,-1, 3654,3925,3655,-1, 4334,4378,4347,-1, 
          4333,4380,4287,-1, 4378,4379,4347,-1, 4192,4287,4380,-1, 3925,4359,3655,-1, 1451,4364,3070,-1, 4379,4381,4347,-1, 
          4359,3925,3954,-1, 4309,4382,4333,-1, 3925,3927,3954,-1, 1807,2612,1808,-1, 4380,4333,4382,-1, 4352,4253,4251,-1, 
          4308,4307,4366,-1, 672,4134,4340,-1, 4192,4380,4196,-1, 4382,4196,4380,-1, 4251,4348,4352,-1, 4337,4366,4307,-1, 
          1450,1833,1451,-1, 4383,4343,4352,-1, 4310,4382,4309,-1, 4340,4236,672,-1, 4384,4325,4343,-1, 4385,4372,4371,-1, 
          1833,4364,1451,-1, 4366,1811,3510,-1, 4343,4383,4384,-1, 3910,3912,4104,-1, 4329,4196,4382,-1, 4329,4382,4310,-1, 
          4384,4326,4325,-1, 4085,4104,3912,-1, 4085,4370,4365,-1, 4381,4386,4347,-1, 4387,4347,4386,-1, 1777,3919,3918,-1, 
          4196,4329,4175,-1, 4329,4321,4175,-1, 4370,4085,3919,-1, 3912,3919,4085,-1, 4175,4321,4176,-1, 4339,3869,3870,-1, 
          77,3142,4388,-1, 2539,77,4388,-1, 2014,77,2539,-1, 4176,4321,4322,-1, 4389,4372,4385,-1, 4366,4337,4390,-1, 
          4176,4322,4183,-1, 4328,4183,4322,-1, 4384,4355,4326,-1, 4183,4328,4193,-1, 4330,4193,4328,-1, 1808,1804,1806,-1, 
          4376,1786,4375,-1, 4366,3511,1811,-1, 4388,3142,3141,-1, 4193,4330,4194,-1, 4331,4194,4330,-1, 4386,1786,4377,-1, 
          4381,1786,4386,-1, 4379,1786,4381,-1, 4377,4376,4387,-1, 3511,4366,4332,-1, 4390,4332,4366,-1, 4291,4149,4331,-1, 
          4376,4375,4387,-1, 4391,4373,4372,-1, 4386,4377,4387,-1, 3197,80,1005,-1, 4202,4392,4144,-1, 4393,4348,4347,-1, 
          4392,4158,4144,-1, 1005,1004,3197,-1, 2185,1005,80,-1, 4394,4395,1731,-1, 4396,1731,4395,-1, 4347,4387,4393,-1, 
          4348,4393,4397,-1, 4389,4398,4372,-1, 4399,4132,4131,-1, 3140,3221,3141,-1, 4131,4158,4399,-1, 4397,4352,4348,-1, 
          4160,4132,4399,-1, 4400,4352,4397,-1, 4368,4154,4160,-1, 4401,4402,1417,-1, 4383,4352,4400,-1, 1416,4401,1417,-1, 
          3141,1006,4388,-1, 4392,4403,4404,-1, 4360,4383,4400,-1, 3561,4405,4406,-1, 4407,4408,48,-1, 2536,2539,1006,-1, 
          4400,4362,4360,-1, 4392,4404,4158,-1, 4358,3561,4406,-1, 4158,4404,4409,-1, 4383,4360,4384,-1, 4388,1006,2539,-1, 
          4360,4355,4384,-1, 4410,1417,4411,-1, 4412,1417,4410,-1, 4158,4409,4399,-1, 4375,4374,4387,-1, 4399,4413,4160,-1, 
          4414,4411,1417,-1, 4415,1731,4416,-1, 4417,4414,1417,-1, 2185,1006,1005,-1, 2536,1006,2185,-1, 4413,4368,4160,-1, 
          4418,4419,4368,-1, 4397,4393,4420,-1, 2513,4421,2514,-1, 82,3352,3356,-1, 4422,4394,1731,-1, 4400,4397,4423,-1, 
          4424,1731,4425,-1, 3359,3355,3352,-1, 3356,2634,82,-1, 4400,4423,4362,-1, 1417,4402,4417,-1, 32,2726,1731,-1, 
          4415,4425,1731,-1, 4424,4422,1731,-1, 1786,4426,4374,-1, 4426,4427,4428,-1, 4427,4426,1786,-1, 2879,85,2742,-1, 
          4427,4429,4428,-1, 3367,3366,2879,-1, 3355,3367,3356,-1, 2879,3356,3367,-1, 4387,4374,4428,-1, 4426,4428,4374,-1, 
          4368,4413,4418,-1, 3356,2879,2634,-1, 4339,4356,4358,-1, 4358,4406,4339,-1, 4387,4430,4393,-1, 4401,1416,1467,-1, 
          4387,4428,4430,-1, 4419,4369,4368,-1, 4420,4393,4430,-1, 4431,47,4421,-1, 4430,4432,4420,-1, 4433,47,4434,-1, 
          4369,4435,4357,-1, 4434,47,4431,-1, 4419,4435,4369,-1, 4423,4397,4420,-1, 3317,3012,86,-1, 4429,4427,1786,-1, 
          4436,4429,1786,-1, 4357,4437,4337,-1, 2724,2722,1680,-1, 4438,4428,4436,-1, 4429,4436,4428,-1, 4437,4357,4435,-1, 
          4436,1786,4439,-1, 3154,1039,89,-1, 1041,3428,1039,-1, 4438,4436,4439,-1, 4428,4438,4440,-1, 3898,3582,3908,-1, 
          4437,4390,4337,-1, 4440,4430,4428,-1, 4433,4441,47,-1, 4442,4443,3728,-1, 4432,4430,4440,-1, 3729,3728,4443,-1, 
          3493,1041,1040,-1, 2514,4421,47,-1, 4442,3728,3736,-1, 3529,1806,1805,-1, 3530,3529,1805,-1, 3154,1040,1039,-1, 
          4442,3736,4444,-1, 4420,4445,4423,-1, 4390,1808,4332,-1, 1040,3406,3493,-1, 4446,1680,4447,-1, 4444,3640,4143,-1, 
          4448,48,4449,-1, 4420,4432,4445,-1, 4391,4450,4373,-1, 4444,3736,3640,-1, 4423,4445,4367,-1, 4373,4451,4371,-1, 
          2819,48,4448,-1, 4141,4143,3640,-1, 4423,4367,4362,-1, 4450,4452,4451,-1, 4407,48,4453,-1, 3406,3405,3493,-1, 
          3406,1040,3317,-1, 4454,4449,48,-1, 4454,48,4408,-1, 4455,4439,1786,-1, 4450,4451,4373,-1, 4456,4457,4455,-1, 
          4455,4438,4439,-1, 4458,4371,4451,-1, 4459,4458,4451,-1, 4438,4460,4440,-1, 4372,1417,4391,-1, 4440,4461,4432,-1, 
          4462,4453,48,-1, 4440,4460,4461,-1, 4463,4143,4142,-1, 4390,1804,1808,-1, 4463,4142,4464,-1, 4464,4151,4170,-1, 
          4142,4151,4464,-1, 4451,4410,4465,-1, 4411,4465,4410,-1, 4466,47,4441,-1, 4151,4153,4170,-1, 4399,4409,4413,-1, 
          4445,3852,4367,-1, 4465,4459,4451,-1, 4174,4467,4169,-1, 4456,1786,4468,-1, 4455,1786,4456,-1, 4468,4457,4456,-1, 
          4438,4455,4457,-1, 4174,4237,4467,-1, 4405,3540,3539,-1, 4458,4459,4469,-1, 4470,4469,4465,-1, 4465,4411,4470,-1, 
          4414,4470,4411,-1, 4468,1786,4471,-1, 4410,4451,4452,-1, 4410,4452,4412,-1, 4468,4471,4457,-1, 4460,4438,4457,-1, 
          1417,4412,4452,-1, 4472,1680,4473,-1, 4471,1786,4474,-1, 4450,4391,1417,-1, 4475,48,4476,-1, 4471,4474,4457,-1, 
          4474,4477,4457,-1, 4459,4465,4469,-1, 3582,3898,3570,-1, 4417,4470,4414,-1, 3583,3908,3582,-1, 3561,90,4405,-1, 
          4475,4462,48,-1, 3907,3677,4046,-1, 3907,3908,3583,-1, 3677,3907,3583,-1, 3540,4405,90,-1, 4478,1787,4479,-1, 
          4432,4480,4445,-1, 4371,4458,4469,-1, 4371,4469,4385,-1, 3677,3683,4046,-1, 4432,4461,4480,-1, 4481,1680,4472,-1, 
          3852,4445,4480,-1, 4482,3749,4483,-1, 4484,4473,1680,-1, 4485,3748,4482,-1, 3749,4482,3748,-1, 3852,3842,4367,-1, 
          4446,4486,1680,-1, 4486,4484,1680,-1, 3637,93,3893,-1, 4487,4447,1680,-1, 4488,4457,4477,-1, 4390,4489,1804,-1, 
          3539,1200,4490,-1, 4460,4491,4461,-1, 4472,4415,4481,-1, 4492,4493,4494,-1, 4495,4389,4469,-1, 4385,4469,4389,-1, 
          4461,4491,4496,-1, 2281,2291,3616,-1, 2725,2724,4416,-1, 4497,4498,47,-1, 4499,48,4498,-1, 4480,4461,4496,-1, 
          3853,3852,4480,-1, 3853,4480,4496,-1, 4500,4168,4167,-1, 4501,4467,4237,-1, 4502,4405,4503,-1, 4405,3539,4503,-1, 
          4490,4503,3539,-1, 4237,4238,4501,-1, 4501,4238,4244,-1, 4504,4505,4506,-1, 4506,4507,4504,-1, 4446,4447,4394,-1, 
          4491,4508,4496,-1, 4502,4406,4405,-1, 3877,3853,4496,-1, 3877,4496,4508,-1, 4221,4217,4246,-1, 4402,4495,4417,-1, 
          4509,4510,48,-1, 4476,48,4510,-1, 4422,4486,4394,-1, 4463,4511,4512,-1, 4202,4200,4513,-1, 4509,48,4514,-1, 
          4486,4422,4484,-1, 4401,4495,4402,-1, 4513,4392,4202,-1, 4446,4394,4486,-1, 4495,4401,1467,-1, 4469,4470,4495,-1, 
          4470,4417,4495,-1, 4515,3621,3748,-1, 4452,4450,1417,-1, 4246,4516,4221,-1, 4515,3748,4485,-1, 4487,4396,4447,-1, 
          4516,4517,4221,-1, 4398,4495,1474,-1, 4495,4398,4389,-1, 4515,4518,3621,-1, 1467,1474,4495,-1, 1680,1731,4487,-1, 
          4513,4200,4218,-1, 4515,3935,4518,-1, 3622,3621,4518,-1, 4395,4394,4447,-1, 1569,1571,4519,-1, 3934,3935,4485,-1, 
          3623,3622,4518,-1, 4221,4520,4218,-1, 4517,4520,4221,-1, 4218,4520,4521,-1, 4483,3934,4482,-1, 4218,4521,4513,-1, 
          4513,4403,4392,-1, 4513,4521,4403,-1, 4068,4522,3935,-1, 3934,4483,3989,-1, 4485,4482,3934,-1, 4515,4485,3935,-1, 
          4075,4523,4068,-1, 3672,3498,4256,-1, 4508,4524,3894,-1, 3749,3755,4483,-1, 4525,4526,3755,-1, 4514,48,4527,-1, 
          4508,3894,3877,-1, 4503,1199,4502,-1, 4528,4529,47,-1, 4497,47,4529,-1, 4527,48,4499,-1, 4524,4530,3894,-1, 
          4490,1200,1199,-1, 4490,1199,4503,-1, 4531,47,4532,-1, 4532,47,4533,-1, 4474,1786,4477,-1, 4534,4535,1786,-1, 
          4536,4533,47,-1, 4526,4525,4537,-1, 47,4531,4528,-1, 4466,4538,47,-1, 4536,47,4538,-1, 4535,4488,4477,-1, 
          4535,4477,1786,-1, 4539,4443,4540,-1, 4488,4535,4534,-1, 47,4498,48,-1, 4540,4442,4541,-1, 4457,4488,4542,-1, 
          4540,4443,4442,-1, 4541,4442,4444,-1, 4541,4444,4512,-1, 4457,4542,4460,-1, 4512,4143,4463,-1, 4542,4491,4460,-1, 
          4543,49,4544,-1, 4534,1786,4545,-1, 4546,4545,1786,-1, 1831,4547,1786,-1, 4512,4444,4143,-1, 4545,4546,4548,-1, 
          4546,1786,4547,-1, 4546,4547,4548,-1, 4548,4488,4545,-1, 4534,4545,4488,-1, 4549,1569,4519,-1, 4488,4550,4542,-1, 
          4413,4489,4418,-1, 1201,3646,1199,-1, 4548,4550,4488,-1, 4542,4550,4551,-1, 4395,4447,4396,-1, 4552,4519,4553,-1, 
          3989,4483,4526,-1, 4537,3989,4526,-1, 3893,1199,3637,-1, 4542,4551,4491,-1, 4554,3989,4537,-1, 4555,4519,4556,-1, 
          4525,3672,4256,-1, 4557,4556,4519,-1, 4508,4491,4551,-1, 3672,4525,3755,-1, 4558,4548,1831,-1, 4558,1831,1830,-1, 
          4547,1831,4548,-1, 4559,4560,4519,-1, 1830,1786,4561,-1, 4268,4562,4256,-1, 4425,4415,4473,-1, 1830,4561,4558,-1, 
          4548,4558,4563,-1, 4256,4562,4525,-1, 4564,4525,4562,-1, 4489,4413,4409,-1, 4561,1786,1826,-1, 4561,1826,4558,-1, 
          4560,4549,4519,-1, 4548,4563,4550,-1, 4555,4553,4519,-1, 4552,4559,4519,-1, 4339,4406,1199,-1, 4550,4565,4551,-1, 
          4483,3755,4526,-1, 4418,4489,4419,-1, 4502,1199,4406,-1, 4554,4537,4525,-1, 4563,4565,4550,-1, 3869,4339,3893,-1, 
          1199,3893,4339,-1, 4564,4554,4525,-1, 4565,4524,4551,-1, 4489,4435,4419,-1, 4551,4524,4508,-1, 1787,3530,1805,-1, 
          3989,4564,3986,-1, 4554,4564,3989,-1, 4562,3986,4564,-1, 4566,4558,1827,-1, 1826,1827,4558,-1, 4484,4424,4473,-1, 
          4567,1528,4568,-1, 4268,3979,4562,-1, 3986,4562,3979,-1, 4479,1787,1805,-1, 4569,4570,50,-1, 2530,50,4570,-1, 
          4568,1528,1527,-1, 4563,4571,4565,-1, 4416,4481,4415,-1, 4572,4565,4571,-1, 4573,94,4574,-1, 4575,3320,3808,-1, 
          4576,50,4577,-1, 4479,4489,4478,-1, 3325,3872,94,-1, 3808,3828,4575,-1, 4540,4511,4539,-1, 3333,3320,4575,-1, 
          4489,4578,4478,-1, 4472,4473,4415,-1, 4569,50,4579,-1, 4541,4511,4540,-1, 3333,4580,3326,-1, 4581,4577,50,-1, 
          4579,50,4576,-1, 4424,4484,4422,-1, 4541,4512,4511,-1, 4582,1528,4583,-1, 4584,1787,4585,-1, 4586,4585,1787,-1, 
          4587,1787,4584,-1, 4588,1787,4587,-1, 4589,1787,4588,-1, 4590,4591,1787,-1, 4425,4473,4424,-1, 4583,1528,4592,-1, 
          4567,4593,1528,-1, 4587,4489,4588,-1, 4594,4595,49,-1, 4511,4463,4464,-1, 4596,49,2868,-1, 4597,1528,4582,-1, 
          3828,4598,4575,-1, 4590,1787,4589,-1, 4575,4598,4599,-1, 49,4595,4600,-1, 4489,4589,4588,-1, 4596,4594,49,-1, 
          4598,4601,4599,-1, 4489,4590,4589,-1, 49,4543,4602,-1, 4592,1528,4593,-1, 4575,4599,3333,-1, 4580,3333,4603,-1, 
          4599,4603,3333,-1, 4396,4487,1731,-1, 4489,4591,4590,-1, 4268,4255,3979,-1, 4489,1792,4591,-1, 4602,4604,49,-1, 
          4605,3872,3947,-1, 119,4606,1528,-1, 4489,1793,1792,-1, 3872,4605,4574,-1, 4607,1787,4608,-1, 4489,1794,1793,-1, 
          4581,50,4609,-1, 4601,4603,4599,-1, 4489,4608,1794,-1, 4610,4611,50,-1, 4600,4544,49,-1, 4607,4608,4489,-1, 
          4612,49,4604,-1, 4084,4613,98,-1, 4614,49,4612,-1, 1570,1569,4549,-1, 3326,4580,4615,-1, 4616,4511,4500,-1, 
          4615,3328,3326,-1, 4617,4582,4618,-1, 4583,4618,4582,-1, 4619,50,4620,-1, 4615,3666,3328,-1, 4130,4112,227,-1, 
          4615,4621,3666,-1, 4622,49,4623,-1, 4500,4167,2506,-1, 2505,2506,4167,-1, 2448,2503,3616,-1, 2447,2448,3616,-1, 
          2418,2447,3616,-1, 2411,2418,3616,-1, 4624,49,4625,-1, 4624,4623,49,-1, 49,4614,4625,-1, 4511,2415,3615,-1, 
          4626,50,4627,-1, 4626,4620,50,-1, 4622,4627,49,-1, 2506,2524,4500,-1, 4616,4500,2524,-1, 101,4628,227,-1, 
          3615,4629,4511,-1, 4629,3617,4511,-1, 3670,3679,3645,-1, 2524,2650,4616,-1, 3617,2501,4511,-1, 4060,3684,4058,-1, 
          3685,4058,3684,-1, 3670,4630,3679,-1, 4081,4122,4084,-1, 2501,2500,4511,-1, 3684,4060,3683,-1, 4046,3683,4060,-1, 
          2650,2669,4631,-1, 4632,695,4633,-1, 4628,4122,4130,-1, 2500,2730,4511,-1, 3679,4633,3681,-1, 4059,3778,4082,-1, 
          4615,4580,4634,-1, 4057,3686,4059,-1, 4580,4603,4634,-1, 2730,2729,4511,-1, 4058,3685,4057,-1, 102,3327,4635,-1, 
          4233,1374,3327,-1, 4634,4621,4615,-1, 2729,2804,4511,-1, 4621,4636,3666,-1, 2804,3618,4511,-1, 3666,4636,3670,-1, 
          3686,4057,3685,-1, 3778,4059,3686,-1, 4637,4638,4511,-1, 4522,3623,4518,-1, 4638,4639,4511,-1, 4636,4630,3670,-1, 
          4639,4640,4511,-1, 4518,3935,4522,-1, 4632,4641,695,-1, 4630,4641,4632,-1, 4630,4632,3679,-1, 4522,4068,4523,-1, 
          4642,4643,695,-1, 4630,4644,4641,-1, 4630,4645,4644,-1, 3679,4632,4633,-1, 3751,4523,3750,-1, 4523,4075,3750,-1, 
          4082,3750,4075,-1, 3623,4522,3751,-1, 4523,3751,4522,-1, 4464,4170,4511,-1, 2290,2411,3616,-1, 4170,4169,4511,-1, 
          3778,3750,4082,-1, 4169,4467,4511,-1, 4489,4520,4517,-1, 4489,4521,4520,-1, 4467,4501,4511,-1, 4489,4403,4521,-1, 
          4630,4642,4645,-1, 4501,4244,4511,-1, 4619,4646,50,-1, 4647,4610,50,-1, 4647,50,4646,-1, 4244,4168,4511,-1, 
          4611,4609,50,-1, 49,4627,50,-1, 4168,4500,4511,-1, 4648,4602,4649,-1, 4616,4631,4650,-1, 4616,4650,4631,-1, 
          4616,4631,4511,-1, 4544,4649,4543,-1, 4453,4649,4407,-1, 4631,4651,4511,-1, 4648,4649,4453,-1, 4651,2326,4511,-1, 
          2326,2333,4511,-1, 4407,4649,4408,-1, 4408,4649,4652,-1, 2333,2330,4511,-1, 4649,4544,4652,-1, 4600,4652,4544,-1, 
          4167,3616,2505,-1, 2330,2329,4511,-1, 2503,2505,3616,-1, 4653,4621,4634,-1, 2329,2416,4511,-1, 2416,2415,4511,-1, 
          4654,4655,95,-1, 4601,4656,4603,-1, 2333,2326,2325,-1, 4631,4616,2650,-1, 4603,4657,4634,-1, 4651,4631,2669,-1, 
          4658,95,4659,-1, 4656,4657,4603,-1, 4653,4634,4657,-1, 2326,4651,2324,-1, 4656,4601,4660,-1, 4661,4660,4601,-1, 
          4662,4511,3618,-1, 4660,4663,4656,-1, 4511,4662,4637,-1, 95,4658,4664,-1, 4660,4665,4663,-1, 4656,4663,4657,-1, 
          4657,4666,4653,-1, 4663,4666,4657,-1, 4667,95,4668,-1, 4669,95,4664,-1, 4670,4539,4511,-1, 4661,4671,4660,-1, 
          4672,4660,4671,-1, 4665,4660,4672,-1, 4663,4673,4666,-1, 4674,4675,4676,-1, 4408,4652,4454,-1, 4454,4652,4449,-1, 
          4595,4652,4600,-1, 1373,1375,4260,-1, 1375,4258,4260,-1, 4557,4677,4556,-1, 4678,4443,4539,-1, 105,4679,4260,-1, 
          4581,4466,4577,-1, 4519,1528,4557,-1, 4609,4538,4581,-1, 4466,4581,4538,-1, 4680,4676,4675,-1, 4233,1375,1374,-1, 
          4680,4681,4682,-1, 4570,4421,2530,-1, 4680,4675,4681,-1, 4489,4404,4403,-1, 94,4683,4684,-1, 4682,4681,3779,-1, 
          4685,1681,4686,-1, 4489,4409,4404,-1, 4663,4665,4673,-1, 4681,3773,3779,-1, 4678,4682,3779,-1, 1473,217,4372,-1, 
          4687,4688,1681,-1, 4689,1681,4685,-1, 4678,3779,3729,-1, 4678,3729,4443,-1, 217,112,4372,-1, 4489,4437,4435,-1, 
          4675,3771,4681,-1, 4686,1681,4688,-1, 36,2791,1681,-1, 1473,4372,1474,-1, 4398,1474,4372,-1, 1681,4689,4690,-1, 
          4489,4390,4437,-1, 695,4641,4644,-1, 4642,695,4645,-1, 4687,1681,4691,-1, 3773,4681,3771,-1, 4692,94,4693,-1, 
          493,114,4694,-1, 4695,1787,4578,-1, 4621,4696,4636,-1, 2669,2324,4651,-1, 1805,1804,4489,-1, 4478,4578,1787,-1, 
          94,4692,4683,-1, 4489,4479,1805,-1, 1399,4694,114,-1, 114,713,1399,-1, 1434,1398,713,-1, 2817,4662,3618,-1, 
          4695,4697,1787,-1, 4653,4696,4621,-1, 4696,4698,4636,-1, 4578,4489,4695,-1, 4511,4640,4699,-1, 4699,4670,4511,-1, 
          4573,4693,94,-1, 1417,115,4700,-1, 4636,4698,4630,-1, 465,4700,115,-1, 4700,1415,1417,-1, 4662,2816,4701,-1, 
          4574,94,3872,-1, 448,444,115,-1, 2817,2816,4662,-1, 4702,4638,4637,-1, 4638,4702,4703,-1, 4639,4638,4703,-1, 
          4639,4676,4640,-1, 4639,4703,4676,-1, 4640,4676,4699,-1, 4680,4699,4676,-1, 4597,4582,4704,-1, 4699,4680,4682,-1, 
          4699,4682,4670,-1, 4704,4677,1528,-1, 4670,4678,4539,-1, 4670,4682,4678,-1, 4629,3615,2847,-1, 4556,4617,4555,-1, 
          4705,4555,4617,-1, 2816,4706,4701,-1, 4555,4705,4553,-1, 2417,2847,3615,-1, 4706,4707,4701,-1, 4553,4708,4552,-1, 
          4662,4701,4709,-1, 4701,4710,4711,-1, 4701,4711,4709,-1, 4662,4709,4637,-1, 4712,4705,4617,-1, 4708,4553,4705,-1, 
          4637,4709,4702,-1, 4713,4705,4712,-1, 4618,4712,4617,-1, 4708,4705,4713,-1, 4618,4583,4714,-1, 4712,4618,4713,-1, 
          4714,4713,4618,-1, 4592,4714,4583,-1, 4707,4715,4701,-1, 4715,2746,4701,-1, 4552,4708,4559,-1, 4593,4714,4592,-1, 
          4709,4716,4702,-1, 4567,4717,4593,-1, 4677,4617,4556,-1, 4677,4704,4617,-1, 4677,4557,1528,-1, 4617,4704,4582,-1, 
          4703,4718,4674,-1, 4597,4704,1528,-1, 4703,4674,4676,-1, 4719,4720,4721,-1, 4719,4721,3784,-1, 3771,4719,3784,-1, 
          4713,4717,4708,-1, 4593,4717,4714,-1, 4586,1787,4697,-1, 4489,4697,4695,-1, 1399,4722,4694,-1, 4723,4724,4725,-1, 
          4721,4725,4724,-1, 4669,4668,95,-1, 4726,706,4667,-1, 4489,4586,4697,-1, 2513,2530,4421,-1, 494,4694,4722,-1, 
          4727,4728,1682,-1, 3784,3804,3772,-1, 4722,1399,1436,-1, 1398,1436,1399,-1, 4489,4585,4586,-1, 494,493,4694,-1, 
          4654,95,4729,-1, 4421,4570,4431,-1, 4569,4431,4570,-1, 600,1467,1415,-1, 4489,4584,4585,-1, 4655,4659,95,-1, 
          4721,4730,3784,-1, 4489,4587,4584,-1, 4579,4434,4569,-1, 4431,4569,4434,-1, 1473,1467,217,-1, 4721,4724,4730,-1, 
          1792,1787,4591,-1, 4434,4579,4433,-1, 4433,4579,4576,-1, 3784,4730,3804,-1, 1794,4608,1787,-1, 4577,4441,4576,-1, 
          4700,600,1415,-1, 4433,4576,4441,-1, 465,600,4700,-1, 4731,695,4732,-1, 4643,4732,695,-1, 4466,4441,4577,-1, 
          4698,4643,4642,-1, 4698,4642,4630,-1, 4449,4733,4448,-1, 4560,4717,4549,-1, 4733,4449,4652,-1, 4607,4489,4734,-1, 
          4735,4734,4489,-1, 4560,4559,4717,-1, 4696,4653,4736,-1, 4594,4733,4595,-1, 4652,4595,4733,-1, 4727,1682,4737,-1, 
          4666,4736,4653,-1, 4489,4738,4739,-1, 4740,1058,116,-1, 2867,2819,4733,-1, 4448,4733,2819,-1, 4741,4738,4489,-1, 
          1099,1098,4724,-1, 1099,4724,4723,-1, 4742,4743,1682,-1, 4737,1682,4743,-1, 1571,4740,4519,-1, 4736,4744,4696,-1, 
          4724,4745,4730,-1, 4746,4741,4489,-1, 4596,4733,4594,-1, 4724,1098,4745,-1, 116,4519,4740,-1, 1058,815,116,-1, 
          4733,4596,2867,-1, 2868,2867,4596,-1, 4730,4745,3837,-1, 4747,4748,4736,-1, 4543,4649,4602,-1, 4728,4749,1682,-1, 
          4749,4750,1682,-1, 4736,4748,4744,-1, 1527,1570,4568,-1, 4749,4691,4750,-1, 4696,4744,4698,-1, 4475,4648,4462,-1, 
          4730,3837,3804,-1, 1798,1787,1795,-1, 4751,4648,4475,-1, 4698,4732,4643,-1, 869,715,1545,-1, 1798,1795,4735,-1, 
          4751,4612,4648,-1, 4752,695,4753,-1, 4731,4753,695,-1, 4754,1116,1099,-1, 1570,4549,4717,-1, 4744,4731,4732,-1, 
          4744,4732,4698,-1, 4754,1114,1116,-1, 1795,1796,4735,-1, 4602,4648,4604,-1, 4568,4717,4567,-1, 4755,118,869,-1, 
          4689,4685,4756,-1, 1797,1798,4735,-1, 1116,1100,1099,-1, 4756,4757,4690,-1, 4756,4690,4689,-1, 4568,1570,4717,-1, 
          866,118,4755,-1, 4758,4757,4756,-1, 4453,4462,4648,-1, 1101,4745,1098,-1, 4559,4708,4717,-1, 4666,4747,4736,-1, 
          4713,4714,4717,-1, 4611,4536,4609,-1, 4538,4609,4536,-1, 4666,4673,4747,-1, 4728,4687,4749,-1, 4610,4533,4611,-1, 
          4536,4611,4533,-1, 2847,2850,4629,-1, 3617,4629,2850,-1, 2850,2854,3617,-1, 1043,4606,119,-1, 4710,4701,2746,-1, 
          946,1043,119,-1, 1529,1528,4606,-1, 4691,4749,4687,-1, 3991,3462,3265,-1, 3619,3660,3265,-1, 3660,3659,3265,-1, 
          3659,3657,3265,-1, 3658,3681,3265,-1, 3681,4633,3265,-1, 695,3265,4633,-1, 4644,4645,695,-1, 2854,2502,2501,-1, 
          4727,4688,4687,-1, 4727,4687,4728,-1, 4759,4738,4741,-1, 2746,2748,4710,-1, 4510,4751,4476,-1, 4744,4753,4731,-1, 
          4475,4476,4751,-1, 4752,4753,4748,-1, 4744,4748,4753,-1, 4612,4751,4614,-1, 622,4755,623,-1, 4716,4709,4711,-1, 
          4604,4648,4612,-1, 4686,4688,4727,-1, 1545,1547,869,-1, 4685,4737,4743,-1, 4532,4647,4531,-1, 623,869,1547,-1, 
          4718,4703,4702,-1, 4646,4531,4647,-1, 4760,4747,4673,-1, 4755,622,866,-1, 869,623,4755,-1, 4718,4702,4716,-1, 
          4531,4761,4528,-1, 4762,4528,4761,-1, 1060,1043,1042,-1, 4763,4761,4646,-1, 4761,4531,4646,-1, 4516,4764,4517,-1, 
          4619,4763,4646,-1, 4607,4734,1787,-1, 4765,4766,4767,-1, 1060,4606,1043,-1, 159,4767,4766,-1, 4768,159,4766,-1, 
          196,4769,2816,-1, 197,196,2816,-1, 1529,4606,1060,-1, 4748,4770,4771,-1, 1796,1787,4734,-1, 4748,4771,4752,-1, 
          4529,4528,4762,-1, 4772,4766,4765,-1, 1796,4734,4735,-1, 2748,2747,4710,-1, 4620,4763,4619,-1, 4735,4489,4739,-1, 
          4773,4774,4766,-1, 4761,4775,4762,-1, 4766,4772,178,-1, 178,179,4766,-1, 4716,4711,4776,-1, 4740,1571,1060,-1, 
          4620,4626,4763,-1, 4716,4777,4718,-1, 4752,4771,695,-1, 4529,4775,4497,-1, 4529,4762,4775,-1, 4716,4776,4777,-1, 
          4489,4778,4746,-1, 4740,1060,1058,-1, 4761,4763,4775,-1, 4764,4778,4489,-1, 695,121,120,-1, 3265,695,120,-1, 
          4489,4517,4764,-1, 4673,4665,4779,-1, 179,177,4773,-1, 4674,4720,4675,-1, 159,151,4767,-1, 4498,4497,4775,-1, 
          4719,3771,4675,-1, 695,4770,4780,-1, 4771,4770,695,-1, 4781,4765,4767,-1, 4779,4760,4673,-1, 274,4782,2752,-1, 
          4710,2747,4782,-1, 4775,4763,4626,-1, 2752,4782,2747,-1, 4783,4784,4779,-1, 4779,4784,4760,-1, 4785,4499,4775,-1, 
          4498,4775,4499,-1, 4711,4710,4786,-1, 144,178,81,-1, 4785,4775,4627,-1, 4776,4711,4786,-1, 4768,149,159,-1, 
          4747,4787,4748,-1, 4627,4775,4626,-1, 4760,4787,4747,-1, 4718,4777,4720,-1, 4788,4789,695,-1, 4499,4785,4527,-1, 
          4787,4780,4770,-1, 4787,4770,4748,-1, 4622,4785,4627,-1, 4790,4791,95,-1, 4718,4720,4674,-1, 4792,4514,4785,-1, 
          4785,4622,4623,-1, 4789,4793,695,-1, 4719,4675,4720,-1, 4788,4780,4787,-1, 4777,4776,4794,-1, 4795,4796,95,-1, 
          4797,95,4798,-1, 4527,4785,4514,-1, 4777,4725,4720,-1, 4794,4725,4777,-1, 4509,4514,4792,-1, 4725,4721,4720,-1, 
          4799,94,4800,-1, 4707,4706,4769,-1, 4769,2744,4715,-1, 4509,4792,4510,-1, 4751,4510,4792,-1, 274,273,4782,-1, 
          4715,4707,4769,-1, 2753,4801,2752,-1, 4614,4751,4625,-1, 273,347,4782,-1, 4710,4782,4786,-1, 347,343,4782,-1, 
          4742,4758,4743,-1, 4787,4793,4789,-1, 4787,4789,4788,-1, 4727,4737,4686,-1, 2746,4715,2744,-1, 343,368,4802,-1, 
          4686,4737,4685,-1, 274,2752,4801,-1, 4801,275,274,-1, 368,372,4802,-1, 4758,4756,4743,-1, 4685,4743,4756,-1, 
          4802,4782,343,-1, 4782,4803,4786,-1, 4782,4802,4803,-1, 4786,4803,4804,-1, 4757,4758,1681,-1, 1681,4758,4742,-1, 
          4690,4757,1681,-1, 1682,1681,4742,-1, 3821,4805,3827,-1, 3827,4806,3828,-1, 4786,4804,4776,-1, 3827,4805,4806,-1, 
          4776,4804,4794,-1, 4806,4598,3828,-1, 372,373,4802,-1, 4505,4504,4516,-1, 1585,716,4807,-1, 1069,4808,124,-1, 
          4805,4809,4810,-1, 4807,124,4808,-1, 4811,1484,4812,-1, 4504,4764,4516,-1, 4805,4810,4806,-1, 4505,4516,4246,-1, 
          4806,4813,4598,-1, 4806,4810,4813,-1, 4768,160,149,-1, 1215,123,4814,-1, 4811,4815,1484,-1, 4816,1484,4815,-1, 
          1695,4817,123,-1, 4766,160,4768,-1, 4746,4778,4507,-1, 4772,81,178,-1, 3913,3820,3897,-1, 4794,4723,4725,-1, 
          4504,4507,4778,-1, 123,4766,1694,-1, 4817,4814,123,-1, 4778,4764,4504,-1, 4818,4819,373,-1, 179,4773,4766,-1, 
          1694,1695,123,-1, 4820,4803,4802,-1, 4493,4492,4821,-1, 3820,4822,3821,-1, 4820,4823,4803,-1, 4493,4821,4824,-1, 
          3827,3801,3799,-1, 4825,1724,1725,-1, 3827,3799,3821,-1, 1310,125,1308,-1, 4823,4804,4803,-1, 4804,4823,4826,-1, 
          3913,4827,3820,-1, 1241,1308,125,-1, 4804,4826,4794,-1, 4822,3820,4827,-1, 4826,4723,4794,-1, 4792,4785,4623,-1, 
          4792,4623,4624,-1, 4805,3821,4822,-1, 717,1610,125,-1, 1662,1610,717,-1, 4820,4819,4828,-1, 4751,4792,4625,-1, 
          1663,1662,717,-1, 4759,4829,4830,-1, 4823,4820,4831,-1, 4824,1787,1797,-1, 4792,4624,4625,-1, 4823,4754,4826,-1, 
          4824,4821,1787,-1, 4832,1725,4833,-1, 4533,4610,4532,-1, 4647,4532,4610,-1, 1240,125,1609,-1, 4735,4493,1797,-1, 
          4824,1797,4493,-1, 4831,4754,4823,-1, 4493,4739,4834,-1, 4827,4835,4836,-1, 4826,4754,1099,-1, 4837,4833,1725,-1, 
          4826,1099,4723,-1, 4822,4827,4836,-1, 4735,4739,4493,-1, 4834,4739,4738,-1, 1255,125,1310,-1, 373,653,4818,-1, 
          4838,4818,653,-1, 4838,660,4819,-1, 4834,4738,4759,-1, 4839,1725,4840,-1, 4841,4840,1725,-1, 660,4838,653,-1, 
          653,659,660,-1, 4842,1621,126,-1, 4809,4805,4822,-1, 4832,4841,1725,-1, 4843,52,4844,-1, 4802,373,4819,-1, 
          4838,4819,4818,-1, 4820,4802,4819,-1, 4845,126,1257,-1, 658,653,662,-1, 4759,4741,4829,-1, 659,658,1252,-1, 
          4845,4846,126,-1, 4829,4746,4507,-1, 658,662,1252,-1, 4809,4847,4848,-1, 4829,4741,4746,-1, 4809,4848,4810,-1, 
          1252,4819,659,-1, 660,659,4819,-1, 4846,4849,126,-1, 4849,4842,126,-1, 4850,3334,1749,-1, 4819,1252,4828,-1, 
          4820,4828,4831,-1, 4813,4601,4598,-1, 4851,4852,51,-1, 4828,1266,4831,-1, 1256,1266,4828,-1, 3958,4853,3959,-1, 
          3950,3949,4854,-1, 3959,4854,3949,-1, 662,661,1252,-1, 1585,4807,1650,-1, 4178,3909,3950,-1, 3950,4854,4178,-1, 
          4828,1252,1256,-1, 4847,4855,4856,-1, 4808,1672,4807,-1, 4847,4856,4848,-1, 4857,3334,4858,-1, 4831,1266,1114,-1, 
          4810,4848,4859,-1, 4831,1114,4754,-1, 3693,4860,3696,-1, 4853,4861,4854,-1, 4810,4859,4813,-1, 4854,3959,4853,-1, 
          4862,4863,3696,-1, 4661,4601,4813,-1, 4854,4861,4240,-1, 4859,4661,4813,-1, 4861,4246,4240,-1, 3696,4863,3697,-1, 
          1325,1310,1309,-1, 4854,4240,4178,-1, 4847,4864,4855,-1, 4862,4865,4866,-1, 4212,51,4199,-1, 1672,1069,1321,-1, 
          4862,4860,4865,-1, 1240,1321,1241,-1, 1309,1241,1321,-1, 4866,4867,4862,-1, 1609,1321,1240,-1, 4868,4866,4865,-1, 
          4853,4506,4861,-1, 4505,4861,4506,-1, 4866,4869,4867,-1, 4868,4869,4866,-1, 4861,4505,4246,-1, 4862,4867,4863,-1, 
          4870,4871,4872,-1, 1610,1672,1609,-1, 1321,1609,1672,-1, 4851,51,4873,-1, 51,4874,4873,-1, 1241,1309,1308,-1, 
          4874,51,4875,-1, 4856,4876,4877,-1, 4878,4859,4848,-1, 1662,1672,1610,-1, 4875,51,4212,-1, 4856,4855,4876,-1, 
          4869,55,4867,-1, 2904,52,4843,-1, 4879,4844,52,-1, 1650,4807,1672,-1, 4868,214,4869,-1, 4879,52,4880,-1, 
          4881,94,4799,-1, 1484,4882,4812,-1, 4883,214,4868,-1, 4884,4800,94,-1, 214,157,4869,-1, 4885,52,4886,-1, 
          4808,1069,1672,-1, 4887,4886,52,-1, 4869,157,55,-1, 1069,1068,1321,-1, 1257,1250,1342,-1, 219,214,4883,-1, 
          1325,1348,1255,-1, 1255,1310,1325,-1, 4809,4822,4836,-1, 4888,1485,4889,-1, 1215,4814,1400,-1, 4858,3334,4890,-1, 
          4891,4892,4835,-1, 4893,4894,1485,-1, 4895,4896,4897,-1, 4835,4892,4864,-1, 1400,4898,1621,-1, 4899,3334,4857,-1, 
          1621,4842,1400,-1, 4896,4900,4897,-1, 4901,4893,1485,-1, 4902,1485,4894,-1, 1389,1400,4849,-1, 4842,4849,1400,-1, 
          4835,4864,4836,-1, 4846,1389,4849,-1, 4836,4847,4809,-1, 4846,4845,1389,-1, 1342,1389,4845,-1, 4903,3334,4904,-1, 
          4836,4864,4847,-1, 4890,3334,4903,-1, 1257,1342,4845,-1, 4882,4905,4906,-1, 4905,4888,4906,-1, 4889,4906,4888,-1, 
          4907,3334,4850,-1, 4902,4906,4889,-1, 4904,3334,4907,-1, 4894,4812,4902,-1, 4906,4902,4812,-1, 130,1601,3334,-1, 
          4893,4811,4894,-1, 4882,4906,4812,-1, 1688,4898,1695,-1, 1695,4898,4817,-1, 4812,4894,4811,-1, 4871,4908,4872,-1, 
          4897,3699,3855,-1, 4909,4870,4872,-1, 4815,4910,4816,-1, 4817,4898,4814,-1, 1400,4814,4898,-1, 4892,4911,4912,-1, 
          1625,1620,4898,-1, 4815,4811,4910,-1, 1620,1621,4898,-1, 4811,4893,4910,-1, 4901,4910,4893,-1, 4860,3693,3678,-1, 
          4816,4910,1484,-1, 3678,3700,4860,-1, 1625,4898,1688,-1, 4862,3696,4860,-1, 3958,4056,4913,-1, 1749,4825,4850,-1, 
          1484,4910,4901,-1, 4897,4900,3699,-1, 4914,94,4915,-1, 4857,4833,4837,-1, 4901,1485,1484,-1, 4915,94,4916,-1, 
          127,1725,1510,-1, 4917,4872,4918,-1, 4908,4918,4872,-1, 3700,4865,4860,-1, 4919,4920,4872,-1, 4833,4857,4921,-1, 
          4833,4921,4832,-1, 4839,4825,1725,-1, 44,4120,1482,-1, 4684,4916,94,-1, 4914,4884,94,-1, 4922,4841,4921,-1, 
          4913,4920,4923,-1, 1748,3334,1601,-1, 1749,3334,1748,-1, 4924,1482,4925,-1, 4925,1482,4926,-1, 3699,4927,3700,-1, 
          4796,4729,95,-1, 4797,4795,95,-1, 3699,4900,4927,-1, 4913,4928,3958,-1, 4929,51,4930,-1, 4865,3700,4927,-1, 
          4853,3958,4928,-1, 4931,4932,95,-1, 4933,4934,95,-1, 4790,95,4934,-1, 4791,4798,95,-1, 4932,4933,95,-1, 
          95,94,4931,-1, 4931,94,4881,-1, 4935,96,4936,-1, 4825,1749,1724,-1, 4937,4900,4896,-1, 4885,4880,52,-1, 
          4938,1482,4924,-1, 4896,4939,4937,-1, 4940,1787,4941,-1, 4900,4937,4942,-1, 4943,4926,1482,-1, 1724,1748,1510,-1, 
          4944,1482,4938,-1, 4945,4887,52,-1, 4832,4921,4841,-1, 4940,4941,4946,-1, 4892,4912,4864,-1, 4941,1787,4947,-1, 
          1601,1510,1748,-1, 4900,4942,4927,-1, 4948,4945,52,-1, 4947,4946,4941,-1, 4864,4912,4855,-1, 1909,134,1768,-1, 
          4927,4942,4949,-1, 134,4950,1768,-1, 4951,96,4952,-1, 4951,4953,96,-1, 4954,96,4953,-1, 1767,3335,2015,-1, 
          4927,4949,4865,-1, 4868,4865,4949,-1, 4955,4952,96,-1, 96,707,4955,-1, 137,2015,3335,-1, 2015,1768,1767,-1, 
          4841,4922,4840,-1, 2011,1909,2015,-1, 4956,674,4957,-1, 4958,52,4959,-1, 4948,52,4958,-1, 1786,122,1787,-1, 
          4840,4907,4839,-1, 4928,4960,4506,-1, 4961,4957,674,-1, 4962,52,4963,-1, 4928,4506,4853,-1, 4959,52,4964,-1, 
          990,875,650,-1, 4947,1787,4494,-1, 4494,1787,4492,-1, 4965,51,4966,-1, 4967,4966,51,-1, 4493,4946,4494,-1, 
          190,180,647,-1, 4839,4850,4825,-1, 4968,4969,674,-1, 4946,4947,4494,-1, 4969,4961,674,-1, 4970,51,4971,-1, 
          4834,4946,4493,-1, 183,3648,664,-1, 2367,171,664,-1, 4857,4837,4899,-1, 4972,2813,674,-1, 51,4929,4973,-1, 
          4973,4971,51,-1, 4967,51,4970,-1, 4895,3836,4974,-1, 4946,4834,4975,-1, 2813,4972,4976,-1, 4975,4834,4759,-1, 
          4977,4895,4974,-1, 4921,4857,4858,-1, 4978,4979,97,-1, 4975,4759,4830,-1, 4976,4972,4943,-1, 4956,4943,4972,-1, 
          4852,4930,51,-1, 4921,4890,4922,-1, 4957,4926,4943,-1, 4960,4830,4829,-1, 4957,4943,4956,-1, 4903,4922,4890,-1, 
          4962,4964,52,-1, 4965,4963,51,-1, 51,4963,52,-1, 4924,4980,4938,-1, 4960,4507,4506,-1, 4926,4957,4925,-1, 
          4890,4921,4858,-1, 4960,4829,4507,-1, 4974,4981,4977,-1, 2917,665,3109,-1, 4982,1787,4983,-1, 4908,1787,4918,-1, 
          4870,1787,4871,-1, 4918,1787,4984,-1, 4969,4968,4938,-1, 4984,4982,4917,-1, 4985,53,4986,-1, 4983,1787,4940,-1, 
          4969,4938,4980,-1, 4982,4983,4917,-1, 4987,4988,97,-1, 4961,4980,4957,-1, 4989,665,2522,-1, 4918,4984,4917,-1, 
          4895,4977,4896,-1, 4919,4872,4917,-1, 4922,4903,4904,-1, 3109,665,4989,-1, 4920,4919,4923,-1, 4969,4980,4961,-1, 
          4981,4990,4977,-1, 4925,4957,4980,-1, 4925,4980,4924,-1, 4981,4991,4990,-1, 1725,3334,4837,-1, 4913,4923,4928,-1, 
          4977,4990,4939,-1, 4922,4904,4840,-1, 4907,4840,4904,-1, 4960,4928,4923,-1, 4992,4993,54,-1, 4994,4995,54,-1, 
          4938,4968,4944,-1, 4977,4939,4896,-1, 674,1482,4968,-1, 1482,4944,4968,-1, 4983,4940,4917,-1, 4946,4917,4940,-1, 
          4917,4946,4975,-1, 4850,4839,4907,-1, 4917,4975,4919,-1, 2587,1231,667,-1, 4899,4837,3334,-1, 4923,4919,4830,-1, 
          4919,4975,4830,-1, 4996,3837,4745,-1, 4923,4830,4960,-1, 4997,4987,97,-1, 4745,1101,4996,-1, 4982,4984,1787,-1, 
          4821,4492,1787,-1, 3050,3058,667,-1, 4211,4203,54,-1, 3837,4996,4974,-1, 4998,4999,3319,-1, 4996,4981,4974,-1, 
          1766,1768,4950,-1, 3319,4999,5000,-1, 4908,4871,1787,-1, 1787,4870,4909,-1, 4052,1787,4062,-1, 4909,4062,1787,-1, 
          4052,4050,1787,-1, 4039,1787,4048,-1, 4049,4048,1787,-1, 1787,4039,4019,-1, 2577,54,4203,-1, 4872,4047,4909,-1, 
          4062,4909,4047,-1, 3836,3837,4974,-1, 2522,1326,4989,-1, 3110,4989,1326,-1, 5001,97,4979,-1, 4047,4920,4051,-1, 
          5002,675,5003,-1, 3059,3110,2587,-1, 4047,4872,4920,-1, 5004,675,5002,-1, 3836,4895,3838,-1, 5005,97,5001,-1, 
          4998,3110,4999,-1, 4051,4913,4056,-1, 4051,4920,4913,-1, 5006,4997,97,-1, 3838,4895,4897,-1, 1787,152,2786,-1, 
          1,131,2786,-1, 5005,5006,97,-1, 3838,4897,3855,-1, 5007,4950,5008,-1, 4993,5009,54,-1, 1985,2006,957,-1, 
          2006,2034,957,-1, 957,2051,2786,-1, 3240,2786,2911,-1, 2864,2911,2786,-1, 2786,3183,3303,-1, 3301,3300,2786,-1, 
          3042,3041,2786,-1, 131,957,2786,-1, 5010,4950,5011,-1, 4706,2816,4769,-1, 4998,3319,3106,-1, 1101,1138,4996,-1, 
          4995,4992,54,-1, 5009,4211,54,-1, 4989,3110,3109,-1, 5012,5011,4950,-1, 4981,4996,1138,-1, 5013,53,5014,-1, 
          3105,2917,3110,-1, 5015,53,2914,-1, 5016,1138,1121,-1, 5017,5018,653,-1, 5019,2914,53,-1, 3110,3106,3105,-1, 
          5020,4950,5021,-1, 5007,5021,4950,-1, 5022,675,5004,-1, 5015,5014,53,-1, 5013,4986,53,-1, 1121,1134,5016,-1, 
          5000,4999,3110,-1, 3106,3110,4998,-1, 1138,5016,4991,-1, 3125,3124,3319,-1, 3324,97,4605,-1, 5000,5023,3319,-1, 
          48,2820,675,-1, 5024,5003,675,-1, 5010,5008,4950,-1, 4988,4605,97,-1, 1138,4991,4981,-1, 5025,1766,4950,-1, 
          5026,53,5027,-1, 4950,5020,5025,-1, 1326,2587,3110,-1, 4605,3947,3324,-1, 53,5028,5027,-1, 5023,5000,3059,-1, 
          3110,3059,5000,-1, 5023,3125,3319,-1, 4994,54,5029,-1, 5030,3335,1767,-1, 5023,3059,3125,-1, 3058,3125,3059,-1, 
          4935,5031,96,-1, 4985,5028,53,-1, 5032,2,5033,-1, 5034,3335,5030,-1, 5035,5033,653,-1, 5036,4937,4939,-1, 
          5037,5038,53,-1, 5026,5037,53,-1, 2836,678,5039,-1, 5040,5039,678,-1, 5041,5040,678,-1, 5042,4942,4937,-1, 
          5036,5042,4937,-1, 5043,4942,5042,-1, 5042,5044,5043,-1, 3977,669,2603,-1, 5045,3335,5046,-1, 4942,5043,4949,-1, 
          4868,4949,4883,-1, 5043,4883,4949,-1, 24,1564,669,-1, 5031,5047,96,-1, 5048,678,5049,-1, 3976,3971,669,-1, 
          3894,4530,3904,-1, 5050,5049,678,-1, 5048,5041,678,-1, 3895,3904,5051,-1, 5036,5052,5053,-1, 5036,5053,5042,-1, 
          3904,5054,5055,-1, 5056,5057,3335,-1, 5058,2837,5024,-1, 5057,5046,3335,-1, 5051,3879,3895,-1, 5044,5042,5053,-1, 
          5024,2837,5059,-1, 5024,5059,5003,-1, 3913,3879,5051,-1, 5044,4883,5043,-1, 5055,5051,3904,-1, 5060,5056,3335,-1, 
          3335,5034,5061,-1, 5051,5062,3913,-1, 5052,5036,5063,-1, 2837,2836,5064,-1, 5039,5064,2836,-1, 5065,54,5066,-1, 
          5052,5063,5067,-1, 5061,5060,3335,-1, 5068,2837,5064,-1, 5059,2837,5068,-1, 5052,5069,5053,-1, 5052,5070,5069,-1, 
          5071,53,5038,-1, 5030,1767,1766,-1, 5041,5072,5040,-1, 5072,5073,5040,-1, 5065,5074,54,-1, 3904,4530,5054,-1, 
          5075,5054,4530,-1, 5076,5073,5072,-1, 5068,5064,5073,-1, 5040,5073,5064,-1, 5077,5057,5010,-1, 5044,5078,4883,-1, 
          5076,5059,5073,-1, 5079,5080,53,-1, 5012,5045,5077,-1, 5012,5077,5011,-1, 5078,219,4883,-1, 5081,5076,5072,-1, 
          5082,53,5071,-1, 5072,5004,5081,-1, 5002,5081,5004,-1, 5067,5070,5052,-1, 5062,5051,5055,-1, 5083,54,5074,-1, 
          5039,5040,5064,-1, 3913,5062,4827,-1, 5010,5056,5008,-1, 5060,5008,5056,-1, 5068,5073,5059,-1, 5076,5081,5059,-1, 
          5003,5059,5081,-1, 5003,5081,5002,-1, 4827,5062,4835,-1, 5008,5060,5007,-1, 5053,5084,5044,-1, 5007,5085,5021,-1, 
          5053,5069,5084,-1, 5048,5072,5041,-1, 1706,670,2627,-1, 5078,5044,5086,-1, 5084,5086,5044,-1, 5087,54,5088,-1, 
          653,5089,5090,-1, 5072,5091,5004,-1, 5086,233,5078,-1, 5083,5088,54,-1, 5087,5029,54,-1, 5072,5048,5091,-1, 
          5049,5092,5048,-1, 233,5086,329,-1, 5022,5004,5091,-1, 5093,53,5082,-1, 5093,5079,53,-1, 54,53,5080,-1, 
          5080,5094,54,-1, 5094,5066,54,-1, 5055,5095,4891,-1, 5078,233,219,-1, 4985,4885,5028,-1, 5062,5055,4891,-1, 
          4885,4985,4880,-1, 4986,4880,4985,-1, 4844,5014,4843,-1, 5096,5054,5075,-1, 4880,4986,4879,-1, 5013,4879,4986,-1, 
          5091,5048,5092,-1, 4044,670,4043,-1, 5097,96,5098,-1, 5095,5055,5054,-1, 653,5090,5099,-1, 5100,5099,5090,-1, 
          4879,5013,4844,-1, 4008,4043,670,-1, 5095,5054,5096,-1, 5050,5092,5049,-1, 5101,5084,5069,-1, 4044,2627,670,-1, 
          4873,4992,4851,-1, 4851,4995,4852,-1, 4994,4852,4995,-1, 354,5086,5084,-1, 5050,678,5092,-1, 4044,3977,2627,-1, 
          4930,4852,4994,-1, 329,5086,354,-1, 5021,5085,5020,-1, 5062,4891,4835,-1, 653,5099,5102,-1, 5103,4990,4991,-1, 
          4199,4203,4212,-1, 5057,5077,5046,-1, 1134,1151,5104,-1, 5056,5010,5057,-1, 4043,3976,4044,-1, 5011,5077,5010,-1, 
          5096,5105,5095,-1, 5104,5016,1134,-1, 5046,5077,5045,-1, 5095,5106,4891,-1, 5095,5105,5106,-1, 5107,4991,5016,-1, 
          4892,4891,5106,-1, 4950,3335,5012,-1, 5108,5035,653,-1, 2627,3977,2603,-1, 5109,5110,97,-1, 4875,4212,4211,-1, 
          5085,5007,5060,-1, 5111,5106,5105,-1, 5104,5107,5016,-1, 1564,1706,2603,-1, 5061,5034,5085,-1, 4991,5107,5103,-1, 
          5112,97,5113,-1, 5113,97,5114,-1, 96,5115,5114,-1, 5009,4875,4211,-1, 5106,4911,4892,-1, 5061,5085,5060,-1, 
          5106,5111,4911,-1, 4875,5009,4874,-1, 4993,4874,5009,-1, 4874,4993,4873,-1, 4992,4873,4993,-1, 5018,5108,653,-1, 
          4848,4856,4878,-1, 4995,4851,4992,-1, 4856,4877,4878,-1, 5045,5012,3335,-1, 5014,4844,5013,-1, 4939,4990,5063,-1, 
          5015,4843,5014,-1, 4990,5103,5063,-1, 4661,4859,4671,-1, 4843,5015,2904,-1, 5063,5036,4939,-1, 2914,2904,5015,-1, 
          4859,4878,4671,-1, 5019,2903,2914,-1, 4137,672,4311,-1, 678,675,5091,-1, 4885,4886,5028,-1, 5028,4886,5027,-1, 
          4887,5027,4886,-1, 5091,5092,678,-1, 4978,97,5116,-1, 4945,5026,4887,-1, 5027,4887,5026,-1, 5104,5117,5107,-1, 
          5022,5091,675,-1, 5107,5118,5103,-1, 4912,4911,5119,-1, 5029,4930,4994,-1, 5116,97,5110,-1, 5107,5117,5118,-1, 
          5087,4929,5029,-1, 4930,5029,4929,-1, 4314,4311,672,-1, 2083,2690,672,-1, 4954,4936,96,-1, 4929,5087,4973,-1, 
          4314,672,2690,-1, 5088,4973,5087,-1, 5047,5098,96,-1, 4948,4958,5038,-1, 653,5033,2,-1, 5037,4948,5038,-1, 
          5120,5017,653,-1, 5121,5104,1151,-1, 4948,5037,4945,-1, 4945,5037,5026,-1, 96,5097,5115,-1, 5074,4970,5083,-1, 
          5121,1151,1212,-1, 5109,97,5112,-1, 5065,4967,5074,-1, 4970,5074,4967,-1, 5034,5025,5020,-1, 5117,5104,5121,-1, 
          4966,4967,5122,-1, 4967,5065,5122,-1, 2537,2310,1730,-1, 96,5114,97,-1, 5020,5085,5034,-1, 5066,5122,5065,-1, 
          5123,5089,653,-1, 4204,2677,1730,-1, 4204,1730,4187,-1, 653,5124,5123,-1, 5094,5122,5066,-1, 5122,5094,4965,-1, 
          4966,5122,4965,-1, 5125,653,5102,-1, 5126,5124,653,-1, 5082,4964,5093,-1, 5127,5128,5129,-1, 4655,5129,5128,-1, 
          5103,5118,5067,-1, 4878,4877,5130,-1, 5071,4959,5082,-1, 4964,5082,4959,-1, 5131,5118,5117,-1, 4959,5071,4958,-1, 
          5038,4958,5071,-1, 4877,5132,5130,-1, 4877,5133,5132,-1, 5118,5131,5134,-1, 5130,4671,4878,-1, 5118,5134,5067,-1, 
          1766,5025,5030,-1, 2537,2677,2696,-1, 5103,5067,5063,-1, 5034,5030,5025,-1, 5135,4672,4671,-1, 5130,5135,4671,-1, 
          4936,5127,5136,-1, 4936,5136,5137,-1, 4963,5079,4962,-1, 5093,4962,5079,-1, 5080,4965,5094,-1, 1212,1220,5138,-1, 
          5127,4936,5128,-1, 276,1777,0,-1, 4965,5080,4963,-1, 5079,4963,5080,-1, 2690,2696,4314,-1, 5135,5139,4672,-1, 
          4962,5093,4964,-1, 5126,653,5140,-1, 5141,680,5142,-1, 5136,5127,5143,-1, 5129,5143,5127,-1, 5140,653,5144,-1, 
          5121,1212,5138,-1, 4876,5133,4877,-1, 4187,4205,4204,-1, 5083,4971,5088,-1, 4973,5088,4971,-1, 4655,4654,5129,-1, 
          5121,5138,5145,-1, 653,342,5144,-1, 4204,2696,2677,-1, 4971,5083,4970,-1, 406,411,276,-1, 5146,5147,276,-1, 
          5148,1777,5149,-1, 5150,1777,5151,-1, 1789,1775,1777,-1, 276,5149,1777,-1, 4935,5152,5153,-1, 4935,4936,5137,-1, 
          5137,5152,4935,-1, 5138,5154,5145,-1, 5121,5145,5117,-1, 721,642,276,-1, 587,578,276,-1, 5135,5155,5139,-1, 
          5136,5143,5137,-1, 5131,5117,5145,-1, 5156,223,203,-1, 5125,5120,653,-1, 5143,5129,4654,-1, 4672,5139,4665,-1, 
          5157,5158,5156,-1, 5067,5134,5070,-1, 5157,5159,5158,-1, 2725,1731,2727,-1, 731,695,4793,-1, 5139,4779,4665,-1, 
          4416,1731,2725,-1, 2727,1731,2726,-1, 4729,5143,4654,-1, 5160,680,5161,-1, 5152,5143,5153,-1, 5138,5162,5154,-1, 
          5152,5137,5143,-1, 5135,5130,5163,-1, 5156,5158,5164,-1, 4481,2724,1680,-1, 5130,5132,5163,-1, 4655,5128,4659,-1, 
          5158,5165,5164,-1, 4481,4416,2724,-1, 5158,5166,5165,-1, 4936,4954,5128,-1, 5155,5135,5163,-1, 5164,223,5156,-1, 
          5167,5134,5131,-1, 2727,2722,2725,-1, 223,5164,226,-1, 427,226,5164,-1, 5134,5168,5070,-1, 4659,5128,4658,-1, 
          5155,4783,5139,-1, 5169,4664,5128,-1, 5159,5170,5166,-1, 5168,5134,5167,-1, 4658,5128,4664,-1, 5171,5070,5168,-1, 
          5128,4953,5169,-1, 4951,5169,4953,-1, 4691,1681,5172,-1, 5172,1681,2793,-1, 4952,5169,4951,-1, 5168,420,5171,-1, 
          5159,5166,5158,-1, 5069,5070,5171,-1, 4750,3562,1682,-1, 4953,5128,4954,-1, 4783,4779,5139,-1, 5101,5069,5171,-1, 
          4664,5169,4669,-1, 3562,2792,1682,-1, 5173,731,4793,-1, 5101,354,5084,-1, 2792,37,1682,-1, 427,5164,5174,-1, 
          5165,5174,5164,-1, 5169,4952,5175,-1, 4955,5175,4952,-1, 5174,428,427,-1, 5176,5168,5167,-1, 420,5168,5176,-1, 
          5177,58,5178,-1, 4750,4691,5172,-1, 5179,5175,4955,-1, 5180,5181,5170,-1, 5169,5175,4668,-1, 5169,4668,4669,-1, 
          4668,5175,4667,-1, 5171,412,5101,-1, 5170,5182,5166,-1, 5171,420,412,-1, 4750,5172,3562,-1, 2793,3562,5172,-1, 
          354,5101,412,-1, 4787,4760,5183,-1, 5170,5181,5182,-1, 5184,58,5185,-1, 4301,2607,2702,-1, 5166,5186,5165,-1, 
          5176,422,420,-1, 5166,5182,5186,-1, 5145,5187,5131,-1, 5188,4905,1484,-1, 4018,5188,1484,-1, 4018,1484,3762,-1, 
          4784,5183,4760,-1, 4905,4882,1484,-1, 5131,5187,5167,-1, 5184,5178,58,-1, 4017,3892,1485,-1, 4978,4915,4979,-1, 
          729,731,5189,-1, 58,2607,4301,-1, 4301,5185,58,-1, 5190,58,5177,-1, 5174,459,455,-1, 41,1485,3892,-1, 
          5191,4017,1485,-1, 5183,5173,4793,-1, 5183,4793,4787,-1, 5174,455,428,-1, 5192,59,5193,-1, 4888,5191,1485,-1, 
          4902,4889,1485,-1, 5191,5188,4017,-1, 4018,4017,5188,-1, 5192,5194,59,-1, 2925,59,5194,-1, 5188,5191,4905,-1, 
          4888,4905,5191,-1, 3762,3892,4018,-1, 5195,5193,59,-1, 5196,5195,59,-1, 5173,5183,5189,-1, 729,5189,5183,-1, 
          4979,4916,5001,-1, 4976,1482,2818,-1, 5001,4916,4684,-1, 4943,1482,4976,-1, 5187,5197,5167,-1, 5198,5199,721,-1, 
          5187,5200,5197,-1, 5197,5176,5167,-1, 5197,548,547,-1, 5155,5201,4783,-1, 5202,59,5203,-1, 5204,5203,59,-1, 
          45,674,2813,-1, 4956,4972,674,-1, 2818,2813,4976,-1, 607,5205,604,-1, 5206,721,5207,-1, 5205,607,5200,-1, 
          548,5197,5200,-1, 5024,675,5058,-1, 5058,675,2820,-1, 5200,607,548,-1, 5208,5199,5198,-1, 5176,5197,547,-1, 
          5209,5210,4784,-1, 49,678,2868,-1, 547,422,5176,-1, 4987,4997,4693,-1, 4573,4987,4693,-1, 1220,1224,5211,-1, 
          1224,1243,5211,-1, 4784,5210,5183,-1, 2838,2868,678,-1, 5162,5138,1220,-1, 5212,58,5213,-1, 1220,5211,5162,-1, 
          2836,2838,678,-1, 5196,59,5214,-1, 2867,2838,2837,-1, 5161,680,5215,-1, 5141,5215,680,-1, 5183,730,729,-1, 
          2820,2867,5058,-1, 2837,5058,2867,-1, 5006,4692,4997,-1, 5145,5154,5187,-1, 52,2903,680,-1, 5216,5142,680,-1, 
          5216,680,5217,-1, 1243,888,5211,-1, 5204,59,5218,-1, 4693,4997,4692,-1, 5219,5218,59,-1, 5162,5211,913,-1, 
          5220,5221,5222,-1, 4692,5006,4683,-1, 5211,888,913,-1, 5154,5162,5205,-1, 5217,680,2903,-1, 5005,4683,5006,-1, 
          5132,5223,5163,-1, 5205,5162,913,-1, 5154,5205,5200,-1, 5163,5201,5155,-1, 5005,4684,4683,-1, 5154,5200,5187,-1, 
          53,682,5019,-1, 5224,5201,5163,-1, 888,908,913,-1, 5001,4684,5005,-1, 5225,682,5226,-1, 5227,58,5228,-1, 
          5229,4783,5201,-1, 913,604,5205,-1, 4988,4574,4605,-1, 5230,682,5225,-1, 2903,5019,5217,-1, 5231,5217,5019,-1, 
          5198,721,5232,-1, 3973,3697,5233,-1, 5234,684,2925,-1, 5235,682,5236,-1, 682,5235,5226,-1, 4574,4988,4573,-1, 
          5233,3697,4863,-1, 5237,5236,682,-1, 5233,4006,3973,-1, 5238,59,5239,-1, 459,5174,5186,-1, 5186,5174,5165,-1, 
          5230,5240,682,-1, 4987,4573,4988,-1, 5241,5234,2921,-1, 2925,2921,5234,-1, 5242,5228,58,-1, 3607,132,4002,-1, 
          3962,5243,3998,-1, 5244,58,16,-1, 4006,5243,3962,-1, 5240,5231,682,-1, 5231,5019,682,-1, 63,2930,688,-1, 
          3998,5243,4002,-1, 3607,4002,5243,-1, 58,5244,5245,-1, 5242,58,5245,-1, 5246,58,5227,-1, 5173,5189,731,-1, 
          5240,5216,5231,-1, 58,5212,16,-1, 148,132,5247,-1, 3608,5247,132,-1, 5217,5231,5216,-1, 5243,3608,3607,-1, 
          5243,5247,3608,-1, 5230,5248,5240,-1, 741,695,730,-1, 5216,5248,5142,-1, 5249,58,5190,-1, 4796,5250,4729,-1, 
          2943,5251,692,-1, 5216,5240,5248,-1, 5214,59,5202,-1, 734,733,741,-1, 5235,5215,5226,-1, 5141,5226,5215,-1, 
          5252,140,4006,-1, 140,5243,4006,-1, 4935,5153,5031,-1, 5251,5253,692,-1, 5226,5141,5225,-1, 5254,5239,59,-1, 
          5181,5255,5256,-1, 5243,140,5247,-1, 5143,4729,5250,-1, 4863,4867,57,-1, 5248,5225,5141,-1, 5248,5141,5142,-1, 
          4863,57,5233,-1, 5153,5143,5257,-1, 5225,5248,5230,-1, 4006,5233,5252,-1, 5232,721,5258,-1, 5259,5258,721,-1, 
          5260,5259,721,-1, 2943,2953,5251,-1, 2952,5251,2953,-1, 5249,5213,58,-1, 5161,5215,5236,-1, 5250,5257,5143,-1, 
          5252,5233,57,-1, 5235,5236,5215,-1, 5181,5256,5182,-1, 696,1194,2971,-1, 5261,59,5246,-1, 5261,5254,59,-1, 
          5238,5219,59,-1, 58,5246,59,-1, 56,5252,57,-1, 5182,5256,5262,-1, 5161,5236,5160,-1, 5237,5160,5236,-1, 
          5252,138,140,-1, 56,138,5252,-1, 75,697,2970,-1, 139,133,132,-1, 148,5247,140,-1, 5182,5262,5186,-1, 
          5257,5031,5153,-1, 55,57,4867,-1, 459,5186,1385,-1, 5262,1385,5186,-1, 5031,5263,5047,-1, 682,680,5237,-1, 
          1385,458,459,-1, 5264,5265,5047,-1, 5160,5237,680,-1, 79,699,2190,-1, 5266,684,5234,-1, 1459,5256,5255,-1, 
          5255,1391,1459,-1, 5267,5031,5257,-1, 5263,5031,5267,-1, 5256,1386,5262,-1, 5268,61,5269,-1, 5256,1459,1386,-1, 
          5270,684,5271,-1, 5271,684,5272,-1, 5264,4797,5265,-1, 5262,1386,1385,-1, 5273,700,2995,-1, 1384,1898,1385,-1, 
          59,2925,684,-1, 5274,684,5275,-1, 5276,684,5270,-1, 2998,84,3006,-1, 1385,1898,458,-1, 5277,721,5278,-1, 
          5264,5047,5263,-1, 5266,5272,684,-1, 5276,5275,684,-1, 5279,499,524,-1, 2921,686,5241,-1, 2995,3006,5273,-1, 
          4795,5250,4796,-1, 4797,5250,4795,-1, 5278,721,5206,-1, 241,721,5277,-1, 5199,5207,721,-1, 5280,702,3018,-1, 
          499,5279,5281,-1, 4797,5264,5250,-1, 5264,5263,5250,-1, 5267,5250,5263,-1, 5281,500,499,-1, 5282,686,5283,-1, 
          5284,5285,686,-1, 5286,686,5285,-1, 5282,5284,686,-1, 5287,506,500,-1, 5209,4784,4783,-1, 500,5281,5287,-1, 
          5288,5283,686,-1, 5286,5241,686,-1, 5257,5250,5267,-1, 5209,4783,5229,-1, 5287,528,506,-1, 5286,5266,5241,-1, 
          5241,5266,5234,-1, 5285,5272,5266,-1, 5285,5266,5286,-1, 5270,5289,5276,-1, 5282,5276,5289,-1, 5282,5289,5284,-1, 
          5271,5289,5270,-1, 4932,5114,5115,-1, 5271,5285,5289,-1, 5279,5290,5281,-1, 5284,5289,5285,-1, 5272,5285,5271,-1, 
          4276,61,5291,-1, 5290,5279,5292,-1, 5281,5290,5293,-1, 5210,741,730,-1, 5210,730,5183,-1, 5282,5283,5276,-1, 
          5275,5276,5283,-1, 5288,5274,5275,-1, 5288,5275,5283,-1, 5294,5097,5295,-1, 4933,5115,5296,-1, 5296,5115,5294,-1, 
          5287,5281,5293,-1, 5097,5294,5115,-1, 5288,686,684,-1, 5288,684,5274,-1, 5287,5157,528,-1, 2930,5297,688,-1, 
          5293,5157,5287,-1, 5294,4790,5296,-1, 5298,688,5297,-1, 528,5156,203,-1, 5157,5156,528,-1, 5299,5291,61,-1, 
          5300,5299,61,-1, 5301,688,5302,-1, 5210,734,741,-1, 5303,688,5301,-1, 5304,688,5303,-1, 5305,688,5304,-1, 
          5098,5306,5097,-1, 5295,5097,5306,-1, 5290,5307,5293,-1, 5298,5302,688,-1, 2935,690,5308,-1, 5159,5157,5293,-1, 
          5309,5300,61,-1, 5310,4912,5119,-1, 974,524,951,-1, 5309,61,5268,-1, 5311,5098,5265,-1, 5306,5098,5311,-1, 
          5098,5047,5265,-1, 5119,5312,5313,-1, 5308,690,5314,-1, 5314,690,5315,-1, 5119,5313,5310,-1, 5316,5317,60,-1, 
          5279,524,974,-1, 4855,4912,5310,-1, 5311,4791,5306,-1, 5318,690,5319,-1, 5318,5315,690,-1, 5310,4876,4855,-1, 
          5320,968,966,-1, 5321,5316,60,-1, 5322,5321,60,-1, 5323,5319,690,-1, 686,2921,60,-1, 5322,60,2920,-1, 
          2930,2939,5297,-1, 5324,5297,2939,-1, 5320,966,1160,-1, 2939,2935,5324,-1, 5308,5324,2935,-1, 4791,4790,5295,-1, 
          5294,5295,4790,-1, 5320,5325,968,-1, 5297,5324,5298,-1, 4934,5296,4790,-1, 5326,60,5327,-1, 5296,4934,4933,-1, 
          5324,5308,5328,-1, 5314,5328,5308,-1, 5329,60,5326,-1, 5330,5327,60,-1, 968,5325,974,-1, 5324,5328,5331,-1, 
          5324,5331,5332,-1, 974,5325,5292,-1, 5310,5222,4876,-1, 5295,5306,4791,-1, 5310,5313,5222,-1, 5222,5133,4876,-1, 
          5314,5315,5328,-1, 5333,5269,61,-1, 5302,5298,5332,-1, 5324,5332,5298,-1, 974,5292,5279,-1, 5317,5330,60,-1, 
          5265,4798,5311,-1, 4791,5311,4798,-1, 4798,5265,4797,-1, 5334,5303,5335,-1, 5301,5335,5303,-1, 5336,60,5337,-1, 
          5337,60,5329,-1, 5110,4884,5116,-1, 5335,5338,5334,-1, 5339,5292,5325,-1, 8,61,5340,-1, 5341,5342,5312,-1, 
          5301,5302,5335,-1, 88,703,3159,-1, 5313,5220,5222,-1, 5343,5344,703,-1, 5133,5222,5221,-1, 5344,5280,3159,-1, 
          4884,5110,4800,-1, 3018,3159,5280,-1, 5338,5345,5334,-1, 5318,5334,5345,-1, 5318,5345,5315,-1, 5331,5345,5338,-1, 
          5331,5338,5332,-1, 5332,5335,5302,-1, 5335,5332,5338,-1, 5331,5328,5345,-1, 5345,5328,5315,-1, 5111,5346,5347,-1, 
          5323,5348,5319,-1, 5334,5319,5348,-1, 3029,5349,704,-1, 91,3464,704,-1, 5319,5334,5318,-1, 5346,5350,5347,-1, 
          5113,4931,4881,-1, 5347,4911,5111,-1, 3030,704,3046,-1, 5303,5334,5351,-1, 5303,5351,5304,-1, 4800,5109,4799,-1, 
          5348,5351,5334,-1, 5347,5119,4911,-1, 5109,4800,5110,-1, 5351,5305,5304,-1, 5114,4931,5113,-1, 705,5352,3786,-1, 
          5112,4799,5109,-1, 5323,690,5348,-1, 5113,4881,5112,-1, 4799,5112,4881,-1, 5351,5348,688,-1, 5305,5351,688,-1, 
          690,688,5348,-1, 5116,4884,4914,-1, 5353,5354,5355,-1, 4914,4978,5116,-1, 5353,5356,5354,-1, 5357,692,5253,-1, 
          3029,3786,5349,-1, 5358,692,5359,-1, 3039,3038,3786,-1, 3030,3039,3786,-1, 3030,3786,3029,-1, 5360,692,5358,-1, 
          4916,4979,4915,-1, 5357,5359,692,-1, 4915,4978,4914,-1, 5361,706,4726,-1, 5114,4932,4931,-1, 5362,5363,694,-1, 
          4932,5115,4933,-1, 5346,5364,5365,-1, 5366,694,5363,-1, 5367,2744,5368,-1, 5350,5346,5365,-1, 5179,4955,707,-1, 
          5369,5179,707,-1, 5362,694,5370,-1, 5371,5370,694,-1, 5090,2745,5100,-1, 5372,5371,694,-1, 5366,2952,694,-1, 
          5373,5374,5369,-1, 5366,5253,2952,-1, 5251,2952,5253,-1, 5175,5179,5374,-1, 5369,5374,5179,-1, 5357,5253,5375,-1, 
          5253,5366,5375,-1, 5363,5375,5366,-1, 5347,5312,5119,-1, 5374,4726,5175,-1, 4667,5175,4726,-1, 5312,5347,5350,-1, 
          4726,5374,5361,-1, 5376,5377,61,-1, 5357,5375,5359,-1, 5375,5362,5359,-1, 5370,5359,5362,-1, 5378,5379,5353,-1, 
          5362,5375,5363,-1, 5380,60,5381,-1, 5336,5381,60,-1, 5370,5371,5359,-1, 5358,5359,5371,-1, 5382,5383,5367,-1, 
          5384,5385,708,-1, 5360,5358,5372,-1, 5371,5372,5358,-1, 5355,5354,5365,-1, 5386,5387,99,-1, 692,5360,694,-1, 
          5372,694,5360,-1, 5100,2745,5383,-1, 5388,696,5389,-1, 5390,5389,696,-1, 5390,696,5391,-1, 5392,5290,5292,-1, 
          99,5387,5393,-1, 5394,5395,5396,-1, 5292,5339,5392,-1, 5397,696,2971,-1, 5397,5391,696,-1, 5398,696,5388,-1, 
          5384,5399,5385,-1, 5396,5385,5399,-1, 5307,5290,5392,-1, 5400,5341,5350,-1, 5401,5402,697,-1, 5350,5341,5312,-1, 
          5403,99,5404,-1, 5404,99,5405,-1, 5393,5405,99,-1, 5383,5382,5100,-1, 5313,5312,5342,-1, 5293,5307,5159,-1, 
          5406,710,5407,-1, 5401,697,5408,-1, 5339,5409,5392,-1, 5313,5342,5220,-1, 5408,697,5410,-1, 5392,5409,5180,-1, 
          5409,5411,5180,-1, 708,99,5412,-1, 697,5413,5414,-1, 5414,5410,697,-1, 5402,2970,697,-1, 5392,5180,5307,-1, 
          5403,5412,99,-1, 5307,5170,5159,-1, 2971,2970,5402,-1, 5307,5180,5170,-1, 708,5412,5384,-1, 2971,5402,5397,-1, 
          5401,5397,5402,-1, 5133,5221,5223,-1, 5223,5132,5133,-1, 5224,5163,5223,-1, 5408,5391,5401,-1, 5397,5401,5391,-1, 
          5409,5415,5411,-1, 5416,5417,711,-1, 5418,5416,711,-1, 5411,5181,5180,-1, 5320,1160,5419,-1, 1160,1104,5419,-1, 
          5420,5320,5419,-1, 5419,5421,5420,-1, 5422,5416,5407,-1, 5418,5407,5416,-1, 5423,5390,5408,-1, 5410,5423,5408,-1, 
          5325,5320,5420,-1, 5391,5408,5390,-1, 5325,5420,5339,-1, 5388,5423,5414,-1, 5420,5424,5339,-1, 5377,5340,61,-1, 
          5410,5414,5423,-1, 5389,5423,5388,-1, 1106,5419,1104,-1, 5389,5390,5423,-1, 1435,712,1436,-1, 5388,5414,5413,-1, 
          5413,5398,5388,-1, 5421,5419,1106,-1, 5424,5420,5421,-1, 61,8,10,-1, 61,10,18,-1, 696,5398,697,-1, 
          5413,697,5398,-1, 17,61,18,-1, 5425,61,17,-1, 5339,5424,5409,-1, 5425,5333,61,-1, 5426,60,5427,-1, 
          1106,1130,5421,-1, 5428,698,2980,-1, 5429,60,5380,-1, 1546,714,1547,-1, 5426,5430,61,-1, 5430,5376,61,-1, 
          5429,5427,60,-1, 61,60,5426,-1, 5330,5214,5327,-1, 5421,5431,5424,-1, 5202,5327,5214,-1, 243,221,5432,-1, 
          5421,1130,5431,-1, 5433,698,5434,-1, 5317,5196,5330,-1, 5424,5431,5415,-1, 5435,5436,98,-1, 5436,5437,98,-1, 
          5431,5438,5415,-1, 5210,5439,734,-1, 5440,698,5441,-1, 5196,5317,5195,-1, 5316,5195,5317,-1, 5424,5415,5409,-1, 
          5214,5330,5196,-1, 5321,5193,5316,-1, 128,1631,221,-1, 5177,5442,5190,-1, 5440,5434,698,-1, 5443,5441,698,-1, 
          5443,698,5428,-1, 5444,1130,1127,-1, 5268,5269,5445,-1, 2987,2190,699,-1, 5446,98,5447,-1, 1127,1137,5444,-1, 
          5445,5249,5190,-1, 1130,5444,5448,-1, 5447,98,5449,-1, 5437,5449,98,-1, 5333,5445,5269,-1, 2987,699,5450,-1, 
          5448,5431,1130,-1, 5450,699,5451,-1, 5448,5438,5431,-1, 2701,4276,5291,-1, 5415,5438,5452,-1, 5453,5454,699,-1, 
          5454,5451,699,-1, 5415,5452,5411,-1, 5455,5453,699,-1, 5411,5255,5181,-1, 5411,5452,5255,-1, 5450,5456,2987,-1, 
          5439,5221,5220,-1, 1137,1141,1557,-1, 5223,5221,5439,-1, 5428,5456,5443,-1, 1557,5444,1137,-1, 5456,5428,2986,-1, 
          2980,2986,5428,-1, 5223,5439,5224,-1, 5456,5457,5443,-1, 5441,5443,5457,-1, 1542,5448,5444,-1, 2701,5291,5458,-1, 
          1557,1542,5444,-1, 5448,1542,1544,-1, 5432,221,5459,-1, 2986,2987,5456,-1, 1544,5438,5448,-1, 5458,5185,2701,-1, 
          5459,221,1631,-1, 5460,98,4613,-1, 5435,98,5460,-1, 4054,4084,98,-1, 5452,5438,1578,-1, 5456,5450,5461,-1, 
          5451,5461,5450,-1, 1544,1578,5438,-1, 5462,5457,5456,-1, 5452,1578,1391,-1, 5456,5461,5462,-1, 5452,1391,5255,-1, 
          5291,5299,5458,-1, 5463,733,5464,-1, 1816,733,5465,-1, 5466,1817,1816,-1, 5467,737,5466,-1, 5468,737,5467,-1, 
          738,737,5468,-1, 184,142,276,-1, 5146,276,408,-1, 4301,2701,5185,-1, 5467,5439,5468,-1, 400,5469,433,-1, 
          3191,3192,283,-1, 5440,5470,5434,-1, 5439,738,5468,-1, 3192,1560,283,-1, 5471,737,736,-1, 292,3191,283,-1, 
          5439,736,738,-1, 5472,5473,5434,-1, 5149,276,5147,-1, 5474,737,5475,-1, 5475,737,5471,-1, 416,5146,408,-1, 
          5439,5471,736,-1, 407,243,5432,-1, 428,454,400,-1, 5439,5475,5471,-1, 5476,5472,5470,-1, 5477,737,5478,-1, 
          5478,737,5474,-1, 5469,400,454,-1, 5439,5474,5475,-1, 5469,5479,433,-1, 5472,5434,5470,-1, 5442,5458,5300,-1, 
          5442,5300,5309,-1, 5469,5480,5479,-1, 5439,5478,5474,-1, 5481,5480,5469,-1, 433,5479,416,-1, 5300,5458,5299,-1, 
          5441,5457,5470,-1, 5440,5441,5470,-1, 5433,5434,5473,-1, 416,5147,5146,-1, 407,5459,1630,-1, 5476,5482,5472,-1, 
          5477,5478,5439,-1, 5185,5458,5184,-1, 5453,5482,5454,-1, 5479,5149,5147,-1, 5479,5147,416,-1, 5472,5482,5453,-1, 
          5458,5442,5178,-1, 5458,5178,5184,-1, 455,5483,454,-1, 5178,5442,5177,-1, 407,5432,5459,-1, 5482,5476,5462,-1, 
          5457,5462,5476,-1, 5476,5470,5457,-1, 455,458,5483,-1, 5454,5482,5461,-1, 5454,5461,5451,-1, 5445,5190,5442,-1, 
          5483,5481,454,-1, 5462,5461,5482,-1, 5442,5268,5445,-1, 5268,5442,5309,-1, 5469,454,5481,-1, 1631,1630,5459,-1, 
          5195,5316,5193,-1, 5472,5484,5473,-1, 5322,5192,5321,-1, 5193,5321,5192,-1, 5485,99,5486,-1, 2920,5194,5322,-1, 
          5192,5322,5194,-1, 5455,5484,5453,-1, 5472,5453,5484,-1, 5194,2920,2925,-1, 1777,5148,5487,-1, 5151,1777,5487,-1, 
          5488,99,5489,-1, 5490,99,5488,-1, 5455,699,5484,-1, 5480,5487,5148,-1, 5480,5148,5479,-1, 98,5491,99,-1, 
          5484,699,5473,-1, 5327,5202,5326,-1, 5203,5326,5202,-1, 292,407,3191,-1, 5433,5473,698,-1, 5486,99,5491,-1, 
          5439,5341,5400,-1, 1630,3192,407,-1, 5480,5151,5487,-1, 698,5473,699,-1, 5204,5329,5203,-1, 5326,5203,5329,-1, 
          5249,5445,5213,-1, 15,5213,5445,-1, 5480,5150,5151,-1, 5213,15,5212,-1, 5479,5148,5149,-1, 5439,5342,5341,-1, 
          1862,5483,458,-1, 5425,15,5333,-1, 476,461,572,-1, 5492,700,5493,-1, 570,572,461,-1, 5212,15,16,-1, 
          5493,700,5494,-1, 5439,5220,5342,-1, 5483,1780,5481,-1, 5483,1862,1780,-1, 3220,1997,490,-1, 5495,700,5496,-1, 
          5496,700,5492,-1, 5445,5333,15,-1, 505,496,490,-1, 17,15,5425,-1, 1780,1782,5481,-1, 1782,5480,5481,-1, 
          5219,5336,5218,-1, 5337,5218,5336,-1, 5494,700,5273,-1, 5497,700,5495,-1, 521,571,489,-1, 5218,5337,5204,-1, 
          5329,5204,5337,-1, 489,571,3220,-1, 5150,1789,1777,-1, 5381,5336,5219,-1, 521,572,571,-1, 5498,5499,98,-1, 
          5491,98,5499,-1, 83,2995,700,-1, 5150,5480,1789,-1, 1782,1789,5480,-1, 9,8,5244,-1, 5245,5244,8,-1, 
          5340,5245,8,-1, 84,701,3006,-1, 5377,5242,5340,-1, 5245,5340,5242,-1, 210,202,226,-1, 2,154,653,-1, 
          5228,5242,5376,-1, 5500,211,210,-1, 210,226,5500,-1, 5439,5201,5224,-1, 5377,5376,5242,-1, 5501,98,5502,-1, 
          5503,5504,701,-1, 211,5500,5505,-1, 5506,5503,701,-1, 5439,5229,5201,-1, 5228,5376,5227,-1, 5507,5508,701,-1, 
          5508,5506,701,-1, 211,5505,5509,-1, 5380,5239,5429,-1, 5439,5209,5229,-1, 5381,5238,5380,-1, 5239,5380,5238,-1, 
          701,5510,5507,-1, 5504,3006,701,-1, 5511,733,735,-1, 5500,226,402,-1, 427,402,226,-1, 5381,5219,5238,-1, 
          3006,5504,5273,-1, 402,401,5500,-1, 10,9,18,-1, 21,24,667,-1, 5209,5439,5210,-1, 5503,5494,5504,-1, 
          5504,5494,5273,-1, 5430,5227,5376,-1, 5500,401,5505,-1, 5494,5503,5493,-1, 5506,5493,5503,-1, 5426,5246,5430,-1, 
          5464,733,5512,-1, 401,410,5505,-1, 5508,5513,5506,-1, 5261,5427,5254,-1, 5429,5254,5427,-1, 5505,410,156,-1, 
          5227,5430,5246,-1, 732,734,5439,-1, 735,732,5439,-1, 338,387,276,-1, 25,28,670,-1, 5508,5507,5513,-1, 
          5507,5495,5513,-1, 5492,5513,5496,-1, 302,5509,254,-1, 5514,98,5501,-1, 5498,98,5514,-1, 5446,5502,98,-1, 
          5246,5426,5261,-1, 5426,5427,5261,-1, 29,32,1730,-1, 5492,5506,5513,-1, 5493,5506,5492,-1, 302,211,5509,-1, 
          5490,5386,99,-1, 5496,5513,5495,-1, 5239,5254,5429,-1, 5439,5511,735,-1, 1680,36,1681,-1, 5485,5489,99,-1, 
          5510,5497,5507,-1, 5512,733,5511,-1, 16,9,5244,-1, 5497,5495,5507,-1, 5439,5512,5511,-1, 33,36,1680,-1, 
          5509,378,254,-1, 5465,733,5463,-1, 387,392,276,-1, 146,108,276,-1, 5510,701,5497,-1, 378,109,345,-1, 
          5439,5464,5512,-1, 1682,40,1484,-1, 37,40,1682,-1, 5515,100,5516,-1, 156,378,5509,-1, 700,5497,701,-1, 
          378,106,109,-1, 5439,5463,5464,-1, 156,106,378,-1, 345,109,324,-1, 146,276,392,-1, 108,107,276,-1, 
          674,48,675,-1, 5439,5465,5463,-1, 107,145,276,-1, 145,184,276,-1, 41,44,1485,-1, 1485,44,1482,-1, 
          45,48,674,-1, 324,109,392,-1, 146,392,109,-1, 5439,1816,5465,-1, 5517,702,5518,-1, 5519,5520,100,-1, 
          49,52,678,-1, 5439,5466,1816,-1, 5505,156,5509,-1, 53,59,682,-1, 682,59,684,-1, 5521,702,5522,-1, 
          5439,5467,5466,-1, 63,686,60,-1, 740,737,5477,-1, 5523,702,5524,-1, 74,694,71,-1, 5367,5368,5382,-1, 
          5524,702,5517,-1, 5519,100,5525,-1, 5280,5518,702,-1, 702,5523,5522,-1, 5526,100,5527,-1, 696,694,74,-1, 
          4769,5528,2744,-1, 5525,100,5526,-1, 78,697,75,-1, 5344,3159,703,-1, 83,699,79,-1, 709,5399,5529,-1, 
          699,83,700,-1, 5439,740,5477,-1, 5529,5527,100,-1, 5529,100,709,-1, 87,701,84,-1, 740,5439,739,-1, 
          5530,739,5439,-1, 706,705,95,-1, 99,707,96,-1, 5343,703,5531,-1, 5532,5531,703,-1, 5439,5533,5534,-1, 
          710,709,103,-1, 221,711,128,-1, 100,103,709,-1, 128,711,104,-1, 5535,5532,703,-1, 5536,5535,703,-1, 
          5356,5353,5379,-1, 124,715,118,-1, 121,695,717,-1, 5537,5365,5354,-1, 5365,5400,5350,-1, 129,113,283,-1, 
          88,135,703,-1, 5537,5400,5365,-1, 136,91,490,-1, 152,1,2786,-1, 5538,5536,703,-1, 5368,5528,5382,-1, 
          276,0,721,-1, 5344,5518,5280,-1, 5537,5354,5439,-1, 5439,5400,5537,-1, 2237,2236,2249,-1, 5539,101,5540,-1, 
          7,933,4,-1, 535,4,933,-1, 5531,5541,5343,-1, 2249,2248,2280,-1, 5532,5541,5531,-1, 2249,2280,5530,-1, 
          5540,101,5542,-1, 30,1933,1870,-1, 2280,1825,1824,-1, 5538,5543,5536,-1, 2280,1824,5530,-1, 38,2287,2268,-1, 
          5522,5536,5543,-1, 2338,39,2353,-1, 5543,5521,5522,-1, 43,2423,2394,-1, 50,2529,47,-1, 2514,47,2529,-1, 
          2561,51,2577,-1, 5544,4628,101,-1, 5545,5544,101,-1, 2607,58,188,-1, 4130,227,4628,-1, 5539,5545,101,-1, 
          2830,2798,72,-1, 69,72,2798,-1, 73,2901,2883,-1, 5520,5516,100,-1, 3142,77,3197,-1, 85,3366,82,-1, 
          3352,82,3366,-1, 3403,86,89,-1, 3403,89,3428,-1, 93,3630,90,-1, 3540,90,3630,-1, 94,97,3325,-1, 
          98,227,4054,-1, 5546,5547,5548,-1, 105,4260,3327,-1, 5549,100,5550,-1, 112,1417,4372,-1, 5550,100,5515,-1, 
          1824,1823,739,-1, 1528,4519,119,-1, 116,119,4519,-1, 5343,5518,5344,-1, 126,160,123,-1, 4766,123,160,-1, 
          3334,1725,127,-1, 5343,5541,5518,-1, 5517,5518,5541,-1, 4950,134,3335,-1, 5551,100,5552,-1, 100,5553,5552,-1, 
          100,5549,5553,-1, 1824,739,5530,-1, 5535,5524,5532,-1, 5541,5532,5524,-1, 5554,100,5555,-1, 5551,5555,100,-1, 
          101,100,5554,-1, 5535,5536,5524,-1, 5523,5524,5536,-1, 5439,5534,5530,-1, 5523,5536,5522,-1, 5439,5548,5533,-1, 
          5556,101,5557,-1, 5517,5541,5524,-1, 5439,5379,5548,-1, 5439,5356,5379,-1, 5558,101,5559,-1, 5521,5543,702,-1, 
          703,702,5543,-1, 5538,703,5543,-1, 5439,5354,5356,-1, 4572,4524,4565,-1, 5560,5559,101,-1, 5558,5542,101,-1, 
          5561,2,5032,-1, 5562,5560,101,-1, 5556,5563,101,-1, 5563,5562,101,-1, 5554,5557,101,-1, 4530,4524,4572,-1, 
          5412,5529,5384,-1, 5386,5516,5387,-1, 5520,5387,5516,-1, 5516,5386,5515,-1, 5490,5515,5386,-1, 5387,5520,5393,-1, 
          5349,5564,704,-1, 5519,5393,5520,-1, 5565,2,5566,-1, 5405,5525,5404,-1, 5526,5404,5525,-1, 5404,5526,5403,-1, 
          5527,5403,5526,-1, 5529,5412,5527,-1, 5567,5568,2,-1, 3,2,5568,-1, 4572,5569,5075,-1, 5393,5519,5405,-1, 
          5525,5405,5519,-1, 5527,5412,5403,-1, 5399,5384,5529,-1, 5570,5075,5569,-1, 5571,5572,3,-1, 5449,5573,5447,-1, 
          4572,5075,4530,-1, 5574,3,5568,-1, 5575,5576,704,-1, 5577,704,5576,-1, 5558,5559,5578,-1, 5565,5567,2,-1, 
          5579,5575,704,-1, 5447,5578,5446,-1, 5580,2363,5581,-1, 5560,5578,5559,-1, 5260,721,5572,-1, 5561,5566,2,-1, 
          5574,5582,3,-1, 721,3,5572,-1, 5582,5571,3,-1, 5564,5579,704,-1, 5583,5570,5569,-1, 5539,5584,5545,-1, 
          5585,5105,5096,-1, 5460,5586,5435,-1, 5540,5584,5539,-1, 5368,2744,5528,-1, 5542,5573,5540,-1, 5584,5436,5435,-1, 
          5578,5447,5573,-1, 5436,5584,5437,-1, 5587,705,5588,-1, 5589,705,5587,-1, 5573,5437,5584,-1, 5588,705,5590,-1, 
          5585,5591,5592,-1, 5593,5592,5591,-1, 5573,5449,5437,-1, 5585,5592,5594,-1, 5595,5590,705,-1, 5584,5540,5573,-1, 
          5558,5578,5573,-1, 5596,5597,5382,-1, 5598,5596,5382,-1, 5573,5542,5558,-1, 5594,5105,5585,-1, 5599,5382,5597,-1, 
          5352,705,5589,-1, 5111,5105,5594,-1, 5600,5595,705,-1, 5544,5586,4628,-1, 5601,413,5602,-1, 5586,4613,4122,-1, 
          5603,413,5601,-1, 4122,4628,5586,-1, 423,413,5603,-1, 4084,4122,4613,-1, 5604,5605,5593,-1, 4613,5586,5460,-1, 
          5352,5349,3786,-1, 5598,4769,5596,-1, 5602,413,3447,-1, 5586,5545,5584,-1, 5590,5575,5588,-1, 5606,5588,5575,-1, 
          5579,5606,5575,-1, 5586,5544,5545,-1, 5584,5435,5586,-1, 5490,5488,5550,-1, 5606,5587,5588,-1, 5515,5490,5550,-1, 
          5549,5489,5553,-1, 5590,5595,5575,-1, 3377,3447,5,-1, 5550,5488,5549,-1, 5589,5564,5352,-1, 413,5,3447,-1, 
          5583,5569,5607,-1, 5587,5606,5589,-1, 5564,5589,5606,-1, 5564,5606,5579,-1, 5489,5549,5488,-1, 5595,5576,5575,-1, 
          5608,5583,5607,-1, 5600,5577,5595,-1, 5576,5595,5577,-1, 5583,5591,5570,-1, 5349,5352,5564,-1, 5486,5609,5485,-1, 
          5600,705,5577,-1, 5553,5489,5609,-1, 5485,5609,5489,-1, 5570,5096,5075,-1, 5553,5609,5552,-1, 705,704,5577,-1, 
          5486,5610,5609,-1, 5610,5555,5609,-1, 5608,5611,5612,-1, 5552,5609,5551,-1, 3398,4,5613,-1, 5612,5583,5608,-1, 
          5491,5610,5486,-1, 5528,5598,5382,-1, 4,535,5614,-1, 5614,5613,4,-1, 5591,5583,5612,-1, 5551,5609,5555,-1, 
          5615,706,5616,-1, 534,5614,535,-1, 5570,5591,5096,-1, 5585,5096,5591,-1, 95,4667,706,-1, 5617,706,5618,-1, 
          5514,5619,5498,-1, 764,750,535,-1, 5620,706,5621,-1, 5622,5562,5563,-1, 5623,5624,650,-1, 5622,5619,5514,-1, 
          5501,5622,5514,-1, 5618,706,5615,-1, 5563,5556,5619,-1, 5611,5604,5612,-1, 5622,5563,5619,-1, 5612,5593,5591,-1, 
          5619,5556,5557,-1, 5616,706,5361,-1, 5528,4769,5598,-1, 5612,5604,5593,-1, 5554,5555,5610,-1, 5621,706,5617,-1, 
          5554,5610,5557,-1, 5610,5491,5499,-1, 5625,2125,2124,-1, 5580,2126,2363,-1, 2363,2125,5625,-1, 5498,5619,5499,-1, 
          5625,2124,5581,-1, 2124,2123,2355,-1, 5626,2135,5627,-1, 3448,3409,6,-1, 5499,5619,5610,-1, 2124,2355,5581,-1, 
          5610,5619,5557,-1, 5625,5581,2363,-1, 5562,5622,5560,-1, 5578,5560,5622,-1, 876,5623,650,-1, 6,650,3448,-1, 
          5624,3448,650,-1, 5501,5502,5622,-1, 2010,933,2007,-1, 5373,5369,707,-1, 5502,5578,5622,-1, 5628,5629,5608,-1, 
          5502,5446,5578,-1, 5630,103,5631,-1, 5608,5629,5611,-1, 5628,5608,5607,-1, 2355,2135,5626,-1, 5626,5627,5632,-1, 
          5633,5382,5599,-1, 5627,2135,2134,-1, 5627,2134,5632,-1, 5634,103,5635,-1, 215,216,5599,-1, 5632,5581,5626,-1, 
          2355,5626,5581,-1, 5407,710,5422,-1, 5629,5581,5636,-1, 5581,5632,5636,-1, 5637,5635,103,-1, 5633,5638,5382,-1, 
          5611,5629,5636,-1, 933,1613,965,-1, 5631,103,5634,-1, 5422,710,5639,-1, 5640,5611,5636,-1, 5641,933,5642,-1, 
          2134,2133,5643,-1, 5643,2137,5644,-1, 2137,5645,5644,-1, 5644,5632,5643,-1, 2134,5643,5632,-1, 5646,5636,5632,-1, 
          5632,5644,5646,-1, 5647,707,5648,-1, 5640,5636,5646,-1, 5649,102,5650,-1, 5651,5648,707,-1, 5652,5653,102,-1, 
          5654,5651,707,-1, 5373,707,5647,-1, 5642,933,3430,-1, 5640,5604,5611,-1, 5655,102,5656,-1, 5657,5644,5645,-1, 
          5658,5654,707,-1, 425,611,7,-1, 5652,102,5655,-1, 5659,102,5653,-1, 5660,5656,102,-1, 2007,933,5641,-1, 
          1374,4635,3327,-1, 5661,5604,5640,-1, 1613,933,2010,-1, 5604,5661,5605,-1, 5593,5605,5592,-1, 5662,5592,5605,-1, 
          5660,102,4635,-1, 5364,5594,5592,-1, 5623,876,981,-1, 5592,5662,5364,-1, 5630,5639,103,-1, 5346,5594,5364,-1, 
          5663,5664,103,-1, 5665,5666,5667,-1, 5624,5623,5668,-1, 5664,5637,103,-1, 5648,5651,5666,-1, 5651,5667,5666,-1, 
          5346,5111,5594,-1, 5662,5605,5353,-1, 1007,5623,981,-1, 5605,5378,5353,-1, 5669,5663,103,-1, 5651,5654,5667,-1, 
          5670,5667,5654,-1, 5662,5353,5355,-1, 5671,5669,103,-1, 5654,5672,5670,-1, 5658,5672,5654,-1, 5364,5662,5355,-1, 
          5668,5673,5624,-1, 5624,5673,3448,-1, 5623,1007,5674,-1, 5674,5668,5623,-1, 5355,5365,5364,-1, 5675,5676,102,-1, 
          5676,5677,102,-1, 103,102,5677,-1, 5678,103,5677,-1, 5659,5650,102,-1, 5679,5680,102,-1, 5680,5675,102,-1, 
          5679,102,5649,-1, 216,335,5633,-1, 5633,335,5638,-1, 5666,5647,5648,-1, 5681,103,5678,-1, 5681,5671,103,-1, 
          5682,5647,5666,-1, 5633,5599,216,-1, 2247,2238,2237,-1, 5683,2247,2237,-1, 5647,5682,5373,-1, 5667,5684,5665,-1, 
          5685,104,5686,-1, 104,5687,5688,-1, 5601,5668,5674,-1, 5673,5668,5601,-1, 104,5688,5689,-1, 104,5689,5690,-1, 
          5690,5686,104,-1, 104,711,5417,-1, 5687,104,5417,-1, 5618,5691,5617,-1, 5618,5692,5691,-1, 5684,5691,5692,-1, 
          5665,5684,5692,-1, 3447,3448,5673,-1, 5674,1007,5603,-1, 3409,3448,3377,-1, 5691,5621,5617,-1, 2237,2249,5683,-1, 
          5530,5683,2249,-1, 5693,5683,5534,-1, 5383,2745,5367,-1, 5602,5673,5601,-1, 5534,5683,5530,-1, 5693,5534,5533,-1, 
          397,5199,5694,-1, 3447,5673,5602,-1, 5693,5533,5547,-1, 5674,5603,5601,-1, 423,5603,1007,-1, 5665,5682,5666,-1, 
          5695,104,5685,-1, 5533,5548,5547,-1, 335,351,5638,-1, 5546,5548,5379,-1, 5546,5379,5378,-1, 5696,105,5697,-1, 
          5698,2191,5699,-1, 5700,105,5701,-1, 5702,5701,105,-1, 5698,5699,5703,-1, 5704,105,5700,-1, 5699,2191,2205,-1, 
          2205,2221,5705,-1, 1373,4260,4679,-1, 5692,5682,5665,-1, 5641,1053,2007,-1, 5699,2205,5703,-1, 105,5704,5706,-1, 
          5616,5682,5615,-1, 5706,4679,105,-1, 5692,5618,5682,-1, 5615,5682,5618,-1, 5684,5667,5670,-1, 1053,5641,5642,-1, 
          5707,5670,5672,-1, 5646,5708,5709,-1, 5658,707,5672,-1, 5691,5670,5621,-1, 5640,5709,5661,-1, 5710,104,5711,-1, 
          5684,5670,5691,-1, 5712,104,5710,-1, 104,5713,105,-1, 5714,105,5715,-1, 5697,105,5714,-1, 5696,5716,105,-1, 
          5707,5620,5670,-1, 5621,5670,5620,-1, 5705,2221,2247,-1, 5716,5702,105,-1, 5672,707,5707,-1, 5374,5373,5682,-1, 
          5703,5705,5683,-1, 2247,5683,5705,-1, 5705,5703,2205,-1, 5703,5683,5693,-1, 5695,5711,104,-1, 5713,104,5717,-1, 
          5382,5694,5198,-1, 5715,105,5718,-1, 5703,5693,5708,-1, 5718,105,5719,-1, 5682,5616,5374,-1, 5616,5361,5374,-1, 
          5708,5547,5709,-1, 5708,5693,5547,-1, 5620,5707,706,-1, 5709,5546,5661,-1, 5717,104,5712,-1, 5719,105,5713,-1, 
          5709,5547,5546,-1, 706,5707,707,-1, 5661,5378,5605,-1, 5661,5546,5378,-1, 5657,2191,5698,-1, 5645,2191,5657,-1, 
          5643,2133,2137,-1, 2137,2191,5645,-1, 5657,5698,5644,-1, 5417,5639,5687,-1, 5385,5395,708,-1, 5703,5644,5698,-1, 
          5703,5708,5644,-1, 5644,5708,5646,-1, 5709,5640,5646,-1, 5690,5635,5686,-1, 5720,708,5721,-1, 1827,1786,5722,-1, 
          5722,1786,1829,-1, 5722,1829,4566,-1, 5723,2346,2409,-1, 1829,5723,4566,-1, 1827,5722,4566,-1, 5721,708,5724,-1, 
          533,1061,534,-1, 4563,4558,5725,-1, 5695,5663,5711,-1, 5669,5711,5663,-1, 5710,5711,5669,-1, 5642,3430,3538,-1, 
          5725,4558,4566,-1, 4571,4563,5725,-1, 1078,1061,1053,-1, 4679,4635,1373,-1, 5697,5649,5696,-1, 1817,5466,737,-1, 
          3538,1053,5642,-1, 2409,2335,5726,-1, 1829,2346,5723,-1, 5727,4566,2409,-1, 5727,2409,5726,-1, 3538,3430,3417,-1, 
          5723,2409,4566,-1, 5700,5655,5704,-1, 5726,2335,2127,-1, 5728,708,5729,-1, 5726,2127,5727,-1, 4566,5727,5628,-1, 
          708,5728,5724,-1, 2127,2126,5730,-1, 5730,2126,5580,-1, 2127,5730,5727,-1, 5731,5729,708,-1, 5664,5685,5637,-1, 
          4566,5628,5725,-1, 5732,3538,3553,-1, 5725,5607,4571,-1, 5686,5637,5685,-1, 5395,5731,708,-1, 3521,3553,3538,-1, 
          3538,5732,5733,-1, 5725,5628,5607,-1, 4571,5607,5569,-1, 3554,5613,3553,-1, 4571,5569,4572,-1, 5635,5637,5686,-1, 
          5732,5614,5733,-1, 5581,5727,5580,-1, 5730,5580,5727,-1, 5630,5688,5687,-1, 5630,5687,5639,-1, 5628,5727,5629,-1, 
          5689,5634,5690,-1, 5635,5690,5634,-1, 5732,3553,5613,-1, 5581,5629,5727,-1, 1078,3538,5734,-1, 252,253,5206,-1, 
          5416,5422,5417,-1, 5396,5399,709,-1, 5688,5631,5689,-1, 5733,5734,3538,-1, 5639,5417,5422,-1, 1053,3538,1078,-1, 
          5688,5630,5631,-1, 5634,5689,5631,-1, 5685,5664,5695,-1, 5663,5695,5664,-1, 252,5206,5207,-1, 5614,5732,5613,-1, 
          5735,709,5736,-1, 3554,3398,5613,-1, 534,5734,5614,-1, 5734,5733,5614,-1, 5734,534,1078,-1, 5650,5696,5649,-1, 
          5714,5679,5697,-1, 5701,5652,5700,-1, 5656,5704,5655,-1, 709,5735,5394,-1, 5656,5706,5704,-1, 5696,5650,5716,-1, 
          5737,5736,709,-1, 5738,5737,709,-1, 5655,5700,5652,-1, 5396,709,5394,-1, 5652,5701,5653,-1, 5702,5653,5701,-1, 
          5739,5738,709,-1, 5716,5650,5659,-1, 5716,5659,5702,-1, 5653,5702,5659,-1, 1374,1373,4635,-1, 5706,5660,4679,-1, 
          4635,4679,5660,-1, 5660,5706,5656,-1, 2327,647,199,-1, 647,3600,190,-1, 199,647,180,-1, 5712,5681,5717,-1, 
          5710,5671,5712,-1, 5738,5740,5737,-1, 5720,5738,5739,-1, 5715,5680,5714,-1, 212,2177,208,-1, 206,208,2177,-1, 
          397,396,5199,-1, 2319,206,2177,-1, 5208,5694,5199,-1, 5724,5740,5721,-1, 5738,5721,5740,-1, 5713,5677,5719,-1, 
          5721,5738,5720,-1, 5671,5710,5669,-1, 5739,709,5720,-1, 708,5720,709,-1, 5717,5678,5713,-1, 5740,5728,5736,-1, 
          5678,5717,5681,-1, 5681,5712,5671,-1, 5649,5697,5679,-1, 5729,5736,5728,-1, 5679,5714,5680,-1, 5736,5737,5740,-1, 
          5677,5713,5678,-1, 5728,5740,5724,-1, 5718,5675,5715,-1, 5680,5715,5675,-1, 5719,5676,5718,-1, 5675,5718,5676,-1, 
          5676,5719,5677,-1, 212,3611,2177,-1, 11,2177,3611,-1, 479,113,480,-1, 2678,2318,2177,-1, 481,480,113,-1, 
          484,113,479,-1, 488,113,484,-1, 488,494,113,-1, 5735,5731,5394,-1, 2176,2678,2177,-1, 5731,5735,5729,-1, 
          5736,5729,5735,-1, 5394,5731,5395,-1, 1436,712,4722,-1, 4722,113,494,-1, 5385,5396,5395,-1, 242,112,580,-1, 
          183,664,168,-1, 168,664,171,-1, 512,517,113,-1, 5741,710,5406,-1, 113,518,481,-1, 236,512,113,-1, 
          517,518,113,-1, 5742,5743,710,-1, 5744,710,5743,-1, 5745,710,5746,-1, 5746,710,5747,-1, 5745,5742,710,-1, 
          5741,5747,710,-1, 103,5639,710,-1, 112,577,580,-1, 577,112,576,-1, 601,174,112,-1, 237,603,112,-1, 
          576,112,603,-1, 5418,711,5748,-1, 112,218,601,-1, 5749,5750,711,-1, 5751,711,5752,-1, 5753,711,5754,-1, 
          5754,711,5750,-1, 5752,711,5755,-1, 5755,711,5753,-1, 5751,5748,711,-1, 5748,5406,5418,-1, 5582,5382,5571,-1, 
          5574,5382,5582,-1, 5382,5574,5568,-1, 5755,5756,5752,-1, 5752,5756,5751,-1, 5751,5741,5748,-1, 5407,5418,5406,-1, 
          5747,5756,5746,-1, 5756,5755,5746,-1, 5744,5757,5749,-1, 5750,5749,5757,-1, 5743,5757,5744,-1, 5742,5757,5743,-1, 
          5757,5742,5754,-1, 5745,5754,5742,-1, 5745,5746,5754,-1, 5753,5754,5746,-1, 5750,5757,5754,-1, 5753,5746,5755,-1, 
          5751,5756,5741,-1, 5406,5748,5741,-1, 346,5140,341,-1, 5144,341,5140,-1, 5747,5741,5756,-1, 5749,711,5744,-1, 
          5126,275,5124,-1, 710,5744,711,-1, 275,5126,346,-1, 5140,346,5126,-1, 342,341,5144,-1, 5758,712,1435,-1, 
          347,273,346,-1, 5759,712,5760,-1, 5761,712,5762,-1, 5760,712,5763,-1, 653,373,342,-1, 5762,712,5759,-1, 
          5567,5382,5568,-1, 5763,712,5758,-1, 5764,712,5761,-1, 5765,712,5764,-1, 113,4722,712,-1, 5565,5382,5567,-1, 
          5382,5561,5032,-1, 5561,5382,5566,-1, 5566,5382,5565,-1, 5033,5382,5032,-1, 5766,5767,713,-1, 5260,5382,5259,-1, 
          5572,5382,5260,-1, 5035,5382,5033,-1, 5768,5769,713,-1, 5769,5770,713,-1, 5770,5766,713,-1, 713,5771,5768,-1, 
          5767,1434,713,-1, 5571,5382,5572,-1, 5108,5382,5035,-1, 1435,1434,5758,-1, 5758,1434,5767,-1, 5764,5772,5765,-1, 
          5773,5765,5772,-1, 5018,5382,5108,-1, 5759,5774,5762,-1, 5017,5382,5018,-1, 5772,5775,5773,-1, 5120,5382,5017,-1, 
          5760,5770,5759,-1, 5125,5382,5120,-1, 5769,5774,5770,-1, 5102,5382,5125,-1, 5759,5770,5774,-1, 5099,5382,5102,-1, 
          5771,5775,5768,-1, 5775,5772,5768,-1, 5761,5772,5764,-1, 5773,5775,713,-1, 5771,713,5775,-1, 5099,5100,5382,-1, 
          5762,5774,5761,-1, 5768,5761,5774,-1, 5769,5768,5774,-1, 5758,5767,5763,-1, 5766,5763,5767,-1, 5770,5760,5766,-1, 
          5763,5766,5760,-1, 5768,5772,5761,-1, 5776,5382,5638,-1, 5765,5773,713,-1, 713,712,5765,-1, 5694,5382,5776,-1, 
          5208,5198,5694,-1, 5777,714,1546,-1, 5198,5232,5382,-1, 5232,5258,5382,-1, 1547,714,623,-1, 5258,5259,5382,-1, 
          5778,714,5779,-1, 5779,714,5780,-1, 5781,714,5782,-1, 215,5599,5597,-1, 5783,5782,714,-1, 5780,714,5781,-1, 
          5784,714,5778,-1, 5783,714,5777,-1, 117,623,714,-1, 2744,5367,2745,-1, 5785,1545,715,-1, 5786,5787,715,-1, 
          5788,5785,715,-1, 5789,715,5790,-1, 5791,715,5792,-1, 5787,5792,715,-1, 5788,715,5789,-1, 5278,5206,253,-1, 
          5791,5790,715,-1, 5277,5278,239,-1, 253,239,5278,-1, 5785,1546,1545,-1, 5277,239,241,-1, 5788,5777,5785,-1, 
          396,252,5207,-1, 5781,5791,5780,-1, 5793,5780,5791,-1, 5207,5199,396,-1, 5787,5793,5792,-1, 5786,5784,5787,-1, 
          351,398,5776,-1, 5792,5793,5791,-1, 5089,2749,5090,-1, 5781,5782,5791,-1, 2749,5089,2753,-1, 5782,5789,5790,-1, 
          5793,5779,5780,-1, 5779,5793,5778,-1, 5787,5778,5793,-1, 5778,5787,5784,-1, 5124,4801,5123,-1, 5790,5791,5782,-1, 
          198,215,5597,-1, 5596,196,5597,-1, 198,5597,196,-1, 5789,5783,5788,-1, 5596,4769,196,-1, 5777,5788,5783,-1, 
          5783,5789,5782,-1, 1546,5785,5777,-1, 5786,715,5784,-1, 715,714,5784,-1, 5694,5776,398,-1, 4780,4788,695,-1, 
          2745,5090,2749,-1, 5123,2753,5089,-1, 5776,5638,351,-1, 5794,716,5795,-1, 5795,716,1584,-1, 2753,5123,4801,-1, 
          4801,5124,275,-1, 5694,398,397,-1, 4774,1715,4766,-1, 1715,1694,4766,-1, 5796,716,5794,-1, 5797,716,5798,-1, 
          5799,716,5800,-1, 5800,716,5797,-1, 716,5799,5801,-1, 5796,5802,716,-1, 5798,716,5802,-1, 124,4807,716,-1, 
          5803,717,5804,-1, 1663,717,5803,-1, 5805,160,1627,-1, 5806,160,5807,-1, 5808,717,5809,-1, 5810,717,5811,-1, 
          5812,717,5808,-1, 5813,717,5812,-1, 5814,5811,717,-1, 5810,5809,717,-1, 5815,5816,717,-1, 5815,717,5817,-1, 
          5813,5817,717,-1, 717,5816,5804,-1, 126,1627,160,-1, 160,5818,5819,-1, 5818,160,5820,-1, 5821,160,5822,-1, 
          5819,5822,160,-1, 5823,160,5821,-1, 5824,5825,160,-1, 5826,160,5827,-1, 5828,160,5806,-1, 5820,160,5825,-1, 
          5824,160,5826,-1, 5807,160,5805,-1, 5827,160,5828,-1, 5829,5795,1584,-1, 5829,1584,1650,-1, 1650,5803,5829,-1, 
          5804,5829,5803,-1, 5803,1650,1663,-1, 5830,1627,1688,-1, 5805,5830,5807,-1, 177,5830,4773,-1, 5805,1627,5830,-1, 
          4773,5830,4774,-1, 1715,4774,5830,-1, 1688,1715,5830,-1, 5797,5831,5800,-1, 5831,5799,5800,-1, 5802,5832,5798,-1, 
          5796,5832,5802,-1, 5798,5833,5797,-1, 5834,5831,5833,-1, 5835,5834,5833,-1, 5836,5835,5833,-1, 5831,5797,5833,-1, 
          5835,5837,5834,-1, 5799,5831,5837,-1, 5834,5837,5831,-1, 5799,5837,5801,-1, 5837,5835,5836,-1, 5798,5832,5833,-1, 
          5833,5808,5836,-1, 5837,5836,5810,-1, 5809,5810,5836,-1, 5837,5838,5801,-1, 5839,5838,5837,-1, 5840,5833,5832,-1, 
          5796,5794,5841,-1, 5832,5796,5841,-1, 5795,5829,5794,-1, 5841,5794,5829,-1, 5832,5841,5840,-1, 5840,5842,5833,-1, 
          5813,5812,5842,-1, 5841,5842,5840,-1, 5841,5817,5842,-1, 716,5801,717,-1, 717,5801,5838,-1, 5809,5836,5808,-1, 
          5811,5814,5843,-1, 5839,5843,5814,-1, 5843,5837,5810,-1, 5843,5810,5811,-1, 5837,5843,5839,-1, 5833,5812,5808,-1, 
          5839,717,5838,-1, 5833,5842,5812,-1, 5839,5814,717,-1, 5815,5841,5816,-1, 5829,5816,5841,-1, 5829,5804,5816,-1, 
          5841,5815,5817,-1, 5813,5842,5817,-1, 5825,5844,5820,-1, 5824,5844,5825,-1, 5826,5844,5824,-1, 5807,5830,5806,-1, 
          151,5821,5845,-1, 5845,5821,5822,-1, 5845,5819,5818,-1, 5845,5822,5819,-1, 5827,144,5826,-1, 151,150,5821,-1, 
          5823,5821,150,-1, 4781,4767,151,-1, 151,5846,4781,-1, 68,4765,4781,-1, 68,4781,5846,-1, 5847,5846,151,-1, 
          5847,151,5845,-1, 66,68,5844,-1, 5844,5826,66,-1, 5818,68,5845,-1, 5847,5845,68,-1, 68,5846,5847,-1, 
          144,66,5826,-1, 5828,177,5827,-1, 144,5827,177,-1, 150,160,5823,-1, 5818,5820,68,-1, 5820,5844,68,-1, 
          68,81,4765,-1, 4772,4765,81,-1, 5830,177,5806,-1, 177,5828,5806,-1
        ]
      }
      appearance Appearance
      {
        material Material
        {
	       ambientIntensity 0.2
	       diffuseColor 0.9 0.9 0.9
	       specularColor .1 .1 .1
	       shininess .5
        }
      }
    }
  ]
}
